image,variant,ops,n_inst
07451999-bdf8-4862-b869-6db57c35f0c1_mp4-0000_jpg.rf.7765e8724b4515244673af137ac2b4c3.jpg,orig,,1
07451999-bdf8-4862-b869-6db57c35f0c1_mp4-0000_jpg.rf.7765e8724b4515244673af137ac2b4c3_aug1.jpg,aug1,affine;clahe,1
07451999-bdf8-4862-b869-6db57c35f0c1_mp4-0000_jpg.rf.7765e8724b4515244673af137ac2b4c3_aug2.jpg,aug2,hflip,1
07451999-bdf8-4862-b869-6db57c35f0c1_mp4-0000_jpg.rf.7765e8724b4515244673af137ac2b4c3_aug3.jpg,aug3,rain,1
07451999-bdf8-4862-b869-6db57c35f0c1_mp4-0001_jpg.rf.8a2d6e716c3fe1d5b7ffd1b7c91bd29d.jpg,orig,,1
07451999-bdf8-4862-b869-6db57c35f0c1_mp4-0001_jpg.rf.8a2d6e716c3fe1d5b7ffd1b7c91bd29d_aug1.jpg,aug1,hsv;gamma=1.23,1
07451999-bdf8-4862-b869-6db57c35f0c1_mp4-0001_jpg.rf.8a2d6e716c3fe1d5b7ffd1b7c91bd29d_aug2.jpg,aug2,hflip;hsv;gamma=1.06;clahe,1
07451999-bdf8-4862-b869-6db57c35f0c1_mp4-0001_jpg.rf.8a2d6e716c3fe1d5b7ffd1b7c91bd29d_aug3.jpg,aug3,dark;rain,1
07451999-bdf8-4862-b869-6db57c35f0c1_mp4-0003_jpg.rf.8b8fda99d5b034945b1c50b88d50f31d.jpg,orig,,1
07451999-bdf8-4862-b869-6db57c35f0c1_mp4-0003_jpg.rf.8b8fda99d5b034945b1c50b88d50f31d_aug1.jpg,aug1,hflip;hsv,1
07451999-bdf8-4862-b869-6db57c35f0c1_mp4-0003_jpg.rf.8b8fda99d5b034945b1c50b88d50f31d_aug2.jpg,aug2,affine;hsv,1
07451999-bdf8-4862-b869-6db57c35f0c1_mp4-0003_jpg.rf.8b8fda99d5b034945b1c50b88d50f31d_aug3.jpg,aug3,dark,1
07451999-bdf8-4862-b869-6db57c35f0c1_mp4-0004_jpg.rf.0ae22cf237fe1986a1db706272192f9f.jpg,orig,,1
07451999-bdf8-4862-b869-6db57c35f0c1_mp4-0004_jpg.rf.0ae22cf237fe1986a1db706272192f9f_aug1.jpg,aug1,hflip;affine;gamma=0.82;clahe,1
07451999-bdf8-4862-b869-6db57c35f0c1_mp4-0004_jpg.rf.0ae22cf237fe1986a1db706272192f9f_aug2.jpg,aug2,hflip;affine;hsv;gamma=1.14,1
07451999-bdf8-4862-b869-6db57c35f0c1_mp4-0004_jpg.rf.0ae22cf237fe1986a1db706272192f9f_aug3.jpg,aug3,dark,1
07451999-bdf8-4862-b869-6db57c35f0c1_mp4-0005_jpg.rf.960c7dfe2b35227f7f2f8923dcb37e2b.jpg,orig,,1
07451999-bdf8-4862-b869-6db57c35f0c1_mp4-0005_jpg.rf.960c7dfe2b35227f7f2f8923dcb37e2b_aug1.jpg,aug1,none,1
07451999-bdf8-4862-b869-6db57c35f0c1_mp4-0005_jpg.rf.960c7dfe2b35227f7f2f8923dcb37e2b_aug2.jpg,aug2,hflip;hsv;clahe,1
07451999-bdf8-4862-b869-6db57c35f0c1_mp4-0005_jpg.rf.960c7dfe2b35227f7f2f8923dcb37e2b_aug3.jpg,aug3,dark,1
07451999-bdf8-4862-b869-6db57c35f0c1_mp4-0006_jpg.rf.b005ac47c10222b284bbb24f149c4678.jpg,orig,,1
07451999-bdf8-4862-b869-6db57c35f0c1_mp4-0006_jpg.rf.b005ac47c10222b284bbb24f149c4678_aug1.jpg,aug1,hflip;affine;hsv,1
07451999-bdf8-4862-b869-6db57c35f0c1_mp4-0006_jpg.rf.b005ac47c10222b284bbb24f149c4678_aug2.jpg,aug2,hflip;affine;hsv,1
07451999-bdf8-4862-b869-6db57c35f0c1_mp4-0006_jpg.rf.b005ac47c10222b284bbb24f149c4678_aug3.jpg,aug3,dark,1
07451999-bdf8-4862-b869-6db57c35f0c1_mp4-0007_jpg.rf.ab711e51f3d71228168fd74e345aa8fe.jpg,orig,,1
07451999-bdf8-4862-b869-6db57c35f0c1_mp4-0007_jpg.rf.ab711e51f3d71228168fd74e345aa8fe_aug1.jpg,aug1,affine;hsv;clahe,1
07451999-bdf8-4862-b869-6db57c35f0c1_mp4-0007_jpg.rf.ab711e51f3d71228168fd74e345aa8fe_aug2.jpg,aug2,hflip;gamma=0.95,1
07451999-bdf8-4862-b869-6db57c35f0c1_mp4-0007_jpg.rf.ab711e51f3d71228168fd74e345aa8fe_aug3.jpg,aug3,dark;rain,1
07451999-bdf8-4862-b869-6db57c35f0c1_mp4-0008_jpg.rf.bcedb69438f1c28e26eddbd68596dcdc.jpg,orig,,2
07451999-bdf8-4862-b869-6db57c35f0c1_mp4-0008_jpg.rf.bcedb69438f1c28e26eddbd68596dcdc_aug1.jpg,aug1,hsv;gamma=0.91,2
07451999-bdf8-4862-b869-6db57c35f0c1_mp4-0008_jpg.rf.bcedb69438f1c28e26eddbd68596dcdc_aug2.jpg,aug2,hflip;hsv;gamma=0.95,2
07451999-bdf8-4862-b869-6db57c35f0c1_mp4-0008_jpg.rf.bcedb69438f1c28e26eddbd68596dcdc_aug3.jpg,aug3,dark;rain,2
07451999-bdf8-4862-b869-6db57c35f0c1_mp4-0011_jpg.rf.f15a039cee51c3c498456a7ed2918a56.jpg,orig,,3
07451999-bdf8-4862-b869-6db57c35f0c1_mp4-0011_jpg.rf.f15a039cee51c3c498456a7ed2918a56_aug1.jpg,aug1,affine;hsv;gamma=0.89,3
07451999-bdf8-4862-b869-6db57c35f0c1_mp4-0011_jpg.rf.f15a039cee51c3c498456a7ed2918a56_aug2.jpg,aug2,hflip;affine;hsv;clahe,3
07451999-bdf8-4862-b869-6db57c35f0c1_mp4-0011_jpg.rf.f15a039cee51c3c498456a7ed2918a56_aug3.jpg,aug3,dark,3
07451999-bdf8-4862-b869-6db57c35f0c1_mp4-0014_jpg.rf.196c0d7568bf9e44229411555abbb189.jpg,orig,,3
07451999-bdf8-4862-b869-6db57c35f0c1_mp4-0014_jpg.rf.196c0d7568bf9e44229411555abbb189_aug1.jpg,aug1,none,3
07451999-bdf8-4862-b869-6db57c35f0c1_mp4-0014_jpg.rf.196c0d7568bf9e44229411555abbb189_aug2.jpg,aug2,hflip;affine;hsv;clahe,3
07451999-bdf8-4862-b869-6db57c35f0c1_mp4-0014_jpg.rf.196c0d7568bf9e44229411555abbb189_aug3.jpg,aug3,dark,3
07451999-bdf8-4862-b869-6db57c35f0c1_mp4-0015_jpg.rf.5f969eda7aa1b613588237d129affba4.jpg,orig,,3
07451999-bdf8-4862-b869-6db57c35f0c1_mp4-0015_jpg.rf.5f969eda7aa1b613588237d129affba4_aug1.jpg,aug1,hflip;affine;hsv,3
07451999-bdf8-4862-b869-6db57c35f0c1_mp4-0015_jpg.rf.5f969eda7aa1b613588237d129affba4_aug2.jpg,aug2,hflip;affine;hsv;gamma=1.08,3
07451999-bdf8-4862-b869-6db57c35f0c1_mp4-0015_jpg.rf.5f969eda7aa1b613588237d129affba4_aug3.jpg,aug3,rain,3
07451999-bdf8-4862-b869-6db57c35f0c1_mp4-0016_jpg.rf.2f9489051fb4c8398ad143d8a05edcf2.jpg,orig,,3
07451999-bdf8-4862-b869-6db57c35f0c1_mp4-0016_jpg.rf.2f9489051fb4c8398ad143d8a05edcf2_aug1.jpg,aug1,affine;hsv;gamma=1.10;clahe,3
07451999-bdf8-4862-b869-6db57c35f0c1_mp4-0016_jpg.rf.2f9489051fb4c8398ad143d8a05edcf2_aug2.jpg,aug2,affine;hsv,3
07451999-bdf8-4862-b869-6db57c35f0c1_mp4-0016_jpg.rf.2f9489051fb4c8398ad143d8a05edcf2_aug3.jpg,aug3,dark,3
07451999-bdf8-4862-b869-6db57c35f0c1_mp4-0018_jpg.rf.948702e0720750da7ed7e9b3659f8916.jpg,orig,,3
07451999-bdf8-4862-b869-6db57c35f0c1_mp4-0018_jpg.rf.948702e0720750da7ed7e9b3659f8916_aug1.jpg,aug1,affine;hsv,3
07451999-bdf8-4862-b869-6db57c35f0c1_mp4-0018_jpg.rf.948702e0720750da7ed7e9b3659f8916_aug2.jpg,aug2,hflip;affine;hsv;clahe,3
07451999-bdf8-4862-b869-6db57c35f0c1_mp4-0018_jpg.rf.948702e0720750da7ed7e9b3659f8916_aug3.jpg,aug3,dark,3
07451999-bdf8-4862-b869-6db57c35f0c1_mp4-0019_jpg.rf.085c4a8e37087435613ad095904d8b6b.jpg,orig,,3
07451999-bdf8-4862-b869-6db57c35f0c1_mp4-0019_jpg.rf.085c4a8e37087435613ad095904d8b6b_aug1.jpg,aug1,hflip;gamma=1.00,3
07451999-bdf8-4862-b869-6db57c35f0c1_mp4-0019_jpg.rf.085c4a8e37087435613ad095904d8b6b_aug2.jpg,aug2,affine;hsv;gamma=0.85,3
07451999-bdf8-4862-b869-6db57c35f0c1_mp4-0019_jpg.rf.085c4a8e37087435613ad095904d8b6b_aug3.jpg,aug3,rain,3
07451999-bdf8-4862-b869-6db57c35f0c1_mp4-0020_jpg.rf.fd89f651268756c3543baf230e9e1e3d.jpg,orig,,3
07451999-bdf8-4862-b869-6db57c35f0c1_mp4-0020_jpg.rf.fd89f651268756c3543baf230e9e1e3d_aug1.jpg,aug1,hflip;hsv,3
07451999-bdf8-4862-b869-6db57c35f0c1_mp4-0020_jpg.rf.fd89f651268756c3543baf230e9e1e3d_aug2.jpg,aug2,hflip;hsv;gamma=0.81,3
07451999-bdf8-4862-b869-6db57c35f0c1_mp4-0020_jpg.rf.fd89f651268756c3543baf230e9e1e3d_aug3.jpg,aug3,dark,3
07451999-bdf8-4862-b869-6db57c35f0c1_mp4-0021_jpg.rf.2ce6aafc12451e8ad4f2670fe8c2209c.jpg,orig,,3
07451999-bdf8-4862-b869-6db57c35f0c1_mp4-0021_jpg.rf.2ce6aafc12451e8ad4f2670fe8c2209c_aug1.jpg,aug1,affine;hsv;gamma=1.12,3
07451999-bdf8-4862-b869-6db57c35f0c1_mp4-0021_jpg.rf.2ce6aafc12451e8ad4f2670fe8c2209c_aug2.jpg,aug2,hflip;hsv;clahe,3
07451999-bdf8-4862-b869-6db57c35f0c1_mp4-0021_jpg.rf.2ce6aafc12451e8ad4f2670fe8c2209c_aug3.jpg,aug3,rain,3
07451999-bdf8-4862-b869-6db57c35f0c1_mp4-0023_jpg.rf.0cfc8f16767f7a04d2aa49fa4478d315.jpg,orig,,3
07451999-bdf8-4862-b869-6db57c35f0c1_mp4-0023_jpg.rf.0cfc8f16767f7a04d2aa49fa4478d315_aug1.jpg,aug1,hflip;affine;hsv;gamma=1.16,3
07451999-bdf8-4862-b869-6db57c35f0c1_mp4-0023_jpg.rf.0cfc8f16767f7a04d2aa49fa4478d315_aug2.jpg,aug2,hflip,3
07451999-bdf8-4862-b869-6db57c35f0c1_mp4-0023_jpg.rf.0cfc8f16767f7a04d2aa49fa4478d315_aug3.jpg,aug3,dark,3
07451999-bdf8-4862-b869-6db57c35f0c1_mp4-0024_jpg.rf.fa04109f0af356c4b1fdf554a59ef3e4.jpg,orig,,5
07451999-bdf8-4862-b869-6db57c35f0c1_mp4-0024_jpg.rf.fa04109f0af356c4b1fdf554a59ef3e4_aug1.jpg,aug1,hflip;hsv,5
07451999-bdf8-4862-b869-6db57c35f0c1_mp4-0024_jpg.rf.fa04109f0af356c4b1fdf554a59ef3e4_aug2.jpg,aug2,hsv,5
07451999-bdf8-4862-b869-6db57c35f0c1_mp4-0024_jpg.rf.fa04109f0af356c4b1fdf554a59ef3e4_aug3.jpg,aug3,dark,5
07451999-bdf8-4862-b869-6db57c35f0c1_mp4-0025_jpg.rf.907f582bfa5d9fa8e17a275f3514b092.jpg,orig,,2
07451999-bdf8-4862-b869-6db57c35f0c1_mp4-0025_jpg.rf.907f582bfa5d9fa8e17a275f3514b092_aug1.jpg,aug1,hsv;clahe,2
07451999-bdf8-4862-b869-6db57c35f0c1_mp4-0025_jpg.rf.907f582bfa5d9fa8e17a275f3514b092_aug2.jpg,aug2,affine;hsv,2
07451999-bdf8-4862-b869-6db57c35f0c1_mp4-0025_jpg.rf.907f582bfa5d9fa8e17a275f3514b092_aug3.jpg,aug3,dark,2
07451999-bdf8-4862-b869-6db57c35f0c1_mp4-0026_jpg.rf.6d84dc3b7b04d024c479cdee4fab093e.jpg,orig,,3
07451999-bdf8-4862-b869-6db57c35f0c1_mp4-0026_jpg.rf.6d84dc3b7b04d024c479cdee4fab093e_aug1.jpg,aug1,affine;gamma=1.04;clahe,3
07451999-bdf8-4862-b869-6db57c35f0c1_mp4-0026_jpg.rf.6d84dc3b7b04d024c479cdee4fab093e_aug2.jpg,aug2,gamma=1.05,3
07451999-bdf8-4862-b869-6db57c35f0c1_mp4-0026_jpg.rf.6d84dc3b7b04d024c479cdee4fab093e_aug3.jpg,aug3,dark,3
07451999-bdf8-4862-b869-6db57c35f0c1_mp4-0027_jpg.rf.99e5750e5776ffc079ec54db15e7280a.jpg,orig,,2
07451999-bdf8-4862-b869-6db57c35f0c1_mp4-0027_jpg.rf.99e5750e5776ffc079ec54db15e7280a_aug1.jpg,aug1,affine,2
07451999-bdf8-4862-b869-6db57c35f0c1_mp4-0027_jpg.rf.99e5750e5776ffc079ec54db15e7280a_aug2.jpg,aug2,hflip,2
07451999-bdf8-4862-b869-6db57c35f0c1_mp4-0027_jpg.rf.99e5750e5776ffc079ec54db15e7280a_aug3.jpg,aug3,dark,2
07451999-bdf8-4862-b869-6db57c35f0c1_mp4-0028_jpg.rf.6cc5baf3c10e9c1c2235bcd6b33c72c2.jpg,orig,,2
07451999-bdf8-4862-b869-6db57c35f0c1_mp4-0028_jpg.rf.6cc5baf3c10e9c1c2235bcd6b33c72c2_aug1.jpg,aug1,hflip;hsv;clahe,2
07451999-bdf8-4862-b869-6db57c35f0c1_mp4-0028_jpg.rf.6cc5baf3c10e9c1c2235bcd6b33c72c2_aug2.jpg,aug2,affine;hsv;clahe,2
07451999-bdf8-4862-b869-6db57c35f0c1_mp4-0028_jpg.rf.6cc5baf3c10e9c1c2235bcd6b33c72c2_aug3.jpg,aug3,dark,2
07451999-bdf8-4862-b869-6db57c35f0c1_mp4-0031_jpg.rf.8a82813520c94a229808c96f13dff77c.jpg,orig,,5
07451999-bdf8-4862-b869-6db57c35f0c1_mp4-0031_jpg.rf.8a82813520c94a229808c96f13dff77c_aug1.jpg,aug1,hflip;affine;clahe,5
07451999-bdf8-4862-b869-6db57c35f0c1_mp4-0031_jpg.rf.8a82813520c94a229808c96f13dff77c_aug2.jpg,aug2,hflip;affine;gamma=1.09,5
07451999-bdf8-4862-b869-6db57c35f0c1_mp4-0031_jpg.rf.8a82813520c94a229808c96f13dff77c_aug3.jpg,aug3,dark,5
07451999-bdf8-4862-b869-6db57c35f0c1_mp4-0032_jpg.rf.5da2ec40c98683759dbe4c648e68fc6e.jpg,orig,,4
07451999-bdf8-4862-b869-6db57c35f0c1_mp4-0032_jpg.rf.5da2ec40c98683759dbe4c648e68fc6e_aug1.jpg,aug1,hflip;affine,4
07451999-bdf8-4862-b869-6db57c35f0c1_mp4-0032_jpg.rf.5da2ec40c98683759dbe4c648e68fc6e_aug2.jpg,aug2,affine;blur=0.13,4
07451999-bdf8-4862-b869-6db57c35f0c1_mp4-0032_jpg.rf.5da2ec40c98683759dbe4c648e68fc6e_aug3.jpg,aug3,dark,4
07451999-bdf8-4862-b869-6db57c35f0c1_mp4-0034_jpg.rf.f7221de48d6da41e6a706e90d3a8805a.jpg,orig,,6
07451999-bdf8-4862-b869-6db57c35f0c1_mp4-0034_jpg.rf.f7221de48d6da41e6a706e90d3a8805a_aug1.jpg,aug1,hflip;affine;clahe;blur=0.20,6
07451999-bdf8-4862-b869-6db57c35f0c1_mp4-0034_jpg.rf.f7221de48d6da41e6a706e90d3a8805a_aug2.jpg,aug2,hsv,6
07451999-bdf8-4862-b869-6db57c35f0c1_mp4-0034_jpg.rf.f7221de48d6da41e6a706e90d3a8805a_aug3.jpg,aug3,rain,6
07451999-bdf8-4862-b869-6db57c35f0c1_mp4-0036_jpg.rf.8a6ba202db78127502121820de8b0f3c.jpg,orig,,6
07451999-bdf8-4862-b869-6db57c35f0c1_mp4-0036_jpg.rf.8a6ba202db78127502121820de8b0f3c_aug1.jpg,aug1,hflip;affine;clahe;blur=0.80,6
07451999-bdf8-4862-b869-6db57c35f0c1_mp4-0036_jpg.rf.8a6ba202db78127502121820de8b0f3c_aug2.jpg,aug2,hsv;gamma=1.11;blur=0.43,6
07451999-bdf8-4862-b869-6db57c35f0c1_mp4-0036_jpg.rf.8a6ba202db78127502121820de8b0f3c_aug3.jpg,aug3,rain,6
07451999-bdf8-4862-b869-6db57c35f0c1_mp4-0037_jpg.rf.f4ad26051dfa1ac1c9e9bb1b5cfc8341.jpg,orig,,4
07451999-bdf8-4862-b869-6db57c35f0c1_mp4-0037_jpg.rf.f4ad26051dfa1ac1c9e9bb1b5cfc8341_aug1.jpg,aug1,affine;gamma=1.09,4
07451999-bdf8-4862-b869-6db57c35f0c1_mp4-0037_jpg.rf.f4ad26051dfa1ac1c9e9bb1b5cfc8341_aug2.jpg,aug2,hflip;affine;hsv;gamma=1.24;blur=0.97,4
07451999-bdf8-4862-b869-6db57c35f0c1_mp4-0037_jpg.rf.f4ad26051dfa1ac1c9e9bb1b5cfc8341_aug3.jpg,aug3,rain,4
0f964fdb-9fc1-4941-9c12-15445855221a-1-_mp4-0000_jpg.rf.1e2cc30a16afb0a5c0150a0b95c82646.jpg,orig,,1
0f964fdb-9fc1-4941-9c12-15445855221a-1-_mp4-0000_jpg.rf.1e2cc30a16afb0a5c0150a0b95c82646_aug1.jpg,aug1,hsv,1
0f964fdb-9fc1-4941-9c12-15445855221a-1-_mp4-0000_jpg.rf.1e2cc30a16afb0a5c0150a0b95c82646_aug2.jpg,aug2,hflip,1
0f964fdb-9fc1-4941-9c12-15445855221a-1-_mp4-0000_jpg.rf.1e2cc30a16afb0a5c0150a0b95c82646_aug3.jpg,aug3,dark;rain,1
0f964fdb-9fc1-4941-9c12-15445855221a-1-_mp4-0002_jpg.rf.14b2a426fc06ed32b5cbf2ad57779660.jpg,orig,,2
0f964fdb-9fc1-4941-9c12-15445855221a-1-_mp4-0002_jpg.rf.14b2a426fc06ed32b5cbf2ad57779660_aug1.jpg,aug1,hflip;affine;hsv;clahe,2
0f964fdb-9fc1-4941-9c12-15445855221a-1-_mp4-0002_jpg.rf.14b2a426fc06ed32b5cbf2ad57779660_aug2.jpg,aug2,affine;gamma=1.02,2
0f964fdb-9fc1-4941-9c12-15445855221a-1-_mp4-0002_jpg.rf.14b2a426fc06ed32b5cbf2ad57779660_aug3.jpg,aug3,dark;rain,2
0f964fdb-9fc1-4941-9c12-15445855221a-1-_mp4-0004_jpg.rf.3d1539787137de5cf9bb988eeaaa7dbc.jpg,orig,,2
0f964fdb-9fc1-4941-9c12-15445855221a-1-_mp4-0004_jpg.rf.3d1539787137de5cf9bb988eeaaa7dbc_aug1.jpg,aug1,hflip;gamma=0.84;blur=0.67,2
0f964fdb-9fc1-4941-9c12-15445855221a-1-_mp4-0004_jpg.rf.3d1539787137de5cf9bb988eeaaa7dbc_aug2.jpg,aug2,hsv,2
0f964fdb-9fc1-4941-9c12-15445855221a-1-_mp4-0004_jpg.rf.3d1539787137de5cf9bb988eeaaa7dbc_aug3.jpg,aug3,dark,2
0f964fdb-9fc1-4941-9c12-15445855221a-1-_mp4-0005_jpg.rf.bb1d88bb42435de30d9e1fcd411e4cef.jpg,orig,,2
0f964fdb-9fc1-4941-9c12-15445855221a-1-_mp4-0005_jpg.rf.bb1d88bb42435de30d9e1fcd411e4cef_aug1.jpg,aug1,affine;hsv;clahe,2
0f964fdb-9fc1-4941-9c12-15445855221a-1-_mp4-0005_jpg.rf.bb1d88bb42435de30d9e1fcd411e4cef_aug2.jpg,aug2,gamma=1.04;clahe,2
0f964fdb-9fc1-4941-9c12-15445855221a-1-_mp4-0005_jpg.rf.bb1d88bb42435de30d9e1fcd411e4cef_aug3.jpg,aug3,dark;rain,2
0f964fdb-9fc1-4941-9c12-15445855221a-1-_mp4-0006_jpg.rf.2751b54aa4f0fd1a31cc7d7c0a6f60af.jpg,orig,,2
0f964fdb-9fc1-4941-9c12-15445855221a-1-_mp4-0006_jpg.rf.2751b54aa4f0fd1a31cc7d7c0a6f60af_aug1.jpg,aug1,affine;hsv,2
0f964fdb-9fc1-4941-9c12-15445855221a-1-_mp4-0006_jpg.rf.2751b54aa4f0fd1a31cc7d7c0a6f60af_aug2.jpg,aug2,affine;clahe,1
0f964fdb-9fc1-4941-9c12-15445855221a-1-_mp4-0006_jpg.rf.2751b54aa4f0fd1a31cc7d7c0a6f60af_aug3.jpg,aug3,rain,2
0f964fdb-9fc1-4941-9c12-15445855221a-1-_mp4-0008_jpg.rf.7ebf7b8b93c30f3af2772a8ca6101417.jpg,orig,,2
0f964fdb-9fc1-4941-9c12-15445855221a-1-_mp4-0008_jpg.rf.7ebf7b8b93c30f3af2772a8ca6101417_aug1.jpg,aug1,hsv,2
0f964fdb-9fc1-4941-9c12-15445855221a-1-_mp4-0008_jpg.rf.7ebf7b8b93c30f3af2772a8ca6101417_aug2.jpg,aug2,hflip;affine,2
0f964fdb-9fc1-4941-9c12-15445855221a-1-_mp4-0008_jpg.rf.7ebf7b8b93c30f3af2772a8ca6101417_aug3.jpg,aug3,dark,2
0f964fdb-9fc1-4941-9c12-15445855221a-1-_mp4-0011_jpg.rf.b813763c1a9e8e7d51eb8e98d262a70c.jpg,orig,,3
0f964fdb-9fc1-4941-9c12-15445855221a-1-_mp4-0011_jpg.rf.b813763c1a9e8e7d51eb8e98d262a70c_aug1.jpg,aug1,hflip;affine,3
0f964fdb-9fc1-4941-9c12-15445855221a-1-_mp4-0011_jpg.rf.b813763c1a9e8e7d51eb8e98d262a70c_aug2.jpg,aug2,affine;hsv;gamma=0.93,3
0f964fdb-9fc1-4941-9c12-15445855221a-1-_mp4-0011_jpg.rf.b813763c1a9e8e7d51eb8e98d262a70c_aug3.jpg,aug3,rain,3
0f964fdb-9fc1-4941-9c12-15445855221a-1-_mp4-0012_jpg.rf.3f2798b1cc5a0e709a42d505a922ef83.jpg,orig,,3
0f964fdb-9fc1-4941-9c12-15445855221a-1-_mp4-0012_jpg.rf.3f2798b1cc5a0e709a42d505a922ef83_aug1.jpg,aug1,affine,3
0f964fdb-9fc1-4941-9c12-15445855221a-1-_mp4-0012_jpg.rf.3f2798b1cc5a0e709a42d505a922ef83_aug2.jpg,aug2,affine;gamma=0.93,3
0f964fdb-9fc1-4941-9c12-15445855221a-1-_mp4-0012_jpg.rf.3f2798b1cc5a0e709a42d505a922ef83_aug3.jpg,aug3,dark;rain,3
0f964fdb-9fc1-4941-9c12-15445855221a-1-_mp4-0013_jpg.rf.d605b5fc7f759c29f489829ee437f9c9.jpg,orig,,2
0f964fdb-9fc1-4941-9c12-15445855221a-1-_mp4-0013_jpg.rf.d605b5fc7f759c29f489829ee437f9c9_aug1.jpg,aug1,hsv;clahe,2
0f964fdb-9fc1-4941-9c12-15445855221a-1-_mp4-0013_jpg.rf.d605b5fc7f759c29f489829ee437f9c9_aug2.jpg,aug2,affine;hsv;gamma=0.82,2
0f964fdb-9fc1-4941-9c12-15445855221a-1-_mp4-0013_jpg.rf.d605b5fc7f759c29f489829ee437f9c9_aug3.jpg,aug3,dark,2
0f964fdb-9fc1-4941-9c12-15445855221a-1-_mp4-0015_jpg.rf.148000ec8a02f714c1445973b6c04902.jpg,orig,,3
0f964fdb-9fc1-4941-9c12-15445855221a-1-_mp4-0015_jpg.rf.148000ec8a02f714c1445973b6c04902_aug1.jpg,aug1,affine,3
0f964fdb-9fc1-4941-9c12-15445855221a-1-_mp4-0015_jpg.rf.148000ec8a02f714c1445973b6c04902_aug2.jpg,aug2,hflip;hsv;gamma=1.15;clahe,3
0f964fdb-9fc1-4941-9c12-15445855221a-1-_mp4-0015_jpg.rf.148000ec8a02f714c1445973b6c04902_aug3.jpg,aug3,dark,3
0f964fdb-9fc1-4941-9c12-15445855221a-1-_mp4-0017_jpg.rf.5dca7ce152fa1057732dadbf528d3f57.jpg,orig,,3
0f964fdb-9fc1-4941-9c12-15445855221a-1-_mp4-0017_jpg.rf.5dca7ce152fa1057732dadbf528d3f57_aug1.jpg,aug1,affine;hsv;gamma=1.11,3
0f964fdb-9fc1-4941-9c12-15445855221a-1-_mp4-0017_jpg.rf.5dca7ce152fa1057732dadbf528d3f57_aug2.jpg,aug2,hflip;hsv;gamma=1.09;clahe,3
0f964fdb-9fc1-4941-9c12-15445855221a-1-_mp4-0017_jpg.rf.5dca7ce152fa1057732dadbf528d3f57_aug3.jpg,aug3,rain,3
0f964fdb-9fc1-4941-9c12-15445855221a-1-_mp4-0018_jpg.rf.ef6fc78df9ff30258bcd6c7aa2988680.jpg,orig,,3
0f964fdb-9fc1-4941-9c12-15445855221a-1-_mp4-0018_jpg.rf.ef6fc78df9ff30258bcd6c7aa2988680_aug1.jpg,aug1,hflip;affine;gamma=1.18;clahe,3
0f964fdb-9fc1-4941-9c12-15445855221a-1-_mp4-0018_jpg.rf.ef6fc78df9ff30258bcd6c7aa2988680_aug2.jpg,aug2,hflip;affine,3
0f964fdb-9fc1-4941-9c12-15445855221a-1-_mp4-0018_jpg.rf.ef6fc78df9ff30258bcd6c7aa2988680_aug3.jpg,aug3,dark,3
0f964fdb-9fc1-4941-9c12-15445855221a-1-_mp4-0019_jpg.rf.7b0a7e32794f371d6d3e0bb591f174e7.jpg,orig,,3
0f964fdb-9fc1-4941-9c12-15445855221a-1-_mp4-0019_jpg.rf.7b0a7e32794f371d6d3e0bb591f174e7_aug1.jpg,aug1,hflip;affine;gamma=0.87;blur=0.51,3
0f964fdb-9fc1-4941-9c12-15445855221a-1-_mp4-0019_jpg.rf.7b0a7e32794f371d6d3e0bb591f174e7_aug2.jpg,aug2,hsv;gamma=1.14,3
0f964fdb-9fc1-4941-9c12-15445855221a-1-_mp4-0019_jpg.rf.7b0a7e32794f371d6d3e0bb591f174e7_aug3.jpg,aug3,dark,3
0f964fdb-9fc1-4941-9c12-15445855221a-1-_mp4-0020_jpg.rf.cc211d287bcd7fa47b43853bea4fb442.jpg,orig,,3
0f964fdb-9fc1-4941-9c12-15445855221a-1-_mp4-0020_jpg.rf.cc211d287bcd7fa47b43853bea4fb442_aug1.jpg,aug1,hflip;hsv,3
0f964fdb-9fc1-4941-9c12-15445855221a-1-_mp4-0020_jpg.rf.cc211d287bcd7fa47b43853bea4fb442_aug2.jpg,aug2,hflip;affine;gamma=1.03;clahe,3
0f964fdb-9fc1-4941-9c12-15445855221a-1-_mp4-0020_jpg.rf.cc211d287bcd7fa47b43853bea4fb442_aug3.jpg,aug3,dark,3
0f964fdb-9fc1-4941-9c12-15445855221a-1-_mp4-0021_jpg.rf.41e13015ec3798232e68e937f1f9447a.jpg,orig,,3
0f964fdb-9fc1-4941-9c12-15445855221a-1-_mp4-0021_jpg.rf.41e13015ec3798232e68e937f1f9447a_aug1.jpg,aug1,hsv;clahe,3
0f964fdb-9fc1-4941-9c12-15445855221a-1-_mp4-0021_jpg.rf.41e13015ec3798232e68e937f1f9447a_aug2.jpg,aug2,hflip;hsv;gamma=1.12;clahe,3
0f964fdb-9fc1-4941-9c12-15445855221a-1-_mp4-0021_jpg.rf.41e13015ec3798232e68e937f1f9447a_aug3.jpg,aug3,dark;rain,3
0f964fdb-9fc1-4941-9c12-15445855221a-1-_mp4-0022_jpg.rf.2c614bf1be7b4033165bb042ddcea9f9.jpg,orig,,3
0f964fdb-9fc1-4941-9c12-15445855221a-1-_mp4-0022_jpg.rf.2c614bf1be7b4033165bb042ddcea9f9_aug1.jpg,aug1,hflip;gamma=1.19,3
0f964fdb-9fc1-4941-9c12-15445855221a-1-_mp4-0022_jpg.rf.2c614bf1be7b4033165bb042ddcea9f9_aug2.jpg,aug2,hflip;affine;hsv,3
0f964fdb-9fc1-4941-9c12-15445855221a-1-_mp4-0022_jpg.rf.2c614bf1be7b4033165bb042ddcea9f9_aug3.jpg,aug3,dark;rain,3
0f964fdb-9fc1-4941-9c12-15445855221a-1-_mp4-0023_jpg.rf.d9149373828e89d0aa3f8fb215e76665.jpg,orig,,3
0f964fdb-9fc1-4941-9c12-15445855221a-1-_mp4-0023_jpg.rf.d9149373828e89d0aa3f8fb215e76665_aug1.jpg,aug1,hflip;affine;gamma=0.86,3
0f964fdb-9fc1-4941-9c12-15445855221a-1-_mp4-0023_jpg.rf.d9149373828e89d0aa3f8fb215e76665_aug2.jpg,aug2,affine;hsv,3
0f964fdb-9fc1-4941-9c12-15445855221a-1-_mp4-0023_jpg.rf.d9149373828e89d0aa3f8fb215e76665_aug3.jpg,aug3,dark,3
0f964fdb-9fc1-4941-9c12-15445855221a-1-_mp4-0026_jpg.rf.2ef68e2abe7479ded6836559966dd8d6.jpg,orig,,4
0f964fdb-9fc1-4941-9c12-15445855221a-1-_mp4-0026_jpg.rf.2ef68e2abe7479ded6836559966dd8d6_aug1.jpg,aug1,affine;hsv,4
0f964fdb-9fc1-4941-9c12-15445855221a-1-_mp4-0026_jpg.rf.2ef68e2abe7479ded6836559966dd8d6_aug2.jpg,aug2,hflip;affine;hsv,4
0f964fdb-9fc1-4941-9c12-15445855221a-1-_mp4-0026_jpg.rf.2ef68e2abe7479ded6836559966dd8d6_aug3.jpg,aug3,dark;rain,4
0f964fdb-9fc1-4941-9c12-15445855221a-1-_mp4-0027_jpg.rf.2d828929c1360b149c828813fd42d40e.jpg,orig,,3
0f964fdb-9fc1-4941-9c12-15445855221a-1-_mp4-0027_jpg.rf.2d828929c1360b149c828813fd42d40e_aug1.jpg,aug1,hsv;clahe,3
0f964fdb-9fc1-4941-9c12-15445855221a-1-_mp4-0027_jpg.rf.2d828929c1360b149c828813fd42d40e_aug2.jpg,aug2,affine;gamma=1.12;blur=0.40,3
0f964fdb-9fc1-4941-9c12-15445855221a-1-_mp4-0027_jpg.rf.2d828929c1360b149c828813fd42d40e_aug3.jpg,aug3,dark,3
0f964fdb-9fc1-4941-9c12-15445855221a-1-_mp4-0028_jpg.rf.1a2a75574ac8739214738cf363851bbd.jpg,orig,,4
0f964fdb-9fc1-4941-9c12-15445855221a-1-_mp4-0028_jpg.rf.1a2a75574ac8739214738cf363851bbd_aug1.jpg,aug1,hflip;affine,4
0f964fdb-9fc1-4941-9c12-15445855221a-1-_mp4-0028_jpg.rf.1a2a75574ac8739214738cf363851bbd_aug2.jpg,aug2,hflip;affine;hsv;gamma=0.92,4
0f964fdb-9fc1-4941-9c12-15445855221a-1-_mp4-0028_jpg.rf.1a2a75574ac8739214738cf363851bbd_aug3.jpg,aug3,dark,4
0f964fdb-9fc1-4941-9c12-15445855221a-1-_mp4-0031_jpg.rf.bbbed1eddeed233c018cf20c0dc12dd6.jpg,orig,,4
0f964fdb-9fc1-4941-9c12-15445855221a-1-_mp4-0031_jpg.rf.bbbed1eddeed233c018cf20c0dc12dd6_aug1.jpg,aug1,clahe,4
0f964fdb-9fc1-4941-9c12-15445855221a-1-_mp4-0031_jpg.rf.bbbed1eddeed233c018cf20c0dc12dd6_aug2.jpg,aug2,hflip;hsv;gamma=1.01,4
0f964fdb-9fc1-4941-9c12-15445855221a-1-_mp4-0031_jpg.rf.bbbed1eddeed233c018cf20c0dc12dd6_aug3.jpg,aug3,dark;rain,4
0f964fdb-9fc1-4941-9c12-15445855221a-1-_mp4-0033_jpg.rf.fd5a3403838f87b7c4b7c7cc270fdb36.jpg,orig,,4
0f964fdb-9fc1-4941-9c12-15445855221a-1-_mp4-0033_jpg.rf.fd5a3403838f87b7c4b7c7cc270fdb36_aug1.jpg,aug1,affine,4
0f964fdb-9fc1-4941-9c12-15445855221a-1-_mp4-0033_jpg.rf.fd5a3403838f87b7c4b7c7cc270fdb36_aug2.jpg,aug2,clahe;blur=1.16,4
0f964fdb-9fc1-4941-9c12-15445855221a-1-_mp4-0033_jpg.rf.fd5a3403838f87b7c4b7c7cc270fdb36_aug3.jpg,aug3,dark,4
0f964fdb-9fc1-4941-9c12-15445855221a-1-_mp4-0034_jpg.rf.5a1c235bb7492b93f3ed04c83e80c30b.jpg,orig,,4
0f964fdb-9fc1-4941-9c12-15445855221a-1-_mp4-0034_jpg.rf.5a1c235bb7492b93f3ed04c83e80c30b_aug1.jpg,aug1,gamma=0.81;clahe,4
0f964fdb-9fc1-4941-9c12-15445855221a-1-_mp4-0034_jpg.rf.5a1c235bb7492b93f3ed04c83e80c30b_aug2.jpg,aug2,hsv;clahe,4
0f964fdb-9fc1-4941-9c12-15445855221a-1-_mp4-0034_jpg.rf.5a1c235bb7492b93f3ed04c83e80c30b_aug3.jpg,aug3,dark,4
0f964fdb-9fc1-4941-9c12-15445855221a-1-_mp4-0035_jpg.rf.1e30ce038fd0097d13e54172a8ea8cf8.jpg,orig,,4
0f964fdb-9fc1-4941-9c12-15445855221a-1-_mp4-0035_jpg.rf.1e30ce038fd0097d13e54172a8ea8cf8_aug1.jpg,aug1,hflip;affine;hsv;gamma=0.94;clahe;blur=0.49,4
0f964fdb-9fc1-4941-9c12-15445855221a-1-_mp4-0035_jpg.rf.1e30ce038fd0097d13e54172a8ea8cf8_aug2.jpg,aug2,hsv;gamma=0.90,4
0f964fdb-9fc1-4941-9c12-15445855221a-1-_mp4-0035_jpg.rf.1e30ce038fd0097d13e54172a8ea8cf8_aug3.jpg,aug3,rain,4
0f964fdb-9fc1-4941-9c12-15445855221a-1-_mp4-0036_jpg.rf.48551ee74a7938e1021ffb322ccb8eea.jpg,orig,,4
0f964fdb-9fc1-4941-9c12-15445855221a-1-_mp4-0036_jpg.rf.48551ee74a7938e1021ffb322ccb8eea_aug1.jpg,aug1,affine;clahe;blur=0.81,4
0f964fdb-9fc1-4941-9c12-15445855221a-1-_mp4-0036_jpg.rf.48551ee74a7938e1021ffb322ccb8eea_aug2.jpg,aug2,hflip;affine;gamma=0.99,4
0f964fdb-9fc1-4941-9c12-15445855221a-1-_mp4-0036_jpg.rf.48551ee74a7938e1021ffb322ccb8eea_aug3.jpg,aug3,dark,4
0f964fdb-9fc1-4941-9c12-15445855221a-1-_mp4-0037_jpg.rf.e930a1ac296ac73166eba8f6217e5a63.jpg,orig,,4
0f964fdb-9fc1-4941-9c12-15445855221a-1-_mp4-0037_jpg.rf.e930a1ac296ac73166eba8f6217e5a63_aug1.jpg,aug1,hflip;affine;hsv;clahe;blur=0.43,4
0f964fdb-9fc1-4941-9c12-15445855221a-1-_mp4-0037_jpg.rf.e930a1ac296ac73166eba8f6217e5a63_aug2.jpg,aug2,hflip;hsv,4
0f964fdb-9fc1-4941-9c12-15445855221a-1-_mp4-0037_jpg.rf.e930a1ac296ac73166eba8f6217e5a63_aug3.jpg,aug3,dark,4
0f964fdb-9fc1-4941-9c12-15445855221a-1-_mp4-0038_jpg.rf.cabba7a36ba89fbec92bbe0b29c7d0fe.jpg,orig,,4
0f964fdb-9fc1-4941-9c12-15445855221a-1-_mp4-0038_jpg.rf.cabba7a36ba89fbec92bbe0b29c7d0fe_aug1.jpg,aug1,affine;hsv,4
0f964fdb-9fc1-4941-9c12-15445855221a-1-_mp4-0038_jpg.rf.cabba7a36ba89fbec92bbe0b29c7d0fe_aug2.jpg,aug2,hsv;gamma=1.08,4
0f964fdb-9fc1-4941-9c12-15445855221a-1-_mp4-0038_jpg.rf.cabba7a36ba89fbec92bbe0b29c7d0fe_aug3.jpg,aug3,dark,4
0f964fdb-9fc1-4941-9c12-15445855221a-1-_mp4-0039_jpg.rf.0ad49b35ff9176ff8d7b9e894e203dc8.jpg,orig,,4
0f964fdb-9fc1-4941-9c12-15445855221a-1-_mp4-0039_jpg.rf.0ad49b35ff9176ff8d7b9e894e203dc8_aug1.jpg,aug1,affine,4
0f964fdb-9fc1-4941-9c12-15445855221a-1-_mp4-0039_jpg.rf.0ad49b35ff9176ff8d7b9e894e203dc8_aug2.jpg,aug2,affine;hsv,4
0f964fdb-9fc1-4941-9c12-15445855221a-1-_mp4-0039_jpg.rf.0ad49b35ff9176ff8d7b9e894e203dc8_aug3.jpg,aug3,rain,4
0f964fdb-9fc1-4941-9c12-15445855221a-1-_mp4-0042_jpg.rf.01a491d85bd503b84f3143e91fbef4cc.jpg,orig,,4
0f964fdb-9fc1-4941-9c12-15445855221a-1-_mp4-0042_jpg.rf.01a491d85bd503b84f3143e91fbef4cc_aug1.jpg,aug1,affine,4
0f964fdb-9fc1-4941-9c12-15445855221a-1-_mp4-0042_jpg.rf.01a491d85bd503b84f3143e91fbef4cc_aug2.jpg,aug2,none,4
0f964fdb-9fc1-4941-9c12-15445855221a-1-_mp4-0042_jpg.rf.01a491d85bd503b84f3143e91fbef4cc_aug3.jpg,aug3,dark,4
0f964fdb-9fc1-4941-9c12-15445855221a-1-_mp4-0044_jpg.rf.9b27e304ec265171e902d228d47b00f9.jpg,orig,,4
0f964fdb-9fc1-4941-9c12-15445855221a-1-_mp4-0044_jpg.rf.9b27e304ec265171e902d228d47b00f9_aug1.jpg,aug1,affine;gamma=1.25;clahe,3
0f964fdb-9fc1-4941-9c12-15445855221a-1-_mp4-0044_jpg.rf.9b27e304ec265171e902d228d47b00f9_aug2.jpg,aug2,hflip;hsv;gamma=0.84,4
0f964fdb-9fc1-4941-9c12-15445855221a-1-_mp4-0044_jpg.rf.9b27e304ec265171e902d228d47b00f9_aug3.jpg,aug3,dark,4
0f964fdb-9fc1-4941-9c12-15445855221a-1-_mp4-0045_jpg.rf.4be1ca5d418ec03a54d27df9532d1546.jpg,orig,,4
0f964fdb-9fc1-4941-9c12-15445855221a-1-_mp4-0045_jpg.rf.4be1ca5d418ec03a54d27df9532d1546_aug1.jpg,aug1,none,4
0f964fdb-9fc1-4941-9c12-15445855221a-1-_mp4-0045_jpg.rf.4be1ca5d418ec03a54d27df9532d1546_aug2.jpg,aug2,gamma=1.18,4
0f964fdb-9fc1-4941-9c12-15445855221a-1-_mp4-0045_jpg.rf.4be1ca5d418ec03a54d27df9532d1546_aug3.jpg,aug3,dark,4
0f964fdb-9fc1-4941-9c12-15445855221a-1-_mp4-0046_jpg.rf.62c0c14e47e97870178c3cfa64381c8e.jpg,orig,,4
0f964fdb-9fc1-4941-9c12-15445855221a-1-_mp4-0046_jpg.rf.62c0c14e47e97870178c3cfa64381c8e_aug1.jpg,aug1,hflip;affine;hsv,4
0f964fdb-9fc1-4941-9c12-15445855221a-1-_mp4-0046_jpg.rf.62c0c14e47e97870178c3cfa64381c8e_aug2.jpg,aug2,hsv;gamma=1.08,4
0f964fdb-9fc1-4941-9c12-15445855221a-1-_mp4-0046_jpg.rf.62c0c14e47e97870178c3cfa64381c8e_aug3.jpg,aug3,dark;rain,4
0f964fdb-9fc1-4941-9c12-15445855221a-1-_mp4-0047_jpg.rf.a666f5b3cd407ee4af9014a78bde30a3.jpg,orig,,4
0f964fdb-9fc1-4941-9c12-15445855221a-1-_mp4-0047_jpg.rf.a666f5b3cd407ee4af9014a78bde30a3_aug1.jpg,aug1,hflip;hsv;clahe,4
0f964fdb-9fc1-4941-9c12-15445855221a-1-_mp4-0047_jpg.rf.a666f5b3cd407ee4af9014a78bde30a3_aug2.jpg,aug2,hflip;affine;gamma=0.80;clahe,4
0f964fdb-9fc1-4941-9c12-15445855221a-1-_mp4-0047_jpg.rf.a666f5b3cd407ee4af9014a78bde30a3_aug3.jpg,aug3,dark;rain,4
0f964fdb-9fc1-4941-9c12-15445855221a-1-_mp4-0050_jpg.rf.3f1125d18d5f6f89466cb655b4122309.jpg,orig,,4
0f964fdb-9fc1-4941-9c12-15445855221a-1-_mp4-0050_jpg.rf.3f1125d18d5f6f89466cb655b4122309_aug1.jpg,aug1,none,4
0f964fdb-9fc1-4941-9c12-15445855221a-1-_mp4-0050_jpg.rf.3f1125d18d5f6f89466cb655b4122309_aug2.jpg,aug2,affine,4
0f964fdb-9fc1-4941-9c12-15445855221a-1-_mp4-0050_jpg.rf.3f1125d18d5f6f89466cb655b4122309_aug3.jpg,aug3,rain,4
0f964fdb-9fc1-4941-9c12-15445855221a-1-_mp4-0051_jpg.rf.1d611c3ec1fbe3aae7e31ab85a4d8728.jpg,orig,,4
0f964fdb-9fc1-4941-9c12-15445855221a-1-_mp4-0051_jpg.rf.1d611c3ec1fbe3aae7e31ab85a4d8728_aug1.jpg,aug1,hflip;hsv;clahe,4
0f964fdb-9fc1-4941-9c12-15445855221a-1-_mp4-0051_jpg.rf.1d611c3ec1fbe3aae7e31ab85a4d8728_aug2.jpg,aug2,affine;hsv;gamma=0.98,4
0f964fdb-9fc1-4941-9c12-15445855221a-1-_mp4-0051_jpg.rf.1d611c3ec1fbe3aae7e31ab85a4d8728_aug3.jpg,aug3,rain,4
0f964fdb-9fc1-4941-9c12-15445855221a-1-_mp4-0052_jpg.rf.cb286d20108e5bf2ceb365166c8825f5.jpg,orig,,4
0f964fdb-9fc1-4941-9c12-15445855221a-1-_mp4-0052_jpg.rf.cb286d20108e5bf2ceb365166c8825f5_aug1.jpg,aug1,affine;blur=0.45,4
0f964fdb-9fc1-4941-9c12-15445855221a-1-_mp4-0052_jpg.rf.cb286d20108e5bf2ceb365166c8825f5_aug2.jpg,aug2,affine;hsv;clahe;blur=0.42,4
0f964fdb-9fc1-4941-9c12-15445855221a-1-_mp4-0052_jpg.rf.cb286d20108e5bf2ceb365166c8825f5_aug3.jpg,aug3,dark,4
0f964fdb-9fc1-4941-9c12-15445855221a-1-_mp4-0053_jpg.rf.da1a87b005ff52c8b31e74930d5605f7.jpg,orig,,5
0f964fdb-9fc1-4941-9c12-15445855221a-1-_mp4-0053_jpg.rf.da1a87b005ff52c8b31e74930d5605f7_aug1.jpg,aug1,hflip;affine;gamma=1.04,5
0f964fdb-9fc1-4941-9c12-15445855221a-1-_mp4-0053_jpg.rf.da1a87b005ff52c8b31e74930d5605f7_aug2.jpg,aug2,hflip;hsv,5
0f964fdb-9fc1-4941-9c12-15445855221a-1-_mp4-0053_jpg.rf.da1a87b005ff52c8b31e74930d5605f7_aug3.jpg,aug3,dark,5
0f964fdb-9fc1-4941-9c12-15445855221a-1-_mp4-0054_jpg.rf.2055f8f0916c0d27e950d257aa4cf937.jpg,orig,,3
0f964fdb-9fc1-4941-9c12-15445855221a-1-_mp4-0054_jpg.rf.2055f8f0916c0d27e950d257aa4cf937_aug1.jpg,aug1,hflip;affine;hsv,3
0f964fdb-9fc1-4941-9c12-15445855221a-1-_mp4-0054_jpg.rf.2055f8f0916c0d27e950d257aa4cf937_aug2.jpg,aug2,hflip;clahe;blur=0.18,3
0f964fdb-9fc1-4941-9c12-15445855221a-1-_mp4-0054_jpg.rf.2055f8f0916c0d27e950d257aa4cf937_aug3.jpg,aug3,rain,3
0f964fdb-9fc1-4941-9c12-15445855221a-1-_mp4-0055_jpg.rf.300c9f084c411455dbb0a539b5548e03.jpg,orig,,5
0f964fdb-9fc1-4941-9c12-15445855221a-1-_mp4-0055_jpg.rf.300c9f084c411455dbb0a539b5548e03_aug1.jpg,aug1,hsv;gamma=1.01;clahe,5
0f964fdb-9fc1-4941-9c12-15445855221a-1-_mp4-0055_jpg.rf.300c9f084c411455dbb0a539b5548e03_aug2.jpg,aug2,hflip;hsv,5
0f964fdb-9fc1-4941-9c12-15445855221a-1-_mp4-0055_jpg.rf.300c9f084c411455dbb0a539b5548e03_aug3.jpg,aug3,rain,5
0f964fdb-9fc1-4941-9c12-15445855221a-1-_mp4-0057_jpg.rf.89feb5020d2ca72cc9754eb4631e4047.jpg,orig,,5
0f964fdb-9fc1-4941-9c12-15445855221a-1-_mp4-0057_jpg.rf.89feb5020d2ca72cc9754eb4631e4047_aug1.jpg,aug1,hsv;clahe,5
0f964fdb-9fc1-4941-9c12-15445855221a-1-_mp4-0057_jpg.rf.89feb5020d2ca72cc9754eb4631e4047_aug2.jpg,aug2,hflip;affine;gamma=0.84,5
0f964fdb-9fc1-4941-9c12-15445855221a-1-_mp4-0057_jpg.rf.89feb5020d2ca72cc9754eb4631e4047_aug3.jpg,aug3,dark;rain,5
0f964fdb-9fc1-4941-9c12-15445855221a-1-_mp4-0058_jpg.rf.03f37a8b9997f4315fa5630695ce624c.jpg,orig,,5
0f964fdb-9fc1-4941-9c12-15445855221a-1-_mp4-0058_jpg.rf.03f37a8b9997f4315fa5630695ce624c_aug1.jpg,aug1,hflip;affine,5
0f964fdb-9fc1-4941-9c12-15445855221a-1-_mp4-0058_jpg.rf.03f37a8b9997f4315fa5630695ce624c_aug2.jpg,aug2,affine;hsv,4
0f964fdb-9fc1-4941-9c12-15445855221a-1-_mp4-0058_jpg.rf.03f37a8b9997f4315fa5630695ce624c_aug3.jpg,aug3,dark,5
0f964fdb-9fc1-4941-9c12-15445855221a-1-_mp4-0060_jpg.rf.bf220db7ffa442cd84ede093ec74eaf1.jpg,orig,,4
0f964fdb-9fc1-4941-9c12-15445855221a-1-_mp4-0060_jpg.rf.bf220db7ffa442cd84ede093ec74eaf1_aug1.jpg,aug1,affine;hsv,4
0f964fdb-9fc1-4941-9c12-15445855221a-1-_mp4-0060_jpg.rf.bf220db7ffa442cd84ede093ec74eaf1_aug2.jpg,aug2,hflip;affine;gamma=1.12,4
0f964fdb-9fc1-4941-9c12-15445855221a-1-_mp4-0060_jpg.rf.bf220db7ffa442cd84ede093ec74eaf1_aug3.jpg,aug3,dark,4
0f964fdb-9fc1-4941-9c12-15445855221a-1-_mp4-0061_jpg.rf.f9d91e37f7b72d5a37e08ff99fc8c817.jpg,orig,,5
0f964fdb-9fc1-4941-9c12-15445855221a-1-_mp4-0061_jpg.rf.f9d91e37f7b72d5a37e08ff99fc8c817_aug1.jpg,aug1,hflip;hsv;gamma=1.00,5
0f964fdb-9fc1-4941-9c12-15445855221a-1-_mp4-0061_jpg.rf.f9d91e37f7b72d5a37e08ff99fc8c817_aug2.jpg,aug2,affine;hsv;clahe,5
0f964fdb-9fc1-4941-9c12-15445855221a-1-_mp4-0061_jpg.rf.f9d91e37f7b72d5a37e08ff99fc8c817_aug3.jpg,aug3,dark,5
0f964fdb-9fc1-4941-9c12-15445855221a-1-_mp4-0062_jpg.rf.b8479030e8d95135aef66d6af517e3b1.jpg,orig,,4
0f964fdb-9fc1-4941-9c12-15445855221a-1-_mp4-0062_jpg.rf.b8479030e8d95135aef66d6af517e3b1_aug1.jpg,aug1,affine,4
0f964fdb-9fc1-4941-9c12-15445855221a-1-_mp4-0062_jpg.rf.b8479030e8d95135aef66d6af517e3b1_aug2.jpg,aug2,hflip;affine;hsv,4
0f964fdb-9fc1-4941-9c12-15445855221a-1-_mp4-0062_jpg.rf.b8479030e8d95135aef66d6af517e3b1_aug3.jpg,aug3,rain,4
0f964fdb-9fc1-4941-9c12-15445855221a-1-_mp4-0064_jpg.rf.db45fd8497ddd3b8fd48391ed67608a7.jpg,orig,,4
0f964fdb-9fc1-4941-9c12-15445855221a-1-_mp4-0064_jpg.rf.db45fd8497ddd3b8fd48391ed67608a7_aug1.jpg,aug1,hflip;affine,4
0f964fdb-9fc1-4941-9c12-15445855221a-1-_mp4-0064_jpg.rf.db45fd8497ddd3b8fd48391ed67608a7_aug2.jpg,aug2,hsv;gamma=0.91,4
0f964fdb-9fc1-4941-9c12-15445855221a-1-_mp4-0064_jpg.rf.db45fd8497ddd3b8fd48391ed67608a7_aug3.jpg,aug3,dark;rain,4
0f964fdb-9fc1-4941-9c12-15445855221a-1-_mp4-0066_jpg.rf.214b9c9437cdf087562a96cb64ba3e66.jpg,orig,,4
0f964fdb-9fc1-4941-9c12-15445855221a-1-_mp4-0066_jpg.rf.214b9c9437cdf087562a96cb64ba3e66_aug1.jpg,aug1,hflip;affine;hsv,4
0f964fdb-9fc1-4941-9c12-15445855221a-1-_mp4-0066_jpg.rf.214b9c9437cdf087562a96cb64ba3e66_aug2.jpg,aug2,none,4
0f964fdb-9fc1-4941-9c12-15445855221a-1-_mp4-0066_jpg.rf.214b9c9437cdf087562a96cb64ba3e66_aug3.jpg,aug3,rain,4
0f964fdb-9fc1-4941-9c12-15445855221a-1-_mp4-0067_jpg.rf.af6bf9998aff17d3ec78054ac0c7f45e.jpg,orig,,4
0f964fdb-9fc1-4941-9c12-15445855221a-1-_mp4-0067_jpg.rf.af6bf9998aff17d3ec78054ac0c7f45e_aug1.jpg,aug1,clahe,4
0f964fdb-9fc1-4941-9c12-15445855221a-1-_mp4-0067_jpg.rf.af6bf9998aff17d3ec78054ac0c7f45e_aug2.jpg,aug2,hflip;hsv,4
0f964fdb-9fc1-4941-9c12-15445855221a-1-_mp4-0067_jpg.rf.af6bf9998aff17d3ec78054ac0c7f45e_aug3.jpg,aug3,dark,4
0f964fdb-9fc1-4941-9c12-15445855221a-1-_mp4-0068_jpg.rf.c9b1a42a2d1e7ad44ff64493ff962a4e.jpg,orig,,4
0f964fdb-9fc1-4941-9c12-15445855221a-1-_mp4-0068_jpg.rf.c9b1a42a2d1e7ad44ff64493ff962a4e_aug1.jpg,aug1,hflip,4
0f964fdb-9fc1-4941-9c12-15445855221a-1-_mp4-0068_jpg.rf.c9b1a42a2d1e7ad44ff64493ff962a4e_aug2.jpg,aug2,hflip;affine,3
0f964fdb-9fc1-4941-9c12-15445855221a-1-_mp4-0068_jpg.rf.c9b1a42a2d1e7ad44ff64493ff962a4e_aug3.jpg,aug3,dark,4
0f964fdb-9fc1-4941-9c12-15445855221a-1-_mp4-0069_jpg.rf.ee5c193ef7819f4a489637e1d6b784ee.jpg,orig,,4
0f964fdb-9fc1-4941-9c12-15445855221a-1-_mp4-0069_jpg.rf.ee5c193ef7819f4a489637e1d6b784ee_aug1.jpg,aug1,affine;hsv;gamma=0.95;blur=0.93,3
0f964fdb-9fc1-4941-9c12-15445855221a-1-_mp4-0069_jpg.rf.ee5c193ef7819f4a489637e1d6b784ee_aug2.jpg,aug2,hflip;blur=0.39,4
0f964fdb-9fc1-4941-9c12-15445855221a-1-_mp4-0069_jpg.rf.ee5c193ef7819f4a489637e1d6b784ee_aug3.jpg,aug3,dark,4
0f964fdb-9fc1-4941-9c12-15445855221a-1-_mp4-0070_jpg.rf.7e1f989046e07effd50adad7cb04c4af.jpg,orig,,4
0f964fdb-9fc1-4941-9c12-15445855221a-1-_mp4-0070_jpg.rf.7e1f989046e07effd50adad7cb04c4af_aug1.jpg,aug1,affine;hsv;gamma=0.85,4
0f964fdb-9fc1-4941-9c12-15445855221a-1-_mp4-0070_jpg.rf.7e1f989046e07effd50adad7cb04c4af_aug2.jpg,aug2,gamma=1.03;clahe,4
0f964fdb-9fc1-4941-9c12-15445855221a-1-_mp4-0070_jpg.rf.7e1f989046e07effd50adad7cb04c4af_aug3.jpg,aug3,rain,4
0f964fdb-9fc1-4941-9c12-15445855221a-1-_mp4-0071_jpg.rf.efe4100431bd1998b07e6c54d235df4e.jpg,orig,,4
0f964fdb-9fc1-4941-9c12-15445855221a-1-_mp4-0071_jpg.rf.efe4100431bd1998b07e6c54d235df4e_aug1.jpg,aug1,affine;hsv,4
0f964fdb-9fc1-4941-9c12-15445855221a-1-_mp4-0071_jpg.rf.efe4100431bd1998b07e6c54d235df4e_aug2.jpg,aug2,hflip;affine;clahe;blur=0.15,4
0f964fdb-9fc1-4941-9c12-15445855221a-1-_mp4-0071_jpg.rf.efe4100431bd1998b07e6c54d235df4e_aug3.jpg,aug3,dark;rain,4
0f964fdb-9fc1-4941-9c12-15445855221a-1-_mp4-0072_jpg.rf.0feb5e00e40812c7a5880368d88b44cb.jpg,orig,,4
0f964fdb-9fc1-4941-9c12-15445855221a-1-_mp4-0072_jpg.rf.0feb5e00e40812c7a5880368d88b44cb_aug1.jpg,aug1,hsv;clahe;blur=1.12,4
0f964fdb-9fc1-4941-9c12-15445855221a-1-_mp4-0072_jpg.rf.0feb5e00e40812c7a5880368d88b44cb_aug2.jpg,aug2,hflip;affine;hsv;clahe,4
0f964fdb-9fc1-4941-9c12-15445855221a-1-_mp4-0072_jpg.rf.0feb5e00e40812c7a5880368d88b44cb_aug3.jpg,aug3,dark;rain,4
0f964fdb-9fc1-4941-9c12-15445855221a-1-_mp4-0074_jpg.rf.4a9ef4afd4d9bfc5ca3228e65052b4c6.jpg,orig,,4
0f964fdb-9fc1-4941-9c12-15445855221a-1-_mp4-0074_jpg.rf.4a9ef4afd4d9bfc5ca3228e65052b4c6_aug1.jpg,aug1,affine;hsv,4
0f964fdb-9fc1-4941-9c12-15445855221a-1-_mp4-0074_jpg.rf.4a9ef4afd4d9bfc5ca3228e65052b4c6_aug2.jpg,aug2,hsv,4
0f964fdb-9fc1-4941-9c12-15445855221a-1-_mp4-0074_jpg.rf.4a9ef4afd4d9bfc5ca3228e65052b4c6_aug3.jpg,aug3,dark,4
0f964fdb-9fc1-4941-9c12-15445855221a-1-_mp4-0075_jpg.rf.2faa4fe1a8dbd3f2c1cdc5372926c0d7.jpg,orig,,4
0f964fdb-9fc1-4941-9c12-15445855221a-1-_mp4-0075_jpg.rf.2faa4fe1a8dbd3f2c1cdc5372926c0d7_aug1.jpg,aug1,hsv,4
0f964fdb-9fc1-4941-9c12-15445855221a-1-_mp4-0075_jpg.rf.2faa4fe1a8dbd3f2c1cdc5372926c0d7_aug2.jpg,aug2,none,4
0f964fdb-9fc1-4941-9c12-15445855221a-1-_mp4-0075_jpg.rf.2faa4fe1a8dbd3f2c1cdc5372926c0d7_aug3.jpg,aug3,dark,4
0f964fdb-9fc1-4941-9c12-15445855221a-1-_mp4-0076_jpg.rf.5385a67a9ac765cd539b12fafddf37a9.jpg,orig,,1
0f964fdb-9fc1-4941-9c12-15445855221a-1-_mp4-0076_jpg.rf.5385a67a9ac765cd539b12fafddf37a9_aug1.jpg,aug1,hflip;affine;hsv;gamma=0.97,1
0f964fdb-9fc1-4941-9c12-15445855221a-1-_mp4-0076_jpg.rf.5385a67a9ac765cd539b12fafddf37a9_aug2.jpg,aug2,hflip;affine;gamma=1.20,1
0f964fdb-9fc1-4941-9c12-15445855221a-1-_mp4-0076_jpg.rf.5385a67a9ac765cd539b12fafddf37a9_aug3.jpg,aug3,rain,1
0f964fdb-9fc1-4941-9c12-15445855221a-1-_mp4-0077_jpg.rf.28190911a019b07c1ee58217637d67a2.jpg,orig,,2
0f964fdb-9fc1-4941-9c12-15445855221a-1-_mp4-0077_jpg.rf.28190911a019b07c1ee58217637d67a2_aug1.jpg,aug1,hflip;gamma=1.15,2
0f964fdb-9fc1-4941-9c12-15445855221a-1-_mp4-0077_jpg.rf.28190911a019b07c1ee58217637d67a2_aug2.jpg,aug2,affine;clahe,2
0f964fdb-9fc1-4941-9c12-15445855221a-1-_mp4-0077_jpg.rf.28190911a019b07c1ee58217637d67a2_aug3.jpg,aug3,dark;rain,2
0f964fdb-9fc1-4941-9c12-15445855221a-1-_mp4-0080_jpg.rf.880abb1585faa32ffff9fffe07102b0d.jpg,orig,,2
0f964fdb-9fc1-4941-9c12-15445855221a-1-_mp4-0080_jpg.rf.880abb1585faa32ffff9fffe07102b0d_aug1.jpg,aug1,affine;gamma=0.85;clahe,1
0f964fdb-9fc1-4941-9c12-15445855221a-1-_mp4-0080_jpg.rf.880abb1585faa32ffff9fffe07102b0d_aug2.jpg,aug2,affine,2
0f964fdb-9fc1-4941-9c12-15445855221a-1-_mp4-0080_jpg.rf.880abb1585faa32ffff9fffe07102b0d_aug3.jpg,aug3,dark,2
0f964fdb-9fc1-4941-9c12-15445855221a-1-_mp4-0081_jpg.rf.4ba65aa73aa316c9e4835b644f194ac7.jpg,orig,,3
0f964fdb-9fc1-4941-9c12-15445855221a-1-_mp4-0081_jpg.rf.4ba65aa73aa316c9e4835b644f194ac7_aug1.jpg,aug1,affine;hsv;blur=0.62,2
0f964fdb-9fc1-4941-9c12-15445855221a-1-_mp4-0081_jpg.rf.4ba65aa73aa316c9e4835b644f194ac7_aug2.jpg,aug2,affine;hsv;gamma=1.15;clahe,3
0f964fdb-9fc1-4941-9c12-15445855221a-1-_mp4-0081_jpg.rf.4ba65aa73aa316c9e4835b644f194ac7_aug3.jpg,aug3,dark,3
0f964fdb-9fc1-4941-9c12-15445855221a-1-_mp4-0083_jpg.rf.8a65e04ae1a71b04fb2ba5f61face1b4.jpg,orig,,3
0f964fdb-9fc1-4941-9c12-15445855221a-1-_mp4-0083_jpg.rf.8a65e04ae1a71b04fb2ba5f61face1b4_aug1.jpg,aug1,hflip;affine;hsv,3
0f964fdb-9fc1-4941-9c12-15445855221a-1-_mp4-0083_jpg.rf.8a65e04ae1a71b04fb2ba5f61face1b4_aug2.jpg,aug2,gamma=1.07,3
0f964fdb-9fc1-4941-9c12-15445855221a-1-_mp4-0083_jpg.rf.8a65e04ae1a71b04fb2ba5f61face1b4_aug3.jpg,aug3,dark,3
0f964fdb-9fc1-4941-9c12-15445855221a-1-_mp4-0085_jpg.rf.d46ea0c44971ceb74cf376b8351ac98a.jpg,orig,,3
0f964fdb-9fc1-4941-9c12-15445855221a-1-_mp4-0085_jpg.rf.d46ea0c44971ceb74cf376b8351ac98a_aug1.jpg,aug1,hflip;affine,3
0f964fdb-9fc1-4941-9c12-15445855221a-1-_mp4-0085_jpg.rf.d46ea0c44971ceb74cf376b8351ac98a_aug2.jpg,aug2,hflip;affine;hsv;gamma=0.83,3
0f964fdb-9fc1-4941-9c12-15445855221a-1-_mp4-0085_jpg.rf.d46ea0c44971ceb74cf376b8351ac98a_aug3.jpg,aug3,dark,3
0f964fdb-9fc1-4941-9c12-15445855221a-1-_mp4-0086_jpg.rf.215ae887ba1775a80d11ed759aca9282.jpg,orig,,3
0f964fdb-9fc1-4941-9c12-15445855221a-1-_mp4-0086_jpg.rf.215ae887ba1775a80d11ed759aca9282_aug1.jpg,aug1,affine;gamma=0.90;clahe,3
0f964fdb-9fc1-4941-9c12-15445855221a-1-_mp4-0086_jpg.rf.215ae887ba1775a80d11ed759aca9282_aug2.jpg,aug2,hflip;hsv;gamma=0.86;clahe,3
0f964fdb-9fc1-4941-9c12-15445855221a-1-_mp4-0086_jpg.rf.215ae887ba1775a80d11ed759aca9282_aug3.jpg,aug3,dark,3
0f964fdb-9fc1-4941-9c12-15445855221a-1-_mp4-0087_jpg.rf.594184b2028aedef281506c1e7ff8535.jpg,orig,,3
0f964fdb-9fc1-4941-9c12-15445855221a-1-_mp4-0087_jpg.rf.594184b2028aedef281506c1e7ff8535_aug1.jpg,aug1,hsv,3
0f964fdb-9fc1-4941-9c12-15445855221a-1-_mp4-0087_jpg.rf.594184b2028aedef281506c1e7ff8535_aug2.jpg,aug2,affine;hsv;gamma=0.88,2
0f964fdb-9fc1-4941-9c12-15445855221a-1-_mp4-0087_jpg.rf.594184b2028aedef281506c1e7ff8535_aug3.jpg,aug3,rain,3
1991989f-1bf5-4e50-89bb-7301b220ac01_mp4-0001_jpg.rf.c62605d0ee2e99eb8a807abd06ff40a0.jpg,orig,,6
1991989f-1bf5-4e50-89bb-7301b220ac01_mp4-0001_jpg.rf.c62605d0ee2e99eb8a807abd06ff40a0_aug1.jpg,aug1,affine;hsv;gamma=1.24;clahe,6
1991989f-1bf5-4e50-89bb-7301b220ac01_mp4-0001_jpg.rf.c62605d0ee2e99eb8a807abd06ff40a0_aug2.jpg,aug2,hflip;gamma=0.81;blur=0.12,6
1991989f-1bf5-4e50-89bb-7301b220ac01_mp4-0001_jpg.rf.c62605d0ee2e99eb8a807abd06ff40a0_aug3.jpg,aug3,dark,6
1991989f-1bf5-4e50-89bb-7301b220ac01_mp4-0003_jpg.rf.98471c342ef8cb8e0c424db2e260aeec.jpg,orig,,4
1991989f-1bf5-4e50-89bb-7301b220ac01_mp4-0003_jpg.rf.98471c342ef8cb8e0c424db2e260aeec_aug1.jpg,aug1,hflip;hsv;gamma=1.12,4
1991989f-1bf5-4e50-89bb-7301b220ac01_mp4-0003_jpg.rf.98471c342ef8cb8e0c424db2e260aeec_aug2.jpg,aug2,hflip;gamma=0.91,4
1991989f-1bf5-4e50-89bb-7301b220ac01_mp4-0003_jpg.rf.98471c342ef8cb8e0c424db2e260aeec_aug3.jpg,aug3,dark,4
1991989f-1bf5-4e50-89bb-7301b220ac01_mp4-0005_jpg.rf.e62d1a58915511edd7b3419d81a78685.jpg,orig,,5
1991989f-1bf5-4e50-89bb-7301b220ac01_mp4-0005_jpg.rf.e62d1a58915511edd7b3419d81a78685_aug1.jpg,aug1,hflip;affine;hsv;gamma=1.21,4
1991989f-1bf5-4e50-89bb-7301b220ac01_mp4-0005_jpg.rf.e62d1a58915511edd7b3419d81a78685_aug2.jpg,aug2,hsv;gamma=0.88,5
1991989f-1bf5-4e50-89bb-7301b220ac01_mp4-0005_jpg.rf.e62d1a58915511edd7b3419d81a78685_aug3.jpg,aug3,dark;rain,5
1991989f-1bf5-4e50-89bb-7301b220ac01_mp4-0006_jpg.rf.733ac1bcd138f19f0884706df49ad38b.jpg,orig,,5
1991989f-1bf5-4e50-89bb-7301b220ac01_mp4-0006_jpg.rf.733ac1bcd138f19f0884706df49ad38b_aug1.jpg,aug1,hflip;affine;hsv,4
1991989f-1bf5-4e50-89bb-7301b220ac01_mp4-0006_jpg.rf.733ac1bcd138f19f0884706df49ad38b_aug2.jpg,aug2,hflip;affine;gamma=1.07;blur=0.31,4
1991989f-1bf5-4e50-89bb-7301b220ac01_mp4-0006_jpg.rf.733ac1bcd138f19f0884706df49ad38b_aug3.jpg,aug3,dark;rain,5
1991989f-1bf5-4e50-89bb-7301b220ac01_mp4-0007_jpg.rf.6e1e1663fd3a459f87c069e841390559.jpg,orig,,4
1991989f-1bf5-4e50-89bb-7301b220ac01_mp4-0007_jpg.rf.6e1e1663fd3a459f87c069e841390559_aug1.jpg,aug1,hflip;affine;hsv,4
1991989f-1bf5-4e50-89bb-7301b220ac01_mp4-0007_jpg.rf.6e1e1663fd3a459f87c069e841390559_aug2.jpg,aug2,hflip;affine;hsv;gamma=1.02;blur=0.89,4
1991989f-1bf5-4e50-89bb-7301b220ac01_mp4-0007_jpg.rf.6e1e1663fd3a459f87c069e841390559_aug3.jpg,aug3,rain,4
1991989f-1bf5-4e50-89bb-7301b220ac01_mp4-0008_jpg.rf.01427c0b29e2fbedc0b211567ef0fe26.jpg,orig,,6
1991989f-1bf5-4e50-89bb-7301b220ac01_mp4-0008_jpg.rf.01427c0b29e2fbedc0b211567ef0fe26_aug1.jpg,aug1,affine;gamma=0.87;clahe,6
1991989f-1bf5-4e50-89bb-7301b220ac01_mp4-0008_jpg.rf.01427c0b29e2fbedc0b211567ef0fe26_aug2.jpg,aug2,hflip;gamma=0.99,6
1991989f-1bf5-4e50-89bb-7301b220ac01_mp4-0008_jpg.rf.01427c0b29e2fbedc0b211567ef0fe26_aug3.jpg,aug3,dark,6
1991989f-1bf5-4e50-89bb-7301b220ac01_mp4-0010_jpg.rf.888b0dfb53e9d2a7a741b09780b717d8.jpg,orig,,5
1991989f-1bf5-4e50-89bb-7301b220ac01_mp4-0010_jpg.rf.888b0dfb53e9d2a7a741b09780b717d8_aug1.jpg,aug1,hflip;affine;hsv,4
1991989f-1bf5-4e50-89bb-7301b220ac01_mp4-0010_jpg.rf.888b0dfb53e9d2a7a741b09780b717d8_aug2.jpg,aug2,affine,5
1991989f-1bf5-4e50-89bb-7301b220ac01_mp4-0010_jpg.rf.888b0dfb53e9d2a7a741b09780b717d8_aug3.jpg,aug3,dark;rain,5
1991989f-1bf5-4e50-89bb-7301b220ac01_mp4-0011_jpg.rf.aba8bf31c476ae0deee11a38c869e8a9.jpg,orig,,5
1991989f-1bf5-4e50-89bb-7301b220ac01_mp4-0011_jpg.rf.aba8bf31c476ae0deee11a38c869e8a9_aug1.jpg,aug1,affine;gamma=0.88,5
1991989f-1bf5-4e50-89bb-7301b220ac01_mp4-0011_jpg.rf.aba8bf31c476ae0deee11a38c869e8a9_aug2.jpg,aug2,hflip;affine;clahe,5
1991989f-1bf5-4e50-89bb-7301b220ac01_mp4-0011_jpg.rf.aba8bf31c476ae0deee11a38c869e8a9_aug3.jpg,aug3,dark;rain,5
1991989f-1bf5-4e50-89bb-7301b220ac01_mp4-0014_jpg.rf.5256ef06a60001787fad587b7320215d.jpg,orig,,4
1991989f-1bf5-4e50-89bb-7301b220ac01_mp4-0014_jpg.rf.5256ef06a60001787fad587b7320215d_aug1.jpg,aug1,hflip;hsv;gamma=0.98;blur=0.49,4
1991989f-1bf5-4e50-89bb-7301b220ac01_mp4-0014_jpg.rf.5256ef06a60001787fad587b7320215d_aug2.jpg,aug2,affine,4
1991989f-1bf5-4e50-89bb-7301b220ac01_mp4-0014_jpg.rf.5256ef06a60001787fad587b7320215d_aug3.jpg,aug3,dark;rain,4
1991989f-1bf5-4e50-89bb-7301b220ac01_mp4-0015_jpg.rf.38d7a90b4089d002d8f45f9c05a6ca4c.jpg,orig,,4
1991989f-1bf5-4e50-89bb-7301b220ac01_mp4-0015_jpg.rf.38d7a90b4089d002d8f45f9c05a6ca4c_aug1.jpg,aug1,hflip;affine,4
1991989f-1bf5-4e50-89bb-7301b220ac01_mp4-0015_jpg.rf.38d7a90b4089d002d8f45f9c05a6ca4c_aug2.jpg,aug2,hsv;blur=0.15,4
1991989f-1bf5-4e50-89bb-7301b220ac01_mp4-0015_jpg.rf.38d7a90b4089d002d8f45f9c05a6ca4c_aug3.jpg,aug3,dark,4
1991989f-1bf5-4e50-89bb-7301b220ac01_mp4-0016_jpg.rf.11e85a3e45437a41fcda5d33697c3d46.jpg,orig,,4
1991989f-1bf5-4e50-89bb-7301b220ac01_mp4-0016_jpg.rf.11e85a3e45437a41fcda5d33697c3d46_aug1.jpg,aug1,affine,4
1991989f-1bf5-4e50-89bb-7301b220ac01_mp4-0016_jpg.rf.11e85a3e45437a41fcda5d33697c3d46_aug2.jpg,aug2,affine;hsv;blur=0.69,4
1991989f-1bf5-4e50-89bb-7301b220ac01_mp4-0016_jpg.rf.11e85a3e45437a41fcda5d33697c3d46_aug3.jpg,aug3,dark,4
1991989f-1bf5-4e50-89bb-7301b220ac01_mp4-0017_jpg.rf.41ee5ad61a908c1dec7ad0fc64a7dcad.jpg,orig,,4
1991989f-1bf5-4e50-89bb-7301b220ac01_mp4-0017_jpg.rf.41ee5ad61a908c1dec7ad0fc64a7dcad_aug1.jpg,aug1,affine;gamma=0.85,4
1991989f-1bf5-4e50-89bb-7301b220ac01_mp4-0017_jpg.rf.41ee5ad61a908c1dec7ad0fc64a7dcad_aug2.jpg,aug2,hflip,4
1991989f-1bf5-4e50-89bb-7301b220ac01_mp4-0017_jpg.rf.41ee5ad61a908c1dec7ad0fc64a7dcad_aug3.jpg,aug3,dark;rain,4
1991989f-1bf5-4e50-89bb-7301b220ac01_mp4-0018_jpg.rf.96a2f310e3b0d589b752559af3ec7e47.jpg,orig,,4
1991989f-1bf5-4e50-89bb-7301b220ac01_mp4-0018_jpg.rf.96a2f310e3b0d589b752559af3ec7e47_aug1.jpg,aug1,hflip;affine,4
1991989f-1bf5-4e50-89bb-7301b220ac01_mp4-0018_jpg.rf.96a2f310e3b0d589b752559af3ec7e47_aug2.jpg,aug2,affine;hsv;gamma=0.98,4
1991989f-1bf5-4e50-89bb-7301b220ac01_mp4-0018_jpg.rf.96a2f310e3b0d589b752559af3ec7e47_aug3.jpg,aug3,rain,4
1991989f-1bf5-4e50-89bb-7301b220ac01_mp4-0019_jpg.rf.5c807a45393dcf1d13acec9fb6dea105.jpg,orig,,4
1991989f-1bf5-4e50-89bb-7301b220ac01_mp4-0019_jpg.rf.5c807a45393dcf1d13acec9fb6dea105_aug1.jpg,aug1,affine;gamma=1.06;blur=0.40,4
1991989f-1bf5-4e50-89bb-7301b220ac01_mp4-0019_jpg.rf.5c807a45393dcf1d13acec9fb6dea105_aug2.jpg,aug2,affine;hsv;gamma=0.83;blur=0.55,4
1991989f-1bf5-4e50-89bb-7301b220ac01_mp4-0019_jpg.rf.5c807a45393dcf1d13acec9fb6dea105_aug3.jpg,aug3,dark,4
1991989f-1bf5-4e50-89bb-7301b220ac01_mp4-0020_jpg.rf.bd37ef4c9a99cf749fbb419fbf23baeb.jpg,orig,,4
1991989f-1bf5-4e50-89bb-7301b220ac01_mp4-0020_jpg.rf.bd37ef4c9a99cf749fbb419fbf23baeb_aug1.jpg,aug1,affine;gamma=1.07,4
1991989f-1bf5-4e50-89bb-7301b220ac01_mp4-0020_jpg.rf.bd37ef4c9a99cf749fbb419fbf23baeb_aug2.jpg,aug2,affine,4
1991989f-1bf5-4e50-89bb-7301b220ac01_mp4-0020_jpg.rf.bd37ef4c9a99cf749fbb419fbf23baeb_aug3.jpg,aug3,dark,4
1991989f-1bf5-4e50-89bb-7301b220ac01_mp4-0021_jpg.rf.235c164baa2897cfdff301cc64df3987.jpg,orig,,4
1991989f-1bf5-4e50-89bb-7301b220ac01_mp4-0021_jpg.rf.235c164baa2897cfdff301cc64df3987_aug1.jpg,aug1,hflip;affine;hsv;gamma=1.19;blur=0.90,4
1991989f-1bf5-4e50-89bb-7301b220ac01_mp4-0021_jpg.rf.235c164baa2897cfdff301cc64df3987_aug2.jpg,aug2,hflip;gamma=0.86,4
1991989f-1bf5-4e50-89bb-7301b220ac01_mp4-0021_jpg.rf.235c164baa2897cfdff301cc64df3987_aug3.jpg,aug3,dark,4
1991989f-1bf5-4e50-89bb-7301b220ac01_mp4-0023_jpg.rf.4aa45dc2f454f7512e50c9f33b613f0f.jpg,orig,,4
1991989f-1bf5-4e50-89bb-7301b220ac01_mp4-0023_jpg.rf.4aa45dc2f454f7512e50c9f33b613f0f_aug1.jpg,aug1,hflip;hsv;clahe,4
1991989f-1bf5-4e50-89bb-7301b220ac01_mp4-0023_jpg.rf.4aa45dc2f454f7512e50c9f33b613f0f_aug2.jpg,aug2,hsv;clahe,4
1991989f-1bf5-4e50-89bb-7301b220ac01_mp4-0023_jpg.rf.4aa45dc2f454f7512e50c9f33b613f0f_aug3.jpg,aug3,dark,4
1991989f-1bf5-4e50-89bb-7301b220ac01_mp4-0026_jpg.rf.66c195c418bb3365b33c867383d2b45c.jpg,orig,,4
1991989f-1bf5-4e50-89bb-7301b220ac01_mp4-0026_jpg.rf.66c195c418bb3365b33c867383d2b45c_aug1.jpg,aug1,hsv;gamma=0.86;clahe;blur=0.89,4
1991989f-1bf5-4e50-89bb-7301b220ac01_mp4-0026_jpg.rf.66c195c418bb3365b33c867383d2b45c_aug2.jpg,aug2,hflip;clahe,4
1991989f-1bf5-4e50-89bb-7301b220ac01_mp4-0026_jpg.rf.66c195c418bb3365b33c867383d2b45c_aug3.jpg,aug3,dark,4
1991989f-1bf5-4e50-89bb-7301b220ac01_mp4-0027_jpg.rf.6138741d98daabcea25e2140cf547969.jpg,orig,,4
1991989f-1bf5-4e50-89bb-7301b220ac01_mp4-0027_jpg.rf.6138741d98daabcea25e2140cf547969_aug1.jpg,aug1,hflip;clahe;blur=0.96,4
1991989f-1bf5-4e50-89bb-7301b220ac01_mp4-0027_jpg.rf.6138741d98daabcea25e2140cf547969_aug2.jpg,aug2,hflip;affine;hsv,4
1991989f-1bf5-4e50-89bb-7301b220ac01_mp4-0027_jpg.rf.6138741d98daabcea25e2140cf547969_aug3.jpg,aug3,dark,4
1991989f-1bf5-4e50-89bb-7301b220ac01_mp4-0029_jpg.rf.318f086b13987cd67e2f5b5492060767.jpg,orig,,4
1991989f-1bf5-4e50-89bb-7301b220ac01_mp4-0029_jpg.rf.318f086b13987cd67e2f5b5492060767_aug1.jpg,aug1,hflip;affine;gamma=1.04,4
1991989f-1bf5-4e50-89bb-7301b220ac01_mp4-0029_jpg.rf.318f086b13987cd67e2f5b5492060767_aug2.jpg,aug2,hflip;affine;hsv;blur=0.75,4
1991989f-1bf5-4e50-89bb-7301b220ac01_mp4-0029_jpg.rf.318f086b13987cd67e2f5b5492060767_aug3.jpg,aug3,rain,4
1991989f-1bf5-4e50-89bb-7301b220ac01_mp4-0032_jpg.rf.f17160c7517c6aea88700276e01c090a.jpg,orig,,4
1991989f-1bf5-4e50-89bb-7301b220ac01_mp4-0032_jpg.rf.f17160c7517c6aea88700276e01c090a_aug1.jpg,aug1,clahe,4
1991989f-1bf5-4e50-89bb-7301b220ac01_mp4-0032_jpg.rf.f17160c7517c6aea88700276e01c090a_aug2.jpg,aug2,hflip;affine;clahe,4
1991989f-1bf5-4e50-89bb-7301b220ac01_mp4-0032_jpg.rf.f17160c7517c6aea88700276e01c090a_aug3.jpg,aug3,dark;rain,4
1991989f-1bf5-4e50-89bb-7301b220ac01_mp4-0033_jpg.rf.600c85e7332b64d0bd0c10f7880bf50e.jpg,orig,,4
1991989f-1bf5-4e50-89bb-7301b220ac01_mp4-0033_jpg.rf.600c85e7332b64d0bd0c10f7880bf50e_aug1.jpg,aug1,affine;hsv;clahe,3
1991989f-1bf5-4e50-89bb-7301b220ac01_mp4-0033_jpg.rf.600c85e7332b64d0bd0c10f7880bf50e_aug2.jpg,aug2,affine,4
1991989f-1bf5-4e50-89bb-7301b220ac01_mp4-0033_jpg.rf.600c85e7332b64d0bd0c10f7880bf50e_aug3.jpg,aug3,rain,4
1991989f-1bf5-4e50-89bb-7301b220ac01_mp4-0034_jpg.rf.11cdbe4f1aa0dfb9ca80b38b78056205.jpg,orig,,4
1991989f-1bf5-4e50-89bb-7301b220ac01_mp4-0034_jpg.rf.11cdbe4f1aa0dfb9ca80b38b78056205_aug1.jpg,aug1,hflip;hsv,4
1991989f-1bf5-4e50-89bb-7301b220ac01_mp4-0034_jpg.rf.11cdbe4f1aa0dfb9ca80b38b78056205_aug2.jpg,aug2,hflip;affine;gamma=1.20,4
1991989f-1bf5-4e50-89bb-7301b220ac01_mp4-0034_jpg.rf.11cdbe4f1aa0dfb9ca80b38b78056205_aug3.jpg,aug3,dark;rain,4
1991989f-1bf5-4e50-89bb-7301b220ac01_mp4-0035_jpg.rf.a8c40be4bcc3e0e7f94d3672ce0752bc.jpg,orig,,5
1991989f-1bf5-4e50-89bb-7301b220ac01_mp4-0035_jpg.rf.a8c40be4bcc3e0e7f94d3672ce0752bc_aug1.jpg,aug1,affine;hsv;gamma=1.23;clahe,3
1991989f-1bf5-4e50-89bb-7301b220ac01_mp4-0035_jpg.rf.a8c40be4bcc3e0e7f94d3672ce0752bc_aug2.jpg,aug2,hsv;clahe,5
1991989f-1bf5-4e50-89bb-7301b220ac01_mp4-0035_jpg.rf.a8c40be4bcc3e0e7f94d3672ce0752bc_aug3.jpg,aug3,dark;rain,5
1991989f-1bf5-4e50-89bb-7301b220ac01_mp4-0037_jpg.rf.990311651c1c36c5b4bfbd65c612c4cd.jpg,orig,,4
1991989f-1bf5-4e50-89bb-7301b220ac01_mp4-0037_jpg.rf.990311651c1c36c5b4bfbd65c612c4cd_aug1.jpg,aug1,gamma=1.02,4
1991989f-1bf5-4e50-89bb-7301b220ac01_mp4-0037_jpg.rf.990311651c1c36c5b4bfbd65c612c4cd_aug2.jpg,aug2,hflip;affine;hsv;clahe,2
1991989f-1bf5-4e50-89bb-7301b220ac01_mp4-0037_jpg.rf.990311651c1c36c5b4bfbd65c612c4cd_aug3.jpg,aug3,dark,4
1991989f-1bf5-4e50-89bb-7301b220ac01_mp4-0040_jpg.rf.281545d31cef1b2ebd418a8bcbcd3bd2.jpg,orig,,5
1991989f-1bf5-4e50-89bb-7301b220ac01_mp4-0040_jpg.rf.281545d31cef1b2ebd418a8bcbcd3bd2_aug1.jpg,aug1,affine;hsv;clahe,5
1991989f-1bf5-4e50-89bb-7301b220ac01_mp4-0040_jpg.rf.281545d31cef1b2ebd418a8bcbcd3bd2_aug2.jpg,aug2,affine;gamma=0.83;clahe,5
1991989f-1bf5-4e50-89bb-7301b220ac01_mp4-0040_jpg.rf.281545d31cef1b2ebd418a8bcbcd3bd2_aug3.jpg,aug3,rain,5
1991989f-1bf5-4e50-89bb-7301b220ac01_mp4-0042_jpg.rf.b7fac1c48698310c5b2787a325e508b5.jpg,orig,,6
1991989f-1bf5-4e50-89bb-7301b220ac01_mp4-0042_jpg.rf.b7fac1c48698310c5b2787a325e508b5_aug1.jpg,aug1,affine;gamma=0.84,4
1991989f-1bf5-4e50-89bb-7301b220ac01_mp4-0042_jpg.rf.b7fac1c48698310c5b2787a325e508b5_aug2.jpg,aug2,affine;hsv;clahe,5
1991989f-1bf5-4e50-89bb-7301b220ac01_mp4-0042_jpg.rf.b7fac1c48698310c5b2787a325e508b5_aug3.jpg,aug3,rain,6
1991989f-1bf5-4e50-89bb-7301b220ac01_mp4-0043_jpg.rf.08fc51f6c4d6e11ba483abbe36f89a09.jpg,orig,,6
1991989f-1bf5-4e50-89bb-7301b220ac01_mp4-0043_jpg.rf.08fc51f6c4d6e11ba483abbe36f89a09_aug1.jpg,aug1,hsv;clahe;blur=1.02,6
1991989f-1bf5-4e50-89bb-7301b220ac01_mp4-0043_jpg.rf.08fc51f6c4d6e11ba483abbe36f89a09_aug2.jpg,aug2,hsv;clahe;blur=1.12,6
1991989f-1bf5-4e50-89bb-7301b220ac01_mp4-0043_jpg.rf.08fc51f6c4d6e11ba483abbe36f89a09_aug3.jpg,aug3,dark,6
1991989f-1bf5-4e50-89bb-7301b220ac01_mp4-0044_jpg.rf.c21b7fa2f046b6f1581e7e265200655d.jpg,orig,,4
1991989f-1bf5-4e50-89bb-7301b220ac01_mp4-0044_jpg.rf.c21b7fa2f046b6f1581e7e265200655d_aug1.jpg,aug1,hflip;affine;hsv;gamma=0.84,3
1991989f-1bf5-4e50-89bb-7301b220ac01_mp4-0044_jpg.rf.c21b7fa2f046b6f1581e7e265200655d_aug2.jpg,aug2,hflip;affine;hsv;gamma=1.02,4
1991989f-1bf5-4e50-89bb-7301b220ac01_mp4-0044_jpg.rf.c21b7fa2f046b6f1581e7e265200655d_aug3.jpg,aug3,rain,4
1991989f-1bf5-4e50-89bb-7301b220ac01_mp4-0045_jpg.rf.dad18bcf1520fce864fae4b34edb716b.jpg,orig,,3
1991989f-1bf5-4e50-89bb-7301b220ac01_mp4-0045_jpg.rf.dad18bcf1520fce864fae4b34edb716b_aug1.jpg,aug1,hflip;affine;hsv,1
1991989f-1bf5-4e50-89bb-7301b220ac01_mp4-0045_jpg.rf.dad18bcf1520fce864fae4b34edb716b_aug2.jpg,aug2,affine;hsv;gamma=1.01,3
1991989f-1bf5-4e50-89bb-7301b220ac01_mp4-0045_jpg.rf.dad18bcf1520fce864fae4b34edb716b_aug3.jpg,aug3,rain,3
1991989f-1bf5-4e50-89bb-7301b220ac01_mp4-0046_jpg.rf.ce3f260f61e43f4b7662b3136e5c688e.jpg,orig,,4
1991989f-1bf5-4e50-89bb-7301b220ac01_mp4-0046_jpg.rf.ce3f260f61e43f4b7662b3136e5c688e_aug1.jpg,aug1,hflip;clahe,4
1991989f-1bf5-4e50-89bb-7301b220ac01_mp4-0046_jpg.rf.ce3f260f61e43f4b7662b3136e5c688e_aug2.jpg,aug2,gamma=1.12,4
1991989f-1bf5-4e50-89bb-7301b220ac01_mp4-0046_jpg.rf.ce3f260f61e43f4b7662b3136e5c688e_aug3.jpg,aug3,dark;rain,4
1991989f-1bf5-4e50-89bb-7301b220ac01_mp4-0047_jpg.rf.bec0389a1085753ce2c0334f1efffe11.jpg,orig,,6
1991989f-1bf5-4e50-89bb-7301b220ac01_mp4-0047_jpg.rf.bec0389a1085753ce2c0334f1efffe11_aug1.jpg,aug1,clahe,6
1991989f-1bf5-4e50-89bb-7301b220ac01_mp4-0047_jpg.rf.bec0389a1085753ce2c0334f1efffe11_aug2.jpg,aug2,hflip;affine;hsv;gamma=1.17;clahe,4
1991989f-1bf5-4e50-89bb-7301b220ac01_mp4-0047_jpg.rf.bec0389a1085753ce2c0334f1efffe11_aug3.jpg,aug3,dark,6
1991989f-1bf5-4e50-89bb-7301b220ac01_mp4-0048_jpg.rf.2bc33a1a41c50e4458ed07c00ae1a94f.jpg,orig,,6
1991989f-1bf5-4e50-89bb-7301b220ac01_mp4-0048_jpg.rf.2bc33a1a41c50e4458ed07c00ae1a94f_aug1.jpg,aug1,hsv;clahe,6
1991989f-1bf5-4e50-89bb-7301b220ac01_mp4-0048_jpg.rf.2bc33a1a41c50e4458ed07c00ae1a94f_aug2.jpg,aug2,hflip;gamma=1.14;clahe;blur=1.11,6
1991989f-1bf5-4e50-89bb-7301b220ac01_mp4-0048_jpg.rf.2bc33a1a41c50e4458ed07c00ae1a94f_aug3.jpg,aug3,dark,6
1991989f-1bf5-4e50-89bb-7301b220ac01_mp4-0053_jpg.rf.b02c295c5a58c1b6ba17b582a8056c73.jpg,orig,,4
1991989f-1bf5-4e50-89bb-7301b220ac01_mp4-0053_jpg.rf.b02c295c5a58c1b6ba17b582a8056c73_aug1.jpg,aug1,gamma=0.95;blur=0.96,4
1991989f-1bf5-4e50-89bb-7301b220ac01_mp4-0053_jpg.rf.b02c295c5a58c1b6ba17b582a8056c73_aug2.jpg,aug2,hflip;affine;clahe,3
1991989f-1bf5-4e50-89bb-7301b220ac01_mp4-0053_jpg.rf.b02c295c5a58c1b6ba17b582a8056c73_aug3.jpg,aug3,dark;rain,4
1991989f-1bf5-4e50-89bb-7301b220ac01_mp4-0054_jpg.rf.8de5d90a9a4f332a747216fb41eff90f.jpg,orig,,3
1991989f-1bf5-4e50-89bb-7301b220ac01_mp4-0054_jpg.rf.8de5d90a9a4f332a747216fb41eff90f_aug1.jpg,aug1,hflip;affine;gamma=1.21;clahe,3
1991989f-1bf5-4e50-89bb-7301b220ac01_mp4-0054_jpg.rf.8de5d90a9a4f332a747216fb41eff90f_aug2.jpg,aug2,hflip;hsv,3
1991989f-1bf5-4e50-89bb-7301b220ac01_mp4-0054_jpg.rf.8de5d90a9a4f332a747216fb41eff90f_aug3.jpg,aug3,dark,3
1991989f-1bf5-4e50-89bb-7301b220ac01_mp4-0056_jpg.rf.92ce524d08466150ed65529ff6689ce1.jpg,orig,,4
1991989f-1bf5-4e50-89bb-7301b220ac01_mp4-0056_jpg.rf.92ce524d08466150ed65529ff6689ce1_aug1.jpg,aug1,hflip;gamma=0.89,4
1991989f-1bf5-4e50-89bb-7301b220ac01_mp4-0056_jpg.rf.92ce524d08466150ed65529ff6689ce1_aug2.jpg,aug2,affine;hsv;clahe;blur=0.12,3
1991989f-1bf5-4e50-89bb-7301b220ac01_mp4-0056_jpg.rf.92ce524d08466150ed65529ff6689ce1_aug3.jpg,aug3,dark,4
1991989f-1bf5-4e50-89bb-7301b220ac01_mp4-0057_jpg.rf.3446a8e9e0c97d35562e3cf55239003e.jpg,orig,,5
1991989f-1bf5-4e50-89bb-7301b220ac01_mp4-0057_jpg.rf.3446a8e9e0c97d35562e3cf55239003e_aug1.jpg,aug1,hflip,5
1991989f-1bf5-4e50-89bb-7301b220ac01_mp4-0057_jpg.rf.3446a8e9e0c97d35562e3cf55239003e_aug2.jpg,aug2,gamma=1.13,5
1991989f-1bf5-4e50-89bb-7301b220ac01_mp4-0057_jpg.rf.3446a8e9e0c97d35562e3cf55239003e_aug3.jpg,aug3,dark;rain,5
1991989f-1bf5-4e50-89bb-7301b220ac01_mp4-0058_jpg.rf.dfc4f996a3927a5b4e75d763696254ee.jpg,orig,,4
1991989f-1bf5-4e50-89bb-7301b220ac01_mp4-0058_jpg.rf.dfc4f996a3927a5b4e75d763696254ee_aug1.jpg,aug1,hflip;hsv;gamma=1.23;clahe;blur=0.16,4
1991989f-1bf5-4e50-89bb-7301b220ac01_mp4-0058_jpg.rf.dfc4f996a3927a5b4e75d763696254ee_aug2.jpg,aug2,affine,4
1991989f-1bf5-4e50-89bb-7301b220ac01_mp4-0058_jpg.rf.dfc4f996a3927a5b4e75d763696254ee_aug3.jpg,aug3,dark;rain,4
1991989f-1bf5-4e50-89bb-7301b220ac01_mp4-0059_jpg.rf.ea6ba40e5409b1acf5dabec1aa15a509.jpg,orig,,3
1991989f-1bf5-4e50-89bb-7301b220ac01_mp4-0059_jpg.rf.ea6ba40e5409b1acf5dabec1aa15a509_aug1.jpg,aug1,hflip;affine,3
1991989f-1bf5-4e50-89bb-7301b220ac01_mp4-0059_jpg.rf.ea6ba40e5409b1acf5dabec1aa15a509_aug2.jpg,aug2,hflip;hsv;gamma=1.12,3
1991989f-1bf5-4e50-89bb-7301b220ac01_mp4-0059_jpg.rf.ea6ba40e5409b1acf5dabec1aa15a509_aug3.jpg,aug3,rain,3
1991989f-1bf5-4e50-89bb-7301b220ac01_mp4-0060_jpg.rf.6926eaf14201ada0346fb6fbeb5feaeb.jpg,orig,,2
1991989f-1bf5-4e50-89bb-7301b220ac01_mp4-0060_jpg.rf.6926eaf14201ada0346fb6fbeb5feaeb_aug1.jpg,aug1,hflip;affine,1
1991989f-1bf5-4e50-89bb-7301b220ac01_mp4-0060_jpg.rf.6926eaf14201ada0346fb6fbeb5feaeb_aug2.jpg,aug2,hflip;affine;hsv;gamma=1.08;blur=0.35,2
1991989f-1bf5-4e50-89bb-7301b220ac01_mp4-0060_jpg.rf.6926eaf14201ada0346fb6fbeb5feaeb_aug3.jpg,aug3,rain,2
1991989f-1bf5-4e50-89bb-7301b220ac01_mp4-0062_jpg.rf.70770885a045cd7eba5a6d46c8bde944.jpg,orig,,2
1991989f-1bf5-4e50-89bb-7301b220ac01_mp4-0062_jpg.rf.70770885a045cd7eba5a6d46c8bde944_aug1.jpg,aug1,affine,2
1991989f-1bf5-4e50-89bb-7301b220ac01_mp4-0062_jpg.rf.70770885a045cd7eba5a6d46c8bde944_aug2.jpg,aug2,hsv;clahe,2
1991989f-1bf5-4e50-89bb-7301b220ac01_mp4-0062_jpg.rf.70770885a045cd7eba5a6d46c8bde944_aug3.jpg,aug3,dark;rain,2
1991989f-1bf5-4e50-89bb-7301b220ac01_mp4-0063_jpg.rf.8198504d7a93ad91edd75318f35e05b0.jpg,orig,,5
1991989f-1bf5-4e50-89bb-7301b220ac01_mp4-0063_jpg.rf.8198504d7a93ad91edd75318f35e05b0_aug1.jpg,aug1,affine;gamma=0.99,5
1991989f-1bf5-4e50-89bb-7301b220ac01_mp4-0063_jpg.rf.8198504d7a93ad91edd75318f35e05b0_aug2.jpg,aug2,hflip;gamma=0.83,5
1991989f-1bf5-4e50-89bb-7301b220ac01_mp4-0063_jpg.rf.8198504d7a93ad91edd75318f35e05b0_aug3.jpg,aug3,dark;rain,5
1991989f-1bf5-4e50-89bb-7301b220ac01_mp4-0064_jpg.rf.39bb82e648c61047ec856ec8ed86a034.jpg,orig,,3
1991989f-1bf5-4e50-89bb-7301b220ac01_mp4-0064_jpg.rf.39bb82e648c61047ec856ec8ed86a034_aug1.jpg,aug1,hflip;hsv;blur=1.02,3
1991989f-1bf5-4e50-89bb-7301b220ac01_mp4-0064_jpg.rf.39bb82e648c61047ec856ec8ed86a034_aug2.jpg,aug2,hflip;affine;hsv;clahe,3
1991989f-1bf5-4e50-89bb-7301b220ac01_mp4-0064_jpg.rf.39bb82e648c61047ec856ec8ed86a034_aug3.jpg,aug3,dark,3
2be0c9f6-caf7-4f26-9b59-b1299865a721_mp4-0000_jpg.rf.9b485b811ccf258cb48b6c004fcd1d45.jpg,orig,,5
2be0c9f6-caf7-4f26-9b59-b1299865a721_mp4-0000_jpg.rf.9b485b811ccf258cb48b6c004fcd1d45_aug1.jpg,aug1,gamma=1.14,5
2be0c9f6-caf7-4f26-9b59-b1299865a721_mp4-0000_jpg.rf.9b485b811ccf258cb48b6c004fcd1d45_aug2.jpg,aug2,affine;hsv;gamma=0.84;blur=0.84,5
2be0c9f6-caf7-4f26-9b59-b1299865a721_mp4-0000_jpg.rf.9b485b811ccf258cb48b6c004fcd1d45_aug3.jpg,aug3,rain,5
2be0c9f6-caf7-4f26-9b59-b1299865a721_mp4-0001_jpg.rf.3ed8a7f1802b523ec0331173e713a9a4.jpg,orig,,6
2be0c9f6-caf7-4f26-9b59-b1299865a721_mp4-0001_jpg.rf.3ed8a7f1802b523ec0331173e713a9a4_aug1.jpg,aug1,hflip;hsv;clahe,6
2be0c9f6-caf7-4f26-9b59-b1299865a721_mp4-0001_jpg.rf.3ed8a7f1802b523ec0331173e713a9a4_aug2.jpg,aug2,hflip;hsv;gamma=1.22,6
2be0c9f6-caf7-4f26-9b59-b1299865a721_mp4-0001_jpg.rf.3ed8a7f1802b523ec0331173e713a9a4_aug3.jpg,aug3,dark,6
2be0c9f6-caf7-4f26-9b59-b1299865a721_mp4-0001_jpg.rf.43b844b10ac57a1a1ec7eb87821eb352.jpg,orig,,6
2be0c9f6-caf7-4f26-9b59-b1299865a721_mp4-0001_jpg.rf.43b844b10ac57a1a1ec7eb87821eb352_aug1.jpg,aug1,hflip,6
2be0c9f6-caf7-4f26-9b59-b1299865a721_mp4-0001_jpg.rf.43b844b10ac57a1a1ec7eb87821eb352_aug2.jpg,aug2,hflip;affine;hsv;gamma=1.20,5
2be0c9f6-caf7-4f26-9b59-b1299865a721_mp4-0001_jpg.rf.43b844b10ac57a1a1ec7eb87821eb352_aug3.jpg,aug3,rain,6
2be0c9f6-caf7-4f26-9b59-b1299865a721_mp4-0002_jpg.rf.4dfea425940bb2bde8d93defc59899de.jpg,orig,,4
2be0c9f6-caf7-4f26-9b59-b1299865a721_mp4-0002_jpg.rf.4dfea425940bb2bde8d93defc59899de_aug1.jpg,aug1,none,4
2be0c9f6-caf7-4f26-9b59-b1299865a721_mp4-0002_jpg.rf.4dfea425940bb2bde8d93defc59899de_aug2.jpg,aug2,affine,4
2be0c9f6-caf7-4f26-9b59-b1299865a721_mp4-0002_jpg.rf.4dfea425940bb2bde8d93defc59899de_aug3.jpg,aug3,rain,4
2be0c9f6-caf7-4f26-9b59-b1299865a721_mp4-0002_jpg.rf.98821ac14bb080a4620ac8dd3a65ea95.jpg,orig,,7
2be0c9f6-caf7-4f26-9b59-b1299865a721_mp4-0002_jpg.rf.98821ac14bb080a4620ac8dd3a65ea95_aug1.jpg,aug1,hflip;affine;hsv;gamma=0.96,7
2be0c9f6-caf7-4f26-9b59-b1299865a721_mp4-0002_jpg.rf.98821ac14bb080a4620ac8dd3a65ea95_aug2.jpg,aug2,hflip;affine,7
2be0c9f6-caf7-4f26-9b59-b1299865a721_mp4-0002_jpg.rf.98821ac14bb080a4620ac8dd3a65ea95_aug3.jpg,aug3,rain,7
2be0c9f6-caf7-4f26-9b59-b1299865a721_mp4-0003_jpg.rf.54b78678f35daa53a2b1eda1a459276f.jpg,orig,,8
2be0c9f6-caf7-4f26-9b59-b1299865a721_mp4-0003_jpg.rf.54b78678f35daa53a2b1eda1a459276f_aug1.jpg,aug1,hflip;affine;gamma=1.14;clahe;blur=1.13,8
2be0c9f6-caf7-4f26-9b59-b1299865a721_mp4-0003_jpg.rf.54b78678f35daa53a2b1eda1a459276f_aug2.jpg,aug2,affine;blur=0.93,7
2be0c9f6-caf7-4f26-9b59-b1299865a721_mp4-0003_jpg.rf.54b78678f35daa53a2b1eda1a459276f_aug3.jpg,aug3,dark,8
2be0c9f6-caf7-4f26-9b59-b1299865a721_mp4-0003_jpg.rf.aa7f99d843383387a0ffbd24f5d9550b.jpg,orig,,6
2be0c9f6-caf7-4f26-9b59-b1299865a721_mp4-0003_jpg.rf.aa7f99d843383387a0ffbd24f5d9550b_aug1.jpg,aug1,affine;gamma=1.21;blur=0.95,6
2be0c9f6-caf7-4f26-9b59-b1299865a721_mp4-0003_jpg.rf.aa7f99d843383387a0ffbd24f5d9550b_aug2.jpg,aug2,hflip;affine;hsv;gamma=1.03,5
2be0c9f6-caf7-4f26-9b59-b1299865a721_mp4-0003_jpg.rf.aa7f99d843383387a0ffbd24f5d9550b_aug3.jpg,aug3,dark,6
2be0c9f6-caf7-4f26-9b59-b1299865a721_mp4-0004_jpg.rf.1d2c1945f06dc4da62d79c19a01523fe.jpg,orig,,6
2be0c9f6-caf7-4f26-9b59-b1299865a721_mp4-0004_jpg.rf.1d2c1945f06dc4da62d79c19a01523fe_aug1.jpg,aug1,hsv;blur=0.80,6
2be0c9f6-caf7-4f26-9b59-b1299865a721_mp4-0004_jpg.rf.1d2c1945f06dc4da62d79c19a01523fe_aug2.jpg,aug2,hflip;affine;hsv,5
2be0c9f6-caf7-4f26-9b59-b1299865a721_mp4-0004_jpg.rf.1d2c1945f06dc4da62d79c19a01523fe_aug3.jpg,aug3,dark;rain,6
2be0c9f6-caf7-4f26-9b59-b1299865a721_mp4-0004_jpg.rf.f33d09518e3422efe196aa2431867acc.jpg,orig,,5
2be0c9f6-caf7-4f26-9b59-b1299865a721_mp4-0004_jpg.rf.f33d09518e3422efe196aa2431867acc_aug1.jpg,aug1,hflip;clahe,5
2be0c9f6-caf7-4f26-9b59-b1299865a721_mp4-0004_jpg.rf.f33d09518e3422efe196aa2431867acc_aug2.jpg,aug2,hflip;affine;hsv;gamma=0.98;clahe,5
2be0c9f6-caf7-4f26-9b59-b1299865a721_mp4-0004_jpg.rf.f33d09518e3422efe196aa2431867acc_aug3.jpg,aug3,dark,5
2be0c9f6-caf7-4f26-9b59-b1299865a721_mp4-0005_jpg.rf.223a58adafabd4965514783a97f5910b.jpg,orig,,7
2be0c9f6-caf7-4f26-9b59-b1299865a721_mp4-0005_jpg.rf.223a58adafabd4965514783a97f5910b_aug1.jpg,aug1,hflip;hsv,7
2be0c9f6-caf7-4f26-9b59-b1299865a721_mp4-0005_jpg.rf.223a58adafabd4965514783a97f5910b_aug2.jpg,aug2,hflip;affine;hsv,6
2be0c9f6-caf7-4f26-9b59-b1299865a721_mp4-0005_jpg.rf.223a58adafabd4965514783a97f5910b_aug3.jpg,aug3,dark;rain,7
2be0c9f6-caf7-4f26-9b59-b1299865a721_mp4-0005_jpg.rf.92f5d5204e03ed6d7586cc78fa302b05.jpg,orig,,6
2be0c9f6-caf7-4f26-9b59-b1299865a721_mp4-0005_jpg.rf.92f5d5204e03ed6d7586cc78fa302b05_aug1.jpg,aug1,affine;hsv;clahe,6
2be0c9f6-caf7-4f26-9b59-b1299865a721_mp4-0005_jpg.rf.92f5d5204e03ed6d7586cc78fa302b05_aug2.jpg,aug2,affine;gamma=1.06,6
2be0c9f6-caf7-4f26-9b59-b1299865a721_mp4-0005_jpg.rf.92f5d5204e03ed6d7586cc78fa302b05_aug3.jpg,aug3,dark,6
2be0c9f6-caf7-4f26-9b59-b1299865a721_mp4-0007_jpg.rf.5c1fd70ea6bd65a01c69964bb20daf93.jpg,orig,,6
2be0c9f6-caf7-4f26-9b59-b1299865a721_mp4-0007_jpg.rf.5c1fd70ea6bd65a01c69964bb20daf93_aug1.jpg,aug1,hflip;hsv,6
2be0c9f6-caf7-4f26-9b59-b1299865a721_mp4-0007_jpg.rf.5c1fd70ea6bd65a01c69964bb20daf93_aug2.jpg,aug2,hflip;hsv;gamma=0.84,6
2be0c9f6-caf7-4f26-9b59-b1299865a721_mp4-0007_jpg.rf.5c1fd70ea6bd65a01c69964bb20daf93_aug3.jpg,aug3,dark;rain,6
2be0c9f6-caf7-4f26-9b59-b1299865a721_mp4-0007_jpg.rf.60fe8d8acf8c9f972d7f6c1dd6685d36.jpg,orig,,5
2be0c9f6-caf7-4f26-9b59-b1299865a721_mp4-0007_jpg.rf.60fe8d8acf8c9f972d7f6c1dd6685d36_aug1.jpg,aug1,hflip;affine;hsv,5
2be0c9f6-caf7-4f26-9b59-b1299865a721_mp4-0007_jpg.rf.60fe8d8acf8c9f972d7f6c1dd6685d36_aug2.jpg,aug2,hsv;gamma=0.81,5
2be0c9f6-caf7-4f26-9b59-b1299865a721_mp4-0007_jpg.rf.60fe8d8acf8c9f972d7f6c1dd6685d36_aug3.jpg,aug3,dark;rain,5
2be0c9f6-caf7-4f26-9b59-b1299865a721_mp4-0008_jpg.rf.16c7b3f12069753da2e126092e38518d.jpg,orig,,6
2be0c9f6-caf7-4f26-9b59-b1299865a721_mp4-0008_jpg.rf.16c7b3f12069753da2e126092e38518d_aug1.jpg,aug1,affine,6
2be0c9f6-caf7-4f26-9b59-b1299865a721_mp4-0008_jpg.rf.16c7b3f12069753da2e126092e38518d_aug2.jpg,aug2,hflip;affine;hsv;gamma=1.11;blur=0.78,6
2be0c9f6-caf7-4f26-9b59-b1299865a721_mp4-0008_jpg.rf.16c7b3f12069753da2e126092e38518d_aug3.jpg,aug3,dark,6
2be0c9f6-caf7-4f26-9b59-b1299865a721_mp4-0010_jpg.rf.650f61a40c4bcf230b7cd2e10ca2a883.jpg,orig,,5
2be0c9f6-caf7-4f26-9b59-b1299865a721_mp4-0010_jpg.rf.650f61a40c4bcf230b7cd2e10ca2a883_aug1.jpg,aug1,hflip;hsv;clahe,5
2be0c9f6-caf7-4f26-9b59-b1299865a721_mp4-0010_jpg.rf.650f61a40c4bcf230b7cd2e10ca2a883_aug2.jpg,aug2,hsv;gamma=1.13,5
2be0c9f6-caf7-4f26-9b59-b1299865a721_mp4-0010_jpg.rf.650f61a40c4bcf230b7cd2e10ca2a883_aug3.jpg,aug3,dark;rain,5
2be0c9f6-caf7-4f26-9b59-b1299865a721_mp4-0010_jpg.rf.6cbf10a43d8971007292b71e787b711f.jpg,orig,,5
2be0c9f6-caf7-4f26-9b59-b1299865a721_mp4-0010_jpg.rf.6cbf10a43d8971007292b71e787b711f_aug1.jpg,aug1,hflip;affine;clahe,4
2be0c9f6-caf7-4f26-9b59-b1299865a721_mp4-0010_jpg.rf.6cbf10a43d8971007292b71e787b711f_aug2.jpg,aug2,hsv;gamma=1.22,5
2be0c9f6-caf7-4f26-9b59-b1299865a721_mp4-0010_jpg.rf.6cbf10a43d8971007292b71e787b711f_aug3.jpg,aug3,dark,5
2be0c9f6-caf7-4f26-9b59-b1299865a721_mp4-0011_jpg.rf.5e0703fe76834b3f8c833e4ce503e064.jpg,orig,,5
2be0c9f6-caf7-4f26-9b59-b1299865a721_mp4-0011_jpg.rf.5e0703fe76834b3f8c833e4ce503e064_aug1.jpg,aug1,gamma=1.04;clahe;blur=1.14,5
2be0c9f6-caf7-4f26-9b59-b1299865a721_mp4-0011_jpg.rf.5e0703fe76834b3f8c833e4ce503e064_aug2.jpg,aug2,affine;hsv;gamma=0.94,5
2be0c9f6-caf7-4f26-9b59-b1299865a721_mp4-0011_jpg.rf.5e0703fe76834b3f8c833e4ce503e064_aug3.jpg,aug3,dark,5
2be0c9f6-caf7-4f26-9b59-b1299865a721_mp4-0011_jpg.rf.d1226802177262648ffdd2b9df4011d4.jpg,orig,,4
2be0c9f6-caf7-4f26-9b59-b1299865a721_mp4-0011_jpg.rf.d1226802177262648ffdd2b9df4011d4_aug1.jpg,aug1,hflip;affine;hsv,4
2be0c9f6-caf7-4f26-9b59-b1299865a721_mp4-0011_jpg.rf.d1226802177262648ffdd2b9df4011d4_aug2.jpg,aug2,hflip;affine;gamma=0.96,4
2be0c9f6-caf7-4f26-9b59-b1299865a721_mp4-0011_jpg.rf.d1226802177262648ffdd2b9df4011d4_aug3.jpg,aug3,rain,4
2be0c9f6-caf7-4f26-9b59-b1299865a721_mp4-0012_jpg.rf.bcd7a30e9e3d7998c5dcca4d1ad6f27f.jpg,orig,,6
2be0c9f6-caf7-4f26-9b59-b1299865a721_mp4-0012_jpg.rf.bcd7a30e9e3d7998c5dcca4d1ad6f27f_aug1.jpg,aug1,hflip;affine;hsv;gamma=1.13;clahe;blur=0.80,6
2be0c9f6-caf7-4f26-9b59-b1299865a721_mp4-0012_jpg.rf.bcd7a30e9e3d7998c5dcca4d1ad6f27f_aug2.jpg,aug2,hflip;affine;hsv;clahe,6
2be0c9f6-caf7-4f26-9b59-b1299865a721_mp4-0012_jpg.rf.bcd7a30e9e3d7998c5dcca4d1ad6f27f_aug3.jpg,aug3,dark,6
2be0c9f6-caf7-4f26-9b59-b1299865a721_mp4-0012_jpg.rf.e2633c56cd25eab325b13e3cf0285304.jpg,orig,,4
2be0c9f6-caf7-4f26-9b59-b1299865a721_mp4-0012_jpg.rf.e2633c56cd25eab325b13e3cf0285304_aug1.jpg,aug1,affine;hsv;gamma=0.87,4
2be0c9f6-caf7-4f26-9b59-b1299865a721_mp4-0012_jpg.rf.e2633c56cd25eab325b13e3cf0285304_aug2.jpg,aug2,affine;hsv;clahe,4
2be0c9f6-caf7-4f26-9b59-b1299865a721_mp4-0012_jpg.rf.e2633c56cd25eab325b13e3cf0285304_aug3.jpg,aug3,dark;rain,4
2be0c9f6-caf7-4f26-9b59-b1299865a721_mp4-0013_jpg.rf.c29ea91432240aa33d22b27bf184d35c.jpg,orig,,5
2be0c9f6-caf7-4f26-9b59-b1299865a721_mp4-0013_jpg.rf.c29ea91432240aa33d22b27bf184d35c_aug1.jpg,aug1,affine;hsv;gamma=0.83;clahe,5
2be0c9f6-caf7-4f26-9b59-b1299865a721_mp4-0013_jpg.rf.c29ea91432240aa33d22b27bf184d35c_aug2.jpg,aug2,none,5
2be0c9f6-caf7-4f26-9b59-b1299865a721_mp4-0013_jpg.rf.c29ea91432240aa33d22b27bf184d35c_aug3.jpg,aug3,rain,5
2be0c9f6-caf7-4f26-9b59-b1299865a721_mp4-0013_jpg.rf.cf2b28651c7c46c0213f2bce2839fe93.jpg,orig,,6
2be0c9f6-caf7-4f26-9b59-b1299865a721_mp4-0013_jpg.rf.cf2b28651c7c46c0213f2bce2839fe93_aug1.jpg,aug1,hflip;hsv,6
2be0c9f6-caf7-4f26-9b59-b1299865a721_mp4-0013_jpg.rf.cf2b28651c7c46c0213f2bce2839fe93_aug2.jpg,aug2,hflip;hsv,6
2be0c9f6-caf7-4f26-9b59-b1299865a721_mp4-0013_jpg.rf.cf2b28651c7c46c0213f2bce2839fe93_aug3.jpg,aug3,dark,6
2be0c9f6-caf7-4f26-9b59-b1299865a721_mp4-0014_jpg.rf.08b28d7d4a67e70b105af9bbc79155e5.jpg,orig,,4
2be0c9f6-caf7-4f26-9b59-b1299865a721_mp4-0014_jpg.rf.08b28d7d4a67e70b105af9bbc79155e5_aug1.jpg,aug1,hflip;hsv;gamma=0.81,4
2be0c9f6-caf7-4f26-9b59-b1299865a721_mp4-0014_jpg.rf.08b28d7d4a67e70b105af9bbc79155e5_aug2.jpg,aug2,affine;hsv;gamma=0.94,4
2be0c9f6-caf7-4f26-9b59-b1299865a721_mp4-0014_jpg.rf.08b28d7d4a67e70b105af9bbc79155e5_aug3.jpg,aug3,dark,4
2be0c9f6-caf7-4f26-9b59-b1299865a721_mp4-0014_jpg.rf.f7126bd97ee380c04646c06d370dd368.jpg,orig,,6
2be0c9f6-caf7-4f26-9b59-b1299865a721_mp4-0014_jpg.rf.f7126bd97ee380c04646c06d370dd368_aug1.jpg,aug1,hsv;gamma=1.22;blur=1.16,6
2be0c9f6-caf7-4f26-9b59-b1299865a721_mp4-0014_jpg.rf.f7126bd97ee380c04646c06d370dd368_aug2.jpg,aug2,hsv;gamma=0.87,6
2be0c9f6-caf7-4f26-9b59-b1299865a721_mp4-0014_jpg.rf.f7126bd97ee380c04646c06d370dd368_aug3.jpg,aug3,dark,6
2be0c9f6-caf7-4f26-9b59-b1299865a721_mp4-0015_jpg.rf.ef4e73451546b86ed0aa89648b28ccce.jpg,orig,,5
2be0c9f6-caf7-4f26-9b59-b1299865a721_mp4-0015_jpg.rf.ef4e73451546b86ed0aa89648b28ccce_aug1.jpg,aug1,hflip;gamma=0.95,5
2be0c9f6-caf7-4f26-9b59-b1299865a721_mp4-0015_jpg.rf.ef4e73451546b86ed0aa89648b28ccce_aug2.jpg,aug2,hflip;affine;hsv,5
2be0c9f6-caf7-4f26-9b59-b1299865a721_mp4-0015_jpg.rf.ef4e73451546b86ed0aa89648b28ccce_aug3.jpg,aug3,dark;rain,5
2be0c9f6-caf7-4f26-9b59-b1299865a721_mp4-0016_jpg.rf.a7b15dbcf11ddff8f14b21d1e0c41bed.jpg,orig,,6
2be0c9f6-caf7-4f26-9b59-b1299865a721_mp4-0016_jpg.rf.a7b15dbcf11ddff8f14b21d1e0c41bed_aug1.jpg,aug1,affine;hsv;gamma=1.03;blur=0.18,6
2be0c9f6-caf7-4f26-9b59-b1299865a721_mp4-0016_jpg.rf.a7b15dbcf11ddff8f14b21d1e0c41bed_aug2.jpg,aug2,hflip;affine;gamma=1.14,6
2be0c9f6-caf7-4f26-9b59-b1299865a721_mp4-0016_jpg.rf.a7b15dbcf11ddff8f14b21d1e0c41bed_aug3.jpg,aug3,dark,6
2be0c9f6-caf7-4f26-9b59-b1299865a721_mp4-0017_jpg.rf.7b3b13f046ebc06788667b3bcf6a834c.jpg,orig,,4
2be0c9f6-caf7-4f26-9b59-b1299865a721_mp4-0017_jpg.rf.7b3b13f046ebc06788667b3bcf6a834c_aug1.jpg,aug1,hflip;affine;hsv;clahe,4
2be0c9f6-caf7-4f26-9b59-b1299865a721_mp4-0017_jpg.rf.7b3b13f046ebc06788667b3bcf6a834c_aug2.jpg,aug2,hflip;affine;hsv,4
2be0c9f6-caf7-4f26-9b59-b1299865a721_mp4-0017_jpg.rf.7b3b13f046ebc06788667b3bcf6a834c_aug3.jpg,aug3,dark,4
2be0c9f6-caf7-4f26-9b59-b1299865a721_mp4-0018_jpg.rf.5ce3c2c0e8d62ea998012a467a87cdb9.jpg,orig,,6
2be0c9f6-caf7-4f26-9b59-b1299865a721_mp4-0018_jpg.rf.5ce3c2c0e8d62ea998012a467a87cdb9_aug1.jpg,aug1,hflip;affine,6
2be0c9f6-caf7-4f26-9b59-b1299865a721_mp4-0018_jpg.rf.5ce3c2c0e8d62ea998012a467a87cdb9_aug2.jpg,aug2,hflip;blur=0.21,6
2be0c9f6-caf7-4f26-9b59-b1299865a721_mp4-0018_jpg.rf.5ce3c2c0e8d62ea998012a467a87cdb9_aug3.jpg,aug3,dark,6
2be0c9f6-caf7-4f26-9b59-b1299865a721_mp4-0018_jpg.rf.ed8f520e9e3790d0167c608a94387a87.jpg,orig,,4
2be0c9f6-caf7-4f26-9b59-b1299865a721_mp4-0018_jpg.rf.ed8f520e9e3790d0167c608a94387a87_aug1.jpg,aug1,hflip;affine;hsv;gamma=0.95,4
2be0c9f6-caf7-4f26-9b59-b1299865a721_mp4-0018_jpg.rf.ed8f520e9e3790d0167c608a94387a87_aug2.jpg,aug2,hflip;affine;hsv;clahe,4
2be0c9f6-caf7-4f26-9b59-b1299865a721_mp4-0018_jpg.rf.ed8f520e9e3790d0167c608a94387a87_aug3.jpg,aug3,dark;rain,4
2be0c9f6-caf7-4f26-9b59-b1299865a721_mp4-0019_jpg.rf.2de861b68677783a33783a9e10fb8912.jpg,orig,,6
2be0c9f6-caf7-4f26-9b59-b1299865a721_mp4-0019_jpg.rf.2de861b68677783a33783a9e10fb8912_aug1.jpg,aug1,hflip;affine;gamma=0.97;blur=0.98,6
2be0c9f6-caf7-4f26-9b59-b1299865a721_mp4-0019_jpg.rf.2de861b68677783a33783a9e10fb8912_aug2.jpg,aug2,affine,6
2be0c9f6-caf7-4f26-9b59-b1299865a721_mp4-0019_jpg.rf.2de861b68677783a33783a9e10fb8912_aug3.jpg,aug3,dark;rain,6
2be0c9f6-caf7-4f26-9b59-b1299865a721_mp4-0019_jpg.rf.9a0996dca0ec7f7d2e47745006ca3268.jpg,orig,,4
2be0c9f6-caf7-4f26-9b59-b1299865a721_mp4-0019_jpg.rf.9a0996dca0ec7f7d2e47745006ca3268_aug1.jpg,aug1,hsv;clahe;blur=0.63,4
2be0c9f6-caf7-4f26-9b59-b1299865a721_mp4-0019_jpg.rf.9a0996dca0ec7f7d2e47745006ca3268_aug2.jpg,aug2,hsv;gamma=0.91;blur=1.07,4
2be0c9f6-caf7-4f26-9b59-b1299865a721_mp4-0019_jpg.rf.9a0996dca0ec7f7d2e47745006ca3268_aug3.jpg,aug3,dark,4
2be0c9f6-caf7-4f26-9b59-b1299865a721_mp4-0020_jpg.rf.6f683db5c2070f25b3299451334774ac.jpg,orig,,4
2be0c9f6-caf7-4f26-9b59-b1299865a721_mp4-0020_jpg.rf.6f683db5c2070f25b3299451334774ac_aug1.jpg,aug1,affine;hsv;gamma=1.01,4
2be0c9f6-caf7-4f26-9b59-b1299865a721_mp4-0020_jpg.rf.6f683db5c2070f25b3299451334774ac_aug2.jpg,aug2,hflip;affine,4
2be0c9f6-caf7-4f26-9b59-b1299865a721_mp4-0020_jpg.rf.6f683db5c2070f25b3299451334774ac_aug3.jpg,aug3,dark;rain,4
2be0c9f6-caf7-4f26-9b59-b1299865a721_mp4-0020_jpg.rf.7fc42a91611f8a9e1c7f9abba1d4d383.jpg,orig,,6
2be0c9f6-caf7-4f26-9b59-b1299865a721_mp4-0020_jpg.rf.7fc42a91611f8a9e1c7f9abba1d4d383_aug1.jpg,aug1,affine;hsv,6
2be0c9f6-caf7-4f26-9b59-b1299865a721_mp4-0020_jpg.rf.7fc42a91611f8a9e1c7f9abba1d4d383_aug2.jpg,aug2,affine;hsv;gamma=1.11,6
2be0c9f6-caf7-4f26-9b59-b1299865a721_mp4-0020_jpg.rf.7fc42a91611f8a9e1c7f9abba1d4d383_aug3.jpg,aug3,dark,6
2be0c9f6-caf7-4f26-9b59-b1299865a721_mp4-0021_jpg.rf.38e378a0d9cf0719bbd11bb6f34840ec.jpg,orig,,6
2be0c9f6-caf7-4f26-9b59-b1299865a721_mp4-0021_jpg.rf.38e378a0d9cf0719bbd11bb6f34840ec_aug1.jpg,aug1,hsv;gamma=1.11;clahe;blur=0.88,6
2be0c9f6-caf7-4f26-9b59-b1299865a721_mp4-0021_jpg.rf.38e378a0d9cf0719bbd11bb6f34840ec_aug2.jpg,aug2,hflip;affine;hsv,6
2be0c9f6-caf7-4f26-9b59-b1299865a721_mp4-0021_jpg.rf.38e378a0d9cf0719bbd11bb6f34840ec_aug3.jpg,aug3,dark;rain,6
2be0c9f6-caf7-4f26-9b59-b1299865a721_mp4-0022_jpg.rf.45f8011731e75302e57b018789d38f15.jpg,orig,,5
2be0c9f6-caf7-4f26-9b59-b1299865a721_mp4-0022_jpg.rf.45f8011731e75302e57b018789d38f15_aug1.jpg,aug1,affine;hsv,4
2be0c9f6-caf7-4f26-9b59-b1299865a721_mp4-0022_jpg.rf.45f8011731e75302e57b018789d38f15_aug2.jpg,aug2,affine;hsv,5
2be0c9f6-caf7-4f26-9b59-b1299865a721_mp4-0022_jpg.rf.45f8011731e75302e57b018789d38f15_aug3.jpg,aug3,rain,5
2be0c9f6-caf7-4f26-9b59-b1299865a721_mp4-0024_jpg.rf.b68469ed7dbc2761e9d97caa5e98626f.jpg,orig,,4
2be0c9f6-caf7-4f26-9b59-b1299865a721_mp4-0024_jpg.rf.b68469ed7dbc2761e9d97caa5e98626f_aug1.jpg,aug1,affine;hsv;gamma=1.24,4
2be0c9f6-caf7-4f26-9b59-b1299865a721_mp4-0024_jpg.rf.b68469ed7dbc2761e9d97caa5e98626f_aug2.jpg,aug2,hflip;affine;hsv;gamma=0.97;clahe;blur=0.56,4
2be0c9f6-caf7-4f26-9b59-b1299865a721_mp4-0024_jpg.rf.b68469ed7dbc2761e9d97caa5e98626f_aug3.jpg,aug3,dark,4
2be0c9f6-caf7-4f26-9b59-b1299865a721_mp4-0024_jpg.rf.ee27d997b44c966cedd87cd9ff9aad79.jpg,orig,,4
2be0c9f6-caf7-4f26-9b59-b1299865a721_mp4-0024_jpg.rf.ee27d997b44c966cedd87cd9ff9aad79_aug1.jpg,aug1,affine;hsv,4
2be0c9f6-caf7-4f26-9b59-b1299865a721_mp4-0024_jpg.rf.ee27d997b44c966cedd87cd9ff9aad79_aug2.jpg,aug2,affine;hsv;clahe,4
2be0c9f6-caf7-4f26-9b59-b1299865a721_mp4-0024_jpg.rf.ee27d997b44c966cedd87cd9ff9aad79_aug3.jpg,aug3,rain,4
2be0c9f6-caf7-4f26-9b59-b1299865a721_mp4-0025_jpg.rf.98cc0a2c362f5bd72b5d42ee89284c0a.jpg,orig,,4
2be0c9f6-caf7-4f26-9b59-b1299865a721_mp4-0025_jpg.rf.98cc0a2c362f5bd72b5d42ee89284c0a_aug1.jpg,aug1,hflip;hsv,4
2be0c9f6-caf7-4f26-9b59-b1299865a721_mp4-0025_jpg.rf.98cc0a2c362f5bd72b5d42ee89284c0a_aug2.jpg,aug2,affine;hsv,4
2be0c9f6-caf7-4f26-9b59-b1299865a721_mp4-0025_jpg.rf.98cc0a2c362f5bd72b5d42ee89284c0a_aug3.jpg,aug3,dark,4
2be0c9f6-caf7-4f26-9b59-b1299865a721_mp4-0025_jpg.rf.e27a5ce69b6b94aeed1ee76ab4b607b9.jpg,orig,,5
2be0c9f6-caf7-4f26-9b59-b1299865a721_mp4-0025_jpg.rf.e27a5ce69b6b94aeed1ee76ab4b607b9_aug1.jpg,aug1,hsv;clahe,5
2be0c9f6-caf7-4f26-9b59-b1299865a721_mp4-0025_jpg.rf.e27a5ce69b6b94aeed1ee76ab4b607b9_aug2.jpg,aug2,gamma=1.22,5
2be0c9f6-caf7-4f26-9b59-b1299865a721_mp4-0025_jpg.rf.e27a5ce69b6b94aeed1ee76ab4b607b9_aug3.jpg,aug3,dark,5
2be0c9f6-caf7-4f26-9b59-b1299865a721_mp4-0026_jpg.rf.5d82fc79ff130640b52c973c36e2cf33.jpg,orig,,4
2be0c9f6-caf7-4f26-9b59-b1299865a721_mp4-0026_jpg.rf.5d82fc79ff130640b52c973c36e2cf33_aug1.jpg,aug1,hsv;gamma=1.08,4
2be0c9f6-caf7-4f26-9b59-b1299865a721_mp4-0026_jpg.rf.5d82fc79ff130640b52c973c36e2cf33_aug2.jpg,aug2,hflip;affine;hsv,4
2be0c9f6-caf7-4f26-9b59-b1299865a721_mp4-0026_jpg.rf.5d82fc79ff130640b52c973c36e2cf33_aug3.jpg,aug3,rain,4
2be0c9f6-caf7-4f26-9b59-b1299865a721_mp4-0027_jpg.rf.63b4a21409bb8e60a72dd97f4fc5b5c2.jpg,orig,,5
2be0c9f6-caf7-4f26-9b59-b1299865a721_mp4-0027_jpg.rf.63b4a21409bb8e60a72dd97f4fc5b5c2_aug1.jpg,aug1,hsv;gamma=1.19;clahe,5
2be0c9f6-caf7-4f26-9b59-b1299865a721_mp4-0027_jpg.rf.63b4a21409bb8e60a72dd97f4fc5b5c2_aug2.jpg,aug2,hflip;affine;hsv,5
2be0c9f6-caf7-4f26-9b59-b1299865a721_mp4-0027_jpg.rf.63b4a21409bb8e60a72dd97f4fc5b5c2_aug3.jpg,aug3,dark,5
2be0c9f6-caf7-4f26-9b59-b1299865a721_mp4-0027_jpg.rf.b68eb4c264609fb7db889f82cfad18ed.jpg,orig,,4
2be0c9f6-caf7-4f26-9b59-b1299865a721_mp4-0027_jpg.rf.b68eb4c264609fb7db889f82cfad18ed_aug1.jpg,aug1,hflip;affine;clahe,4
2be0c9f6-caf7-4f26-9b59-b1299865a721_mp4-0027_jpg.rf.b68eb4c264609fb7db889f82cfad18ed_aug2.jpg,aug2,affine;clahe,4
2be0c9f6-caf7-4f26-9b59-b1299865a721_mp4-0027_jpg.rf.b68eb4c264609fb7db889f82cfad18ed_aug3.jpg,aug3,rain,4
2be0c9f6-caf7-4f26-9b59-b1299865a721_mp4-0028_jpg.rf.9e235aea11a773451d49de11b913d31b.jpg,orig,,4
2be0c9f6-caf7-4f26-9b59-b1299865a721_mp4-0028_jpg.rf.9e235aea11a773451d49de11b913d31b_aug1.jpg,aug1,hflip;affine;hsv;clahe;blur=0.13,4
2be0c9f6-caf7-4f26-9b59-b1299865a721_mp4-0028_jpg.rf.9e235aea11a773451d49de11b913d31b_aug2.jpg,aug2,none,4
2be0c9f6-caf7-4f26-9b59-b1299865a721_mp4-0028_jpg.rf.9e235aea11a773451d49de11b913d31b_aug3.jpg,aug3,dark;rain,4
2be0c9f6-caf7-4f26-9b59-b1299865a721_mp4-0028_jpg.rf.eb994ffd337c7229787a3acd7086a842.jpg,orig,,5
2be0c9f6-caf7-4f26-9b59-b1299865a721_mp4-0028_jpg.rf.eb994ffd337c7229787a3acd7086a842_aug1.jpg,aug1,hflip;affine,5
2be0c9f6-caf7-4f26-9b59-b1299865a721_mp4-0028_jpg.rf.eb994ffd337c7229787a3acd7086a842_aug2.jpg,aug2,affine;hsv,4
2be0c9f6-caf7-4f26-9b59-b1299865a721_mp4-0028_jpg.rf.eb994ffd337c7229787a3acd7086a842_aug3.jpg,aug3,dark,5
2be0c9f6-caf7-4f26-9b59-b1299865a721_mp4-0029_jpg.rf.601774c9eb483e7a2b6d61f707965ccf.jpg,orig,,4
2be0c9f6-caf7-4f26-9b59-b1299865a721_mp4-0029_jpg.rf.601774c9eb483e7a2b6d61f707965ccf_aug1.jpg,aug1,affine;blur=0.33,4
2be0c9f6-caf7-4f26-9b59-b1299865a721_mp4-0029_jpg.rf.601774c9eb483e7a2b6d61f707965ccf_aug2.jpg,aug2,hflip;affine;gamma=0.90,4
2be0c9f6-caf7-4f26-9b59-b1299865a721_mp4-0029_jpg.rf.601774c9eb483e7a2b6d61f707965ccf_aug3.jpg,aug3,dark;rain,4
2be0c9f6-caf7-4f26-9b59-b1299865a721_mp4-0030_jpg.rf.f7f50ef34ed3071e5f35d4946ac44815.jpg,orig,,5
2be0c9f6-caf7-4f26-9b59-b1299865a721_mp4-0030_jpg.rf.f7f50ef34ed3071e5f35d4946ac44815_aug1.jpg,aug1,hflip;affine,5
2be0c9f6-caf7-4f26-9b59-b1299865a721_mp4-0030_jpg.rf.f7f50ef34ed3071e5f35d4946ac44815_aug2.jpg,aug2,gamma=1.01,5
2be0c9f6-caf7-4f26-9b59-b1299865a721_mp4-0030_jpg.rf.f7f50ef34ed3071e5f35d4946ac44815_aug3.jpg,aug3,dark,5
2be0c9f6-caf7-4f26-9b59-b1299865a721_mp4-0031_jpg.rf.b3400ccf1cff118eb5a017300e89dece.jpg,orig,,4
2be0c9f6-caf7-4f26-9b59-b1299865a721_mp4-0031_jpg.rf.b3400ccf1cff118eb5a017300e89dece_aug1.jpg,aug1,affine;hsv,4
2be0c9f6-caf7-4f26-9b59-b1299865a721_mp4-0031_jpg.rf.b3400ccf1cff118eb5a017300e89dece_aug2.jpg,aug2,affine;clahe;blur=0.28,4
2be0c9f6-caf7-4f26-9b59-b1299865a721_mp4-0031_jpg.rf.b3400ccf1cff118eb5a017300e89dece_aug3.jpg,aug3,dark,4
2be0c9f6-caf7-4f26-9b59-b1299865a721_mp4-0031_jpg.rf.ef4b7042af4ae1df14f77bf616fe9fe6.jpg,orig,,5
2be0c9f6-caf7-4f26-9b59-b1299865a721_mp4-0031_jpg.rf.ef4b7042af4ae1df14f77bf616fe9fe6_aug1.jpg,aug1,affine;hsv,5
2be0c9f6-caf7-4f26-9b59-b1299865a721_mp4-0031_jpg.rf.ef4b7042af4ae1df14f77bf616fe9fe6_aug2.jpg,aug2,affine,4
2be0c9f6-caf7-4f26-9b59-b1299865a721_mp4-0031_jpg.rf.ef4b7042af4ae1df14f77bf616fe9fe6_aug3.jpg,aug3,dark,5
2be0c9f6-caf7-4f26-9b59-b1299865a721_mp4-0032_jpg.rf.045add0ba34a509372bc04112901d968.jpg,orig,,5
2be0c9f6-caf7-4f26-9b59-b1299865a721_mp4-0032_jpg.rf.045add0ba34a509372bc04112901d968_aug1.jpg,aug1,hsv;blur=0.89,5
2be0c9f6-caf7-4f26-9b59-b1299865a721_mp4-0032_jpg.rf.045add0ba34a509372bc04112901d968_aug2.jpg,aug2,hsv;clahe;blur=0.41,5
2be0c9f6-caf7-4f26-9b59-b1299865a721_mp4-0032_jpg.rf.045add0ba34a509372bc04112901d968_aug3.jpg,aug3,dark;rain,5
2be0c9f6-caf7-4f26-9b59-b1299865a721_mp4-0032_jpg.rf.a314daee81bd8d588ad0d4f57fb07fcf.jpg,orig,,4
2be0c9f6-caf7-4f26-9b59-b1299865a721_mp4-0032_jpg.rf.a314daee81bd8d588ad0d4f57fb07fcf_aug1.jpg,aug1,hflip;gamma=1.02,4
2be0c9f6-caf7-4f26-9b59-b1299865a721_mp4-0032_jpg.rf.a314daee81bd8d588ad0d4f57fb07fcf_aug2.jpg,aug2,clahe,4
2be0c9f6-caf7-4f26-9b59-b1299865a721_mp4-0032_jpg.rf.a314daee81bd8d588ad0d4f57fb07fcf_aug3.jpg,aug3,rain,4
2be0c9f6-caf7-4f26-9b59-b1299865a721_mp4-0033_jpg.rf.94ee9fa89ee52f504ce9925c13d2b22c.jpg,orig,,5
2be0c9f6-caf7-4f26-9b59-b1299865a721_mp4-0033_jpg.rf.94ee9fa89ee52f504ce9925c13d2b22c_aug1.jpg,aug1,hflip;affine,4
2be0c9f6-caf7-4f26-9b59-b1299865a721_mp4-0033_jpg.rf.94ee9fa89ee52f504ce9925c13d2b22c_aug2.jpg,aug2,affine;hsv,5
2be0c9f6-caf7-4f26-9b59-b1299865a721_mp4-0033_jpg.rf.94ee9fa89ee52f504ce9925c13d2b22c_aug3.jpg,aug3,dark,5
2be0c9f6-caf7-4f26-9b59-b1299865a721_mp4-0033_jpg.rf.e6b67500f1c4f6b51e2525be0b964ff8.jpg,orig,,4
2be0c9f6-caf7-4f26-9b59-b1299865a721_mp4-0033_jpg.rf.e6b67500f1c4f6b51e2525be0b964ff8_aug1.jpg,aug1,hflip;affine;hsv;blur=0.62,4
2be0c9f6-caf7-4f26-9b59-b1299865a721_mp4-0033_jpg.rf.e6b67500f1c4f6b51e2525be0b964ff8_aug2.jpg,aug2,hflip;hsv;gamma=1.25,4
2be0c9f6-caf7-4f26-9b59-b1299865a721_mp4-0033_jpg.rf.e6b67500f1c4f6b51e2525be0b964ff8_aug3.jpg,aug3,rain,4
2be0c9f6-caf7-4f26-9b59-b1299865a721_mp4-0034_jpg.rf.61046bb8e358526017a92cd7e23d2b30.jpg,orig,,6
2be0c9f6-caf7-4f26-9b59-b1299865a721_mp4-0034_jpg.rf.61046bb8e358526017a92cd7e23d2b30_aug1.jpg,aug1,affine;hsv;gamma=1.05,6
2be0c9f6-caf7-4f26-9b59-b1299865a721_mp4-0034_jpg.rf.61046bb8e358526017a92cd7e23d2b30_aug2.jpg,aug2,affine,6
2be0c9f6-caf7-4f26-9b59-b1299865a721_mp4-0034_jpg.rf.61046bb8e358526017a92cd7e23d2b30_aug3.jpg,aug3,rain,6
2be0c9f6-caf7-4f26-9b59-b1299865a721_mp4-0034_jpg.rf.abaeaebbaa34f861d5a9682445e7b6ed.jpg,orig,,4
2be0c9f6-caf7-4f26-9b59-b1299865a721_mp4-0034_jpg.rf.abaeaebbaa34f861d5a9682445e7b6ed_aug1.jpg,aug1,hflip;affine;gamma=0.88;clahe,4
2be0c9f6-caf7-4f26-9b59-b1299865a721_mp4-0034_jpg.rf.abaeaebbaa34f861d5a9682445e7b6ed_aug2.jpg,aug2,affine;hsv;blur=0.14,4
2be0c9f6-caf7-4f26-9b59-b1299865a721_mp4-0034_jpg.rf.abaeaebbaa34f861d5a9682445e7b6ed_aug3.jpg,aug3,dark,4
2be0c9f6-caf7-4f26-9b59-b1299865a721_mp4-0035_jpg.rf.fbbc2f43b00b7c70996ddf0eed710352.jpg,orig,,6
2be0c9f6-caf7-4f26-9b59-b1299865a721_mp4-0035_jpg.rf.fbbc2f43b00b7c70996ddf0eed710352_aug1.jpg,aug1,hflip;affine,6
2be0c9f6-caf7-4f26-9b59-b1299865a721_mp4-0035_jpg.rf.fbbc2f43b00b7c70996ddf0eed710352_aug2.jpg,aug2,none,6
2be0c9f6-caf7-4f26-9b59-b1299865a721_mp4-0035_jpg.rf.fbbc2f43b00b7c70996ddf0eed710352_aug3.jpg,aug3,dark,6
2be0c9f6-caf7-4f26-9b59-b1299865a721_mp4-0036_jpg.rf.26457b08c73705699c838a9f692a32ab.jpg,orig,,5
2be0c9f6-caf7-4f26-9b59-b1299865a721_mp4-0036_jpg.rf.26457b08c73705699c838a9f692a32ab_aug1.jpg,aug1,hflip;affine;hsv,5
2be0c9f6-caf7-4f26-9b59-b1299865a721_mp4-0036_jpg.rf.26457b08c73705699c838a9f692a32ab_aug2.jpg,aug2,affine;hsv;gamma=1.21,5
2be0c9f6-caf7-4f26-9b59-b1299865a721_mp4-0036_jpg.rf.26457b08c73705699c838a9f692a32ab_aug3.jpg,aug3,dark,5
2be0c9f6-caf7-4f26-9b59-b1299865a721_mp4-0037_jpg.rf.a16400343f61299132431ffed74900f3.jpg,orig,,5
2be0c9f6-caf7-4f26-9b59-b1299865a721_mp4-0037_jpg.rf.a16400343f61299132431ffed74900f3_aug1.jpg,aug1,hflip;affine,5
2be0c9f6-caf7-4f26-9b59-b1299865a721_mp4-0037_jpg.rf.a16400343f61299132431ffed74900f3_aug2.jpg,aug2,hsv;clahe,5
2be0c9f6-caf7-4f26-9b59-b1299865a721_mp4-0037_jpg.rf.a16400343f61299132431ffed74900f3_aug3.jpg,aug3,dark,5
2be0c9f6-caf7-4f26-9b59-b1299865a721_mp4-0038_jpg.rf.55579cca6e1370a4c06ef808441708b4.jpg,orig,,3
2be0c9f6-caf7-4f26-9b59-b1299865a721_mp4-0038_jpg.rf.55579cca6e1370a4c06ef808441708b4_aug1.jpg,aug1,affine;hsv;gamma=1.22,3
2be0c9f6-caf7-4f26-9b59-b1299865a721_mp4-0038_jpg.rf.55579cca6e1370a4c06ef808441708b4_aug2.jpg,aug2,gamma=1.04,3
2be0c9f6-caf7-4f26-9b59-b1299865a721_mp4-0038_jpg.rf.55579cca6e1370a4c06ef808441708b4_aug3.jpg,aug3,dark,3
2be0c9f6-caf7-4f26-9b59-b1299865a721_mp4-0038_jpg.rf.61afa88295b8f5d3c4d7cc6eb7644147.jpg,orig,,7
2be0c9f6-caf7-4f26-9b59-b1299865a721_mp4-0038_jpg.rf.61afa88295b8f5d3c4d7cc6eb7644147_aug1.jpg,aug1,hsv;gamma=0.93,7
2be0c9f6-caf7-4f26-9b59-b1299865a721_mp4-0038_jpg.rf.61afa88295b8f5d3c4d7cc6eb7644147_aug2.jpg,aug2,affine;hsv,7
2be0c9f6-caf7-4f26-9b59-b1299865a721_mp4-0038_jpg.rf.61afa88295b8f5d3c4d7cc6eb7644147_aug3.jpg,aug3,dark,7
2be0c9f6-caf7-4f26-9b59-b1299865a721_mp4-0039_jpg.rf.a317d5918ec22cbcabb085c2b76258eb.jpg,orig,,3
2be0c9f6-caf7-4f26-9b59-b1299865a721_mp4-0039_jpg.rf.a317d5918ec22cbcabb085c2b76258eb_aug1.jpg,aug1,affine;hsv,3
2be0c9f6-caf7-4f26-9b59-b1299865a721_mp4-0039_jpg.rf.a317d5918ec22cbcabb085c2b76258eb_aug2.jpg,aug2,hsv,3
2be0c9f6-caf7-4f26-9b59-b1299865a721_mp4-0039_jpg.rf.a317d5918ec22cbcabb085c2b76258eb_aug3.jpg,aug3,dark,3
2be0c9f6-caf7-4f26-9b59-b1299865a721_mp4-0039_jpg.rf.d57fc8f7edc2b6a526dbf627d6525e3a.jpg,orig,,6
2be0c9f6-caf7-4f26-9b59-b1299865a721_mp4-0039_jpg.rf.d57fc8f7edc2b6a526dbf627d6525e3a_aug1.jpg,aug1,affine;gamma=1.04,6
2be0c9f6-caf7-4f26-9b59-b1299865a721_mp4-0039_jpg.rf.d57fc8f7edc2b6a526dbf627d6525e3a_aug2.jpg,aug2,affine;hsv,6
2be0c9f6-caf7-4f26-9b59-b1299865a721_mp4-0039_jpg.rf.d57fc8f7edc2b6a526dbf627d6525e3a_aug3.jpg,aug3,dark,6
2be0c9f6-caf7-4f26-9b59-b1299865a721_mp4-0040_jpg.rf.f84ef8628d0b7456720c0c53c6eeb412.jpg,orig,,4
2be0c9f6-caf7-4f26-9b59-b1299865a721_mp4-0040_jpg.rf.f84ef8628d0b7456720c0c53c6eeb412_aug1.jpg,aug1,hsv;clahe,4
2be0c9f6-caf7-4f26-9b59-b1299865a721_mp4-0040_jpg.rf.f84ef8628d0b7456720c0c53c6eeb412_aug2.jpg,aug2,affine;hsv,4
2be0c9f6-caf7-4f26-9b59-b1299865a721_mp4-0040_jpg.rf.f84ef8628d0b7456720c0c53c6eeb412_aug3.jpg,aug3,dark,4
2be0c9f6-caf7-4f26-9b59-b1299865a721_mp4-0041_jpg.rf.024208d504a66deee7b9ac9bd5b574fe.jpg,orig,,4
2be0c9f6-caf7-4f26-9b59-b1299865a721_mp4-0041_jpg.rf.024208d504a66deee7b9ac9bd5b574fe_aug1.jpg,aug1,hflip;affine;clahe;blur=0.88,4
2be0c9f6-caf7-4f26-9b59-b1299865a721_mp4-0041_jpg.rf.024208d504a66deee7b9ac9bd5b574fe_aug2.jpg,aug2,hflip;affine;hsv;clahe,4
2be0c9f6-caf7-4f26-9b59-b1299865a721_mp4-0041_jpg.rf.024208d504a66deee7b9ac9bd5b574fe_aug3.jpg,aug3,rain,4
2be0c9f6-caf7-4f26-9b59-b1299865a721_mp4-0042_jpg.rf.1f3125525f7beea1bbb7d6054734fb7b.jpg,orig,,4
2be0c9f6-caf7-4f26-9b59-b1299865a721_mp4-0042_jpg.rf.1f3125525f7beea1bbb7d6054734fb7b_aug1.jpg,aug1,hflip;affine;hsv;blur=0.78,4
2be0c9f6-caf7-4f26-9b59-b1299865a721_mp4-0042_jpg.rf.1f3125525f7beea1bbb7d6054734fb7b_aug2.jpg,aug2,hflip;hsv;gamma=0.98,4
2be0c9f6-caf7-4f26-9b59-b1299865a721_mp4-0042_jpg.rf.1f3125525f7beea1bbb7d6054734fb7b_aug3.jpg,aug3,dark;rain,4
2be0c9f6-caf7-4f26-9b59-b1299865a721_mp4-0042_jpg.rf.6e9d4ef273e04cf2eebbdfea67a65649.jpg,orig,,4
2be0c9f6-caf7-4f26-9b59-b1299865a721_mp4-0042_jpg.rf.6e9d4ef273e04cf2eebbdfea67a65649_aug1.jpg,aug1,hflip;affine;hsv;blur=0.18,4
2be0c9f6-caf7-4f26-9b59-b1299865a721_mp4-0042_jpg.rf.6e9d4ef273e04cf2eebbdfea67a65649_aug2.jpg,aug2,hflip;affine;gamma=1.22,4
2be0c9f6-caf7-4f26-9b59-b1299865a721_mp4-0042_jpg.rf.6e9d4ef273e04cf2eebbdfea67a65649_aug3.jpg,aug3,dark;rain,4
2be0c9f6-caf7-4f26-9b59-b1299865a721_mp4-0043_jpg.rf.8e1c30815d8aada36849fe421d320157.jpg,orig,,5
2be0c9f6-caf7-4f26-9b59-b1299865a721_mp4-0043_jpg.rf.8e1c30815d8aada36849fe421d320157_aug1.jpg,aug1,affine;hsv,4
2be0c9f6-caf7-4f26-9b59-b1299865a721_mp4-0043_jpg.rf.8e1c30815d8aada36849fe421d320157_aug2.jpg,aug2,hflip;gamma=1.15,5
2be0c9f6-caf7-4f26-9b59-b1299865a721_mp4-0043_jpg.rf.8e1c30815d8aada36849fe421d320157_aug3.jpg,aug3,rain,5
2be0c9f6-caf7-4f26-9b59-b1299865a721_mp4-0045_jpg.rf.7c9c5c167980db43f022197e54615a0f.jpg,orig,,5
2be0c9f6-caf7-4f26-9b59-b1299865a721_mp4-0045_jpg.rf.7c9c5c167980db43f022197e54615a0f_aug1.jpg,aug1,hflip;gamma=0.93;clahe,5
2be0c9f6-caf7-4f26-9b59-b1299865a721_mp4-0045_jpg.rf.7c9c5c167980db43f022197e54615a0f_aug2.jpg,aug2,hsv;gamma=0.88,5
2be0c9f6-caf7-4f26-9b59-b1299865a721_mp4-0045_jpg.rf.7c9c5c167980db43f022197e54615a0f_aug3.jpg,aug3,dark;rain,5
2be0c9f6-caf7-4f26-9b59-b1299865a721_mp4-0046_jpg.rf.468c6996f8f4646a09437434c8e2a6ea.jpg,orig,,4
2be0c9f6-caf7-4f26-9b59-b1299865a721_mp4-0046_jpg.rf.468c6996f8f4646a09437434c8e2a6ea_aug1.jpg,aug1,affine;gamma=1.10,4
2be0c9f6-caf7-4f26-9b59-b1299865a721_mp4-0046_jpg.rf.468c6996f8f4646a09437434c8e2a6ea_aug2.jpg,aug2,affine,4
2be0c9f6-caf7-4f26-9b59-b1299865a721_mp4-0046_jpg.rf.468c6996f8f4646a09437434c8e2a6ea_aug3.jpg,aug3,dark;rain,4
2be0c9f6-caf7-4f26-9b59-b1299865a721_mp4-0046_jpg.rf.b15e165a1ed2d222af974ba21a21e5a1.jpg,orig,,6
2be0c9f6-caf7-4f26-9b59-b1299865a721_mp4-0046_jpg.rf.b15e165a1ed2d222af974ba21a21e5a1_aug1.jpg,aug1,gamma=1.16;clahe,6
2be0c9f6-caf7-4f26-9b59-b1299865a721_mp4-0046_jpg.rf.b15e165a1ed2d222af974ba21a21e5a1_aug2.jpg,aug2,hsv;clahe,6
2be0c9f6-caf7-4f26-9b59-b1299865a721_mp4-0046_jpg.rf.b15e165a1ed2d222af974ba21a21e5a1_aug3.jpg,aug3,dark,6
2be0c9f6-caf7-4f26-9b59-b1299865a721_mp4-0047_jpg.rf.94a30c3d3ae86973624c59e7efb53e36.jpg,orig,,6
2be0c9f6-caf7-4f26-9b59-b1299865a721_mp4-0047_jpg.rf.94a30c3d3ae86973624c59e7efb53e36_aug1.jpg,aug1,hflip;affine,6
2be0c9f6-caf7-4f26-9b59-b1299865a721_mp4-0047_jpg.rf.94a30c3d3ae86973624c59e7efb53e36_aug2.jpg,aug2,hflip;affine;hsv,6
2be0c9f6-caf7-4f26-9b59-b1299865a721_mp4-0047_jpg.rf.94a30c3d3ae86973624c59e7efb53e36_aug3.jpg,aug3,rain,6
2be0c9f6-caf7-4f26-9b59-b1299865a721_mp4-0048_jpg.rf.0e699cf057db5d55df562d25a7711f2f.jpg,orig,,4
2be0c9f6-caf7-4f26-9b59-b1299865a721_mp4-0048_jpg.rf.0e699cf057db5d55df562d25a7711f2f_aug1.jpg,aug1,clahe;blur=0.43,4
2be0c9f6-caf7-4f26-9b59-b1299865a721_mp4-0048_jpg.rf.0e699cf057db5d55df562d25a7711f2f_aug2.jpg,aug2,affine;gamma=1.11,4
2be0c9f6-caf7-4f26-9b59-b1299865a721_mp4-0048_jpg.rf.0e699cf057db5d55df562d25a7711f2f_aug3.jpg,aug3,rain,4
2be0c9f6-caf7-4f26-9b59-b1299865a721_mp4-0049_jpg.rf.0c268fa6123d96c5dc08f1a94071efaa.jpg,orig,,4
2be0c9f6-caf7-4f26-9b59-b1299865a721_mp4-0049_jpg.rf.0c268fa6123d96c5dc08f1a94071efaa_aug1.jpg,aug1,gamma=1.21,4
2be0c9f6-caf7-4f26-9b59-b1299865a721_mp4-0049_jpg.rf.0c268fa6123d96c5dc08f1a94071efaa_aug2.jpg,aug2,affine,4
2be0c9f6-caf7-4f26-9b59-b1299865a721_mp4-0049_jpg.rf.0c268fa6123d96c5dc08f1a94071efaa_aug3.jpg,aug3,rain,4
2be0c9f6-caf7-4f26-9b59-b1299865a721_mp4-0049_jpg.rf.b12d718faca5eeaafb3f0bb8cfbb77b4.jpg,orig,,6
2be0c9f6-caf7-4f26-9b59-b1299865a721_mp4-0049_jpg.rf.b12d718faca5eeaafb3f0bb8cfbb77b4_aug1.jpg,aug1,affine;hsv;gamma=0.82;blur=1.05,5
2be0c9f6-caf7-4f26-9b59-b1299865a721_mp4-0049_jpg.rf.b12d718faca5eeaafb3f0bb8cfbb77b4_aug2.jpg,aug2,affine,6
2be0c9f6-caf7-4f26-9b59-b1299865a721_mp4-0049_jpg.rf.b12d718faca5eeaafb3f0bb8cfbb77b4_aug3.jpg,aug3,rain,6
2be0c9f6-caf7-4f26-9b59-b1299865a721_mp4-0050_jpg.rf.af70034938ad66bc93612ad75de597cb.jpg,orig,,5
2be0c9f6-caf7-4f26-9b59-b1299865a721_mp4-0050_jpg.rf.af70034938ad66bc93612ad75de597cb_aug1.jpg,aug1,hflip;affine;hsv;gamma=1.02;clahe;blur=0.91,5
2be0c9f6-caf7-4f26-9b59-b1299865a721_mp4-0050_jpg.rf.af70034938ad66bc93612ad75de597cb_aug2.jpg,aug2,affine;hsv;gamma=1.12,5
2be0c9f6-caf7-4f26-9b59-b1299865a721_mp4-0050_jpg.rf.af70034938ad66bc93612ad75de597cb_aug3.jpg,aug3,dark;rain,5
2be0c9f6-caf7-4f26-9b59-b1299865a721_mp4-0051_jpg.rf.8b24708dd9c4cd534e827b8386646171.jpg,orig,,5
2be0c9f6-caf7-4f26-9b59-b1299865a721_mp4-0051_jpg.rf.8b24708dd9c4cd534e827b8386646171_aug1.jpg,aug1,affine;hsv,5
2be0c9f6-caf7-4f26-9b59-b1299865a721_mp4-0051_jpg.rf.8b24708dd9c4cd534e827b8386646171_aug2.jpg,aug2,gamma=1.16;clahe,5
2be0c9f6-caf7-4f26-9b59-b1299865a721_mp4-0051_jpg.rf.8b24708dd9c4cd534e827b8386646171_aug3.jpg,aug3,dark,5
2be0c9f6-caf7-4f26-9b59-b1299865a721_mp4-0051_jpg.rf.c1e4b0c5db6921a19b7bfdf54594e579.jpg,orig,,4
2be0c9f6-caf7-4f26-9b59-b1299865a721_mp4-0051_jpg.rf.c1e4b0c5db6921a19b7bfdf54594e579_aug1.jpg,aug1,affine;hsv;gamma=1.17,4
2be0c9f6-caf7-4f26-9b59-b1299865a721_mp4-0051_jpg.rf.c1e4b0c5db6921a19b7bfdf54594e579_aug2.jpg,aug2,hflip;affine;gamma=1.20;blur=0.18,4
2be0c9f6-caf7-4f26-9b59-b1299865a721_mp4-0051_jpg.rf.c1e4b0c5db6921a19b7bfdf54594e579_aug3.jpg,aug3,rain,4
2be0c9f6-caf7-4f26-9b59-b1299865a721_mp4-0052_jpg.rf.63b4cc3a8bf30df4c751aa5d8836f052.jpg,orig,,4
2be0c9f6-caf7-4f26-9b59-b1299865a721_mp4-0052_jpg.rf.63b4cc3a8bf30df4c751aa5d8836f052_aug1.jpg,aug1,hflip;hsv,4
2be0c9f6-caf7-4f26-9b59-b1299865a721_mp4-0052_jpg.rf.63b4cc3a8bf30df4c751aa5d8836f052_aug2.jpg,aug2,hsv,4
2be0c9f6-caf7-4f26-9b59-b1299865a721_mp4-0052_jpg.rf.63b4cc3a8bf30df4c751aa5d8836f052_aug3.jpg,aug3,dark,4
2be0c9f6-caf7-4f26-9b59-b1299865a721_mp4-0052_jpg.rf.e94f0276a69cde5a941c6a02995d7830.jpg,orig,,6
2be0c9f6-caf7-4f26-9b59-b1299865a721_mp4-0052_jpg.rf.e94f0276a69cde5a941c6a02995d7830_aug1.jpg,aug1,hflip;affine;hsv;clahe,6
2be0c9f6-caf7-4f26-9b59-b1299865a721_mp4-0052_jpg.rf.e94f0276a69cde5a941c6a02995d7830_aug2.jpg,aug2,affine;gamma=1.07,6
2be0c9f6-caf7-4f26-9b59-b1299865a721_mp4-0052_jpg.rf.e94f0276a69cde5a941c6a02995d7830_aug3.jpg,aug3,dark;rain,6
2be0c9f6-caf7-4f26-9b59-b1299865a721_mp4-0053_jpg.rf.6aaecf1fdb371d00032d0ba9ae319860.jpg,orig,,6
2be0c9f6-caf7-4f26-9b59-b1299865a721_mp4-0053_jpg.rf.6aaecf1fdb371d00032d0ba9ae319860_aug1.jpg,aug1,hsv;blur=0.21,6
2be0c9f6-caf7-4f26-9b59-b1299865a721_mp4-0053_jpg.rf.6aaecf1fdb371d00032d0ba9ae319860_aug2.jpg,aug2,hflip;affine;hsv;gamma=1.08,5
2be0c9f6-caf7-4f26-9b59-b1299865a721_mp4-0053_jpg.rf.6aaecf1fdb371d00032d0ba9ae319860_aug3.jpg,aug3,dark,6
2be0c9f6-caf7-4f26-9b59-b1299865a721_mp4-0054_jpg.rf.2ca01e867f540553ab356a613cc446e2.jpg,orig,,6
2be0c9f6-caf7-4f26-9b59-b1299865a721_mp4-0054_jpg.rf.2ca01e867f540553ab356a613cc446e2_aug1.jpg,aug1,hflip;affine;hsv,6
2be0c9f6-caf7-4f26-9b59-b1299865a721_mp4-0054_jpg.rf.2ca01e867f540553ab356a613cc446e2_aug2.jpg,aug2,hflip;affine;hsv,6
2be0c9f6-caf7-4f26-9b59-b1299865a721_mp4-0054_jpg.rf.2ca01e867f540553ab356a613cc446e2_aug3.jpg,aug3,rain,6
2be0c9f6-caf7-4f26-9b59-b1299865a721_mp4-0055_jpg.rf.113c61626f792ac1f433ec0722dc57d8.jpg,orig,,5
2be0c9f6-caf7-4f26-9b59-b1299865a721_mp4-0055_jpg.rf.113c61626f792ac1f433ec0722dc57d8_aug1.jpg,aug1,affine;hsv;gamma=1.02;clahe,5
2be0c9f6-caf7-4f26-9b59-b1299865a721_mp4-0055_jpg.rf.113c61626f792ac1f433ec0722dc57d8_aug2.jpg,aug2,affine;hsv;clahe,5
2be0c9f6-caf7-4f26-9b59-b1299865a721_mp4-0055_jpg.rf.113c61626f792ac1f433ec0722dc57d8_aug3.jpg,aug3,dark;rain,5
2be0c9f6-caf7-4f26-9b59-b1299865a721_mp4-0055_jpg.rf.974d545d5a2b8d3c8526409a795be4e3.jpg,orig,,4
2be0c9f6-caf7-4f26-9b59-b1299865a721_mp4-0055_jpg.rf.974d545d5a2b8d3c8526409a795be4e3_aug1.jpg,aug1,hflip,4
2be0c9f6-caf7-4f26-9b59-b1299865a721_mp4-0055_jpg.rf.974d545d5a2b8d3c8526409a795be4e3_aug2.jpg,aug2,hflip;gamma=0.88,4
2be0c9f6-caf7-4f26-9b59-b1299865a721_mp4-0055_jpg.rf.974d545d5a2b8d3c8526409a795be4e3_aug3.jpg,aug3,rain,4
2be0c9f6-caf7-4f26-9b59-b1299865a721_mp4-0056_jpg.rf.adb13c12eb3b2e237bf73d611723fccf.jpg,orig,,4
2be0c9f6-caf7-4f26-9b59-b1299865a721_mp4-0056_jpg.rf.adb13c12eb3b2e237bf73d611723fccf_aug1.jpg,aug1,affine,4
2be0c9f6-caf7-4f26-9b59-b1299865a721_mp4-0056_jpg.rf.adb13c12eb3b2e237bf73d611723fccf_aug2.jpg,aug2,affine;clahe;blur=0.68,4
2be0c9f6-caf7-4f26-9b59-b1299865a721_mp4-0056_jpg.rf.adb13c12eb3b2e237bf73d611723fccf_aug3.jpg,aug3,dark,4
2be0c9f6-caf7-4f26-9b59-b1299865a721_mp4-0056_jpg.rf.be1d4b804c07679510ddc200060454a1.jpg,orig,,4
2be0c9f6-caf7-4f26-9b59-b1299865a721_mp4-0056_jpg.rf.be1d4b804c07679510ddc200060454a1_aug1.jpg,aug1,affine;hsv;gamma=1.11,4
2be0c9f6-caf7-4f26-9b59-b1299865a721_mp4-0056_jpg.rf.be1d4b804c07679510ddc200060454a1_aug2.jpg,aug2,hflip;hsv;gamma=1.03,4
2be0c9f6-caf7-4f26-9b59-b1299865a721_mp4-0056_jpg.rf.be1d4b804c07679510ddc200060454a1_aug3.jpg,aug3,dark,4
2be0c9f6-caf7-4f26-9b59-b1299865a721_mp4-0057_jpg.rf.38565cb6e1b5f9ab1025787256c569fa.jpg,orig,,4
2be0c9f6-caf7-4f26-9b59-b1299865a721_mp4-0057_jpg.rf.38565cb6e1b5f9ab1025787256c569fa_aug1.jpg,aug1,hflip,4
2be0c9f6-caf7-4f26-9b59-b1299865a721_mp4-0057_jpg.rf.38565cb6e1b5f9ab1025787256c569fa_aug2.jpg,aug2,gamma=1.18,4
2be0c9f6-caf7-4f26-9b59-b1299865a721_mp4-0057_jpg.rf.38565cb6e1b5f9ab1025787256c569fa_aug3.jpg,aug3,dark,4
2be0c9f6-caf7-4f26-9b59-b1299865a721_mp4-0057_jpg.rf.f5d20789fb8b512f3d6220a725e77132.jpg,orig,,5
2be0c9f6-caf7-4f26-9b59-b1299865a721_mp4-0057_jpg.rf.f5d20789fb8b512f3d6220a725e77132_aug1.jpg,aug1,hsv,5
2be0c9f6-caf7-4f26-9b59-b1299865a721_mp4-0057_jpg.rf.f5d20789fb8b512f3d6220a725e77132_aug2.jpg,aug2,affine;gamma=0.99,5
2be0c9f6-caf7-4f26-9b59-b1299865a721_mp4-0057_jpg.rf.f5d20789fb8b512f3d6220a725e77132_aug3.jpg,aug3,rain,5
2be0c9f6-caf7-4f26-9b59-b1299865a721_mp4-0058_jpg.rf.382e6548bda5b59c86a3f567c813faeb.jpg,orig,,6
2be0c9f6-caf7-4f26-9b59-b1299865a721_mp4-0058_jpg.rf.382e6548bda5b59c86a3f567c813faeb_aug1.jpg,aug1,affine;hsv,6
2be0c9f6-caf7-4f26-9b59-b1299865a721_mp4-0058_jpg.rf.382e6548bda5b59c86a3f567c813faeb_aug2.jpg,aug2,hflip;affine;gamma=1.13;clahe,5
2be0c9f6-caf7-4f26-9b59-b1299865a721_mp4-0058_jpg.rf.382e6548bda5b59c86a3f567c813faeb_aug3.jpg,aug3,dark;rain,6
2be0c9f6-caf7-4f26-9b59-b1299865a721_mp4-0058_jpg.rf.5fa0bc5f197101db2139ccb0ace29aa1.jpg,orig,,4
2be0c9f6-caf7-4f26-9b59-b1299865a721_mp4-0058_jpg.rf.5fa0bc5f197101db2139ccb0ace29aa1_aug1.jpg,aug1,hsv;gamma=1.19;clahe,4
2be0c9f6-caf7-4f26-9b59-b1299865a721_mp4-0058_jpg.rf.5fa0bc5f197101db2139ccb0ace29aa1_aug2.jpg,aug2,hflip;affine;gamma=0.82;clahe,4
2be0c9f6-caf7-4f26-9b59-b1299865a721_mp4-0058_jpg.rf.5fa0bc5f197101db2139ccb0ace29aa1_aug3.jpg,aug3,dark,4
2be0c9f6-caf7-4f26-9b59-b1299865a721_mp4-0059_jpg.rf.b8388138bc3efe1678da5b78cd7350bb.jpg,orig,,4
2be0c9f6-caf7-4f26-9b59-b1299865a721_mp4-0059_jpg.rf.b8388138bc3efe1678da5b78cd7350bb_aug1.jpg,aug1,affine;hsv,4
2be0c9f6-caf7-4f26-9b59-b1299865a721_mp4-0059_jpg.rf.b8388138bc3efe1678da5b78cd7350bb_aug2.jpg,aug2,affine;hsv;gamma=1.19,4
2be0c9f6-caf7-4f26-9b59-b1299865a721_mp4-0059_jpg.rf.b8388138bc3efe1678da5b78cd7350bb_aug3.jpg,aug3,rain,4
2be0c9f6-caf7-4f26-9b59-b1299865a721_mp4-0060_jpg.rf.d2fc9a4ee324058f51d7cdbd95eb4455.jpg,orig,,4
2be0c9f6-caf7-4f26-9b59-b1299865a721_mp4-0060_jpg.rf.d2fc9a4ee324058f51d7cdbd95eb4455_aug1.jpg,aug1,affine;gamma=1.03,4
2be0c9f6-caf7-4f26-9b59-b1299865a721_mp4-0060_jpg.rf.d2fc9a4ee324058f51d7cdbd95eb4455_aug2.jpg,aug2,affine;hsv;blur=0.12,4
2be0c9f6-caf7-4f26-9b59-b1299865a721_mp4-0060_jpg.rf.d2fc9a4ee324058f51d7cdbd95eb4455_aug3.jpg,aug3,dark;rain,4
2be0c9f6-caf7-4f26-9b59-b1299865a721_mp4-0061_jpg.rf.a2f386082a895f147965c1949d625e82.jpg,orig,,4
2be0c9f6-caf7-4f26-9b59-b1299865a721_mp4-0061_jpg.rf.a2f386082a895f147965c1949d625e82_aug1.jpg,aug1,hflip;hsv;gamma=0.97,4
2be0c9f6-caf7-4f26-9b59-b1299865a721_mp4-0061_jpg.rf.a2f386082a895f147965c1949d625e82_aug2.jpg,aug2,affine,4
2be0c9f6-caf7-4f26-9b59-b1299865a721_mp4-0061_jpg.rf.a2f386082a895f147965c1949d625e82_aug3.jpg,aug3,dark;rain,4
2be0c9f6-caf7-4f26-9b59-b1299865a721_mp4-0062_jpg.rf.035a31615d0c21948389cd1eb25df01c.jpg,orig,,5
2be0c9f6-caf7-4f26-9b59-b1299865a721_mp4-0062_jpg.rf.035a31615d0c21948389cd1eb25df01c_aug1.jpg,aug1,hsv;gamma=1.08,5
2be0c9f6-caf7-4f26-9b59-b1299865a721_mp4-0062_jpg.rf.035a31615d0c21948389cd1eb25df01c_aug2.jpg,aug2,affine;gamma=0.89,5
2be0c9f6-caf7-4f26-9b59-b1299865a721_mp4-0062_jpg.rf.035a31615d0c21948389cd1eb25df01c_aug3.jpg,aug3,rain,5
2be0c9f6-caf7-4f26-9b59-b1299865a721_mp4-0062_jpg.rf.4db84b7db1386e84311bb28ae5681ffc.jpg,orig,,3
2be0c9f6-caf7-4f26-9b59-b1299865a721_mp4-0062_jpg.rf.4db84b7db1386e84311bb28ae5681ffc_aug1.jpg,aug1,clahe,3
2be0c9f6-caf7-4f26-9b59-b1299865a721_mp4-0062_jpg.rf.4db84b7db1386e84311bb28ae5681ffc_aug2.jpg,aug2,affine;clahe,3
2be0c9f6-caf7-4f26-9b59-b1299865a721_mp4-0062_jpg.rf.4db84b7db1386e84311bb28ae5681ffc_aug3.jpg,aug3,dark;rain,3
2be0c9f6-caf7-4f26-9b59-b1299865a721_mp4-0063_jpg.rf.06d6c826d985396d08b94813ac69b6bf.jpg,orig,,4
2be0c9f6-caf7-4f26-9b59-b1299865a721_mp4-0063_jpg.rf.06d6c826d985396d08b94813ac69b6bf_aug1.jpg,aug1,hflip;hsv,4
2be0c9f6-caf7-4f26-9b59-b1299865a721_mp4-0063_jpg.rf.06d6c826d985396d08b94813ac69b6bf_aug2.jpg,aug2,hflip;affine;gamma=0.87,4
2be0c9f6-caf7-4f26-9b59-b1299865a721_mp4-0063_jpg.rf.06d6c826d985396d08b94813ac69b6bf_aug3.jpg,aug3,dark,4
2be0c9f6-caf7-4f26-9b59-b1299865a721_mp4-0064_jpg.rf.ce29877f8f52463a43e3a77abd5c9682.jpg,orig,,4
2be0c9f6-caf7-4f26-9b59-b1299865a721_mp4-0064_jpg.rf.ce29877f8f52463a43e3a77abd5c9682_aug1.jpg,aug1,hflip;gamma=1.06;blur=0.45,4
2be0c9f6-caf7-4f26-9b59-b1299865a721_mp4-0064_jpg.rf.ce29877f8f52463a43e3a77abd5c9682_aug2.jpg,aug2,hflip;affine;gamma=1.17;blur=0.76,4
2be0c9f6-caf7-4f26-9b59-b1299865a721_mp4-0064_jpg.rf.ce29877f8f52463a43e3a77abd5c9682_aug3.jpg,aug3,dark;rain,4
2be0c9f6-caf7-4f26-9b59-b1299865a721_mp4-0065_jpg.rf.2a87720ab22540d06d31bdcfd13d0493.jpg,orig,,4
2be0c9f6-caf7-4f26-9b59-b1299865a721_mp4-0065_jpg.rf.2a87720ab22540d06d31bdcfd13d0493_aug1.jpg,aug1,hflip;affine;hsv;gamma=1.03,4
2be0c9f6-caf7-4f26-9b59-b1299865a721_mp4-0065_jpg.rf.2a87720ab22540d06d31bdcfd13d0493_aug2.jpg,aug2,affine;hsv;gamma=0.99;blur=0.66,4
2be0c9f6-caf7-4f26-9b59-b1299865a721_mp4-0065_jpg.rf.2a87720ab22540d06d31bdcfd13d0493_aug3.jpg,aug3,dark;rain,4
2be0c9f6-caf7-4f26-9b59-b1299865a721_mp4-0068_jpg.rf.61d1a02d8f3d2347f1c84c792e34f210.jpg,orig,,4
2be0c9f6-caf7-4f26-9b59-b1299865a721_mp4-0068_jpg.rf.61d1a02d8f3d2347f1c84c792e34f210_aug1.jpg,aug1,hflip;hsv;clahe;blur=0.82,4
2be0c9f6-caf7-4f26-9b59-b1299865a721_mp4-0068_jpg.rf.61d1a02d8f3d2347f1c84c792e34f210_aug2.jpg,aug2,none,4
2be0c9f6-caf7-4f26-9b59-b1299865a721_mp4-0068_jpg.rf.61d1a02d8f3d2347f1c84c792e34f210_aug3.jpg,aug3,rain,4
2be0c9f6-caf7-4f26-9b59-b1299865a721_mp4-0068_jpg.rf.e5f578afb8e7a0e9100313464d40a361.jpg,orig,,4
2be0c9f6-caf7-4f26-9b59-b1299865a721_mp4-0068_jpg.rf.e5f578afb8e7a0e9100313464d40a361_aug1.jpg,aug1,affine,4
2be0c9f6-caf7-4f26-9b59-b1299865a721_mp4-0068_jpg.rf.e5f578afb8e7a0e9100313464d40a361_aug2.jpg,aug2,affine,4
2be0c9f6-caf7-4f26-9b59-b1299865a721_mp4-0068_jpg.rf.e5f578afb8e7a0e9100313464d40a361_aug3.jpg,aug3,rain,4
2be0c9f6-caf7-4f26-9b59-b1299865a721_mp4-0069_jpg.rf.77d61389b3f9bb7706bcc00d81ff4991.jpg,orig,,3
2be0c9f6-caf7-4f26-9b59-b1299865a721_mp4-0069_jpg.rf.77d61389b3f9bb7706bcc00d81ff4991_aug1.jpg,aug1,affine;hsv;clahe;blur=0.95,3
2be0c9f6-caf7-4f26-9b59-b1299865a721_mp4-0069_jpg.rf.77d61389b3f9bb7706bcc00d81ff4991_aug2.jpg,aug2,hflip;hsv;gamma=1.16;clahe,3
2be0c9f6-caf7-4f26-9b59-b1299865a721_mp4-0069_jpg.rf.77d61389b3f9bb7706bcc00d81ff4991_aug3.jpg,aug3,rain,3
2be0c9f6-caf7-4f26-9b59-b1299865a721_mp4-0069_jpg.rf.9b728e01fdfa584eabbe418bedc77bae.jpg,orig,,4
2be0c9f6-caf7-4f26-9b59-b1299865a721_mp4-0069_jpg.rf.9b728e01fdfa584eabbe418bedc77bae_aug1.jpg,aug1,affine,4
2be0c9f6-caf7-4f26-9b59-b1299865a721_mp4-0069_jpg.rf.9b728e01fdfa584eabbe418bedc77bae_aug2.jpg,aug2,hsv,4
2be0c9f6-caf7-4f26-9b59-b1299865a721_mp4-0069_jpg.rf.9b728e01fdfa584eabbe418bedc77bae_aug3.jpg,aug3,dark,4
2be0c9f6-caf7-4f26-9b59-b1299865a721_mp4-0071_jpg.rf.0d9f9b39154af51977ddeffb0731b863.jpg,orig,,4
2be0c9f6-caf7-4f26-9b59-b1299865a721_mp4-0071_jpg.rf.0d9f9b39154af51977ddeffb0731b863_aug1.jpg,aug1,affine;hsv;clahe;blur=0.55,4
2be0c9f6-caf7-4f26-9b59-b1299865a721_mp4-0071_jpg.rf.0d9f9b39154af51977ddeffb0731b863_aug2.jpg,aug2,affine;hsv,4
2be0c9f6-caf7-4f26-9b59-b1299865a721_mp4-0071_jpg.rf.0d9f9b39154af51977ddeffb0731b863_aug3.jpg,aug3,dark,4
2be0c9f6-caf7-4f26-9b59-b1299865a721_mp4-0072_jpg.rf.06aa14c7ca734a3735f2c15a61af6b9a.jpg,orig,,6
2be0c9f6-caf7-4f26-9b59-b1299865a721_mp4-0072_jpg.rf.06aa14c7ca734a3735f2c15a61af6b9a_aug1.jpg,aug1,affine,6
2be0c9f6-caf7-4f26-9b59-b1299865a721_mp4-0072_jpg.rf.06aa14c7ca734a3735f2c15a61af6b9a_aug2.jpg,aug2,hsv,6
2be0c9f6-caf7-4f26-9b59-b1299865a721_mp4-0072_jpg.rf.06aa14c7ca734a3735f2c15a61af6b9a_aug3.jpg,aug3,dark,6
2be0c9f6-caf7-4f26-9b59-b1299865a721_mp4-0072_jpg.rf.2ef0e9f88d0dc04c098760f2ebe7fa4f.jpg,orig,,3
2be0c9f6-caf7-4f26-9b59-b1299865a721_mp4-0072_jpg.rf.2ef0e9f88d0dc04c098760f2ebe7fa4f_aug1.jpg,aug1,hsv;gamma=0.90,3
2be0c9f6-caf7-4f26-9b59-b1299865a721_mp4-0072_jpg.rf.2ef0e9f88d0dc04c098760f2ebe7fa4f_aug2.jpg,aug2,hflip;affine,3
2be0c9f6-caf7-4f26-9b59-b1299865a721_mp4-0072_jpg.rf.2ef0e9f88d0dc04c098760f2ebe7fa4f_aug3.jpg,aug3,dark,3
2be0c9f6-caf7-4f26-9b59-b1299865a721_mp4-0073_jpg.rf.144821eba990c9b397e3b7aff56e233f.jpg,orig,,5
2be0c9f6-caf7-4f26-9b59-b1299865a721_mp4-0073_jpg.rf.144821eba990c9b397e3b7aff56e233f_aug1.jpg,aug1,hflip;affine,5
2be0c9f6-caf7-4f26-9b59-b1299865a721_mp4-0073_jpg.rf.144821eba990c9b397e3b7aff56e233f_aug2.jpg,aug2,affine;gamma=1.12;clahe,5
2be0c9f6-caf7-4f26-9b59-b1299865a721_mp4-0073_jpg.rf.144821eba990c9b397e3b7aff56e233f_aug3.jpg,aug3,dark;rain,5
2be0c9f6-caf7-4f26-9b59-b1299865a721_mp4-0073_jpg.rf.57775593750413ffb9c3af3d4a797408.jpg,orig,,4
2be0c9f6-caf7-4f26-9b59-b1299865a721_mp4-0073_jpg.rf.57775593750413ffb9c3af3d4a797408_aug1.jpg,aug1,affine;hsv;gamma=1.04;blur=0.63,4
2be0c9f6-caf7-4f26-9b59-b1299865a721_mp4-0073_jpg.rf.57775593750413ffb9c3af3d4a797408_aug2.jpg,aug2,hflip;affine;hsv;clahe,4
2be0c9f6-caf7-4f26-9b59-b1299865a721_mp4-0073_jpg.rf.57775593750413ffb9c3af3d4a797408_aug3.jpg,aug3,dark,4
2be0c9f6-caf7-4f26-9b59-b1299865a721_mp4-0074_jpg.rf.7af35edb55074e11f90ba30789f18e14.jpg,orig,,4
2be0c9f6-caf7-4f26-9b59-b1299865a721_mp4-0074_jpg.rf.7af35edb55074e11f90ba30789f18e14_aug1.jpg,aug1,hflip;affine;hsv;clahe,4
2be0c9f6-caf7-4f26-9b59-b1299865a721_mp4-0074_jpg.rf.7af35edb55074e11f90ba30789f18e14_aug2.jpg,aug2,affine;hsv;clahe,4
2be0c9f6-caf7-4f26-9b59-b1299865a721_mp4-0074_jpg.rf.7af35edb55074e11f90ba30789f18e14_aug3.jpg,aug3,dark,4
2be0c9f6-caf7-4f26-9b59-b1299865a721_mp4-0074_jpg.rf.808a0eb896b28567c0d453b4fed63fd4.jpg,orig,,4
2be0c9f6-caf7-4f26-9b59-b1299865a721_mp4-0074_jpg.rf.808a0eb896b28567c0d453b4fed63fd4_aug1.jpg,aug1,hflip;affine;gamma=1.21,4
2be0c9f6-caf7-4f26-9b59-b1299865a721_mp4-0074_jpg.rf.808a0eb896b28567c0d453b4fed63fd4_aug2.jpg,aug2,hsv;clahe,4
2be0c9f6-caf7-4f26-9b59-b1299865a721_mp4-0074_jpg.rf.808a0eb896b28567c0d453b4fed63fd4_aug3.jpg,aug3,dark;rain,4
2be0c9f6-caf7-4f26-9b59-b1299865a721_mp4-0075_jpg.rf.5f39bd57df73ec839c9d51b52481c79e.jpg,orig,,6
2be0c9f6-caf7-4f26-9b59-b1299865a721_mp4-0075_jpg.rf.5f39bd57df73ec839c9d51b52481c79e_aug1.jpg,aug1,none,6
2be0c9f6-caf7-4f26-9b59-b1299865a721_mp4-0075_jpg.rf.5f39bd57df73ec839c9d51b52481c79e_aug2.jpg,aug2,affine;hsv,6
2be0c9f6-caf7-4f26-9b59-b1299865a721_mp4-0075_jpg.rf.5f39bd57df73ec839c9d51b52481c79e_aug3.jpg,aug3,dark,6
2be0c9f6-caf7-4f26-9b59-b1299865a721_mp4-0075_jpg.rf.8c169a3b3f7ff62e37db167c4b2ae991.jpg,orig,,5
2be0c9f6-caf7-4f26-9b59-b1299865a721_mp4-0075_jpg.rf.8c169a3b3f7ff62e37db167c4b2ae991_aug1.jpg,aug1,affine;hsv,5
2be0c9f6-caf7-4f26-9b59-b1299865a721_mp4-0075_jpg.rf.8c169a3b3f7ff62e37db167c4b2ae991_aug2.jpg,aug2,hsv;blur=0.94,5
2be0c9f6-caf7-4f26-9b59-b1299865a721_mp4-0075_jpg.rf.8c169a3b3f7ff62e37db167c4b2ae991_aug3.jpg,aug3,dark,5
2be0c9f6-caf7-4f26-9b59-b1299865a721_mp4-0076_jpg.rf.5089945554efb85504211da9d0da503b.jpg,orig,,4
2be0c9f6-caf7-4f26-9b59-b1299865a721_mp4-0076_jpg.rf.5089945554efb85504211da9d0da503b_aug1.jpg,aug1,affine;gamma=1.02;clahe,4
2be0c9f6-caf7-4f26-9b59-b1299865a721_mp4-0076_jpg.rf.5089945554efb85504211da9d0da503b_aug2.jpg,aug2,hflip;affine;hsv,4
2be0c9f6-caf7-4f26-9b59-b1299865a721_mp4-0076_jpg.rf.5089945554efb85504211da9d0da503b_aug3.jpg,aug3,rain,4
2be0c9f6-caf7-4f26-9b59-b1299865a721_mp4-0076_jpg.rf.fc5391644342b9f57a8419fbaef59a01.jpg,orig,,4
2be0c9f6-caf7-4f26-9b59-b1299865a721_mp4-0076_jpg.rf.fc5391644342b9f57a8419fbaef59a01_aug1.jpg,aug1,gamma=1.23,4
2be0c9f6-caf7-4f26-9b59-b1299865a721_mp4-0076_jpg.rf.fc5391644342b9f57a8419fbaef59a01_aug2.jpg,aug2,hsv;gamma=0.90,4
2be0c9f6-caf7-4f26-9b59-b1299865a721_mp4-0076_jpg.rf.fc5391644342b9f57a8419fbaef59a01_aug3.jpg,aug3,dark,4
2be0c9f6-caf7-4f26-9b59-b1299865a721_mp4-0077_jpg.rf.3c1fd1bede79cb07a759a429595dc68f.jpg,orig,,5
2be0c9f6-caf7-4f26-9b59-b1299865a721_mp4-0077_jpg.rf.3c1fd1bede79cb07a759a429595dc68f_aug1.jpg,aug1,gamma=0.90;blur=1.18,5
2be0c9f6-caf7-4f26-9b59-b1299865a721_mp4-0077_jpg.rf.3c1fd1bede79cb07a759a429595dc68f_aug2.jpg,aug2,hflip;affine;hsv,5
2be0c9f6-caf7-4f26-9b59-b1299865a721_mp4-0077_jpg.rf.3c1fd1bede79cb07a759a429595dc68f_aug3.jpg,aug3,dark,5
2be0c9f6-caf7-4f26-9b59-b1299865a721_mp4-0078_jpg.rf.3a929807afcc46c1b1201baffe7dddc4.jpg,orig,,4
2be0c9f6-caf7-4f26-9b59-b1299865a721_mp4-0078_jpg.rf.3a929807afcc46c1b1201baffe7dddc4_aug1.jpg,aug1,hflip;affine;gamma=0.85,4
2be0c9f6-caf7-4f26-9b59-b1299865a721_mp4-0078_jpg.rf.3a929807afcc46c1b1201baffe7dddc4_aug2.jpg,aug2,affine;blur=1.12,4
2be0c9f6-caf7-4f26-9b59-b1299865a721_mp4-0078_jpg.rf.3a929807afcc46c1b1201baffe7dddc4_aug3.jpg,aug3,rain,4
2be0c9f6-caf7-4f26-9b59-b1299865a721_mp4-0078_jpg.rf.dfb6793af1f0e11b444f88bf8ef3409c.jpg,orig,,3
2be0c9f6-caf7-4f26-9b59-b1299865a721_mp4-0078_jpg.rf.dfb6793af1f0e11b444f88bf8ef3409c_aug1.jpg,aug1,affine;hsv,3
2be0c9f6-caf7-4f26-9b59-b1299865a721_mp4-0078_jpg.rf.dfb6793af1f0e11b444f88bf8ef3409c_aug2.jpg,aug2,hflip;affine;hsv;gamma=1.08,3
2be0c9f6-caf7-4f26-9b59-b1299865a721_mp4-0078_jpg.rf.dfb6793af1f0e11b444f88bf8ef3409c_aug3.jpg,aug3,rain,3
2be0c9f6-caf7-4f26-9b59-b1299865a721_mp4-0079_jpg.rf.b9c5c02d9843939a380d5cec6b27f6e3.jpg,orig,,4
2be0c9f6-caf7-4f26-9b59-b1299865a721_mp4-0079_jpg.rf.b9c5c02d9843939a380d5cec6b27f6e3_aug1.jpg,aug1,hsv,4
2be0c9f6-caf7-4f26-9b59-b1299865a721_mp4-0079_jpg.rf.b9c5c02d9843939a380d5cec6b27f6e3_aug2.jpg,aug2,affine;clahe,4
2be0c9f6-caf7-4f26-9b59-b1299865a721_mp4-0079_jpg.rf.b9c5c02d9843939a380d5cec6b27f6e3_aug3.jpg,aug3,dark,4
2be0c9f6-caf7-4f26-9b59-b1299865a721_mp4-0080_jpg.rf.e5e00b60234f171a3aa98047c4ee8555.jpg,orig,,5
2be0c9f6-caf7-4f26-9b59-b1299865a721_mp4-0080_jpg.rf.e5e00b60234f171a3aa98047c4ee8555_aug1.jpg,aug1,hflip,5
2be0c9f6-caf7-4f26-9b59-b1299865a721_mp4-0080_jpg.rf.e5e00b60234f171a3aa98047c4ee8555_aug2.jpg,aug2,none,5
2be0c9f6-caf7-4f26-9b59-b1299865a721_mp4-0080_jpg.rf.e5e00b60234f171a3aa98047c4ee8555_aug3.jpg,aug3,dark,5
2be0c9f6-caf7-4f26-9b59-b1299865a721_mp4-0081_jpg.rf.3811d7e562ce6ffd9128bbeed80f5c1a.jpg,orig,,6
2be0c9f6-caf7-4f26-9b59-b1299865a721_mp4-0081_jpg.rf.3811d7e562ce6ffd9128bbeed80f5c1a_aug1.jpg,aug1,hflip;hsv;gamma=0.82;clahe,6
2be0c9f6-caf7-4f26-9b59-b1299865a721_mp4-0081_jpg.rf.3811d7e562ce6ffd9128bbeed80f5c1a_aug2.jpg,aug2,affine;hsv;gamma=1.02,6
2be0c9f6-caf7-4f26-9b59-b1299865a721_mp4-0081_jpg.rf.3811d7e562ce6ffd9128bbeed80f5c1a_aug3.jpg,aug3,dark;rain,6
2be0c9f6-caf7-4f26-9b59-b1299865a721_mp4-0082_jpg.rf.4e6bceb486f0dfa56633214083a28f7a.jpg,orig,,7
2be0c9f6-caf7-4f26-9b59-b1299865a721_mp4-0082_jpg.rf.4e6bceb486f0dfa56633214083a28f7a_aug1.jpg,aug1,hflip;gamma=1.22,7
2be0c9f6-caf7-4f26-9b59-b1299865a721_mp4-0082_jpg.rf.4e6bceb486f0dfa56633214083a28f7a_aug2.jpg,aug2,affine;hsv;gamma=0.88,6
2be0c9f6-caf7-4f26-9b59-b1299865a721_mp4-0082_jpg.rf.4e6bceb486f0dfa56633214083a28f7a_aug3.jpg,aug3,dark,7
2be0c9f6-caf7-4f26-9b59-b1299865a721_mp4-0083_jpg.rf.36d8bcfc1dcf00421491d35de8ca5f68.jpg,orig,,6
2be0c9f6-caf7-4f26-9b59-b1299865a721_mp4-0083_jpg.rf.36d8bcfc1dcf00421491d35de8ca5f68_aug1.jpg,aug1,hflip;hsv;gamma=1.00,6
2be0c9f6-caf7-4f26-9b59-b1299865a721_mp4-0083_jpg.rf.36d8bcfc1dcf00421491d35de8ca5f68_aug2.jpg,aug2,affine;hsv,6
2be0c9f6-caf7-4f26-9b59-b1299865a721_mp4-0083_jpg.rf.36d8bcfc1dcf00421491d35de8ca5f68_aug3.jpg,aug3,dark,6
2be0c9f6-caf7-4f26-9b59-b1299865a721_mp4-0083_jpg.rf.e1bb75c75d74792d4a548a5c4dad8c1d.jpg,orig,,5
2be0c9f6-caf7-4f26-9b59-b1299865a721_mp4-0083_jpg.rf.e1bb75c75d74792d4a548a5c4dad8c1d_aug1.jpg,aug1,hflip;affine;hsv,5
2be0c9f6-caf7-4f26-9b59-b1299865a721_mp4-0083_jpg.rf.e1bb75c75d74792d4a548a5c4dad8c1d_aug2.jpg,aug2,affine;blur=1.00,5
2be0c9f6-caf7-4f26-9b59-b1299865a721_mp4-0083_jpg.rf.e1bb75c75d74792d4a548a5c4dad8c1d_aug3.jpg,aug3,dark;rain,5
2be0c9f6-caf7-4f26-9b59-b1299865a721_mp4-0084_jpg.rf.03797bb56c3cbbfac0ef7a81665bb1c1.jpg,orig,,4
2be0c9f6-caf7-4f26-9b59-b1299865a721_mp4-0084_jpg.rf.03797bb56c3cbbfac0ef7a81665bb1c1_aug1.jpg,aug1,affine,4
2be0c9f6-caf7-4f26-9b59-b1299865a721_mp4-0084_jpg.rf.03797bb56c3cbbfac0ef7a81665bb1c1_aug2.jpg,aug2,hsv,4
2be0c9f6-caf7-4f26-9b59-b1299865a721_mp4-0084_jpg.rf.03797bb56c3cbbfac0ef7a81665bb1c1_aug3.jpg,aug3,dark;rain,4
2be0c9f6-caf7-4f26-9b59-b1299865a721_mp4-0085_jpg.rf.4494d72e373f1122ae3bb0fcc941899c.jpg,orig,,4
2be0c9f6-caf7-4f26-9b59-b1299865a721_mp4-0085_jpg.rf.4494d72e373f1122ae3bb0fcc941899c_aug1.jpg,aug1,affine;hsv;gamma=0.91;clahe,4
2be0c9f6-caf7-4f26-9b59-b1299865a721_mp4-0085_jpg.rf.4494d72e373f1122ae3bb0fcc941899c_aug2.jpg,aug2,hflip;affine;hsv,4
2be0c9f6-caf7-4f26-9b59-b1299865a721_mp4-0085_jpg.rf.4494d72e373f1122ae3bb0fcc941899c_aug3.jpg,aug3,dark,4
2be0c9f6-caf7-4f26-9b59-b1299865a721_mp4-0085_jpg.rf.d7ebfb4f3436a5e213d939637199d94d.jpg,orig,,3
2be0c9f6-caf7-4f26-9b59-b1299865a721_mp4-0085_jpg.rf.d7ebfb4f3436a5e213d939637199d94d_aug1.jpg,aug1,affine;hsv;gamma=1.03,3
2be0c9f6-caf7-4f26-9b59-b1299865a721_mp4-0085_jpg.rf.d7ebfb4f3436a5e213d939637199d94d_aug2.jpg,aug2,gamma=1.18;clahe,3
2be0c9f6-caf7-4f26-9b59-b1299865a721_mp4-0085_jpg.rf.d7ebfb4f3436a5e213d939637199d94d_aug3.jpg,aug3,dark,3
2be0c9f6-caf7-4f26-9b59-b1299865a721_mp4-0086_jpg.rf.3e65dbea69646a4906c16f31d21c6db8.jpg,orig,,5
2be0c9f6-caf7-4f26-9b59-b1299865a721_mp4-0086_jpg.rf.3e65dbea69646a4906c16f31d21c6db8_aug1.jpg,aug1,hsv;blur=0.92,5
2be0c9f6-caf7-4f26-9b59-b1299865a721_mp4-0086_jpg.rf.3e65dbea69646a4906c16f31d21c6db8_aug2.jpg,aug2,hsv,5
2be0c9f6-caf7-4f26-9b59-b1299865a721_mp4-0086_jpg.rf.3e65dbea69646a4906c16f31d21c6db8_aug3.jpg,aug3,rain,5
2be0c9f6-caf7-4f26-9b59-b1299865a721_mp4-0086_jpg.rf.aef0abd2b135367befed224e1872ff1a.jpg,orig,,4
2be0c9f6-caf7-4f26-9b59-b1299865a721_mp4-0086_jpg.rf.aef0abd2b135367befed224e1872ff1a_aug1.jpg,aug1,affine;blur=0.14,4
2be0c9f6-caf7-4f26-9b59-b1299865a721_mp4-0086_jpg.rf.aef0abd2b135367befed224e1872ff1a_aug2.jpg,aug2,hsv,4
2be0c9f6-caf7-4f26-9b59-b1299865a721_mp4-0086_jpg.rf.aef0abd2b135367befed224e1872ff1a_aug3.jpg,aug3,dark,4
2be0c9f6-caf7-4f26-9b59-b1299865a721_mp4-0087_jpg.rf.5dffc1b3f8ee629e5fb66ca0d8cbdd5c.jpg,orig,,5
2be0c9f6-caf7-4f26-9b59-b1299865a721_mp4-0087_jpg.rf.5dffc1b3f8ee629e5fb66ca0d8cbdd5c_aug1.jpg,aug1,hflip;affine;clahe,5
2be0c9f6-caf7-4f26-9b59-b1299865a721_mp4-0087_jpg.rf.5dffc1b3f8ee629e5fb66ca0d8cbdd5c_aug2.jpg,aug2,affine;hsv;gamma=0.83;clahe,5
2be0c9f6-caf7-4f26-9b59-b1299865a721_mp4-0087_jpg.rf.5dffc1b3f8ee629e5fb66ca0d8cbdd5c_aug3.jpg,aug3,dark,5
2be0c9f6-caf7-4f26-9b59-b1299865a721_mp4-0087_jpg.rf.9c23de1878c3d6562312549d17c5b70e.jpg,orig,,4
2be0c9f6-caf7-4f26-9b59-b1299865a721_mp4-0087_jpg.rf.9c23de1878c3d6562312549d17c5b70e_aug1.jpg,aug1,hsv;clahe,4
2be0c9f6-caf7-4f26-9b59-b1299865a721_mp4-0087_jpg.rf.9c23de1878c3d6562312549d17c5b70e_aug2.jpg,aug2,affine;hsv;gamma=0.92,4
2be0c9f6-caf7-4f26-9b59-b1299865a721_mp4-0087_jpg.rf.9c23de1878c3d6562312549d17c5b70e_aug3.jpg,aug3,dark;rain,4
2be0c9f6-caf7-4f26-9b59-b1299865a721_mp4-0088_jpg.rf.8c07c1945f44ce4078e76771b52cad5b.jpg,orig,,4
2be0c9f6-caf7-4f26-9b59-b1299865a721_mp4-0088_jpg.rf.8c07c1945f44ce4078e76771b52cad5b_aug1.jpg,aug1,hsv,4
2be0c9f6-caf7-4f26-9b59-b1299865a721_mp4-0088_jpg.rf.8c07c1945f44ce4078e76771b52cad5b_aug2.jpg,aug2,hsv,4
2be0c9f6-caf7-4f26-9b59-b1299865a721_mp4-0088_jpg.rf.8c07c1945f44ce4078e76771b52cad5b_aug3.jpg,aug3,dark;rain,4
2be0c9f6-caf7-4f26-9b59-b1299865a721_mp4-0089_jpg.rf.8c46cde1c1291828e34a61dc63ce0323.jpg,orig,,4
2be0c9f6-caf7-4f26-9b59-b1299865a721_mp4-0089_jpg.rf.8c46cde1c1291828e34a61dc63ce0323_aug1.jpg,aug1,affine;gamma=0.85;clahe,4
2be0c9f6-caf7-4f26-9b59-b1299865a721_mp4-0089_jpg.rf.8c46cde1c1291828e34a61dc63ce0323_aug2.jpg,aug2,hflip;hsv,4
2be0c9f6-caf7-4f26-9b59-b1299865a721_mp4-0089_jpg.rf.8c46cde1c1291828e34a61dc63ce0323_aug3.jpg,aug3,dark,4
2be0c9f6-caf7-4f26-9b59-b1299865a721_mp4-0090_jpg.rf.d2aa2f43a8cf636bbcaa98c002e402f0.jpg,orig,,4
2be0c9f6-caf7-4f26-9b59-b1299865a721_mp4-0090_jpg.rf.d2aa2f43a8cf636bbcaa98c002e402f0_aug1.jpg,aug1,affine;hsv;gamma=1.02,4
2be0c9f6-caf7-4f26-9b59-b1299865a721_mp4-0090_jpg.rf.d2aa2f43a8cf636bbcaa98c002e402f0_aug2.jpg,aug2,hflip;affine;gamma=1.10;clahe;blur=0.53,4
2be0c9f6-caf7-4f26-9b59-b1299865a721_mp4-0090_jpg.rf.d2aa2f43a8cf636bbcaa98c002e402f0_aug3.jpg,aug3,rain,4
2be0c9f6-caf7-4f26-9b59-b1299865a721_mp4-0091_jpg.rf.19a8bad56dd7d065c1527922e628965b.jpg,orig,,3
2be0c9f6-caf7-4f26-9b59-b1299865a721_mp4-0091_jpg.rf.19a8bad56dd7d065c1527922e628965b_aug1.jpg,aug1,affine;hsv,3
2be0c9f6-caf7-4f26-9b59-b1299865a721_mp4-0091_jpg.rf.19a8bad56dd7d065c1527922e628965b_aug2.jpg,aug2,hflip;affine;hsv;gamma=0.98,3
2be0c9f6-caf7-4f26-9b59-b1299865a721_mp4-0091_jpg.rf.19a8bad56dd7d065c1527922e628965b_aug3.jpg,aug3,dark,3
2be0c9f6-caf7-4f26-9b59-b1299865a721_mp4-0091_jpg.rf.9d077b1ddfad8976838ed34a3b86f41d.jpg,orig,,4
2be0c9f6-caf7-4f26-9b59-b1299865a721_mp4-0091_jpg.rf.9d077b1ddfad8976838ed34a3b86f41d_aug1.jpg,aug1,hflip;affine;hsv;clahe;blur=0.70,4
2be0c9f6-caf7-4f26-9b59-b1299865a721_mp4-0091_jpg.rf.9d077b1ddfad8976838ed34a3b86f41d_aug2.jpg,aug2,none,4
2be0c9f6-caf7-4f26-9b59-b1299865a721_mp4-0091_jpg.rf.9d077b1ddfad8976838ed34a3b86f41d_aug3.jpg,aug3,rain,4
2be0c9f6-caf7-4f26-9b59-b1299865a721_mp4-0092_jpg.rf.5858e35fea36c807ddcead2aa28d76a7.jpg,orig,,4
2be0c9f6-caf7-4f26-9b59-b1299865a721_mp4-0092_jpg.rf.5858e35fea36c807ddcead2aa28d76a7_aug1.jpg,aug1,affine;hsv;gamma=0.86,4
2be0c9f6-caf7-4f26-9b59-b1299865a721_mp4-0092_jpg.rf.5858e35fea36c807ddcead2aa28d76a7_aug2.jpg,aug2,hflip;affine,4
2be0c9f6-caf7-4f26-9b59-b1299865a721_mp4-0092_jpg.rf.5858e35fea36c807ddcead2aa28d76a7_aug3.jpg,aug3,rain,4
2be0c9f6-caf7-4f26-9b59-b1299865a721_mp4-0093_jpg.rf.0393d1ee80170076ea6ccfb2d410db71.jpg,orig,,4
2be0c9f6-caf7-4f26-9b59-b1299865a721_mp4-0093_jpg.rf.0393d1ee80170076ea6ccfb2d410db71_aug1.jpg,aug1,clahe,4
2be0c9f6-caf7-4f26-9b59-b1299865a721_mp4-0093_jpg.rf.0393d1ee80170076ea6ccfb2d410db71_aug2.jpg,aug2,affine;hsv,4
2be0c9f6-caf7-4f26-9b59-b1299865a721_mp4-0093_jpg.rf.0393d1ee80170076ea6ccfb2d410db71_aug3.jpg,aug3,rain,4
2be0c9f6-caf7-4f26-9b59-b1299865a721_mp4-0093_jpg.rf.b7046161cc739a7d86e7f9fdb4084557.jpg,orig,,4
2be0c9f6-caf7-4f26-9b59-b1299865a721_mp4-0093_jpg.rf.b7046161cc739a7d86e7f9fdb4084557_aug1.jpg,aug1,hflip;affine;hsv,4
2be0c9f6-caf7-4f26-9b59-b1299865a721_mp4-0093_jpg.rf.b7046161cc739a7d86e7f9fdb4084557_aug2.jpg,aug2,hflip;affine,4
2be0c9f6-caf7-4f26-9b59-b1299865a721_mp4-0093_jpg.rf.b7046161cc739a7d86e7f9fdb4084557_aug3.jpg,aug3,rain,4
2be0c9f6-caf7-4f26-9b59-b1299865a721_mp4-0094_jpg.rf.d52168d369163224bf03b4f4fc3baaa0.jpg,orig,,4
2be0c9f6-caf7-4f26-9b59-b1299865a721_mp4-0094_jpg.rf.d52168d369163224bf03b4f4fc3baaa0_aug1.jpg,aug1,none,4
2be0c9f6-caf7-4f26-9b59-b1299865a721_mp4-0094_jpg.rf.d52168d369163224bf03b4f4fc3baaa0_aug2.jpg,aug2,hsv,4
2be0c9f6-caf7-4f26-9b59-b1299865a721_mp4-0094_jpg.rf.d52168d369163224bf03b4f4fc3baaa0_aug3.jpg,aug3,rain,4
2be0c9f6-caf7-4f26-9b59-b1299865a721_mp4-0095_jpg.rf.14f7f3f4d8f9b185e423f7e74a041ea1.jpg,orig,,4
2be0c9f6-caf7-4f26-9b59-b1299865a721_mp4-0095_jpg.rf.14f7f3f4d8f9b185e423f7e74a041ea1_aug1.jpg,aug1,affine;hsv,4
2be0c9f6-caf7-4f26-9b59-b1299865a721_mp4-0095_jpg.rf.14f7f3f4d8f9b185e423f7e74a041ea1_aug2.jpg,aug2,affine;hsv;gamma=0.92;blur=0.28,4
2be0c9f6-caf7-4f26-9b59-b1299865a721_mp4-0095_jpg.rf.14f7f3f4d8f9b185e423f7e74a041ea1_aug3.jpg,aug3,dark,4
2be0c9f6-caf7-4f26-9b59-b1299865a721_mp4-0096_jpg.rf.5965731fdc85d1aee7f459faa0f38702.jpg,orig,,4
2be0c9f6-caf7-4f26-9b59-b1299865a721_mp4-0096_jpg.rf.5965731fdc85d1aee7f459faa0f38702_aug1.jpg,aug1,hsv;gamma=0.97;clahe,4
2be0c9f6-caf7-4f26-9b59-b1299865a721_mp4-0096_jpg.rf.5965731fdc85d1aee7f459faa0f38702_aug2.jpg,aug2,hsv;gamma=1.12,4
2be0c9f6-caf7-4f26-9b59-b1299865a721_mp4-0096_jpg.rf.5965731fdc85d1aee7f459faa0f38702_aug3.jpg,aug3,dark,4
2be0c9f6-caf7-4f26-9b59-b1299865a721_mp4-0097_jpg.rf.946bfeb26fa675553cff547551050a2f.jpg,orig,,4
2be0c9f6-caf7-4f26-9b59-b1299865a721_mp4-0097_jpg.rf.946bfeb26fa675553cff547551050a2f_aug1.jpg,aug1,hsv;gamma=1.00,4
2be0c9f6-caf7-4f26-9b59-b1299865a721_mp4-0097_jpg.rf.946bfeb26fa675553cff547551050a2f_aug2.jpg,aug2,hflip;affine;hsv;gamma=1.12;clahe;blur=0.11,4
2be0c9f6-caf7-4f26-9b59-b1299865a721_mp4-0097_jpg.rf.946bfeb26fa675553cff547551050a2f_aug3.jpg,aug3,dark,4
2be0c9f6-caf7-4f26-9b59-b1299865a721_mp4-0097_jpg.rf.d5d97a09ff83b403da754db39a3a2027.jpg,orig,,6
2be0c9f6-caf7-4f26-9b59-b1299865a721_mp4-0097_jpg.rf.d5d97a09ff83b403da754db39a3a2027_aug1.jpg,aug1,hflip,6
2be0c9f6-caf7-4f26-9b59-b1299865a721_mp4-0097_jpg.rf.d5d97a09ff83b403da754db39a3a2027_aug2.jpg,aug2,hflip;affine,6
2be0c9f6-caf7-4f26-9b59-b1299865a721_mp4-0097_jpg.rf.d5d97a09ff83b403da754db39a3a2027_aug3.jpg,aug3,rain,6
2be0c9f6-caf7-4f26-9b59-b1299865a721_mp4-0098_jpg.rf.404382325bff94b4f648b6833f31fa52.jpg,orig,,6
2be0c9f6-caf7-4f26-9b59-b1299865a721_mp4-0098_jpg.rf.404382325bff94b4f648b6833f31fa52_aug1.jpg,aug1,hflip;affine;hsv,6
2be0c9f6-caf7-4f26-9b59-b1299865a721_mp4-0098_jpg.rf.404382325bff94b4f648b6833f31fa52_aug2.jpg,aug2,affine;clahe,6
2be0c9f6-caf7-4f26-9b59-b1299865a721_mp4-0098_jpg.rf.404382325bff94b4f648b6833f31fa52_aug3.jpg,aug3,dark,6
2be0c9f6-caf7-4f26-9b59-b1299865a721_mp4-0098_jpg.rf.7235693a9562b35508014309a232d6b8.jpg,orig,,4
2be0c9f6-caf7-4f26-9b59-b1299865a721_mp4-0098_jpg.rf.7235693a9562b35508014309a232d6b8_aug1.jpg,aug1,hflip;affine;clahe,4
2be0c9f6-caf7-4f26-9b59-b1299865a721_mp4-0098_jpg.rf.7235693a9562b35508014309a232d6b8_aug2.jpg,aug2,affine;gamma=1.03;blur=0.56,4
2be0c9f6-caf7-4f26-9b59-b1299865a721_mp4-0098_jpg.rf.7235693a9562b35508014309a232d6b8_aug3.jpg,aug3,dark,4
2be0c9f6-caf7-4f26-9b59-b1299865a721_mp4-0099_jpg.rf.37ad81282b3da8a953e34d236bf056f3.jpg,orig,,6
2be0c9f6-caf7-4f26-9b59-b1299865a721_mp4-0099_jpg.rf.37ad81282b3da8a953e34d236bf056f3_aug1.jpg,aug1,hflip;affine;hsv;clahe;blur=0.52,6
2be0c9f6-caf7-4f26-9b59-b1299865a721_mp4-0099_jpg.rf.37ad81282b3da8a953e34d236bf056f3_aug2.jpg,aug2,hsv,6
2be0c9f6-caf7-4f26-9b59-b1299865a721_mp4-0099_jpg.rf.37ad81282b3da8a953e34d236bf056f3_aug3.jpg,aug3,dark,6
2be0c9f6-caf7-4f26-9b59-b1299865a721_mp4-0099_jpg.rf.74dad1f63f126b4284bb1e3842d5696f.jpg,orig,,5
2be0c9f6-caf7-4f26-9b59-b1299865a721_mp4-0099_jpg.rf.74dad1f63f126b4284bb1e3842d5696f_aug1.jpg,aug1,hflip;affine;hsv;clahe,5
2be0c9f6-caf7-4f26-9b59-b1299865a721_mp4-0099_jpg.rf.74dad1f63f126b4284bb1e3842d5696f_aug2.jpg,aug2,affine;gamma=1.02;clahe,5
2be0c9f6-caf7-4f26-9b59-b1299865a721_mp4-0099_jpg.rf.74dad1f63f126b4284bb1e3842d5696f_aug3.jpg,aug3,dark,5
2be0c9f6-caf7-4f26-9b59-b1299865a721_mp4-0100_jpg.rf.9303fedd8f3adeb231cc281221eb27a2.jpg,orig,,6
2be0c9f6-caf7-4f26-9b59-b1299865a721_mp4-0100_jpg.rf.9303fedd8f3adeb231cc281221eb27a2_aug1.jpg,aug1,hflip;affine;hsv;gamma=1.01;clahe;blur=0.25,6
2be0c9f6-caf7-4f26-9b59-b1299865a721_mp4-0100_jpg.rf.9303fedd8f3adeb231cc281221eb27a2_aug2.jpg,aug2,affine;hsv;blur=0.56,6
2be0c9f6-caf7-4f26-9b59-b1299865a721_mp4-0100_jpg.rf.9303fedd8f3adeb231cc281221eb27a2_aug3.jpg,aug3,rain,6
2be0c9f6-caf7-4f26-9b59-b1299865a721_mp4-0101_jpg.rf.010bd1b49391297484a734664af15c1a.jpg,orig,,6
2be0c9f6-caf7-4f26-9b59-b1299865a721_mp4-0101_jpg.rf.010bd1b49391297484a734664af15c1a_aug1.jpg,aug1,affine;hsv;clahe,6
2be0c9f6-caf7-4f26-9b59-b1299865a721_mp4-0101_jpg.rf.010bd1b49391297484a734664af15c1a_aug2.jpg,aug2,hsv;gamma=0.87,6
2be0c9f6-caf7-4f26-9b59-b1299865a721_mp4-0101_jpg.rf.010bd1b49391297484a734664af15c1a_aug3.jpg,aug3,dark,6
2be0c9f6-caf7-4f26-9b59-b1299865a721_mp4-0101_jpg.rf.499dbacbf9e412389af075a4edd5e1d2.jpg,orig,,4
2be0c9f6-caf7-4f26-9b59-b1299865a721_mp4-0101_jpg.rf.499dbacbf9e412389af075a4edd5e1d2_aug1.jpg,aug1,hflip;hsv;clahe;blur=1.00,4
2be0c9f6-caf7-4f26-9b59-b1299865a721_mp4-0101_jpg.rf.499dbacbf9e412389af075a4edd5e1d2_aug2.jpg,aug2,affine;clahe,4
2be0c9f6-caf7-4f26-9b59-b1299865a721_mp4-0101_jpg.rf.499dbacbf9e412389af075a4edd5e1d2_aug3.jpg,aug3,dark;rain,4
2be0c9f6-caf7-4f26-9b59-b1299865a721_mp4-0102_jpg.rf.b073380f8a26ace80104579ebeab35f0.jpg,orig,,4
2be0c9f6-caf7-4f26-9b59-b1299865a721_mp4-0102_jpg.rf.b073380f8a26ace80104579ebeab35f0_aug1.jpg,aug1,hflip;affine,4
2be0c9f6-caf7-4f26-9b59-b1299865a721_mp4-0102_jpg.rf.b073380f8a26ace80104579ebeab35f0_aug2.jpg,aug2,hflip;clahe,4
2be0c9f6-caf7-4f26-9b59-b1299865a721_mp4-0102_jpg.rf.b073380f8a26ace80104579ebeab35f0_aug3.jpg,aug3,dark;rain,4
2be0c9f6-caf7-4f26-9b59-b1299865a721_mp4-0102_jpg.rf.ecd4bcd725b8cdb81d7f6c8357d6abdf.jpg,orig,,4
2be0c9f6-caf7-4f26-9b59-b1299865a721_mp4-0102_jpg.rf.ecd4bcd725b8cdb81d7f6c8357d6abdf_aug1.jpg,aug1,hflip;affine;gamma=0.85,4
2be0c9f6-caf7-4f26-9b59-b1299865a721_mp4-0102_jpg.rf.ecd4bcd725b8cdb81d7f6c8357d6abdf_aug2.jpg,aug2,affine;gamma=1.05,4
2be0c9f6-caf7-4f26-9b59-b1299865a721_mp4-0102_jpg.rf.ecd4bcd725b8cdb81d7f6c8357d6abdf_aug3.jpg,aug3,dark;rain,4
2be0c9f6-caf7-4f26-9b59-b1299865a721_mp4-0103_jpg.rf.0562e3ba1c5fff96fc2b7838b01daba7.jpg,orig,,5
2be0c9f6-caf7-4f26-9b59-b1299865a721_mp4-0103_jpg.rf.0562e3ba1c5fff96fc2b7838b01daba7_aug1.jpg,aug1,hsv,5
2be0c9f6-caf7-4f26-9b59-b1299865a721_mp4-0103_jpg.rf.0562e3ba1c5fff96fc2b7838b01daba7_aug2.jpg,aug2,clahe;blur=0.73,5
2be0c9f6-caf7-4f26-9b59-b1299865a721_mp4-0103_jpg.rf.0562e3ba1c5fff96fc2b7838b01daba7_aug3.jpg,aug3,dark,5
2be0c9f6-caf7-4f26-9b59-b1299865a721_mp4-0103_jpg.rf.821177b7dd664d84327621f37d4e3931.jpg,orig,,4
2be0c9f6-caf7-4f26-9b59-b1299865a721_mp4-0103_jpg.rf.821177b7dd664d84327621f37d4e3931_aug1.jpg,aug1,hflip;affine,4
2be0c9f6-caf7-4f26-9b59-b1299865a721_mp4-0103_jpg.rf.821177b7dd664d84327621f37d4e3931_aug2.jpg,aug2,hflip;affine;hsv;blur=0.76,4
2be0c9f6-caf7-4f26-9b59-b1299865a721_mp4-0103_jpg.rf.821177b7dd664d84327621f37d4e3931_aug3.jpg,aug3,dark,4
2be0c9f6-caf7-4f26-9b59-b1299865a721_mp4-0104_jpg.rf.107e3f4db1615c84731369f29493bbec.jpg,orig,,5
2be0c9f6-caf7-4f26-9b59-b1299865a721_mp4-0104_jpg.rf.107e3f4db1615c84731369f29493bbec_aug1.jpg,aug1,hflip;affine;gamma=0.85;blur=0.33,5
2be0c9f6-caf7-4f26-9b59-b1299865a721_mp4-0104_jpg.rf.107e3f4db1615c84731369f29493bbec_aug2.jpg,aug2,hflip;hsv;gamma=1.03,5
2be0c9f6-caf7-4f26-9b59-b1299865a721_mp4-0104_jpg.rf.107e3f4db1615c84731369f29493bbec_aug3.jpg,aug3,dark,5
2be0c9f6-caf7-4f26-9b59-b1299865a721_mp4-0104_jpg.rf.abf956a75562b4e760832de1cc748630.jpg,orig,,3
2be0c9f6-caf7-4f26-9b59-b1299865a721_mp4-0104_jpg.rf.abf956a75562b4e760832de1cc748630_aug1.jpg,aug1,hsv;gamma=1.08,3
2be0c9f6-caf7-4f26-9b59-b1299865a721_mp4-0104_jpg.rf.abf956a75562b4e760832de1cc748630_aug2.jpg,aug2,hflip;affine;hsv,3
2be0c9f6-caf7-4f26-9b59-b1299865a721_mp4-0104_jpg.rf.abf956a75562b4e760832de1cc748630_aug3.jpg,aug3,dark,3
2be0c9f6-caf7-4f26-9b59-b1299865a721_mp4-0105_jpg.rf.043dd05fe4f43c76335c6ecd4c4c8fd5.jpg,orig,,4
2be0c9f6-caf7-4f26-9b59-b1299865a721_mp4-0105_jpg.rf.043dd05fe4f43c76335c6ecd4c4c8fd5_aug1.jpg,aug1,hflip;affine;hsv;clahe,4
2be0c9f6-caf7-4f26-9b59-b1299865a721_mp4-0105_jpg.rf.043dd05fe4f43c76335c6ecd4c4c8fd5_aug2.jpg,aug2,affine;hsv,4
2be0c9f6-caf7-4f26-9b59-b1299865a721_mp4-0105_jpg.rf.043dd05fe4f43c76335c6ecd4c4c8fd5_aug3.jpg,aug3,dark,4
2be0c9f6-caf7-4f26-9b59-b1299865a721_mp4-0105_jpg.rf.d7e8e596d83321002688079da0885e1a.jpg,orig,,5
2be0c9f6-caf7-4f26-9b59-b1299865a721_mp4-0105_jpg.rf.d7e8e596d83321002688079da0885e1a_aug1.jpg,aug1,hflip;affine;gamma=0.98;clahe,4
2be0c9f6-caf7-4f26-9b59-b1299865a721_mp4-0105_jpg.rf.d7e8e596d83321002688079da0885e1a_aug2.jpg,aug2,hflip;affine;clahe,4
2be0c9f6-caf7-4f26-9b59-b1299865a721_mp4-0105_jpg.rf.d7e8e596d83321002688079da0885e1a_aug3.jpg,aug3,dark;rain,5
2be0c9f6-caf7-4f26-9b59-b1299865a721_mp4-0107_jpg.rf.3c486991870da1cc84793144cb29bc56.jpg,orig,,5
2be0c9f6-caf7-4f26-9b59-b1299865a721_mp4-0107_jpg.rf.3c486991870da1cc84793144cb29bc56_aug1.jpg,aug1,hflip;affine;gamma=1.04,5
2be0c9f6-caf7-4f26-9b59-b1299865a721_mp4-0107_jpg.rf.3c486991870da1cc84793144cb29bc56_aug2.jpg,aug2,affine;hsv,5
2be0c9f6-caf7-4f26-9b59-b1299865a721_mp4-0107_jpg.rf.3c486991870da1cc84793144cb29bc56_aug3.jpg,aug3,dark,5
2be0c9f6-caf7-4f26-9b59-b1299865a721_mp4-0108_jpg.rf.fedb7acd40ca2ebf218649bfe9067b19.jpg,orig,,5
2be0c9f6-caf7-4f26-9b59-b1299865a721_mp4-0108_jpg.rf.fedb7acd40ca2ebf218649bfe9067b19_aug1.jpg,aug1,affine,5
2be0c9f6-caf7-4f26-9b59-b1299865a721_mp4-0108_jpg.rf.fedb7acd40ca2ebf218649bfe9067b19_aug2.jpg,aug2,none,5
2be0c9f6-caf7-4f26-9b59-b1299865a721_mp4-0108_jpg.rf.fedb7acd40ca2ebf218649bfe9067b19_aug3.jpg,aug3,rain,5
2be0c9f6-caf7-4f26-9b59-b1299865a721_mp4-0108_jpg.rf.ff2d42fdd5b938e3db997304e214e029.jpg,orig,,4
2be0c9f6-caf7-4f26-9b59-b1299865a721_mp4-0108_jpg.rf.ff2d42fdd5b938e3db997304e214e029_aug1.jpg,aug1,hsv;gamma=0.97;clahe,4
2be0c9f6-caf7-4f26-9b59-b1299865a721_mp4-0108_jpg.rf.ff2d42fdd5b938e3db997304e214e029_aug2.jpg,aug2,hflip;affine;hsv;gamma=1.22;blur=1.17,4
2be0c9f6-caf7-4f26-9b59-b1299865a721_mp4-0108_jpg.rf.ff2d42fdd5b938e3db997304e214e029_aug3.jpg,aug3,dark,4
2be0c9f6-caf7-4f26-9b59-b1299865a721_mp4-0109_jpg.rf.c676d9dbefa81bebcad4af03d900d796.jpg,orig,,4
2be0c9f6-caf7-4f26-9b59-b1299865a721_mp4-0109_jpg.rf.c676d9dbefa81bebcad4af03d900d796_aug1.jpg,aug1,hflip;clahe,4
2be0c9f6-caf7-4f26-9b59-b1299865a721_mp4-0109_jpg.rf.c676d9dbefa81bebcad4af03d900d796_aug2.jpg,aug2,hsv,4
2be0c9f6-caf7-4f26-9b59-b1299865a721_mp4-0109_jpg.rf.c676d9dbefa81bebcad4af03d900d796_aug3.jpg,aug3,dark,4
2be0c9f6-caf7-4f26-9b59-b1299865a721_mp4-0111_jpg.rf.8fda76131094299d7dc0b4c83780d570.jpg,orig,,4
2be0c9f6-caf7-4f26-9b59-b1299865a721_mp4-0111_jpg.rf.8fda76131094299d7dc0b4c83780d570_aug1.jpg,aug1,hsv;gamma=0.81;blur=0.70,4
2be0c9f6-caf7-4f26-9b59-b1299865a721_mp4-0111_jpg.rf.8fda76131094299d7dc0b4c83780d570_aug2.jpg,aug2,affine,4
2be0c9f6-caf7-4f26-9b59-b1299865a721_mp4-0111_jpg.rf.8fda76131094299d7dc0b4c83780d570_aug3.jpg,aug3,dark,4
2be0c9f6-caf7-4f26-9b59-b1299865a721_mp4-0113_jpg.rf.1f5e6209a180f53e4367f06b42068372.jpg,orig,,3
2be0c9f6-caf7-4f26-9b59-b1299865a721_mp4-0113_jpg.rf.1f5e6209a180f53e4367f06b42068372_aug1.jpg,aug1,hsv,3
2be0c9f6-caf7-4f26-9b59-b1299865a721_mp4-0113_jpg.rf.1f5e6209a180f53e4367f06b42068372_aug2.jpg,aug2,hflip;affine;hsv,3
2be0c9f6-caf7-4f26-9b59-b1299865a721_mp4-0113_jpg.rf.1f5e6209a180f53e4367f06b42068372_aug3.jpg,aug3,dark;rain,3
2be0c9f6-caf7-4f26-9b59-b1299865a721_mp4-0113_jpg.rf.e86474ab939ac4ea2ce8a7d1eb03199f.jpg,orig,,4
2be0c9f6-caf7-4f26-9b59-b1299865a721_mp4-0113_jpg.rf.e86474ab939ac4ea2ce8a7d1eb03199f_aug1.jpg,aug1,hflip;hsv,4
2be0c9f6-caf7-4f26-9b59-b1299865a721_mp4-0113_jpg.rf.e86474ab939ac4ea2ce8a7d1eb03199f_aug2.jpg,aug2,affine;hsv,4
2be0c9f6-caf7-4f26-9b59-b1299865a721_mp4-0113_jpg.rf.e86474ab939ac4ea2ce8a7d1eb03199f_aug3.jpg,aug3,rain,4
2be0c9f6-caf7-4f26-9b59-b1299865a721_mp4-0114_jpg.rf.090e24abec79047ba5b43e8612f40028.jpg,orig,,4
2be0c9f6-caf7-4f26-9b59-b1299865a721_mp4-0114_jpg.rf.090e24abec79047ba5b43e8612f40028_aug1.jpg,aug1,affine;gamma=1.16;clahe,4
2be0c9f6-caf7-4f26-9b59-b1299865a721_mp4-0114_jpg.rf.090e24abec79047ba5b43e8612f40028_aug2.jpg,aug2,affine;clahe,4
2be0c9f6-caf7-4f26-9b59-b1299865a721_mp4-0114_jpg.rf.090e24abec79047ba5b43e8612f40028_aug3.jpg,aug3,dark,4
2be0c9f6-caf7-4f26-9b59-b1299865a721_mp4-0116_jpg.rf.3edc6b55b2a3817ded9db14121476cae.jpg,orig,,6
2be0c9f6-caf7-4f26-9b59-b1299865a721_mp4-0116_jpg.rf.3edc6b55b2a3817ded9db14121476cae_aug1.jpg,aug1,hflip;hsv;gamma=0.86,6
2be0c9f6-caf7-4f26-9b59-b1299865a721_mp4-0116_jpg.rf.3edc6b55b2a3817ded9db14121476cae_aug2.jpg,aug2,hflip;affine;hsv;clahe,6
2be0c9f6-caf7-4f26-9b59-b1299865a721_mp4-0116_jpg.rf.3edc6b55b2a3817ded9db14121476cae_aug3.jpg,aug3,rain,6
2be0c9f6-caf7-4f26-9b59-b1299865a721_mp4-0116_jpg.rf.48b74cd3ce1cb505b485155ff66e6b37.jpg,orig,,3
2be0c9f6-caf7-4f26-9b59-b1299865a721_mp4-0116_jpg.rf.48b74cd3ce1cb505b485155ff66e6b37_aug1.jpg,aug1,affine;hsv;gamma=0.85;clahe,3
2be0c9f6-caf7-4f26-9b59-b1299865a721_mp4-0116_jpg.rf.48b74cd3ce1cb505b485155ff66e6b37_aug2.jpg,aug2,affine;gamma=0.95;clahe,3
2be0c9f6-caf7-4f26-9b59-b1299865a721_mp4-0116_jpg.rf.48b74cd3ce1cb505b485155ff66e6b37_aug3.jpg,aug3,dark,3
2be0c9f6-caf7-4f26-9b59-b1299865a721_mp4-0117_jpg.rf.6d845494bc50c16a17269e667672be26.jpg,orig,,5
2be0c9f6-caf7-4f26-9b59-b1299865a721_mp4-0117_jpg.rf.6d845494bc50c16a17269e667672be26_aug1.jpg,aug1,affine;hsv;clahe;blur=0.43,5
2be0c9f6-caf7-4f26-9b59-b1299865a721_mp4-0117_jpg.rf.6d845494bc50c16a17269e667672be26_aug2.jpg,aug2,hflip;affine,5
2be0c9f6-caf7-4f26-9b59-b1299865a721_mp4-0117_jpg.rf.6d845494bc50c16a17269e667672be26_aug3.jpg,aug3,dark;rain,5
2be0c9f6-caf7-4f26-9b59-b1299865a721_mp4-0117_jpg.rf.c53fc81296b0a8204f19980e983081b7.jpg,orig,,3
2be0c9f6-caf7-4f26-9b59-b1299865a721_mp4-0117_jpg.rf.c53fc81296b0a8204f19980e983081b7_aug1.jpg,aug1,hflip;gamma=1.15,3
2be0c9f6-caf7-4f26-9b59-b1299865a721_mp4-0117_jpg.rf.c53fc81296b0a8204f19980e983081b7_aug2.jpg,aug2,hsv;clahe,3
2be0c9f6-caf7-4f26-9b59-b1299865a721_mp4-0117_jpg.rf.c53fc81296b0a8204f19980e983081b7_aug3.jpg,aug3,rain,3
2be0c9f6-caf7-4f26-9b59-b1299865a721_mp4-0118_jpg.rf.2e524aa481faaaa39764d42f5e4b17b5.jpg,orig,,3
2be0c9f6-caf7-4f26-9b59-b1299865a721_mp4-0118_jpg.rf.2e524aa481faaaa39764d42f5e4b17b5_aug1.jpg,aug1,hflip;hsv;clahe;blur=0.68,3
2be0c9f6-caf7-4f26-9b59-b1299865a721_mp4-0118_jpg.rf.2e524aa481faaaa39764d42f5e4b17b5_aug2.jpg,aug2,hflip;affine,3
2be0c9f6-caf7-4f26-9b59-b1299865a721_mp4-0118_jpg.rf.2e524aa481faaaa39764d42f5e4b17b5_aug3.jpg,aug3,dark,3
2be0c9f6-caf7-4f26-9b59-b1299865a721_mp4-0119_jpg.rf.efffa165412bbe7b485aa80b5bc47a27.jpg,orig,,3
2be0c9f6-caf7-4f26-9b59-b1299865a721_mp4-0119_jpg.rf.efffa165412bbe7b485aa80b5bc47a27_aug1.jpg,aug1,affine;hsv;gamma=0.85;blur=0.25,3
2be0c9f6-caf7-4f26-9b59-b1299865a721_mp4-0119_jpg.rf.efffa165412bbe7b485aa80b5bc47a27_aug2.jpg,aug2,hflip;affine;hsv,3
2be0c9f6-caf7-4f26-9b59-b1299865a721_mp4-0119_jpg.rf.efffa165412bbe7b485aa80b5bc47a27_aug3.jpg,aug3,dark,3
2be0c9f6-caf7-4f26-9b59-b1299865a721_mp4-0120_jpg.rf.327d9e0c0391913a7b11ae0aff3e2d62.jpg,orig,,3
2be0c9f6-caf7-4f26-9b59-b1299865a721_mp4-0120_jpg.rf.327d9e0c0391913a7b11ae0aff3e2d62_aug1.jpg,aug1,hflip;affine;hsv;clahe,3
2be0c9f6-caf7-4f26-9b59-b1299865a721_mp4-0120_jpg.rf.327d9e0c0391913a7b11ae0aff3e2d62_aug2.jpg,aug2,hflip;hsv;blur=0.78,3
2be0c9f6-caf7-4f26-9b59-b1299865a721_mp4-0120_jpg.rf.327d9e0c0391913a7b11ae0aff3e2d62_aug3.jpg,aug3,dark,3
2be0c9f6-caf7-4f26-9b59-b1299865a721_mp4-0120_jpg.rf.d2c0e410209a7474ab2cef6851299e44.jpg,orig,,6
2be0c9f6-caf7-4f26-9b59-b1299865a721_mp4-0120_jpg.rf.d2c0e410209a7474ab2cef6851299e44_aug1.jpg,aug1,affine;hsv,5
2be0c9f6-caf7-4f26-9b59-b1299865a721_mp4-0120_jpg.rf.d2c0e410209a7474ab2cef6851299e44_aug2.jpg,aug2,clahe,6
2be0c9f6-caf7-4f26-9b59-b1299865a721_mp4-0120_jpg.rf.d2c0e410209a7474ab2cef6851299e44_aug3.jpg,aug3,rain,6
2be0c9f6-caf7-4f26-9b59-b1299865a721_mp4-0121_jpg.rf.c4ab8aa8a1d67fcfe99e2e6848bea889.jpg,orig,,3
2be0c9f6-caf7-4f26-9b59-b1299865a721_mp4-0121_jpg.rf.c4ab8aa8a1d67fcfe99e2e6848bea889_aug1.jpg,aug1,affine;hsv,3
2be0c9f6-caf7-4f26-9b59-b1299865a721_mp4-0121_jpg.rf.c4ab8aa8a1d67fcfe99e2e6848bea889_aug2.jpg,aug2,affine;gamma=1.19,3
2be0c9f6-caf7-4f26-9b59-b1299865a721_mp4-0121_jpg.rf.c4ab8aa8a1d67fcfe99e2e6848bea889_aug3.jpg,aug3,dark,3
2be0c9f6-caf7-4f26-9b59-b1299865a721_mp4-0121_jpg.rf.da78d13ff3214573b074af7e043b7648.jpg,orig,,6
2be0c9f6-caf7-4f26-9b59-b1299865a721_mp4-0121_jpg.rf.da78d13ff3214573b074af7e043b7648_aug1.jpg,aug1,gamma=0.84;blur=0.33,6
2be0c9f6-caf7-4f26-9b59-b1299865a721_mp4-0121_jpg.rf.da78d13ff3214573b074af7e043b7648_aug2.jpg,aug2,affine;hsv;gamma=0.83,6
2be0c9f6-caf7-4f26-9b59-b1299865a721_mp4-0121_jpg.rf.da78d13ff3214573b074af7e043b7648_aug3.jpg,aug3,dark,6
2be0c9f6-caf7-4f26-9b59-b1299865a721_mp4-0122_jpg.rf.b1b5d6f1d5afc88156ad36778fb81fd9.jpg,orig,,3
2be0c9f6-caf7-4f26-9b59-b1299865a721_mp4-0122_jpg.rf.b1b5d6f1d5afc88156ad36778fb81fd9_aug1.jpg,aug1,hsv;gamma=1.24,3
2be0c9f6-caf7-4f26-9b59-b1299865a721_mp4-0122_jpg.rf.b1b5d6f1d5afc88156ad36778fb81fd9_aug2.jpg,aug2,hsv;blur=0.56,3
2be0c9f6-caf7-4f26-9b59-b1299865a721_mp4-0122_jpg.rf.b1b5d6f1d5afc88156ad36778fb81fd9_aug3.jpg,aug3,dark,3
2be0c9f6-caf7-4f26-9b59-b1299865a721_mp4-0123_jpg.rf.5537ccc803dcabedfe98ff7d629dd4c7.jpg,orig,,3
2be0c9f6-caf7-4f26-9b59-b1299865a721_mp4-0123_jpg.rf.5537ccc803dcabedfe98ff7d629dd4c7_aug1.jpg,aug1,hflip;affine;hsv;gamma=0.83;blur=0.99,3
2be0c9f6-caf7-4f26-9b59-b1299865a721_mp4-0123_jpg.rf.5537ccc803dcabedfe98ff7d629dd4c7_aug2.jpg,aug2,hflip;hsv;gamma=1.21,3
2be0c9f6-caf7-4f26-9b59-b1299865a721_mp4-0123_jpg.rf.5537ccc803dcabedfe98ff7d629dd4c7_aug3.jpg,aug3,dark,3
2be0c9f6-caf7-4f26-9b59-b1299865a721_mp4-0123_jpg.rf.e31929fcd11a0ac4f02f96a11e7600d7.jpg,orig,,6
2be0c9f6-caf7-4f26-9b59-b1299865a721_mp4-0123_jpg.rf.e31929fcd11a0ac4f02f96a11e7600d7_aug1.jpg,aug1,affine,5
2be0c9f6-caf7-4f26-9b59-b1299865a721_mp4-0123_jpg.rf.e31929fcd11a0ac4f02f96a11e7600d7_aug2.jpg,aug2,clahe,6
2be0c9f6-caf7-4f26-9b59-b1299865a721_mp4-0123_jpg.rf.e31929fcd11a0ac4f02f96a11e7600d7_aug3.jpg,aug3,dark,6
2be0c9f6-caf7-4f26-9b59-b1299865a721_mp4-0124_jpg.rf.90680df2b481bcf97a04352f0b1e2adb.jpg,orig,,5
2be0c9f6-caf7-4f26-9b59-b1299865a721_mp4-0124_jpg.rf.90680df2b481bcf97a04352f0b1e2adb_aug1.jpg,aug1,affine;hsv;clahe,5
2be0c9f6-caf7-4f26-9b59-b1299865a721_mp4-0124_jpg.rf.90680df2b481bcf97a04352f0b1e2adb_aug2.jpg,aug2,affine;hsv,5
2be0c9f6-caf7-4f26-9b59-b1299865a721_mp4-0124_jpg.rf.90680df2b481bcf97a04352f0b1e2adb_aug3.jpg,aug3,rain,5
2be0c9f6-caf7-4f26-9b59-b1299865a721_mp4-0124_jpg.rf.a3bdcbf807bd9fb82779238fb738b6ba.jpg,orig,,3
2be0c9f6-caf7-4f26-9b59-b1299865a721_mp4-0124_jpg.rf.a3bdcbf807bd9fb82779238fb738b6ba_aug1.jpg,aug1,hflip;affine;hsv;blur=0.56,3
2be0c9f6-caf7-4f26-9b59-b1299865a721_mp4-0124_jpg.rf.a3bdcbf807bd9fb82779238fb738b6ba_aug2.jpg,aug2,affine;gamma=1.07;clahe,3
2be0c9f6-caf7-4f26-9b59-b1299865a721_mp4-0124_jpg.rf.a3bdcbf807bd9fb82779238fb738b6ba_aug3.jpg,aug3,dark,3
2be0c9f6-caf7-4f26-9b59-b1299865a721_mp4-0127_jpg.rf.ed711136e911be675c3f43bdff65e2e5.jpg,orig,,6
2be0c9f6-caf7-4f26-9b59-b1299865a721_mp4-0127_jpg.rf.ed711136e911be675c3f43bdff65e2e5_aug1.jpg,aug1,affine;hsv;gamma=1.14;clahe,5
2be0c9f6-caf7-4f26-9b59-b1299865a721_mp4-0127_jpg.rf.ed711136e911be675c3f43bdff65e2e5_aug2.jpg,aug2,hsv,6
2be0c9f6-caf7-4f26-9b59-b1299865a721_mp4-0127_jpg.rf.ed711136e911be675c3f43bdff65e2e5_aug3.jpg,aug3,dark,6
2be0c9f6-caf7-4f26-9b59-b1299865a721_mp4-0128_jpg.rf.128bcf3c296ceb2cd156948c4593f433.jpg,orig,,5
2be0c9f6-caf7-4f26-9b59-b1299865a721_mp4-0128_jpg.rf.128bcf3c296ceb2cd156948c4593f433_aug1.jpg,aug1,affine;hsv,5
2be0c9f6-caf7-4f26-9b59-b1299865a721_mp4-0128_jpg.rf.128bcf3c296ceb2cd156948c4593f433_aug2.jpg,aug2,hsv;clahe,5
2be0c9f6-caf7-4f26-9b59-b1299865a721_mp4-0128_jpg.rf.128bcf3c296ceb2cd156948c4593f433_aug3.jpg,aug3,dark,5
2be0c9f6-caf7-4f26-9b59-b1299865a721_mp4-0128_jpg.rf.943e735920be82cac9e9cc595ed2c266.jpg,orig,,3
2be0c9f6-caf7-4f26-9b59-b1299865a721_mp4-0128_jpg.rf.943e735920be82cac9e9cc595ed2c266_aug1.jpg,aug1,affine;gamma=1.12,3
2be0c9f6-caf7-4f26-9b59-b1299865a721_mp4-0128_jpg.rf.943e735920be82cac9e9cc595ed2c266_aug2.jpg,aug2,hflip;gamma=0.92,3
2be0c9f6-caf7-4f26-9b59-b1299865a721_mp4-0128_jpg.rf.943e735920be82cac9e9cc595ed2c266_aug3.jpg,aug3,dark,3
2be0c9f6-caf7-4f26-9b59-b1299865a721_mp4-0129_jpg.rf.a99f3b61d381322037d7d45c85ba9ad3.jpg,orig,,5
2be0c9f6-caf7-4f26-9b59-b1299865a721_mp4-0129_jpg.rf.a99f3b61d381322037d7d45c85ba9ad3_aug1.jpg,aug1,affine,5
2be0c9f6-caf7-4f26-9b59-b1299865a721_mp4-0129_jpg.rf.a99f3b61d381322037d7d45c85ba9ad3_aug2.jpg,aug2,affine;hsv;gamma=1.05,5
2be0c9f6-caf7-4f26-9b59-b1299865a721_mp4-0129_jpg.rf.a99f3b61d381322037d7d45c85ba9ad3_aug3.jpg,aug3,dark,5
2be0c9f6-caf7-4f26-9b59-b1299865a721_mp4-0130_jpg.rf.d19ad79fddd6696667e185b21ff572fe.jpg,orig,,3
2be0c9f6-caf7-4f26-9b59-b1299865a721_mp4-0130_jpg.rf.d19ad79fddd6696667e185b21ff572fe_aug1.jpg,aug1,hsv,3
2be0c9f6-caf7-4f26-9b59-b1299865a721_mp4-0130_jpg.rf.d19ad79fddd6696667e185b21ff572fe_aug2.jpg,aug2,hflip;clahe;blur=0.19,3
2be0c9f6-caf7-4f26-9b59-b1299865a721_mp4-0130_jpg.rf.d19ad79fddd6696667e185b21ff572fe_aug3.jpg,aug3,dark;rain,3
2be0c9f6-caf7-4f26-9b59-b1299865a721_mp4-0130_jpg.rf.e5bfc167b6f6cd07347e91c3a22f4161.jpg,orig,,5
2be0c9f6-caf7-4f26-9b59-b1299865a721_mp4-0130_jpg.rf.e5bfc167b6f6cd07347e91c3a22f4161_aug1.jpg,aug1,affine;hsv;gamma=1.09,5
2be0c9f6-caf7-4f26-9b59-b1299865a721_mp4-0130_jpg.rf.e5bfc167b6f6cd07347e91c3a22f4161_aug2.jpg,aug2,hflip;hsv,5
2be0c9f6-caf7-4f26-9b59-b1299865a721_mp4-0130_jpg.rf.e5bfc167b6f6cd07347e91c3a22f4161_aug3.jpg,aug3,dark;rain,5
2be0c9f6-caf7-4f26-9b59-b1299865a721_mp4-0131_jpg.rf.10465a5d496f2903f39e996c80530250.jpg,orig,,5
2be0c9f6-caf7-4f26-9b59-b1299865a721_mp4-0131_jpg.rf.10465a5d496f2903f39e996c80530250_aug1.jpg,aug1,hflip;hsv;clahe,5
2be0c9f6-caf7-4f26-9b59-b1299865a721_mp4-0131_jpg.rf.10465a5d496f2903f39e996c80530250_aug2.jpg,aug2,hflip;affine;hsv;blur=0.23,5
2be0c9f6-caf7-4f26-9b59-b1299865a721_mp4-0131_jpg.rf.10465a5d496f2903f39e996c80530250_aug3.jpg,aug3,dark,5
2be0c9f6-caf7-4f26-9b59-b1299865a721_mp4-0133_jpg.rf.261735b9eb0ce4feacdc1da04d023f79.jpg,orig,,5
2be0c9f6-caf7-4f26-9b59-b1299865a721_mp4-0133_jpg.rf.261735b9eb0ce4feacdc1da04d023f79_aug1.jpg,aug1,hflip;affine;clahe,5
2be0c9f6-caf7-4f26-9b59-b1299865a721_mp4-0133_jpg.rf.261735b9eb0ce4feacdc1da04d023f79_aug2.jpg,aug2,hflip;affine,5
2be0c9f6-caf7-4f26-9b59-b1299865a721_mp4-0133_jpg.rf.261735b9eb0ce4feacdc1da04d023f79_aug3.jpg,aug3,rain,5
2be0c9f6-caf7-4f26-9b59-b1299865a721_mp4-0133_jpg.rf.7e08b12d1fda20c61e51c84eeaae0609.jpg,orig,,3
2be0c9f6-caf7-4f26-9b59-b1299865a721_mp4-0133_jpg.rf.7e08b12d1fda20c61e51c84eeaae0609_aug1.jpg,aug1,affine;hsv;blur=0.17,3
2be0c9f6-caf7-4f26-9b59-b1299865a721_mp4-0133_jpg.rf.7e08b12d1fda20c61e51c84eeaae0609_aug2.jpg,aug2,hflip;affine;hsv,3
2be0c9f6-caf7-4f26-9b59-b1299865a721_mp4-0133_jpg.rf.7e08b12d1fda20c61e51c84eeaae0609_aug3.jpg,aug3,dark;rain,3
2be0c9f6-caf7-4f26-9b59-b1299865a721_mp4-0134_jpg.rf.f6b62b6a7a973c5f78ebe9110716fa33.jpg,orig,,5
2be0c9f6-caf7-4f26-9b59-b1299865a721_mp4-0134_jpg.rf.f6b62b6a7a973c5f78ebe9110716fa33_aug1.jpg,aug1,affine;hsv;clahe,5
2be0c9f6-caf7-4f26-9b59-b1299865a721_mp4-0134_jpg.rf.f6b62b6a7a973c5f78ebe9110716fa33_aug2.jpg,aug2,hsv;gamma=1.09;clahe,5
2be0c9f6-caf7-4f26-9b59-b1299865a721_mp4-0134_jpg.rf.f6b62b6a7a973c5f78ebe9110716fa33_aug3.jpg,aug3,dark,5
2be0c9f6-caf7-4f26-9b59-b1299865a721_mp4-0135_jpg.rf.63f681845e691ec57a811af9ac9979cb.jpg,orig,,5
2be0c9f6-caf7-4f26-9b59-b1299865a721_mp4-0135_jpg.rf.63f681845e691ec57a811af9ac9979cb_aug1.jpg,aug1,affine;clahe,5
2be0c9f6-caf7-4f26-9b59-b1299865a721_mp4-0135_jpg.rf.63f681845e691ec57a811af9ac9979cb_aug2.jpg,aug2,hflip;affine;hsv;clahe;blur=0.95,5
2be0c9f6-caf7-4f26-9b59-b1299865a721_mp4-0135_jpg.rf.63f681845e691ec57a811af9ac9979cb_aug3.jpg,aug3,dark,5
2be0c9f6-caf7-4f26-9b59-b1299865a721_mp4-0135_jpg.rf.80ad38e309c62aa5f0f8628a5de6f9ba.jpg,orig,,3
2be0c9f6-caf7-4f26-9b59-b1299865a721_mp4-0135_jpg.rf.80ad38e309c62aa5f0f8628a5de6f9ba_aug1.jpg,aug1,hsv;gamma=0.89,3
2be0c9f6-caf7-4f26-9b59-b1299865a721_mp4-0135_jpg.rf.80ad38e309c62aa5f0f8628a5de6f9ba_aug2.jpg,aug2,hflip;affine,3
2be0c9f6-caf7-4f26-9b59-b1299865a721_mp4-0135_jpg.rf.80ad38e309c62aa5f0f8628a5de6f9ba_aug3.jpg,aug3,rain,3
2be0c9f6-caf7-4f26-9b59-b1299865a721_mp4-0136_jpg.rf.e01812a9c6c7d96bdaf68b40a3d1ca87.jpg,orig,,3
2be0c9f6-caf7-4f26-9b59-b1299865a721_mp4-0136_jpg.rf.e01812a9c6c7d96bdaf68b40a3d1ca87_aug1.jpg,aug1,none,3
2be0c9f6-caf7-4f26-9b59-b1299865a721_mp4-0136_jpg.rf.e01812a9c6c7d96bdaf68b40a3d1ca87_aug2.jpg,aug2,hflip;affine;hsv,3
2be0c9f6-caf7-4f26-9b59-b1299865a721_mp4-0136_jpg.rf.e01812a9c6c7d96bdaf68b40a3d1ca87_aug3.jpg,aug3,rain,3
2be0c9f6-caf7-4f26-9b59-b1299865a721_mp4-0137_jpg.rf.25e931eb3236a8cde8bc064348ef42d7.jpg,orig,,5
2be0c9f6-caf7-4f26-9b59-b1299865a721_mp4-0137_jpg.rf.25e931eb3236a8cde8bc064348ef42d7_aug1.jpg,aug1,affine;hsv;clahe;blur=0.28,5
2be0c9f6-caf7-4f26-9b59-b1299865a721_mp4-0137_jpg.rf.25e931eb3236a8cde8bc064348ef42d7_aug2.jpg,aug2,affine;gamma=0.99,5
2be0c9f6-caf7-4f26-9b59-b1299865a721_mp4-0137_jpg.rf.25e931eb3236a8cde8bc064348ef42d7_aug3.jpg,aug3,dark,5
2be0c9f6-caf7-4f26-9b59-b1299865a721_mp4-0138_jpg.rf.2a80e6c7e4ab23535d0d2f869c2bb1bf.jpg,orig,,4
2be0c9f6-caf7-4f26-9b59-b1299865a721_mp4-0138_jpg.rf.2a80e6c7e4ab23535d0d2f869c2bb1bf_aug1.jpg,aug1,hflip;hsv;gamma=0.88,4
2be0c9f6-caf7-4f26-9b59-b1299865a721_mp4-0138_jpg.rf.2a80e6c7e4ab23535d0d2f869c2bb1bf_aug2.jpg,aug2,hflip;hsv,4
2be0c9f6-caf7-4f26-9b59-b1299865a721_mp4-0138_jpg.rf.2a80e6c7e4ab23535d0d2f869c2bb1bf_aug3.jpg,aug3,dark,4
2be0c9f6-caf7-4f26-9b59-b1299865a721_mp4-0139_jpg.rf.b3504ad029a7efc2a7dd128b70952d39.jpg,orig,,3
2be0c9f6-caf7-4f26-9b59-b1299865a721_mp4-0139_jpg.rf.b3504ad029a7efc2a7dd128b70952d39_aug1.jpg,aug1,affine;clahe,3
2be0c9f6-caf7-4f26-9b59-b1299865a721_mp4-0139_jpg.rf.b3504ad029a7efc2a7dd128b70952d39_aug2.jpg,aug2,hflip;affine,3
2be0c9f6-caf7-4f26-9b59-b1299865a721_mp4-0139_jpg.rf.b3504ad029a7efc2a7dd128b70952d39_aug3.jpg,aug3,dark,3
2be0c9f6-caf7-4f26-9b59-b1299865a721_mp4-0140_jpg.rf.4b85aa5fe29ac286f0ff09d56e86095d.jpg,orig,,5
2be0c9f6-caf7-4f26-9b59-b1299865a721_mp4-0140_jpg.rf.4b85aa5fe29ac286f0ff09d56e86095d_aug1.jpg,aug1,hflip;hsv,5
2be0c9f6-caf7-4f26-9b59-b1299865a721_mp4-0140_jpg.rf.4b85aa5fe29ac286f0ff09d56e86095d_aug2.jpg,aug2,hflip;affine;hsv;gamma=1.14,4
2be0c9f6-caf7-4f26-9b59-b1299865a721_mp4-0140_jpg.rf.4b85aa5fe29ac286f0ff09d56e86095d_aug3.jpg,aug3,dark;rain,5
2be0c9f6-caf7-4f26-9b59-b1299865a721_mp4-0140_jpg.rf.7dfd441a8c2ff7ebba301d602b85b55c.jpg,orig,,3
2be0c9f6-caf7-4f26-9b59-b1299865a721_mp4-0140_jpg.rf.7dfd441a8c2ff7ebba301d602b85b55c_aug1.jpg,aug1,hflip;gamma=0.82;clahe,3
2be0c9f6-caf7-4f26-9b59-b1299865a721_mp4-0140_jpg.rf.7dfd441a8c2ff7ebba301d602b85b55c_aug2.jpg,aug2,hflip;affine;hsv;blur=0.52,3
2be0c9f6-caf7-4f26-9b59-b1299865a721_mp4-0140_jpg.rf.7dfd441a8c2ff7ebba301d602b85b55c_aug3.jpg,aug3,rain,3
2be0c9f6-caf7-4f26-9b59-b1299865a721_mp4-0141_jpg.rf.000bbbb1aaca2b21d95064c97729d4d9.jpg,orig,,6
2be0c9f6-caf7-4f26-9b59-b1299865a721_mp4-0141_jpg.rf.000bbbb1aaca2b21d95064c97729d4d9_aug1.jpg,aug1,hsv;gamma=0.89,6
2be0c9f6-caf7-4f26-9b59-b1299865a721_mp4-0141_jpg.rf.000bbbb1aaca2b21d95064c97729d4d9_aug2.jpg,aug2,affine,5
2be0c9f6-caf7-4f26-9b59-b1299865a721_mp4-0141_jpg.rf.000bbbb1aaca2b21d95064c97729d4d9_aug3.jpg,aug3,dark;rain,6
2be0c9f6-caf7-4f26-9b59-b1299865a721_mp4-0144_jpg.rf.845ebf43a3521807d1c1f163c5820559.jpg,orig,,3
2be0c9f6-caf7-4f26-9b59-b1299865a721_mp4-0144_jpg.rf.845ebf43a3521807d1c1f163c5820559_aug1.jpg,aug1,affine;hsv;gamma=0.87,3
2be0c9f6-caf7-4f26-9b59-b1299865a721_mp4-0144_jpg.rf.845ebf43a3521807d1c1f163c5820559_aug2.jpg,aug2,hflip;affine;blur=1.10,3
2be0c9f6-caf7-4f26-9b59-b1299865a721_mp4-0144_jpg.rf.845ebf43a3521807d1c1f163c5820559_aug3.jpg,aug3,dark,3
2be0c9f6-caf7-4f26-9b59-b1299865a721_mp4-0147_jpg.rf.edb140fac52920ddf99c6a35bd182dcc.jpg,orig,,3
2be0c9f6-caf7-4f26-9b59-b1299865a721_mp4-0147_jpg.rf.edb140fac52920ddf99c6a35bd182dcc_aug1.jpg,aug1,hsv,3
2be0c9f6-caf7-4f26-9b59-b1299865a721_mp4-0147_jpg.rf.edb140fac52920ddf99c6a35bd182dcc_aug2.jpg,aug2,hsv;gamma=1.05,3
2be0c9f6-caf7-4f26-9b59-b1299865a721_mp4-0147_jpg.rf.edb140fac52920ddf99c6a35bd182dcc_aug3.jpg,aug3,dark,3
2be0c9f6-caf7-4f26-9b59-b1299865a721_mp4-0149_jpg.rf.f49aee2e3c33098828b1b8699bf96443.jpg,orig,,3
2be0c9f6-caf7-4f26-9b59-b1299865a721_mp4-0149_jpg.rf.f49aee2e3c33098828b1b8699bf96443_aug1.jpg,aug1,affine;hsv;gamma=1.08,3
2be0c9f6-caf7-4f26-9b59-b1299865a721_mp4-0149_jpg.rf.f49aee2e3c33098828b1b8699bf96443_aug2.jpg,aug2,hflip;affine;hsv,3
2be0c9f6-caf7-4f26-9b59-b1299865a721_mp4-0149_jpg.rf.f49aee2e3c33098828b1b8699bf96443_aug3.jpg,aug3,rain,3
2be0c9f6-caf7-4f26-9b59-b1299865a721_mp4-0153_jpg.rf.b10935bf0feca7c1f06ec0bcdeeb22b4.jpg,orig,,3
2be0c9f6-caf7-4f26-9b59-b1299865a721_mp4-0153_jpg.rf.b10935bf0feca7c1f06ec0bcdeeb22b4_aug1.jpg,aug1,hflip;gamma=0.96;clahe,3
2be0c9f6-caf7-4f26-9b59-b1299865a721_mp4-0153_jpg.rf.b10935bf0feca7c1f06ec0bcdeeb22b4_aug2.jpg,aug2,affine;gamma=0.85,3
2be0c9f6-caf7-4f26-9b59-b1299865a721_mp4-0153_jpg.rf.b10935bf0feca7c1f06ec0bcdeeb22b4_aug3.jpg,aug3,dark,3
2be0c9f6-caf7-4f26-9b59-b1299865a721_mp4-0155_jpg.rf.966f4e0d8f1f20c294f755de1ea01cbd.jpg,orig,,3
2be0c9f6-caf7-4f26-9b59-b1299865a721_mp4-0155_jpg.rf.966f4e0d8f1f20c294f755de1ea01cbd_aug1.jpg,aug1,affine;hsv;gamma=1.11;clahe;blur=0.30,3
2be0c9f6-caf7-4f26-9b59-b1299865a721_mp4-0155_jpg.rf.966f4e0d8f1f20c294f755de1ea01cbd_aug2.jpg,aug2,hflip;affine;gamma=0.91;clahe,3
2be0c9f6-caf7-4f26-9b59-b1299865a721_mp4-0155_jpg.rf.966f4e0d8f1f20c294f755de1ea01cbd_aug3.jpg,aug3,rain,3
2be0c9f6-caf7-4f26-9b59-b1299865a721_mp4-0156_jpg.rf.2fbf937d083a651f9dcbaafddb1ed47a.jpg,orig,,3
2be0c9f6-caf7-4f26-9b59-b1299865a721_mp4-0156_jpg.rf.2fbf937d083a651f9dcbaafddb1ed47a_aug1.jpg,aug1,hflip;affine;clahe,3
2be0c9f6-caf7-4f26-9b59-b1299865a721_mp4-0156_jpg.rf.2fbf937d083a651f9dcbaafddb1ed47a_aug2.jpg,aug2,hflip;affine;hsv;blur=0.47,3
2be0c9f6-caf7-4f26-9b59-b1299865a721_mp4-0156_jpg.rf.2fbf937d083a651f9dcbaafddb1ed47a_aug3.jpg,aug3,dark,3
2be0c9f6-caf7-4f26-9b59-b1299865a721_mp4-0157_jpg.rf.0b33caa869c130a7dcc64fe483e3018e.jpg,orig,,3
2be0c9f6-caf7-4f26-9b59-b1299865a721_mp4-0157_jpg.rf.0b33caa869c130a7dcc64fe483e3018e_aug1.jpg,aug1,affine;hsv,3
2be0c9f6-caf7-4f26-9b59-b1299865a721_mp4-0157_jpg.rf.0b33caa869c130a7dcc64fe483e3018e_aug2.jpg,aug2,hflip;affine;hsv;clahe;blur=0.46,3
2be0c9f6-caf7-4f26-9b59-b1299865a721_mp4-0157_jpg.rf.0b33caa869c130a7dcc64fe483e3018e_aug3.jpg,aug3,dark,3
2be0c9f6-caf7-4f26-9b59-b1299865a721_mp4-0159_jpg.rf.db26b3a830cd50860554a822b8356c61.jpg,orig,,3
2be0c9f6-caf7-4f26-9b59-b1299865a721_mp4-0159_jpg.rf.db26b3a830cd50860554a822b8356c61_aug1.jpg,aug1,hflip;affine;gamma=0.94,3
2be0c9f6-caf7-4f26-9b59-b1299865a721_mp4-0159_jpg.rf.db26b3a830cd50860554a822b8356c61_aug2.jpg,aug2,hflip;hsv;blur=0.87,3
2be0c9f6-caf7-4f26-9b59-b1299865a721_mp4-0159_jpg.rf.db26b3a830cd50860554a822b8356c61_aug3.jpg,aug3,dark;rain,3
2be0c9f6-caf7-4f26-9b59-b1299865a721_mp4-0161_jpg.rf.8f5ed6293b45bb22344598b509e84a6a.jpg,orig,,3
2be0c9f6-caf7-4f26-9b59-b1299865a721_mp4-0161_jpg.rf.8f5ed6293b45bb22344598b509e84a6a_aug1.jpg,aug1,hflip;affine;hsv;gamma=1.23,3
2be0c9f6-caf7-4f26-9b59-b1299865a721_mp4-0161_jpg.rf.8f5ed6293b45bb22344598b509e84a6a_aug2.jpg,aug2,hflip;affine;hsv,3
2be0c9f6-caf7-4f26-9b59-b1299865a721_mp4-0161_jpg.rf.8f5ed6293b45bb22344598b509e84a6a_aug3.jpg,aug3,dark,3
2be0c9f6-caf7-4f26-9b59-b1299865a721_mp4-0162_jpg.rf.221f3abc99ff120fae488f600b537fd5.jpg,orig,,3
2be0c9f6-caf7-4f26-9b59-b1299865a721_mp4-0162_jpg.rf.221f3abc99ff120fae488f600b537fd5_aug1.jpg,aug1,hflip;affine;hsv;gamma=1.20;clahe;blur=1.02,3
2be0c9f6-caf7-4f26-9b59-b1299865a721_mp4-0162_jpg.rf.221f3abc99ff120fae488f600b537fd5_aug2.jpg,aug2,hflip;affine;gamma=0.83,3
2be0c9f6-caf7-4f26-9b59-b1299865a721_mp4-0162_jpg.rf.221f3abc99ff120fae488f600b537fd5_aug3.jpg,aug3,rain,3
2be0c9f6-caf7-4f26-9b59-b1299865a721_mp4-0164_jpg.rf.5ca16e4664c61fe6a8f272fde9ffdf1a.jpg,orig,,3
2be0c9f6-caf7-4f26-9b59-b1299865a721_mp4-0164_jpg.rf.5ca16e4664c61fe6a8f272fde9ffdf1a_aug1.jpg,aug1,clahe,3
2be0c9f6-caf7-4f26-9b59-b1299865a721_mp4-0164_jpg.rf.5ca16e4664c61fe6a8f272fde9ffdf1a_aug2.jpg,aug2,hsv;gamma=1.06;clahe,3
2be0c9f6-caf7-4f26-9b59-b1299865a721_mp4-0164_jpg.rf.5ca16e4664c61fe6a8f272fde9ffdf1a_aug3.jpg,aug3,dark,3
2be0c9f6-caf7-4f26-9b59-b1299865a721_mp4-0166_jpg.rf.3c0fc89a7802d39586e2ae0dfdfe6bff.jpg,orig,,3
2be0c9f6-caf7-4f26-9b59-b1299865a721_mp4-0166_jpg.rf.3c0fc89a7802d39586e2ae0dfdfe6bff_aug1.jpg,aug1,hflip;affine;hsv;clahe,3
2be0c9f6-caf7-4f26-9b59-b1299865a721_mp4-0166_jpg.rf.3c0fc89a7802d39586e2ae0dfdfe6bff_aug2.jpg,aug2,hflip;affine;clahe,3
2be0c9f6-caf7-4f26-9b59-b1299865a721_mp4-0166_jpg.rf.3c0fc89a7802d39586e2ae0dfdfe6bff_aug3.jpg,aug3,rain,3
2be0c9f6-caf7-4f26-9b59-b1299865a721_mp4-0167_jpg.rf.8ef2ae93d5598c7e49cdcda032269d50.jpg,orig,,3
2be0c9f6-caf7-4f26-9b59-b1299865a721_mp4-0167_jpg.rf.8ef2ae93d5598c7e49cdcda032269d50_aug1.jpg,aug1,hflip;affine;hsv;gamma=1.19;clahe,3
2be0c9f6-caf7-4f26-9b59-b1299865a721_mp4-0167_jpg.rf.8ef2ae93d5598c7e49cdcda032269d50_aug2.jpg,aug2,gamma=1.03,3
2be0c9f6-caf7-4f26-9b59-b1299865a721_mp4-0167_jpg.rf.8ef2ae93d5598c7e49cdcda032269d50_aug3.jpg,aug3,dark,3
2be0c9f6-caf7-4f26-9b59-b1299865a721_mp4-0168_jpg.rf.1a74208ebbccff79450e3265437953f6.jpg,orig,,3
2be0c9f6-caf7-4f26-9b59-b1299865a721_mp4-0168_jpg.rf.1a74208ebbccff79450e3265437953f6_aug1.jpg,aug1,clahe;blur=0.33,3
2be0c9f6-caf7-4f26-9b59-b1299865a721_mp4-0168_jpg.rf.1a74208ebbccff79450e3265437953f6_aug2.jpg,aug2,hflip;hsv;blur=0.57,3
2be0c9f6-caf7-4f26-9b59-b1299865a721_mp4-0168_jpg.rf.1a74208ebbccff79450e3265437953f6_aug3.jpg,aug3,dark,3
2be0c9f6-caf7-4f26-9b59-b1299865a721_mp4-0169_jpg.rf.3bf49c0640cf733d6df17ec3f35f8de5.jpg,orig,,2
2be0c9f6-caf7-4f26-9b59-b1299865a721_mp4-0169_jpg.rf.3bf49c0640cf733d6df17ec3f35f8de5_aug1.jpg,aug1,none,2
2be0c9f6-caf7-4f26-9b59-b1299865a721_mp4-0169_jpg.rf.3bf49c0640cf733d6df17ec3f35f8de5_aug2.jpg,aug2,affine,2
2be0c9f6-caf7-4f26-9b59-b1299865a721_mp4-0169_jpg.rf.3bf49c0640cf733d6df17ec3f35f8de5_aug3.jpg,aug3,dark,2
2be0c9f6-caf7-4f26-9b59-b1299865a721_mp4-0171_jpg.rf.0a136648995d603d34ac120f78d9684a.jpg,orig,,3
2be0c9f6-caf7-4f26-9b59-b1299865a721_mp4-0171_jpg.rf.0a136648995d603d34ac120f78d9684a_aug1.jpg,aug1,hflip;hsv;gamma=0.88,3
2be0c9f6-caf7-4f26-9b59-b1299865a721_mp4-0171_jpg.rf.0a136648995d603d34ac120f78d9684a_aug2.jpg,aug2,affine;hsv;gamma=1.01,3
2be0c9f6-caf7-4f26-9b59-b1299865a721_mp4-0171_jpg.rf.0a136648995d603d34ac120f78d9684a_aug3.jpg,aug3,dark,3
2be0c9f6-caf7-4f26-9b59-b1299865a721_mp4-0172_jpg.rf.841ce8daa179578ffab496080e30cb3f.jpg,orig,,3
2be0c9f6-caf7-4f26-9b59-b1299865a721_mp4-0172_jpg.rf.841ce8daa179578ffab496080e30cb3f_aug1.jpg,aug1,hflip;hsv,3
2be0c9f6-caf7-4f26-9b59-b1299865a721_mp4-0172_jpg.rf.841ce8daa179578ffab496080e30cb3f_aug2.jpg,aug2,affine,3
2be0c9f6-caf7-4f26-9b59-b1299865a721_mp4-0172_jpg.rf.841ce8daa179578ffab496080e30cb3f_aug3.jpg,aug3,rain,3
4a7f29af-8d1c-4a3b-90e6-b9cf771fd1c2_mp4-0000_jpg.rf.61f70bd881d319157bacaf2ca57ddf43.jpg,orig,,2
4a7f29af-8d1c-4a3b-90e6-b9cf771fd1c2_mp4-0000_jpg.rf.61f70bd881d319157bacaf2ca57ddf43_aug1.jpg,aug1,affine;gamma=0.97;blur=0.48,2
4a7f29af-8d1c-4a3b-90e6-b9cf771fd1c2_mp4-0000_jpg.rf.61f70bd881d319157bacaf2ca57ddf43_aug2.jpg,aug2,hflip;hsv;blur=0.55,2
4a7f29af-8d1c-4a3b-90e6-b9cf771fd1c2_mp4-0000_jpg.rf.61f70bd881d319157bacaf2ca57ddf43_aug3.jpg,aug3,rain,2
4a7f29af-8d1c-4a3b-90e6-b9cf771fd1c2_mp4-0001_jpg.rf.4ae44aba5bed72000c47a4db53e3ddcf.jpg,orig,,2
4a7f29af-8d1c-4a3b-90e6-b9cf771fd1c2_mp4-0001_jpg.rf.4ae44aba5bed72000c47a4db53e3ddcf_aug1.jpg,aug1,hflip;hsv,2
4a7f29af-8d1c-4a3b-90e6-b9cf771fd1c2_mp4-0001_jpg.rf.4ae44aba5bed72000c47a4db53e3ddcf_aug2.jpg,aug2,hsv;gamma=0.96,2
4a7f29af-8d1c-4a3b-90e6-b9cf771fd1c2_mp4-0001_jpg.rf.4ae44aba5bed72000c47a4db53e3ddcf_aug3.jpg,aug3,dark;rain,2
4a7f29af-8d1c-4a3b-90e6-b9cf771fd1c2_mp4-0002_jpg.rf.0622c2b32eb9c7c04f9a95cda88897b6.jpg,orig,,2
4a7f29af-8d1c-4a3b-90e6-b9cf771fd1c2_mp4-0002_jpg.rf.0622c2b32eb9c7c04f9a95cda88897b6_aug1.jpg,aug1,hflip;affine;gamma=0.86;clahe,2
4a7f29af-8d1c-4a3b-90e6-b9cf771fd1c2_mp4-0002_jpg.rf.0622c2b32eb9c7c04f9a95cda88897b6_aug2.jpg,aug2,gamma=1.02,2
4a7f29af-8d1c-4a3b-90e6-b9cf771fd1c2_mp4-0002_jpg.rf.0622c2b32eb9c7c04f9a95cda88897b6_aug3.jpg,aug3,rain,2
4a7f29af-8d1c-4a3b-90e6-b9cf771fd1c2_mp4-0003_jpg.rf.812a67f6c93154b14505ec4e8c1334bc.jpg,orig,,2
4a7f29af-8d1c-4a3b-90e6-b9cf771fd1c2_mp4-0003_jpg.rf.812a67f6c93154b14505ec4e8c1334bc_aug1.jpg,aug1,hsv;clahe,2
4a7f29af-8d1c-4a3b-90e6-b9cf771fd1c2_mp4-0003_jpg.rf.812a67f6c93154b14505ec4e8c1334bc_aug2.jpg,aug2,hflip;affine;gamma=0.83,2
4a7f29af-8d1c-4a3b-90e6-b9cf771fd1c2_mp4-0003_jpg.rf.812a67f6c93154b14505ec4e8c1334bc_aug3.jpg,aug3,rain,2
4a7f29af-8d1c-4a3b-90e6-b9cf771fd1c2_mp4-0005_jpg.rf.4029568a13b4cefffa50c3fa306ce847.jpg,orig,,2
4a7f29af-8d1c-4a3b-90e6-b9cf771fd1c2_mp4-0005_jpg.rf.4029568a13b4cefffa50c3fa306ce847_aug1.jpg,aug1,hflip,2
4a7f29af-8d1c-4a3b-90e6-b9cf771fd1c2_mp4-0005_jpg.rf.4029568a13b4cefffa50c3fa306ce847_aug2.jpg,aug2,hflip;hsv;gamma=0.84;clahe,2
4a7f29af-8d1c-4a3b-90e6-b9cf771fd1c2_mp4-0005_jpg.rf.4029568a13b4cefffa50c3fa306ce847_aug3.jpg,aug3,dark,2
4a7f29af-8d1c-4a3b-90e6-b9cf771fd1c2_mp4-0007_jpg.rf.f9a6061547e45afbd3f1886f601d0103.jpg,orig,,3
4a7f29af-8d1c-4a3b-90e6-b9cf771fd1c2_mp4-0007_jpg.rf.f9a6061547e45afbd3f1886f601d0103_aug1.jpg,aug1,hflip;hsv,3
4a7f29af-8d1c-4a3b-90e6-b9cf771fd1c2_mp4-0007_jpg.rf.f9a6061547e45afbd3f1886f601d0103_aug2.jpg,aug2,hsv;gamma=1.22;blur=0.13,3
4a7f29af-8d1c-4a3b-90e6-b9cf771fd1c2_mp4-0007_jpg.rf.f9a6061547e45afbd3f1886f601d0103_aug3.jpg,aug3,rain,3
4a7f29af-8d1c-4a3b-90e6-b9cf771fd1c2_mp4-0008_jpg.rf.cc498e65908d010a757e52ebda8e959c.jpg,orig,,3
4a7f29af-8d1c-4a3b-90e6-b9cf771fd1c2_mp4-0008_jpg.rf.cc498e65908d010a757e52ebda8e959c_aug1.jpg,aug1,hflip;hsv,3
4a7f29af-8d1c-4a3b-90e6-b9cf771fd1c2_mp4-0008_jpg.rf.cc498e65908d010a757e52ebda8e959c_aug2.jpg,aug2,hflip;affine;clahe,3
4a7f29af-8d1c-4a3b-90e6-b9cf771fd1c2_mp4-0008_jpg.rf.cc498e65908d010a757e52ebda8e959c_aug3.jpg,aug3,rain,3
4a7f29af-8d1c-4a3b-90e6-b9cf771fd1c2_mp4-0010_jpg.rf.6c6bb2358201c2a22860891629c7318a.jpg,orig,,3
4a7f29af-8d1c-4a3b-90e6-b9cf771fd1c2_mp4-0010_jpg.rf.6c6bb2358201c2a22860891629c7318a_aug1.jpg,aug1,hflip;affine;hsv,3
4a7f29af-8d1c-4a3b-90e6-b9cf771fd1c2_mp4-0010_jpg.rf.6c6bb2358201c2a22860891629c7318a_aug2.jpg,aug2,affine,3
4a7f29af-8d1c-4a3b-90e6-b9cf771fd1c2_mp4-0010_jpg.rf.6c6bb2358201c2a22860891629c7318a_aug3.jpg,aug3,dark,3
4a7f29af-8d1c-4a3b-90e6-b9cf771fd1c2_mp4-0011_jpg.rf.4932565fa45f1bc65f059cb14172f01a.jpg,orig,,3
4a7f29af-8d1c-4a3b-90e6-b9cf771fd1c2_mp4-0011_jpg.rf.4932565fa45f1bc65f059cb14172f01a_aug1.jpg,aug1,affine;clahe,3
4a7f29af-8d1c-4a3b-90e6-b9cf771fd1c2_mp4-0011_jpg.rf.4932565fa45f1bc65f059cb14172f01a_aug2.jpg,aug2,hflip;affine;hsv;clahe,3
4a7f29af-8d1c-4a3b-90e6-b9cf771fd1c2_mp4-0011_jpg.rf.4932565fa45f1bc65f059cb14172f01a_aug3.jpg,aug3,dark,3
4a7f29af-8d1c-4a3b-90e6-b9cf771fd1c2_mp4-0012_jpg.rf.1b970aa78c26fc9366aca7e8fa449e11.jpg,orig,,3
4a7f29af-8d1c-4a3b-90e6-b9cf771fd1c2_mp4-0012_jpg.rf.1b970aa78c26fc9366aca7e8fa449e11_aug1.jpg,aug1,none,3
4a7f29af-8d1c-4a3b-90e6-b9cf771fd1c2_mp4-0012_jpg.rf.1b970aa78c26fc9366aca7e8fa449e11_aug2.jpg,aug2,hflip,3
4a7f29af-8d1c-4a3b-90e6-b9cf771fd1c2_mp4-0012_jpg.rf.1b970aa78c26fc9366aca7e8fa449e11_aug3.jpg,aug3,dark;rain,3
4a7f29af-8d1c-4a3b-90e6-b9cf771fd1c2_mp4-0015_jpg.rf.99ad5342f8d9c59ba0f3efca3cc6b2a0.jpg,orig,,3
4a7f29af-8d1c-4a3b-90e6-b9cf771fd1c2_mp4-0015_jpg.rf.99ad5342f8d9c59ba0f3efca3cc6b2a0_aug1.jpg,aug1,hflip;affine;gamma=1.15,3
4a7f29af-8d1c-4a3b-90e6-b9cf771fd1c2_mp4-0015_jpg.rf.99ad5342f8d9c59ba0f3efca3cc6b2a0_aug2.jpg,aug2,hflip;hsv;gamma=0.94;clahe,3
4a7f29af-8d1c-4a3b-90e6-b9cf771fd1c2_mp4-0015_jpg.rf.99ad5342f8d9c59ba0f3efca3cc6b2a0_aug3.jpg,aug3,dark,3
4a7f29af-8d1c-4a3b-90e6-b9cf771fd1c2_mp4-0018_jpg.rf.085d6610b2ede4488a10e91f49780db8.jpg,orig,,4
4a7f29af-8d1c-4a3b-90e6-b9cf771fd1c2_mp4-0018_jpg.rf.085d6610b2ede4488a10e91f49780db8_aug1.jpg,aug1,hflip;affine;hsv;clahe,4
4a7f29af-8d1c-4a3b-90e6-b9cf771fd1c2_mp4-0018_jpg.rf.085d6610b2ede4488a10e91f49780db8_aug2.jpg,aug2,hflip,4
4a7f29af-8d1c-4a3b-90e6-b9cf771fd1c2_mp4-0018_jpg.rf.085d6610b2ede4488a10e91f49780db8_aug3.jpg,aug3,dark,4
4a7f29af-8d1c-4a3b-90e6-b9cf771fd1c2_mp4-0019_jpg.rf.54d4cb985b60a005e5f4cee516b7c7c4.jpg,orig,,3
4a7f29af-8d1c-4a3b-90e6-b9cf771fd1c2_mp4-0019_jpg.rf.54d4cb985b60a005e5f4cee516b7c7c4_aug1.jpg,aug1,hflip;blur=0.71,3
4a7f29af-8d1c-4a3b-90e6-b9cf771fd1c2_mp4-0019_jpg.rf.54d4cb985b60a005e5f4cee516b7c7c4_aug2.jpg,aug2,hflip;hsv,3
4a7f29af-8d1c-4a3b-90e6-b9cf771fd1c2_mp4-0019_jpg.rf.54d4cb985b60a005e5f4cee516b7c7c4_aug3.jpg,aug3,dark,3
4a7f29af-8d1c-4a3b-90e6-b9cf771fd1c2_mp4-0020_jpg.rf.316be383423a8375b7e2dee583b70f07.jpg,orig,,4
4a7f29af-8d1c-4a3b-90e6-b9cf771fd1c2_mp4-0020_jpg.rf.316be383423a8375b7e2dee583b70f07_aug1.jpg,aug1,hflip;hsv;gamma=1.08;blur=0.89,4
4a7f29af-8d1c-4a3b-90e6-b9cf771fd1c2_mp4-0020_jpg.rf.316be383423a8375b7e2dee583b70f07_aug2.jpg,aug2,hflip;hsv;gamma=1.05,4
4a7f29af-8d1c-4a3b-90e6-b9cf771fd1c2_mp4-0020_jpg.rf.316be383423a8375b7e2dee583b70f07_aug3.jpg,aug3,dark;rain,4
4a7f29af-8d1c-4a3b-90e6-b9cf771fd1c2_mp4-0021_jpg.rf.93c2e2ce78eddbad8d739c27c6c83641.jpg,orig,,4
4a7f29af-8d1c-4a3b-90e6-b9cf771fd1c2_mp4-0021_jpg.rf.93c2e2ce78eddbad8d739c27c6c83641_aug1.jpg,aug1,affine;gamma=0.86,4
4a7f29af-8d1c-4a3b-90e6-b9cf771fd1c2_mp4-0021_jpg.rf.93c2e2ce78eddbad8d739c27c6c83641_aug2.jpg,aug2,affine;hsv;gamma=1.12,4
4a7f29af-8d1c-4a3b-90e6-b9cf771fd1c2_mp4-0021_jpg.rf.93c2e2ce78eddbad8d739c27c6c83641_aug3.jpg,aug3,rain,4
4a7f29af-8d1c-4a3b-90e6-b9cf771fd1c2_mp4-0022_jpg.rf.b23799f21d7703926584ba538c3b82b9.jpg,orig,,4
4a7f29af-8d1c-4a3b-90e6-b9cf771fd1c2_mp4-0022_jpg.rf.b23799f21d7703926584ba538c3b82b9_aug1.jpg,aug1,hsv;clahe,4
4a7f29af-8d1c-4a3b-90e6-b9cf771fd1c2_mp4-0022_jpg.rf.b23799f21d7703926584ba538c3b82b9_aug2.jpg,aug2,hsv;gamma=1.19,4
4a7f29af-8d1c-4a3b-90e6-b9cf771fd1c2_mp4-0022_jpg.rf.b23799f21d7703926584ba538c3b82b9_aug3.jpg,aug3,dark,4
4a7f29af-8d1c-4a3b-90e6-b9cf771fd1c2_mp4-0023_jpg.rf.0ae11d88024723a89b989f82ca56b68d.jpg,orig,,4
4a7f29af-8d1c-4a3b-90e6-b9cf771fd1c2_mp4-0023_jpg.rf.0ae11d88024723a89b989f82ca56b68d_aug1.jpg,aug1,hsv;clahe,4
4a7f29af-8d1c-4a3b-90e6-b9cf771fd1c2_mp4-0023_jpg.rf.0ae11d88024723a89b989f82ca56b68d_aug2.jpg,aug2,hflip;hsv;gamma=1.22;clahe;blur=0.21,4
4a7f29af-8d1c-4a3b-90e6-b9cf771fd1c2_mp4-0023_jpg.rf.0ae11d88024723a89b989f82ca56b68d_aug3.jpg,aug3,dark;rain,4
4a7f29af-8d1c-4a3b-90e6-b9cf771fd1c2_mp4-0024_jpg.rf.d41e32c8582986548fcdd5f693b64ca3.jpg,orig,,4
4a7f29af-8d1c-4a3b-90e6-b9cf771fd1c2_mp4-0024_jpg.rf.d41e32c8582986548fcdd5f693b64ca3_aug1.jpg,aug1,hflip;affine;clahe,4
4a7f29af-8d1c-4a3b-90e6-b9cf771fd1c2_mp4-0024_jpg.rf.d41e32c8582986548fcdd5f693b64ca3_aug2.jpg,aug2,hsv;blur=0.22,4
4a7f29af-8d1c-4a3b-90e6-b9cf771fd1c2_mp4-0024_jpg.rf.d41e32c8582986548fcdd5f693b64ca3_aug3.jpg,aug3,dark,4
4a7f29af-8d1c-4a3b-90e6-b9cf771fd1c2_mp4-0025_jpg.rf.23cac51403d12409baf1c884e52b9352.jpg,orig,,3
4a7f29af-8d1c-4a3b-90e6-b9cf771fd1c2_mp4-0025_jpg.rf.23cac51403d12409baf1c884e52b9352_aug1.jpg,aug1,hflip;affine;hsv,3
4a7f29af-8d1c-4a3b-90e6-b9cf771fd1c2_mp4-0025_jpg.rf.23cac51403d12409baf1c884e52b9352_aug2.jpg,aug2,hflip;gamma=1.20;clahe,3
4a7f29af-8d1c-4a3b-90e6-b9cf771fd1c2_mp4-0025_jpg.rf.23cac51403d12409baf1c884e52b9352_aug3.jpg,aug3,dark,3
4a7f29af-8d1c-4a3b-90e6-b9cf771fd1c2_mp4-0026_jpg.rf.442a738cddbb8c411bbc379d36cd23c7.jpg,orig,,4
4a7f29af-8d1c-4a3b-90e6-b9cf771fd1c2_mp4-0026_jpg.rf.442a738cddbb8c411bbc379d36cd23c7_aug1.jpg,aug1,hflip;affine;hsv,3
4a7f29af-8d1c-4a3b-90e6-b9cf771fd1c2_mp4-0026_jpg.rf.442a738cddbb8c411bbc379d36cd23c7_aug2.jpg,aug2,hflip;affine;hsv;gamma=0.99,4
4a7f29af-8d1c-4a3b-90e6-b9cf771fd1c2_mp4-0026_jpg.rf.442a738cddbb8c411bbc379d36cd23c7_aug3.jpg,aug3,dark,4
4a7f29af-8d1c-4a3b-90e6-b9cf771fd1c2_mp4-0027_jpg.rf.128e7defd237d1ce5a807abc6683b63a.jpg,orig,,3
4a7f29af-8d1c-4a3b-90e6-b9cf771fd1c2_mp4-0027_jpg.rf.128e7defd237d1ce5a807abc6683b63a_aug1.jpg,aug1,affine;blur=0.36,3
4a7f29af-8d1c-4a3b-90e6-b9cf771fd1c2_mp4-0027_jpg.rf.128e7defd237d1ce5a807abc6683b63a_aug2.jpg,aug2,hflip;affine;clahe;blur=0.10,3
4a7f29af-8d1c-4a3b-90e6-b9cf771fd1c2_mp4-0027_jpg.rf.128e7defd237d1ce5a807abc6683b63a_aug3.jpg,aug3,rain,3
4a7f29af-8d1c-4a3b-90e6-b9cf771fd1c2_mp4-0028_jpg.rf.ad554ae1f5377c54ecb9e1af848014f5.jpg,orig,,3
4a7f29af-8d1c-4a3b-90e6-b9cf771fd1c2_mp4-0028_jpg.rf.ad554ae1f5377c54ecb9e1af848014f5_aug1.jpg,aug1,hflip,3
4a7f29af-8d1c-4a3b-90e6-b9cf771fd1c2_mp4-0028_jpg.rf.ad554ae1f5377c54ecb9e1af848014f5_aug2.jpg,aug2,hflip;blur=0.19,3
4a7f29af-8d1c-4a3b-90e6-b9cf771fd1c2_mp4-0028_jpg.rf.ad554ae1f5377c54ecb9e1af848014f5_aug3.jpg,aug3,dark,3
4a7f29af-8d1c-4a3b-90e6-b9cf771fd1c2_mp4-0032_jpg.rf.51d947991fe6bb574941dc63b42a9b24.jpg,orig,,3
4a7f29af-8d1c-4a3b-90e6-b9cf771fd1c2_mp4-0032_jpg.rf.51d947991fe6bb574941dc63b42a9b24_aug1.jpg,aug1,hflip;affine;hsv;gamma=1.21;clahe,3
4a7f29af-8d1c-4a3b-90e6-b9cf771fd1c2_mp4-0032_jpg.rf.51d947991fe6bb574941dc63b42a9b24_aug2.jpg,aug2,affine;hsv;clahe,3
4a7f29af-8d1c-4a3b-90e6-b9cf771fd1c2_mp4-0032_jpg.rf.51d947991fe6bb574941dc63b42a9b24_aug3.jpg,aug3,rain,3
4a7f29af-8d1c-4a3b-90e6-b9cf771fd1c2_mp4-0034_jpg.rf.59a382a2021cfe94f2c1d99dbdc9dafe.jpg,orig,,5
4a7f29af-8d1c-4a3b-90e6-b9cf771fd1c2_mp4-0034_jpg.rf.59a382a2021cfe94f2c1d99dbdc9dafe_aug1.jpg,aug1,blur=0.24,5
4a7f29af-8d1c-4a3b-90e6-b9cf771fd1c2_mp4-0034_jpg.rf.59a382a2021cfe94f2c1d99dbdc9dafe_aug2.jpg,aug2,hflip;affine;blur=0.12,5
4a7f29af-8d1c-4a3b-90e6-b9cf771fd1c2_mp4-0034_jpg.rf.59a382a2021cfe94f2c1d99dbdc9dafe_aug3.jpg,aug3,rain,5
4a7f29af-8d1c-4a3b-90e6-b9cf771fd1c2_mp4-0035_jpg.rf.f95331c3a7483c6de60d64027fd8d552.jpg,orig,,5
4a7f29af-8d1c-4a3b-90e6-b9cf771fd1c2_mp4-0035_jpg.rf.f95331c3a7483c6de60d64027fd8d552_aug1.jpg,aug1,hflip;affine;hsv,5
4a7f29af-8d1c-4a3b-90e6-b9cf771fd1c2_mp4-0035_jpg.rf.f95331c3a7483c6de60d64027fd8d552_aug2.jpg,aug2,hflip;affine;hsv;gamma=1.24;clahe,5
4a7f29af-8d1c-4a3b-90e6-b9cf771fd1c2_mp4-0035_jpg.rf.f95331c3a7483c6de60d64027fd8d552_aug3.jpg,aug3,dark,5
4a7f29af-8d1c-4a3b-90e6-b9cf771fd1c2_mp4-0036_jpg.rf.1acc351b5514b36770b23799e98e9564.jpg,orig,,5
4a7f29af-8d1c-4a3b-90e6-b9cf771fd1c2_mp4-0036_jpg.rf.1acc351b5514b36770b23799e98e9564_aug1.jpg,aug1,hflip;affine;hsv,5
4a7f29af-8d1c-4a3b-90e6-b9cf771fd1c2_mp4-0036_jpg.rf.1acc351b5514b36770b23799e98e9564_aug2.jpg,aug2,hflip;affine;hsv;gamma=0.82;clahe,5
4a7f29af-8d1c-4a3b-90e6-b9cf771fd1c2_mp4-0036_jpg.rf.1acc351b5514b36770b23799e98e9564_aug3.jpg,aug3,dark;rain,5
4a7f29af-8d1c-4a3b-90e6-b9cf771fd1c2_mp4-0037_jpg.rf.e92bbc93cecc78b183ca26a334bf9304.jpg,orig,,4
4a7f29af-8d1c-4a3b-90e6-b9cf771fd1c2_mp4-0037_jpg.rf.e92bbc93cecc78b183ca26a334bf9304_aug1.jpg,aug1,hflip;affine;hsv,4
4a7f29af-8d1c-4a3b-90e6-b9cf771fd1c2_mp4-0037_jpg.rf.e92bbc93cecc78b183ca26a334bf9304_aug2.jpg,aug2,affine;hsv;clahe;blur=0.39,3
4a7f29af-8d1c-4a3b-90e6-b9cf771fd1c2_mp4-0037_jpg.rf.e92bbc93cecc78b183ca26a334bf9304_aug3.jpg,aug3,dark,4
4a7f29af-8d1c-4a3b-90e6-b9cf771fd1c2_mp4-0038_jpg.rf.04e5c1902270a9a7d71474dd6b6b9c2f.jpg,orig,,4
4a7f29af-8d1c-4a3b-90e6-b9cf771fd1c2_mp4-0038_jpg.rf.04e5c1902270a9a7d71474dd6b6b9c2f_aug1.jpg,aug1,hflip;affine;hsv;gamma=1.20,3
4a7f29af-8d1c-4a3b-90e6-b9cf771fd1c2_mp4-0038_jpg.rf.04e5c1902270a9a7d71474dd6b6b9c2f_aug2.jpg,aug2,affine;hsv,4
4a7f29af-8d1c-4a3b-90e6-b9cf771fd1c2_mp4-0038_jpg.rf.04e5c1902270a9a7d71474dd6b6b9c2f_aug3.jpg,aug3,dark,4
4a7f29af-8d1c-4a3b-90e6-b9cf771fd1c2_mp4-0039_jpg.rf.0772b5190874db6f0368465482344e70.jpg,orig,,4
4a7f29af-8d1c-4a3b-90e6-b9cf771fd1c2_mp4-0039_jpg.rf.0772b5190874db6f0368465482344e70_aug1.jpg,aug1,hflip;affine;blur=0.29,4
4a7f29af-8d1c-4a3b-90e6-b9cf771fd1c2_mp4-0039_jpg.rf.0772b5190874db6f0368465482344e70_aug2.jpg,aug2,affine;hsv;clahe;blur=1.16,4
4a7f29af-8d1c-4a3b-90e6-b9cf771fd1c2_mp4-0039_jpg.rf.0772b5190874db6f0368465482344e70_aug3.jpg,aug3,dark,4
4a7f29af-8d1c-4a3b-90e6-b9cf771fd1c2_mp4-0040_jpg.rf.f438a78be17ba3ddbebc0a398c0ac751.jpg,orig,,4
4a7f29af-8d1c-4a3b-90e6-b9cf771fd1c2_mp4-0040_jpg.rf.f438a78be17ba3ddbebc0a398c0ac751_aug1.jpg,aug1,hsv;gamma=0.91,4
4a7f29af-8d1c-4a3b-90e6-b9cf771fd1c2_mp4-0040_jpg.rf.f438a78be17ba3ddbebc0a398c0ac751_aug2.jpg,aug2,hflip;clahe;blur=0.87,4
4a7f29af-8d1c-4a3b-90e6-b9cf771fd1c2_mp4-0040_jpg.rf.f438a78be17ba3ddbebc0a398c0ac751_aug3.jpg,aug3,dark,4
4a7f29af-8d1c-4a3b-90e6-b9cf771fd1c2_mp4-0041_jpg.rf.7b314d67b7173cd2e8725a214b6a3951.jpg,orig,,4
4a7f29af-8d1c-4a3b-90e6-b9cf771fd1c2_mp4-0041_jpg.rf.7b314d67b7173cd2e8725a214b6a3951_aug1.jpg,aug1,hflip;affine;hsv;gamma=1.05,4
4a7f29af-8d1c-4a3b-90e6-b9cf771fd1c2_mp4-0041_jpg.rf.7b314d67b7173cd2e8725a214b6a3951_aug2.jpg,aug2,hflip;hsv;gamma=0.84,4
4a7f29af-8d1c-4a3b-90e6-b9cf771fd1c2_mp4-0041_jpg.rf.7b314d67b7173cd2e8725a214b6a3951_aug3.jpg,aug3,rain,4
4a7f29af-8d1c-4a3b-90e6-b9cf771fd1c2_mp4-0042_jpg.rf.c4157de8acebad6987f7701b1e30a9e9.jpg,orig,,4
4a7f29af-8d1c-4a3b-90e6-b9cf771fd1c2_mp4-0042_jpg.rf.c4157de8acebad6987f7701b1e30a9e9_aug1.jpg,aug1,hflip;affine,3
4a7f29af-8d1c-4a3b-90e6-b9cf771fd1c2_mp4-0042_jpg.rf.c4157de8acebad6987f7701b1e30a9e9_aug2.jpg,aug2,hflip;hsv,4
4a7f29af-8d1c-4a3b-90e6-b9cf771fd1c2_mp4-0042_jpg.rf.c4157de8acebad6987f7701b1e30a9e9_aug3.jpg,aug3,dark;rain,4
4a7f29af-8d1c-4a3b-90e6-b9cf771fd1c2_mp4-0045_jpg.rf.a71fe78b4ac22532fa3298b36d7b9704.jpg,orig,,4
4a7f29af-8d1c-4a3b-90e6-b9cf771fd1c2_mp4-0045_jpg.rf.a71fe78b4ac22532fa3298b36d7b9704_aug1.jpg,aug1,hflip;affine;hsv;gamma=1.07,4
4a7f29af-8d1c-4a3b-90e6-b9cf771fd1c2_mp4-0045_jpg.rf.a71fe78b4ac22532fa3298b36d7b9704_aug2.jpg,aug2,hflip;hsv;gamma=1.17;blur=1.02,4
4a7f29af-8d1c-4a3b-90e6-b9cf771fd1c2_mp4-0045_jpg.rf.a71fe78b4ac22532fa3298b36d7b9704_aug3.jpg,aug3,dark,4
4a7f29af-8d1c-4a3b-90e6-b9cf771fd1c2_mp4-0046_jpg.rf.4ec809496db8fea2dc29a2b7aad8e547.jpg,orig,,3
4a7f29af-8d1c-4a3b-90e6-b9cf771fd1c2_mp4-0046_jpg.rf.4ec809496db8fea2dc29a2b7aad8e547_aug1.jpg,aug1,hflip;gamma=1.19;blur=0.78,3
4a7f29af-8d1c-4a3b-90e6-b9cf771fd1c2_mp4-0046_jpg.rf.4ec809496db8fea2dc29a2b7aad8e547_aug2.jpg,aug2,affine;gamma=1.10;blur=0.69,3
4a7f29af-8d1c-4a3b-90e6-b9cf771fd1c2_mp4-0046_jpg.rf.4ec809496db8fea2dc29a2b7aad8e547_aug3.jpg,aug3,dark,3
5d81688a-7f52-42a4-b81d-822c2d2319a3_mp4-0000_jpg.rf.76551e5cc2427edc0804f7c5d8a2e0f4.jpg,orig,,3
5d81688a-7f52-42a4-b81d-822c2d2319a3_mp4-0000_jpg.rf.76551e5cc2427edc0804f7c5d8a2e0f4_aug1.jpg,aug1,hflip;affine;hsv;gamma=1.09,2
5d81688a-7f52-42a4-b81d-822c2d2319a3_mp4-0000_jpg.rf.76551e5cc2427edc0804f7c5d8a2e0f4_aug2.jpg,aug2,affine;hsv;gamma=1.09,3
5d81688a-7f52-42a4-b81d-822c2d2319a3_mp4-0000_jpg.rf.76551e5cc2427edc0804f7c5d8a2e0f4_aug3.jpg,aug3,dark,3
5d81688a-7f52-42a4-b81d-822c2d2319a3_mp4-0002_jpg.rf.9000cbfca1d2465a4d324e556cb94761.jpg,orig,,4
5d81688a-7f52-42a4-b81d-822c2d2319a3_mp4-0002_jpg.rf.9000cbfca1d2465a4d324e556cb94761_aug1.jpg,aug1,affine;blur=0.43,4
5d81688a-7f52-42a4-b81d-822c2d2319a3_mp4-0002_jpg.rf.9000cbfca1d2465a4d324e556cb94761_aug2.jpg,aug2,affine;clahe,3
5d81688a-7f52-42a4-b81d-822c2d2319a3_mp4-0002_jpg.rf.9000cbfca1d2465a4d324e556cb94761_aug3.jpg,aug3,rain,4
5d81688a-7f52-42a4-b81d-822c2d2319a3_mp4-0004_jpg.rf.f060697417d76985910d9a79c4e2e95c.jpg,orig,,4
5d81688a-7f52-42a4-b81d-822c2d2319a3_mp4-0004_jpg.rf.f060697417d76985910d9a79c4e2e95c_aug1.jpg,aug1,affine;gamma=0.82,3
5d81688a-7f52-42a4-b81d-822c2d2319a3_mp4-0004_jpg.rf.f060697417d76985910d9a79c4e2e95c_aug2.jpg,aug2,hflip;gamma=0.81;clahe,4
5d81688a-7f52-42a4-b81d-822c2d2319a3_mp4-0004_jpg.rf.f060697417d76985910d9a79c4e2e95c_aug3.jpg,aug3,dark,4
5d81688a-7f52-42a4-b81d-822c2d2319a3_mp4-0005_jpg.rf.4495f29d2008f5f4141085778f6497b4.jpg,orig,,4
5d81688a-7f52-42a4-b81d-822c2d2319a3_mp4-0005_jpg.rf.4495f29d2008f5f4141085778f6497b4_aug1.jpg,aug1,hsv;gamma=1.25,4
5d81688a-7f52-42a4-b81d-822c2d2319a3_mp4-0005_jpg.rf.4495f29d2008f5f4141085778f6497b4_aug2.jpg,aug2,hflip;affine;hsv;gamma=1.15;clahe,4
5d81688a-7f52-42a4-b81d-822c2d2319a3_mp4-0005_jpg.rf.4495f29d2008f5f4141085778f6497b4_aug3.jpg,aug3,dark,4
5d81688a-7f52-42a4-b81d-822c2d2319a3_mp4-0006_jpg.rf.ceb01e59e632d243d2a430d4041db494.jpg,orig,,4
5d81688a-7f52-42a4-b81d-822c2d2319a3_mp4-0006_jpg.rf.ceb01e59e632d243d2a430d4041db494_aug1.jpg,aug1,hflip;affine;hsv,4
5d81688a-7f52-42a4-b81d-822c2d2319a3_mp4-0006_jpg.rf.ceb01e59e632d243d2a430d4041db494_aug2.jpg,aug2,hflip;gamma=1.05;clahe,4
5d81688a-7f52-42a4-b81d-822c2d2319a3_mp4-0006_jpg.rf.ceb01e59e632d243d2a430d4041db494_aug3.jpg,aug3,dark,4
5d81688a-7f52-42a4-b81d-822c2d2319a3_mp4-0007_jpg.rf.89a1beaa25229823d16718a850e49f24.jpg,orig,,3
5d81688a-7f52-42a4-b81d-822c2d2319a3_mp4-0007_jpg.rf.89a1beaa25229823d16718a850e49f24_aug1.jpg,aug1,affine,3
5d81688a-7f52-42a4-b81d-822c2d2319a3_mp4-0007_jpg.rf.89a1beaa25229823d16718a850e49f24_aug2.jpg,aug2,hflip;affine;hsv;gamma=1.05,3
5d81688a-7f52-42a4-b81d-822c2d2319a3_mp4-0007_jpg.rf.89a1beaa25229823d16718a850e49f24_aug3.jpg,aug3,dark;rain,3
5d81688a-7f52-42a4-b81d-822c2d2319a3_mp4-0008_jpg.rf.9363faedcf88c32199e2155ee91f483b.jpg,orig,,3
5d81688a-7f52-42a4-b81d-822c2d2319a3_mp4-0008_jpg.rf.9363faedcf88c32199e2155ee91f483b_aug1.jpg,aug1,affine;gamma=0.86,3
5d81688a-7f52-42a4-b81d-822c2d2319a3_mp4-0008_jpg.rf.9363faedcf88c32199e2155ee91f483b_aug2.jpg,aug2,hflip;affine;hsv;gamma=1.01,3
5d81688a-7f52-42a4-b81d-822c2d2319a3_mp4-0008_jpg.rf.9363faedcf88c32199e2155ee91f483b_aug3.jpg,aug3,dark,3
5d81688a-7f52-42a4-b81d-822c2d2319a3_mp4-0010_jpg.rf.2ed1dbbf1d65af4173b5fc00d9f630cf.jpg,orig,,3
5d81688a-7f52-42a4-b81d-822c2d2319a3_mp4-0010_jpg.rf.2ed1dbbf1d65af4173b5fc00d9f630cf_aug1.jpg,aug1,hflip;affine,3
5d81688a-7f52-42a4-b81d-822c2d2319a3_mp4-0010_jpg.rf.2ed1dbbf1d65af4173b5fc00d9f630cf_aug2.jpg,aug2,hflip;hsv,3
5d81688a-7f52-42a4-b81d-822c2d2319a3_mp4-0010_jpg.rf.2ed1dbbf1d65af4173b5fc00d9f630cf_aug3.jpg,aug3,dark,3
5d81688a-7f52-42a4-b81d-822c2d2319a3_mp4-0011_jpg.rf.4c26afaf43ef534211ca5ed98c757dbc.jpg,orig,,3
5d81688a-7f52-42a4-b81d-822c2d2319a3_mp4-0011_jpg.rf.4c26afaf43ef534211ca5ed98c757dbc_aug1.jpg,aug1,hflip;affine;hsv;gamma=1.01,3
5d81688a-7f52-42a4-b81d-822c2d2319a3_mp4-0011_jpg.rf.4c26afaf43ef534211ca5ed98c757dbc_aug2.jpg,aug2,hflip;hsv;gamma=0.99;clahe;blur=0.55,3
5d81688a-7f52-42a4-b81d-822c2d2319a3_mp4-0011_jpg.rf.4c26afaf43ef534211ca5ed98c757dbc_aug3.jpg,aug3,rain,3
5d81688a-7f52-42a4-b81d-822c2d2319a3_mp4-0013_jpg.rf.0105f5b70ccf22406342118711037183.jpg,orig,,3
5d81688a-7f52-42a4-b81d-822c2d2319a3_mp4-0013_jpg.rf.0105f5b70ccf22406342118711037183_aug1.jpg,aug1,hflip;affine;hsv;clahe,3
5d81688a-7f52-42a4-b81d-822c2d2319a3_mp4-0013_jpg.rf.0105f5b70ccf22406342118711037183_aug2.jpg,aug2,hflip;affine;hsv,3
5d81688a-7f52-42a4-b81d-822c2d2319a3_mp4-0013_jpg.rf.0105f5b70ccf22406342118711037183_aug3.jpg,aug3,rain,3
5d81688a-7f52-42a4-b81d-822c2d2319a3_mp4-0014_jpg.rf.b2280777c686d49642251ee3a77a183a.jpg,orig,,2
5d81688a-7f52-42a4-b81d-822c2d2319a3_mp4-0014_jpg.rf.b2280777c686d49642251ee3a77a183a_aug1.jpg,aug1,hflip;gamma=1.15,2
5d81688a-7f52-42a4-b81d-822c2d2319a3_mp4-0014_jpg.rf.b2280777c686d49642251ee3a77a183a_aug2.jpg,aug2,hflip;affine;gamma=1.20,2
5d81688a-7f52-42a4-b81d-822c2d2319a3_mp4-0014_jpg.rf.b2280777c686d49642251ee3a77a183a_aug3.jpg,aug3,dark;rain,2
5d81688a-7f52-42a4-b81d-822c2d2319a3_mp4-0015_jpg.rf.9de4f1e4ad19362686fad40466c2dfdf.jpg,orig,,3
5d81688a-7f52-42a4-b81d-822c2d2319a3_mp4-0015_jpg.rf.9de4f1e4ad19362686fad40466c2dfdf_aug1.jpg,aug1,hsv;gamma=1.20;clahe,3
5d81688a-7f52-42a4-b81d-822c2d2319a3_mp4-0015_jpg.rf.9de4f1e4ad19362686fad40466c2dfdf_aug2.jpg,aug2,hflip;hsv;gamma=0.91;clahe,3
5d81688a-7f52-42a4-b81d-822c2d2319a3_mp4-0015_jpg.rf.9de4f1e4ad19362686fad40466c2dfdf_aug3.jpg,aug3,dark;rain,3
5d81688a-7f52-42a4-b81d-822c2d2319a3_mp4-0017_jpg.rf.993fd18bd74a412c1d9d59072d196954.jpg,orig,,3
5d81688a-7f52-42a4-b81d-822c2d2319a3_mp4-0017_jpg.rf.993fd18bd74a412c1d9d59072d196954_aug1.jpg,aug1,affine;blur=0.81,3
5d81688a-7f52-42a4-b81d-822c2d2319a3_mp4-0017_jpg.rf.993fd18bd74a412c1d9d59072d196954_aug2.jpg,aug2,hflip;hsv;blur=0.52,3
5d81688a-7f52-42a4-b81d-822c2d2319a3_mp4-0017_jpg.rf.993fd18bd74a412c1d9d59072d196954_aug3.jpg,aug3,rain,3
5d81688a-7f52-42a4-b81d-822c2d2319a3_mp4-0019_jpg.rf.f42e54b8031ccdd8ba113081865d516a.jpg,orig,,2
5d81688a-7f52-42a4-b81d-822c2d2319a3_mp4-0019_jpg.rf.f42e54b8031ccdd8ba113081865d516a_aug1.jpg,aug1,hflip;hsv,2
5d81688a-7f52-42a4-b81d-822c2d2319a3_mp4-0019_jpg.rf.f42e54b8031ccdd8ba113081865d516a_aug2.jpg,aug2,hflip;hsv;gamma=0.86;blur=0.81,2
5d81688a-7f52-42a4-b81d-822c2d2319a3_mp4-0019_jpg.rf.f42e54b8031ccdd8ba113081865d516a_aug3.jpg,aug3,dark,2
5d81688a-7f52-42a4-b81d-822c2d2319a3_mp4-0020_jpg.rf.3d45a99ba5b55c89fa3bff0a15b62c71.jpg,orig,,2
5d81688a-7f52-42a4-b81d-822c2d2319a3_mp4-0020_jpg.rf.3d45a99ba5b55c89fa3bff0a15b62c71_aug1.jpg,aug1,none,2
5d81688a-7f52-42a4-b81d-822c2d2319a3_mp4-0020_jpg.rf.3d45a99ba5b55c89fa3bff0a15b62c71_aug2.jpg,aug2,hflip;affine;clahe,2
5d81688a-7f52-42a4-b81d-822c2d2319a3_mp4-0020_jpg.rf.3d45a99ba5b55c89fa3bff0a15b62c71_aug3.jpg,aug3,rain,2
6f40fbbd-891e-434b-a1ec-365668a5ae66_mp4-0019_jpg.rf.67467d461ce67785fded46e756ab65f3.jpg,orig,,3
6f40fbbd-891e-434b-a1ec-365668a5ae66_mp4-0019_jpg.rf.67467d461ce67785fded46e756ab65f3_aug1.jpg,aug1,hsv;gamma=0.82,3
6f40fbbd-891e-434b-a1ec-365668a5ae66_mp4-0019_jpg.rf.67467d461ce67785fded46e756ab65f3_aug2.jpg,aug2,clahe,3
6f40fbbd-891e-434b-a1ec-365668a5ae66_mp4-0019_jpg.rf.67467d461ce67785fded46e756ab65f3_aug3.jpg,aug3,dark,3
6f40fbbd-891e-434b-a1ec-365668a5ae66_mp4-0020_jpg.rf.daa7a449a82f04caea62a9098b374f1f.jpg,orig,,2
6f40fbbd-891e-434b-a1ec-365668a5ae66_mp4-0020_jpg.rf.daa7a449a82f04caea62a9098b374f1f_aug1.jpg,aug1,affine;blur=0.77,2
6f40fbbd-891e-434b-a1ec-365668a5ae66_mp4-0020_jpg.rf.daa7a449a82f04caea62a9098b374f1f_aug2.jpg,aug2,hflip;affine;hsv,2
6f40fbbd-891e-434b-a1ec-365668a5ae66_mp4-0020_jpg.rf.daa7a449a82f04caea62a9098b374f1f_aug3.jpg,aug3,rain,2
6f40fbbd-891e-434b-a1ec-365668a5ae66_mp4-0021_jpg.rf.47250fc945f51b6b8f403647b2c44be9.jpg,orig,,1
6f40fbbd-891e-434b-a1ec-365668a5ae66_mp4-0021_jpg.rf.47250fc945f51b6b8f403647b2c44be9_aug1.jpg,aug1,hflip;affine,1
6f40fbbd-891e-434b-a1ec-365668a5ae66_mp4-0021_jpg.rf.47250fc945f51b6b8f403647b2c44be9_aug2.jpg,aug2,hsv;gamma=1.13,1
6f40fbbd-891e-434b-a1ec-365668a5ae66_mp4-0021_jpg.rf.47250fc945f51b6b8f403647b2c44be9_aug3.jpg,aug3,rain,1
6f40fbbd-891e-434b-a1ec-365668a5ae66_mp4-0023_jpg.rf.f931e0becf05deb4411ca3e6e2770b07.jpg,orig,,4
6f40fbbd-891e-434b-a1ec-365668a5ae66_mp4-0023_jpg.rf.f931e0becf05deb4411ca3e6e2770b07_aug1.jpg,aug1,affine;hsv,4
6f40fbbd-891e-434b-a1ec-365668a5ae66_mp4-0023_jpg.rf.f931e0becf05deb4411ca3e6e2770b07_aug2.jpg,aug2,hflip;gamma=1.17;clahe,4
6f40fbbd-891e-434b-a1ec-365668a5ae66_mp4-0023_jpg.rf.f931e0becf05deb4411ca3e6e2770b07_aug3.jpg,aug3,dark,4
6f40fbbd-891e-434b-a1ec-365668a5ae66_mp4-0025_jpg.rf.34fbaa7814d4e29abbb352f6231501d1.jpg,orig,,5
6f40fbbd-891e-434b-a1ec-365668a5ae66_mp4-0025_jpg.rf.34fbaa7814d4e29abbb352f6231501d1_aug1.jpg,aug1,clahe;blur=1.19,5
6f40fbbd-891e-434b-a1ec-365668a5ae66_mp4-0025_jpg.rf.34fbaa7814d4e29abbb352f6231501d1_aug2.jpg,aug2,hflip;hsv,5
6f40fbbd-891e-434b-a1ec-365668a5ae66_mp4-0025_jpg.rf.34fbaa7814d4e29abbb352f6231501d1_aug3.jpg,aug3,rain,5
6f40fbbd-891e-434b-a1ec-365668a5ae66_mp4-0026_jpg.rf.38978c62f627fa74eae593503daeca83.jpg,orig,,3
6f40fbbd-891e-434b-a1ec-365668a5ae66_mp4-0026_jpg.rf.38978c62f627fa74eae593503daeca83_aug1.jpg,aug1,hflip;hsv;gamma=1.09;blur=0.15,3
6f40fbbd-891e-434b-a1ec-365668a5ae66_mp4-0026_jpg.rf.38978c62f627fa74eae593503daeca83_aug2.jpg,aug2,hflip;affine,3
6f40fbbd-891e-434b-a1ec-365668a5ae66_mp4-0026_jpg.rf.38978c62f627fa74eae593503daeca83_aug3.jpg,aug3,dark;rain,3
6f40fbbd-891e-434b-a1ec-365668a5ae66_mp4-0029_jpg.rf.0a2cb430b008a99e3d1679f8ed6c0187.jpg,orig,,5
6f40fbbd-891e-434b-a1ec-365668a5ae66_mp4-0029_jpg.rf.0a2cb430b008a99e3d1679f8ed6c0187_aug1.jpg,aug1,hflip;hsv,5
6f40fbbd-891e-434b-a1ec-365668a5ae66_mp4-0029_jpg.rf.0a2cb430b008a99e3d1679f8ed6c0187_aug2.jpg,aug2,affine;gamma=1.01;clahe,5
6f40fbbd-891e-434b-a1ec-365668a5ae66_mp4-0029_jpg.rf.0a2cb430b008a99e3d1679f8ed6c0187_aug3.jpg,aug3,dark;rain,5
6f40fbbd-891e-434b-a1ec-365668a5ae66_mp4-0030_jpg.rf.6a4e498bf035c0effcf652bd54c67e4a.jpg,orig,,5
6f40fbbd-891e-434b-a1ec-365668a5ae66_mp4-0030_jpg.rf.6a4e498bf035c0effcf652bd54c67e4a_aug1.jpg,aug1,hflip;hsv;clahe,5
6f40fbbd-891e-434b-a1ec-365668a5ae66_mp4-0030_jpg.rf.6a4e498bf035c0effcf652bd54c67e4a_aug2.jpg,aug2,hflip;affine,5
6f40fbbd-891e-434b-a1ec-365668a5ae66_mp4-0030_jpg.rf.6a4e498bf035c0effcf652bd54c67e4a_aug3.jpg,aug3,dark,5
6f40fbbd-891e-434b-a1ec-365668a5ae66_mp4-0031_jpg.rf.6f2766a0c200c280be7e038035404a5c.jpg,orig,,5
6f40fbbd-891e-434b-a1ec-365668a5ae66_mp4-0031_jpg.rf.6f2766a0c200c280be7e038035404a5c_aug1.jpg,aug1,affine;hsv;clahe,5
6f40fbbd-891e-434b-a1ec-365668a5ae66_mp4-0031_jpg.rf.6f2766a0c200c280be7e038035404a5c_aug2.jpg,aug2,hflip;hsv,5
6f40fbbd-891e-434b-a1ec-365668a5ae66_mp4-0031_jpg.rf.6f2766a0c200c280be7e038035404a5c_aug3.jpg,aug3,rain,5
6f40fbbd-891e-434b-a1ec-365668a5ae66_mp4-0033_jpg.rf.76e9f1748d45c32cde80ab02632f0fa9.jpg,orig,,4
6f40fbbd-891e-434b-a1ec-365668a5ae66_mp4-0033_jpg.rf.76e9f1748d45c32cde80ab02632f0fa9_aug1.jpg,aug1,affine;hsv;clahe,4
6f40fbbd-891e-434b-a1ec-365668a5ae66_mp4-0033_jpg.rf.76e9f1748d45c32cde80ab02632f0fa9_aug2.jpg,aug2,clahe,4
6f40fbbd-891e-434b-a1ec-365668a5ae66_mp4-0033_jpg.rf.76e9f1748d45c32cde80ab02632f0fa9_aug3.jpg,aug3,rain,4
6f40fbbd-891e-434b-a1ec-365668a5ae66_mp4-0034_jpg.rf.4cee857cad3d31117219cb2284c214df.jpg,orig,,4
6f40fbbd-891e-434b-a1ec-365668a5ae66_mp4-0034_jpg.rf.4cee857cad3d31117219cb2284c214df_aug1.jpg,aug1,blur=0.19,4
6f40fbbd-891e-434b-a1ec-365668a5ae66_mp4-0034_jpg.rf.4cee857cad3d31117219cb2284c214df_aug2.jpg,aug2,hflip;hsv,4
6f40fbbd-891e-434b-a1ec-365668a5ae66_mp4-0034_jpg.rf.4cee857cad3d31117219cb2284c214df_aug3.jpg,aug3,dark,4
6f40fbbd-891e-434b-a1ec-365668a5ae66_mp4-0035_jpg.rf.e91d7872f5c0577472bb4caeb599d9b3.jpg,orig,,3
6f40fbbd-891e-434b-a1ec-365668a5ae66_mp4-0035_jpg.rf.e91d7872f5c0577472bb4caeb599d9b3_aug1.jpg,aug1,hflip;affine;gamma=0.97;clahe,3
6f40fbbd-891e-434b-a1ec-365668a5ae66_mp4-0035_jpg.rf.e91d7872f5c0577472bb4caeb599d9b3_aug2.jpg,aug2,affine;hsv,3
6f40fbbd-891e-434b-a1ec-365668a5ae66_mp4-0035_jpg.rf.e91d7872f5c0577472bb4caeb599d9b3_aug3.jpg,aug3,dark;rain,3
6f40fbbd-891e-434b-a1ec-365668a5ae66_mp4-0036_jpg.rf.7c20c7b91f239afa40aea5a64d92bb71.jpg,orig,,3
6f40fbbd-891e-434b-a1ec-365668a5ae66_mp4-0036_jpg.rf.7c20c7b91f239afa40aea5a64d92bb71_aug1.jpg,aug1,hflip;affine;gamma=1.14,3
6f40fbbd-891e-434b-a1ec-365668a5ae66_mp4-0036_jpg.rf.7c20c7b91f239afa40aea5a64d92bb71_aug2.jpg,aug2,hflip;affine;hsv,3
6f40fbbd-891e-434b-a1ec-365668a5ae66_mp4-0036_jpg.rf.7c20c7b91f239afa40aea5a64d92bb71_aug3.jpg,aug3,dark;rain,3
6f40fbbd-891e-434b-a1ec-365668a5ae66_mp4-0037_jpg.rf.ced76ca9b54ca7e4a8c44b7eff4f569d.jpg,orig,,2
6f40fbbd-891e-434b-a1ec-365668a5ae66_mp4-0037_jpg.rf.ced76ca9b54ca7e4a8c44b7eff4f569d_aug1.jpg,aug1,hsv,2
6f40fbbd-891e-434b-a1ec-365668a5ae66_mp4-0037_jpg.rf.ced76ca9b54ca7e4a8c44b7eff4f569d_aug2.jpg,aug2,hsv;gamma=1.18;clahe,2
6f40fbbd-891e-434b-a1ec-365668a5ae66_mp4-0037_jpg.rf.ced76ca9b54ca7e4a8c44b7eff4f569d_aug3.jpg,aug3,dark;rain,2
6f40fbbd-891e-434b-a1ec-365668a5ae66_mp4-0038_jpg.rf.7ade8b8402b3797dec8432781d8e06d9.jpg,orig,,3
6f40fbbd-891e-434b-a1ec-365668a5ae66_mp4-0038_jpg.rf.7ade8b8402b3797dec8432781d8e06d9_aug1.jpg,aug1,hflip;affine;hsv;gamma=0.97,3
6f40fbbd-891e-434b-a1ec-365668a5ae66_mp4-0038_jpg.rf.7ade8b8402b3797dec8432781d8e06d9_aug2.jpg,aug2,hflip;affine,3
6f40fbbd-891e-434b-a1ec-365668a5ae66_mp4-0038_jpg.rf.7ade8b8402b3797dec8432781d8e06d9_aug3.jpg,aug3,dark,3
6f40fbbd-891e-434b-a1ec-365668a5ae66_mp4-0039_jpg.rf.d18816f4cf811210cdc8736dc696965b.jpg,orig,,3
6f40fbbd-891e-434b-a1ec-365668a5ae66_mp4-0039_jpg.rf.d18816f4cf811210cdc8736dc696965b_aug1.jpg,aug1,hflip,3
6f40fbbd-891e-434b-a1ec-365668a5ae66_mp4-0039_jpg.rf.d18816f4cf811210cdc8736dc696965b_aug2.jpg,aug2,hflip;affine,3
6f40fbbd-891e-434b-a1ec-365668a5ae66_mp4-0039_jpg.rf.d18816f4cf811210cdc8736dc696965b_aug3.jpg,aug3,dark,3
6f40fbbd-891e-434b-a1ec-365668a5ae66_mp4-0040_jpg.rf.5383ffa84007b489fff44eef2f5a8f25.jpg,orig,,3
6f40fbbd-891e-434b-a1ec-365668a5ae66_mp4-0040_jpg.rf.5383ffa84007b489fff44eef2f5a8f25_aug1.jpg,aug1,affine;gamma=0.83,3
6f40fbbd-891e-434b-a1ec-365668a5ae66_mp4-0040_jpg.rf.5383ffa84007b489fff44eef2f5a8f25_aug2.jpg,aug2,affine;hsv;gamma=1.19,3
6f40fbbd-891e-434b-a1ec-365668a5ae66_mp4-0040_jpg.rf.5383ffa84007b489fff44eef2f5a8f25_aug3.jpg,aug3,rain,3
6f40fbbd-891e-434b-a1ec-365668a5ae66_mp4-0041_jpg.rf.aaeac167e8d2500845e817fff25ca4bd.jpg,orig,,3
6f40fbbd-891e-434b-a1ec-365668a5ae66_mp4-0041_jpg.rf.aaeac167e8d2500845e817fff25ca4bd_aug1.jpg,aug1,hflip;affine;hsv;blur=0.63,3
6f40fbbd-891e-434b-a1ec-365668a5ae66_mp4-0041_jpg.rf.aaeac167e8d2500845e817fff25ca4bd_aug2.jpg,aug2,hflip;hsv;gamma=0.92,3
6f40fbbd-891e-434b-a1ec-365668a5ae66_mp4-0041_jpg.rf.aaeac167e8d2500845e817fff25ca4bd_aug3.jpg,aug3,rain,3
6f40fbbd-891e-434b-a1ec-365668a5ae66_mp4-0043_jpg.rf.042bc0ed99d93a91d176926d06fce138.jpg,orig,,3
6f40fbbd-891e-434b-a1ec-365668a5ae66_mp4-0043_jpg.rf.042bc0ed99d93a91d176926d06fce138_aug1.jpg,aug1,hflip;affine;clahe,3
6f40fbbd-891e-434b-a1ec-365668a5ae66_mp4-0043_jpg.rf.042bc0ed99d93a91d176926d06fce138_aug2.jpg,aug2,affine,2
6f40fbbd-891e-434b-a1ec-365668a5ae66_mp4-0043_jpg.rf.042bc0ed99d93a91d176926d06fce138_aug3.jpg,aug3,dark,3
6f40fbbd-891e-434b-a1ec-365668a5ae66_mp4-0044_jpg.rf.c83f54d20d9163951235283fc9ca78ac.jpg,orig,,3
6f40fbbd-891e-434b-a1ec-365668a5ae66_mp4-0044_jpg.rf.c83f54d20d9163951235283fc9ca78ac_aug1.jpg,aug1,hflip;gamma=1.24;clahe,3
6f40fbbd-891e-434b-a1ec-365668a5ae66_mp4-0044_jpg.rf.c83f54d20d9163951235283fc9ca78ac_aug2.jpg,aug2,hflip;affine;hsv;clahe,3
6f40fbbd-891e-434b-a1ec-365668a5ae66_mp4-0044_jpg.rf.c83f54d20d9163951235283fc9ca78ac_aug3.jpg,aug3,rain,3
6f40fbbd-891e-434b-a1ec-365668a5ae66_mp4-0047_jpg.rf.8f713fbf96978090cb826bd0f7be3392.jpg,orig,,4
6f40fbbd-891e-434b-a1ec-365668a5ae66_mp4-0047_jpg.rf.8f713fbf96978090cb826bd0f7be3392_aug1.jpg,aug1,gamma=1.22,4
6f40fbbd-891e-434b-a1ec-365668a5ae66_mp4-0047_jpg.rf.8f713fbf96978090cb826bd0f7be3392_aug2.jpg,aug2,hsv,4
6f40fbbd-891e-434b-a1ec-365668a5ae66_mp4-0047_jpg.rf.8f713fbf96978090cb826bd0f7be3392_aug3.jpg,aug3,rain,4
6f40fbbd-891e-434b-a1ec-365668a5ae66_mp4-0048_jpg.rf.a5505d17ed6a669e22b0cabae5c8e22a.jpg,orig,,3
6f40fbbd-891e-434b-a1ec-365668a5ae66_mp4-0048_jpg.rf.a5505d17ed6a669e22b0cabae5c8e22a_aug1.jpg,aug1,affine;gamma=1.23,3
6f40fbbd-891e-434b-a1ec-365668a5ae66_mp4-0048_jpg.rf.a5505d17ed6a669e22b0cabae5c8e22a_aug2.jpg,aug2,affine;clahe,3
6f40fbbd-891e-434b-a1ec-365668a5ae66_mp4-0048_jpg.rf.a5505d17ed6a669e22b0cabae5c8e22a_aug3.jpg,aug3,dark,3
6f40fbbd-891e-434b-a1ec-365668a5ae66_mp4-0049_jpg.rf.259cc9769ea8b554acc1ad962545b526.jpg,orig,,3
6f40fbbd-891e-434b-a1ec-365668a5ae66_mp4-0049_jpg.rf.259cc9769ea8b554acc1ad962545b526_aug1.jpg,aug1,hflip;affine;hsv;clahe,3
6f40fbbd-891e-434b-a1ec-365668a5ae66_mp4-0049_jpg.rf.259cc9769ea8b554acc1ad962545b526_aug2.jpg,aug2,affine;hsv,3
6f40fbbd-891e-434b-a1ec-365668a5ae66_mp4-0049_jpg.rf.259cc9769ea8b554acc1ad962545b526_aug3.jpg,aug3,dark,3
6f40fbbd-891e-434b-a1ec-365668a5ae66_mp4-0051_jpg.rf.a97878591d42f5e1770c0cc83bfca866.jpg,orig,,3
6f40fbbd-891e-434b-a1ec-365668a5ae66_mp4-0051_jpg.rf.a97878591d42f5e1770c0cc83bfca866_aug1.jpg,aug1,hflip;affine;hsv,3
6f40fbbd-891e-434b-a1ec-365668a5ae66_mp4-0051_jpg.rf.a97878591d42f5e1770c0cc83bfca866_aug2.jpg,aug2,hflip;affine;hsv;gamma=1.12;clahe,3
6f40fbbd-891e-434b-a1ec-365668a5ae66_mp4-0051_jpg.rf.a97878591d42f5e1770c0cc83bfca866_aug3.jpg,aug3,rain,3
6f40fbbd-891e-434b-a1ec-365668a5ae66_mp4-0052_jpg.rf.7b536d7298926b73b87c60fdc3e5662e.jpg,orig,,2
6f40fbbd-891e-434b-a1ec-365668a5ae66_mp4-0052_jpg.rf.7b536d7298926b73b87c60fdc3e5662e_aug1.jpg,aug1,gamma=1.13;blur=0.73,2
6f40fbbd-891e-434b-a1ec-365668a5ae66_mp4-0052_jpg.rf.7b536d7298926b73b87c60fdc3e5662e_aug2.jpg,aug2,affine;blur=0.67,2
6f40fbbd-891e-434b-a1ec-365668a5ae66_mp4-0052_jpg.rf.7b536d7298926b73b87c60fdc3e5662e_aug3.jpg,aug3,dark,2
6f40fbbd-891e-434b-a1ec-365668a5ae66_mp4-0053_jpg.rf.593540f59576b78a065c4a769636a70e.jpg,orig,,2
6f40fbbd-891e-434b-a1ec-365668a5ae66_mp4-0053_jpg.rf.593540f59576b78a065c4a769636a70e_aug1.jpg,aug1,hflip;affine;hsv;clahe,2
6f40fbbd-891e-434b-a1ec-365668a5ae66_mp4-0053_jpg.rf.593540f59576b78a065c4a769636a70e_aug2.jpg,aug2,affine;hsv;clahe,1
6f40fbbd-891e-434b-a1ec-365668a5ae66_mp4-0053_jpg.rf.593540f59576b78a065c4a769636a70e_aug3.jpg,aug3,dark,2
6f40fbbd-891e-434b-a1ec-365668a5ae66_mp4-0055_jpg.rf.d20801bde4cd8f7f1051335a06324bc3.jpg,orig,,2
6f40fbbd-891e-434b-a1ec-365668a5ae66_mp4-0055_jpg.rf.d20801bde4cd8f7f1051335a06324bc3_aug1.jpg,aug1,affine;hsv,2
6f40fbbd-891e-434b-a1ec-365668a5ae66_mp4-0055_jpg.rf.d20801bde4cd8f7f1051335a06324bc3_aug2.jpg,aug2,affine;hsv,2
6f40fbbd-891e-434b-a1ec-365668a5ae66_mp4-0055_jpg.rf.d20801bde4cd8f7f1051335a06324bc3_aug3.jpg,aug3,rain,2
6f40fbbd-891e-434b-a1ec-365668a5ae66_mp4-0056_jpg.rf.21bd23da35044f9815eee9e9ef3e87d1.jpg,orig,,2
6f40fbbd-891e-434b-a1ec-365668a5ae66_mp4-0056_jpg.rf.21bd23da35044f9815eee9e9ef3e87d1_aug1.jpg,aug1,affine;hsv;clahe,2
6f40fbbd-891e-434b-a1ec-365668a5ae66_mp4-0056_jpg.rf.21bd23da35044f9815eee9e9ef3e87d1_aug2.jpg,aug2,hflip;gamma=1.04,2
6f40fbbd-891e-434b-a1ec-365668a5ae66_mp4-0056_jpg.rf.21bd23da35044f9815eee9e9ef3e87d1_aug3.jpg,aug3,rain,2
6f40fbbd-891e-434b-a1ec-365668a5ae66_mp4-0057_jpg.rf.c78b918ef493cb73e07ad6877888d605.jpg,orig,,2
6f40fbbd-891e-434b-a1ec-365668a5ae66_mp4-0057_jpg.rf.c78b918ef493cb73e07ad6877888d605_aug1.jpg,aug1,hflip;affine;hsv;clahe,2
6f40fbbd-891e-434b-a1ec-365668a5ae66_mp4-0057_jpg.rf.c78b918ef493cb73e07ad6877888d605_aug2.jpg,aug2,affine;clahe,2
6f40fbbd-891e-434b-a1ec-365668a5ae66_mp4-0057_jpg.rf.c78b918ef493cb73e07ad6877888d605_aug3.jpg,aug3,dark,2
6f40fbbd-891e-434b-a1ec-365668a5ae66_mp4-0058_jpg.rf.0873c208e1f9e4073fda6a56a6683fae.jpg,orig,,2
6f40fbbd-891e-434b-a1ec-365668a5ae66_mp4-0058_jpg.rf.0873c208e1f9e4073fda6a56a6683fae_aug1.jpg,aug1,hsv,2
6f40fbbd-891e-434b-a1ec-365668a5ae66_mp4-0058_jpg.rf.0873c208e1f9e4073fda6a56a6683fae_aug2.jpg,aug2,affine;hsv;gamma=1.08;clahe;blur=0.99,2
6f40fbbd-891e-434b-a1ec-365668a5ae66_mp4-0058_jpg.rf.0873c208e1f9e4073fda6a56a6683fae_aug3.jpg,aug3,dark;rain,2
6f40fbbd-891e-434b-a1ec-365668a5ae66_mp4-0060_jpg.rf.8946390dd3aabee807b652eec0b5cfdc.jpg,orig,,2
6f40fbbd-891e-434b-a1ec-365668a5ae66_mp4-0060_jpg.rf.8946390dd3aabee807b652eec0b5cfdc_aug1.jpg,aug1,hflip;affine;gamma=1.13;clahe;blur=0.83,1
6f40fbbd-891e-434b-a1ec-365668a5ae66_mp4-0060_jpg.rf.8946390dd3aabee807b652eec0b5cfdc_aug2.jpg,aug2,affine;gamma=1.24,1
6f40fbbd-891e-434b-a1ec-365668a5ae66_mp4-0060_jpg.rf.8946390dd3aabee807b652eec0b5cfdc_aug3.jpg,aug3,dark,2
6f40fbbd-891e-434b-a1ec-365668a5ae66_mp4-0061_jpg.rf.a9ff766070b2c4159ad65b8490bdc767.jpg,orig,,2
6f40fbbd-891e-434b-a1ec-365668a5ae66_mp4-0061_jpg.rf.a9ff766070b2c4159ad65b8490bdc767_aug1.jpg,aug1,affine;hsv,2
6f40fbbd-891e-434b-a1ec-365668a5ae66_mp4-0061_jpg.rf.a9ff766070b2c4159ad65b8490bdc767_aug2.jpg,aug2,hflip;hsv;gamma=0.84;clahe,2
6f40fbbd-891e-434b-a1ec-365668a5ae66_mp4-0061_jpg.rf.a9ff766070b2c4159ad65b8490bdc767_aug3.jpg,aug3,dark,2
6f40fbbd-891e-434b-a1ec-365668a5ae66_mp4-0062_jpg.rf.b7c2d14b1b29328eb7434c87b382ea72.jpg,orig,,2
6f40fbbd-891e-434b-a1ec-365668a5ae66_mp4-0062_jpg.rf.b7c2d14b1b29328eb7434c87b382ea72_aug1.jpg,aug1,affine;hsv;gamma=0.88;clahe,2
6f40fbbd-891e-434b-a1ec-365668a5ae66_mp4-0062_jpg.rf.b7c2d14b1b29328eb7434c87b382ea72_aug2.jpg,aug2,hflip;affine;hsv;gamma=1.03;clahe,1
6f40fbbd-891e-434b-a1ec-365668a5ae66_mp4-0062_jpg.rf.b7c2d14b1b29328eb7434c87b382ea72_aug3.jpg,aug3,dark;rain,2
8f435cb5-02c7-452a-a971-cef315681c19_mp4-0000_jpg.rf.33731a56caa33a68399ba03df41fea34.jpg,orig,,6
8f435cb5-02c7-452a-a971-cef315681c19_mp4-0000_jpg.rf.33731a56caa33a68399ba03df41fea34_aug1.jpg,aug1,none,6
8f435cb5-02c7-452a-a971-cef315681c19_mp4-0000_jpg.rf.33731a56caa33a68399ba03df41fea34_aug2.jpg,aug2,hflip;affine;hsv,4
8f435cb5-02c7-452a-a971-cef315681c19_mp4-0000_jpg.rf.33731a56caa33a68399ba03df41fea34_aug3.jpg,aug3,rain,6
8f435cb5-02c7-452a-a971-cef315681c19_mp4-0002_jpg.rf.a59cbe814996139ae04ac43ad8ca85d9.jpg,orig,,4
8f435cb5-02c7-452a-a971-cef315681c19_mp4-0002_jpg.rf.a59cbe814996139ae04ac43ad8ca85d9_aug1.jpg,aug1,hflip;affine,4
8f435cb5-02c7-452a-a971-cef315681c19_mp4-0002_jpg.rf.a59cbe814996139ae04ac43ad8ca85d9_aug2.jpg,aug2,affine;hsv;gamma=0.81;clahe,3
8f435cb5-02c7-452a-a971-cef315681c19_mp4-0002_jpg.rf.a59cbe814996139ae04ac43ad8ca85d9_aug3.jpg,aug3,dark,4
8f435cb5-02c7-452a-a971-cef315681c19_mp4-0003_jpg.rf.910cbfcc3793e1e125e159593b93ca4f.jpg,orig,,3
8f435cb5-02c7-452a-a971-cef315681c19_mp4-0003_jpg.rf.910cbfcc3793e1e125e159593b93ca4f_aug1.jpg,aug1,hsv;gamma=1.09;clahe,3
8f435cb5-02c7-452a-a971-cef315681c19_mp4-0003_jpg.rf.910cbfcc3793e1e125e159593b93ca4f_aug2.jpg,aug2,hflip;affine;hsv;gamma=0.95,3
8f435cb5-02c7-452a-a971-cef315681c19_mp4-0003_jpg.rf.910cbfcc3793e1e125e159593b93ca4f_aug3.jpg,aug3,dark,3
8f435cb5-02c7-452a-a971-cef315681c19_mp4-0004_jpg.rf.e27af9dfd65b7863b87d07b8e281fc13.jpg,orig,,3
8f435cb5-02c7-452a-a971-cef315681c19_mp4-0004_jpg.rf.e27af9dfd65b7863b87d07b8e281fc13_aug1.jpg,aug1,affine;hsv,3
8f435cb5-02c7-452a-a971-cef315681c19_mp4-0004_jpg.rf.e27af9dfd65b7863b87d07b8e281fc13_aug2.jpg,aug2,hflip;gamma=0.87,3
8f435cb5-02c7-452a-a971-cef315681c19_mp4-0004_jpg.rf.e27af9dfd65b7863b87d07b8e281fc13_aug3.jpg,aug3,dark,3
8f435cb5-02c7-452a-a971-cef315681c19_mp4-0005_jpg.rf.448d025dd2d1a8744def9bf962600211.jpg,orig,,3
8f435cb5-02c7-452a-a971-cef315681c19_mp4-0005_jpg.rf.448d025dd2d1a8744def9bf962600211_aug1.jpg,aug1,hflip;hsv;gamma=1.15,3
8f435cb5-02c7-452a-a971-cef315681c19_mp4-0005_jpg.rf.448d025dd2d1a8744def9bf962600211_aug2.jpg,aug2,hflip;affine;hsv;gamma=1.11,2
8f435cb5-02c7-452a-a971-cef315681c19_mp4-0005_jpg.rf.448d025dd2d1a8744def9bf962600211_aug3.jpg,aug3,rain,3
8f435cb5-02c7-452a-a971-cef315681c19_mp4-0006_jpg.rf.d9113ad3f8d741d4094a8cfa264e8bff.jpg,orig,,3
8f435cb5-02c7-452a-a971-cef315681c19_mp4-0006_jpg.rf.d9113ad3f8d741d4094a8cfa264e8bff_aug1.jpg,aug1,none,3
8f435cb5-02c7-452a-a971-cef315681c19_mp4-0006_jpg.rf.d9113ad3f8d741d4094a8cfa264e8bff_aug2.jpg,aug2,hflip;affine;hsv;gamma=0.94;clahe;blur=0.22,3
8f435cb5-02c7-452a-a971-cef315681c19_mp4-0006_jpg.rf.d9113ad3f8d741d4094a8cfa264e8bff_aug3.jpg,aug3,dark,3
8f435cb5-02c7-452a-a971-cef315681c19_mp4-0010_jpg.rf.08c139ad78d9f897976dc3be5623ad52.jpg,orig,,2
8f435cb5-02c7-452a-a971-cef315681c19_mp4-0010_jpg.rf.08c139ad78d9f897976dc3be5623ad52_aug1.jpg,aug1,hflip;affine;hsv;gamma=0.95,2
8f435cb5-02c7-452a-a971-cef315681c19_mp4-0010_jpg.rf.08c139ad78d9f897976dc3be5623ad52_aug2.jpg,aug2,hflip;blur=0.23,2
8f435cb5-02c7-452a-a971-cef315681c19_mp4-0010_jpg.rf.08c139ad78d9f897976dc3be5623ad52_aug3.jpg,aug3,dark,2
8f435cb5-02c7-452a-a971-cef315681c19_mp4-0011_jpg.rf.306b5a7a8cb14a503f90acebc3c17573.jpg,orig,,2
8f435cb5-02c7-452a-a971-cef315681c19_mp4-0011_jpg.rf.306b5a7a8cb14a503f90acebc3c17573_aug1.jpg,aug1,hflip;clahe,2
8f435cb5-02c7-452a-a971-cef315681c19_mp4-0011_jpg.rf.306b5a7a8cb14a503f90acebc3c17573_aug2.jpg,aug2,affine;hsv;clahe,2
8f435cb5-02c7-452a-a971-cef315681c19_mp4-0011_jpg.rf.306b5a7a8cb14a503f90acebc3c17573_aug3.jpg,aug3,dark,2
8f435cb5-02c7-452a-a971-cef315681c19_mp4-0012_jpg.rf.30fdb80cfa98c4c8fd2c76a8227a5130.jpg,orig,,2
8f435cb5-02c7-452a-a971-cef315681c19_mp4-0012_jpg.rf.30fdb80cfa98c4c8fd2c76a8227a5130_aug1.jpg,aug1,affine;gamma=1.12,2
8f435cb5-02c7-452a-a971-cef315681c19_mp4-0012_jpg.rf.30fdb80cfa98c4c8fd2c76a8227a5130_aug2.jpg,aug2,hflip;hsv;gamma=1.19,2
8f435cb5-02c7-452a-a971-cef315681c19_mp4-0012_jpg.rf.30fdb80cfa98c4c8fd2c76a8227a5130_aug3.jpg,aug3,rain,2
8f435cb5-02c7-452a-a971-cef315681c19_mp4-0013_jpg.rf.c27ffbaa7235f9b59130a05df8dff545.jpg,orig,,2
8f435cb5-02c7-452a-a971-cef315681c19_mp4-0013_jpg.rf.c27ffbaa7235f9b59130a05df8dff545_aug1.jpg,aug1,hflip,2
8f435cb5-02c7-452a-a971-cef315681c19_mp4-0013_jpg.rf.c27ffbaa7235f9b59130a05df8dff545_aug2.jpg,aug2,hflip;hsv,2
8f435cb5-02c7-452a-a971-cef315681c19_mp4-0013_jpg.rf.c27ffbaa7235f9b59130a05df8dff545_aug3.jpg,aug3,rain,2
8f435cb5-02c7-452a-a971-cef315681c19_mp4-0014_jpg.rf.d268fabc2e49ab675dc6b287f826ded6.jpg,orig,,2
8f435cb5-02c7-452a-a971-cef315681c19_mp4-0014_jpg.rf.d268fabc2e49ab675dc6b287f826ded6_aug1.jpg,aug1,hflip;affine;hsv,2
8f435cb5-02c7-452a-a971-cef315681c19_mp4-0014_jpg.rf.d268fabc2e49ab675dc6b287f826ded6_aug2.jpg,aug2,affine,2
8f435cb5-02c7-452a-a971-cef315681c19_mp4-0014_jpg.rf.d268fabc2e49ab675dc6b287f826ded6_aug3.jpg,aug3,dark;rain,2
8f435cb5-02c7-452a-a971-cef315681c19_mp4-0015_jpg.rf.430e8f131e028ec65dd3ec32fffc43af.jpg,orig,,2
8f435cb5-02c7-452a-a971-cef315681c19_mp4-0015_jpg.rf.430e8f131e028ec65dd3ec32fffc43af_aug1.jpg,aug1,hsv,2
8f435cb5-02c7-452a-a971-cef315681c19_mp4-0015_jpg.rf.430e8f131e028ec65dd3ec32fffc43af_aug2.jpg,aug2,hflip;affine;hsv;gamma=0.97,2
8f435cb5-02c7-452a-a971-cef315681c19_mp4-0015_jpg.rf.430e8f131e028ec65dd3ec32fffc43af_aug3.jpg,aug3,dark,2
8f435cb5-02c7-452a-a971-cef315681c19_mp4-0016_jpg.rf.65a6e5ed7a0287a398b5bbb9953538d8.jpg,orig,,2
8f435cb5-02c7-452a-a971-cef315681c19_mp4-0016_jpg.rf.65a6e5ed7a0287a398b5bbb9953538d8_aug1.jpg,aug1,affine;hsv;clahe,2
8f435cb5-02c7-452a-a971-cef315681c19_mp4-0016_jpg.rf.65a6e5ed7a0287a398b5bbb9953538d8_aug2.jpg,aug2,affine;hsv;blur=0.63,2
8f435cb5-02c7-452a-a971-cef315681c19_mp4-0016_jpg.rf.65a6e5ed7a0287a398b5bbb9953538d8_aug3.jpg,aug3,dark;rain,2
8f435cb5-02c7-452a-a971-cef315681c19_mp4-0017_jpg.rf.f2a6079a3577059b72b8da07fbb917ba.jpg,orig,,2
8f435cb5-02c7-452a-a971-cef315681c19_mp4-0017_jpg.rf.f2a6079a3577059b72b8da07fbb917ba_aug1.jpg,aug1,hsv,2
8f435cb5-02c7-452a-a971-cef315681c19_mp4-0017_jpg.rf.f2a6079a3577059b72b8da07fbb917ba_aug2.jpg,aug2,hflip;hsv;blur=0.10,2
8f435cb5-02c7-452a-a971-cef315681c19_mp4-0017_jpg.rf.f2a6079a3577059b72b8da07fbb917ba_aug3.jpg,aug3,dark;rain,2
8f435cb5-02c7-452a-a971-cef315681c19_mp4-0018_jpg.rf.8dfbeceee17c873b3d3ac8dcf9ba6dfa.jpg,orig,,3
8f435cb5-02c7-452a-a971-cef315681c19_mp4-0018_jpg.rf.8dfbeceee17c873b3d3ac8dcf9ba6dfa_aug1.jpg,aug1,hflip;affine;gamma=1.14;clahe,3
8f435cb5-02c7-452a-a971-cef315681c19_mp4-0018_jpg.rf.8dfbeceee17c873b3d3ac8dcf9ba6dfa_aug2.jpg,aug2,gamma=1.16,3
8f435cb5-02c7-452a-a971-cef315681c19_mp4-0018_jpg.rf.8dfbeceee17c873b3d3ac8dcf9ba6dfa_aug3.jpg,aug3,dark,3
8f435cb5-02c7-452a-a971-cef315681c19_mp4-0021_jpg.rf.481a433872d13672f4e471c0371138d7.jpg,orig,,3
8f435cb5-02c7-452a-a971-cef315681c19_mp4-0021_jpg.rf.481a433872d13672f4e471c0371138d7_aug1.jpg,aug1,hflip;hsv;gamma=1.19,3
8f435cb5-02c7-452a-a971-cef315681c19_mp4-0021_jpg.rf.481a433872d13672f4e471c0371138d7_aug2.jpg,aug2,gamma=0.83,3
8f435cb5-02c7-452a-a971-cef315681c19_mp4-0021_jpg.rf.481a433872d13672f4e471c0371138d7_aug3.jpg,aug3,dark,3
8f435cb5-02c7-452a-a971-cef315681c19_mp4-0024_jpg.rf.03fa57ee716dfbe9f2b20e3c6e209fa1.jpg,orig,,2
8f435cb5-02c7-452a-a971-cef315681c19_mp4-0024_jpg.rf.03fa57ee716dfbe9f2b20e3c6e209fa1_aug1.jpg,aug1,affine;hsv;clahe,2
8f435cb5-02c7-452a-a971-cef315681c19_mp4-0024_jpg.rf.03fa57ee716dfbe9f2b20e3c6e209fa1_aug2.jpg,aug2,hsv,2
8f435cb5-02c7-452a-a971-cef315681c19_mp4-0024_jpg.rf.03fa57ee716dfbe9f2b20e3c6e209fa1_aug3.jpg,aug3,rain,2
8f435cb5-02c7-452a-a971-cef315681c19_mp4-0025_jpg.rf.9f6227ea25a14f1fe5812867fed5c5d8.jpg,orig,,2
8f435cb5-02c7-452a-a971-cef315681c19_mp4-0025_jpg.rf.9f6227ea25a14f1fe5812867fed5c5d8_aug1.jpg,aug1,hflip;hsv;gamma=1.12,2
8f435cb5-02c7-452a-a971-cef315681c19_mp4-0025_jpg.rf.9f6227ea25a14f1fe5812867fed5c5d8_aug2.jpg,aug2,affine;hsv;gamma=0.85;blur=1.02,2
8f435cb5-02c7-452a-a971-cef315681c19_mp4-0025_jpg.rf.9f6227ea25a14f1fe5812867fed5c5d8_aug3.jpg,aug3,dark,2
8f435cb5-02c7-452a-a971-cef315681c19_mp4-0026_jpg.rf.1c3a7f81bd63cfa969e425e79a516855.jpg,orig,,4
8f435cb5-02c7-452a-a971-cef315681c19_mp4-0026_jpg.rf.1c3a7f81bd63cfa969e425e79a516855_aug1.jpg,aug1,hsv;gamma=1.05;clahe,4
8f435cb5-02c7-452a-a971-cef315681c19_mp4-0026_jpg.rf.1c3a7f81bd63cfa969e425e79a516855_aug2.jpg,aug2,affine;hsv;clahe,4
8f435cb5-02c7-452a-a971-cef315681c19_mp4-0026_jpg.rf.1c3a7f81bd63cfa969e425e79a516855_aug3.jpg,aug3,dark,4
8f435cb5-02c7-452a-a971-cef315681c19_mp4-0027_jpg.rf.51ce7156ca03d03fb302fb085e35542d.jpg,orig,,3
8f435cb5-02c7-452a-a971-cef315681c19_mp4-0027_jpg.rf.51ce7156ca03d03fb302fb085e35542d_aug1.jpg,aug1,hflip;affine;hsv;gamma=1.15,3
8f435cb5-02c7-452a-a971-cef315681c19_mp4-0027_jpg.rf.51ce7156ca03d03fb302fb085e35542d_aug2.jpg,aug2,affine,3
8f435cb5-02c7-452a-a971-cef315681c19_mp4-0027_jpg.rf.51ce7156ca03d03fb302fb085e35542d_aug3.jpg,aug3,dark,3
d56fcb3c-0531-4696-8b67-2645d89e4a7f_mp4-0000_jpg.rf.c741e272b0956f5de1ca80073b54ff44.jpg,orig,,4
d56fcb3c-0531-4696-8b67-2645d89e4a7f_mp4-0000_jpg.rf.c741e272b0956f5de1ca80073b54ff44_aug1.jpg,aug1,hflip;hsv;gamma=0.96,4
d56fcb3c-0531-4696-8b67-2645d89e4a7f_mp4-0000_jpg.rf.c741e272b0956f5de1ca80073b54ff44_aug2.jpg,aug2,hflip;affine;hsv;clahe,4
d56fcb3c-0531-4696-8b67-2645d89e4a7f_mp4-0000_jpg.rf.c741e272b0956f5de1ca80073b54ff44_aug3.jpg,aug3,rain,4
d56fcb3c-0531-4696-8b67-2645d89e4a7f_mp4-0001_jpg.rf.f1b41e917b3bb2dde3eeb85146a2be42.jpg,orig,,4
d56fcb3c-0531-4696-8b67-2645d89e4a7f_mp4-0001_jpg.rf.f1b41e917b3bb2dde3eeb85146a2be42_aug1.jpg,aug1,hflip;affine;hsv,4
d56fcb3c-0531-4696-8b67-2645d89e4a7f_mp4-0001_jpg.rf.f1b41e917b3bb2dde3eeb85146a2be42_aug2.jpg,aug2,hsv,4
d56fcb3c-0531-4696-8b67-2645d89e4a7f_mp4-0001_jpg.rf.f1b41e917b3bb2dde3eeb85146a2be42_aug3.jpg,aug3,dark,4
d56fcb3c-0531-4696-8b67-2645d89e4a7f_mp4-0002_jpg.rf.84f3e76c87ed4f03b4154620d447ebed.jpg,orig,,4
d56fcb3c-0531-4696-8b67-2645d89e4a7f_mp4-0002_jpg.rf.84f3e76c87ed4f03b4154620d447ebed_aug1.jpg,aug1,affine;hsv;gamma=0.97,4
d56fcb3c-0531-4696-8b67-2645d89e4a7f_mp4-0002_jpg.rf.84f3e76c87ed4f03b4154620d447ebed_aug2.jpg,aug2,hsv;gamma=0.97;clahe,4
d56fcb3c-0531-4696-8b67-2645d89e4a7f_mp4-0002_jpg.rf.84f3e76c87ed4f03b4154620d447ebed_aug3.jpg,aug3,rain,4
d56fcb3c-0531-4696-8b67-2645d89e4a7f_mp4-0004_jpg.rf.3dd4d909169d9a84f4042a97eb56b261.jpg,orig,,4
d56fcb3c-0531-4696-8b67-2645d89e4a7f_mp4-0004_jpg.rf.3dd4d909169d9a84f4042a97eb56b261_aug1.jpg,aug1,hflip;affine;clahe;blur=0.18,4
d56fcb3c-0531-4696-8b67-2645d89e4a7f_mp4-0004_jpg.rf.3dd4d909169d9a84f4042a97eb56b261_aug2.jpg,aug2,affine,4
d56fcb3c-0531-4696-8b67-2645d89e4a7f_mp4-0004_jpg.rf.3dd4d909169d9a84f4042a97eb56b261_aug3.jpg,aug3,rain,4
d56fcb3c-0531-4696-8b67-2645d89e4a7f_mp4-0005_jpg.rf.21137629b1f2288b2791f53fddf9ff80.jpg,orig,,4
d56fcb3c-0531-4696-8b67-2645d89e4a7f_mp4-0005_jpg.rf.21137629b1f2288b2791f53fddf9ff80_aug1.jpg,aug1,hflip;hsv,4
d56fcb3c-0531-4696-8b67-2645d89e4a7f_mp4-0005_jpg.rf.21137629b1f2288b2791f53fddf9ff80_aug2.jpg,aug2,hflip;affine;hsv;clahe,4
d56fcb3c-0531-4696-8b67-2645d89e4a7f_mp4-0005_jpg.rf.21137629b1f2288b2791f53fddf9ff80_aug3.jpg,aug3,dark;rain,4
d56fcb3c-0531-4696-8b67-2645d89e4a7f_mp4-0006_jpg.rf.44a720a4eb1d71cc65ca050a4b1abcf5.jpg,orig,,5
d56fcb3c-0531-4696-8b67-2645d89e4a7f_mp4-0006_jpg.rf.44a720a4eb1d71cc65ca050a4b1abcf5_aug1.jpg,aug1,clahe,5
d56fcb3c-0531-4696-8b67-2645d89e4a7f_mp4-0006_jpg.rf.44a720a4eb1d71cc65ca050a4b1abcf5_aug2.jpg,aug2,hflip;affine;gamma=0.84;clahe,5
d56fcb3c-0531-4696-8b67-2645d89e4a7f_mp4-0006_jpg.rf.44a720a4eb1d71cc65ca050a4b1abcf5_aug3.jpg,aug3,dark,5
d56fcb3c-0531-4696-8b67-2645d89e4a7f_mp4-0007_jpg.rf.d21e422a17411b466d573dbb817d4dc5.jpg,orig,,4
d56fcb3c-0531-4696-8b67-2645d89e4a7f_mp4-0007_jpg.rf.d21e422a17411b466d573dbb817d4dc5_aug1.jpg,aug1,gamma=0.90,4
d56fcb3c-0531-4696-8b67-2645d89e4a7f_mp4-0007_jpg.rf.d21e422a17411b466d573dbb817d4dc5_aug2.jpg,aug2,affine;gamma=0.88;blur=0.68,4
d56fcb3c-0531-4696-8b67-2645d89e4a7f_mp4-0007_jpg.rf.d21e422a17411b466d573dbb817d4dc5_aug3.jpg,aug3,dark,4
d56fcb3c-0531-4696-8b67-2645d89e4a7f_mp4-0008_jpg.rf.fb8c252f7948caccf9a53fbe2265b821.jpg,orig,,4
d56fcb3c-0531-4696-8b67-2645d89e4a7f_mp4-0008_jpg.rf.fb8c252f7948caccf9a53fbe2265b821_aug1.jpg,aug1,hflip;affine;hsv,4
d56fcb3c-0531-4696-8b67-2645d89e4a7f_mp4-0008_jpg.rf.fb8c252f7948caccf9a53fbe2265b821_aug2.jpg,aug2,clahe,4
d56fcb3c-0531-4696-8b67-2645d89e4a7f_mp4-0008_jpg.rf.fb8c252f7948caccf9a53fbe2265b821_aug3.jpg,aug3,dark,4
d56fcb3c-0531-4696-8b67-2645d89e4a7f_mp4-0009_jpg.rf.aa5c17da55f9b0a14b849822c2639066.jpg,orig,,4
d56fcb3c-0531-4696-8b67-2645d89e4a7f_mp4-0009_jpg.rf.aa5c17da55f9b0a14b849822c2639066_aug1.jpg,aug1,gamma=0.89,4
d56fcb3c-0531-4696-8b67-2645d89e4a7f_mp4-0009_jpg.rf.aa5c17da55f9b0a14b849822c2639066_aug2.jpg,aug2,hflip;hsv;clahe,4
d56fcb3c-0531-4696-8b67-2645d89e4a7f_mp4-0009_jpg.rf.aa5c17da55f9b0a14b849822c2639066_aug3.jpg,aug3,dark,4
d56fcb3c-0531-4696-8b67-2645d89e4a7f_mp4-0010_jpg.rf.2630dbf2c94b7c9f308d0239f72082dd.jpg,orig,,4
d56fcb3c-0531-4696-8b67-2645d89e4a7f_mp4-0010_jpg.rf.2630dbf2c94b7c9f308d0239f72082dd_aug1.jpg,aug1,hflip;hsv,4
d56fcb3c-0531-4696-8b67-2645d89e4a7f_mp4-0010_jpg.rf.2630dbf2c94b7c9f308d0239f72082dd_aug2.jpg,aug2,hflip;affine;hsv,4
d56fcb3c-0531-4696-8b67-2645d89e4a7f_mp4-0010_jpg.rf.2630dbf2c94b7c9f308d0239f72082dd_aug3.jpg,aug3,dark;rain,4
d56fcb3c-0531-4696-8b67-2645d89e4a7f_mp4-0015_jpg.rf.f4a646c344a6f16203073ea8fb162b22.jpg,orig,,3
d56fcb3c-0531-4696-8b67-2645d89e4a7f_mp4-0015_jpg.rf.f4a646c344a6f16203073ea8fb162b22_aug1.jpg,aug1,hflip;affine;hsv;blur=0.25,3
d56fcb3c-0531-4696-8b67-2645d89e4a7f_mp4-0015_jpg.rf.f4a646c344a6f16203073ea8fb162b22_aug2.jpg,aug2,affine;gamma=0.96;clahe,3
d56fcb3c-0531-4696-8b67-2645d89e4a7f_mp4-0015_jpg.rf.f4a646c344a6f16203073ea8fb162b22_aug3.jpg,aug3,dark,3
d56fcb3c-0531-4696-8b67-2645d89e4a7f_mp4-0016_jpg.rf.0cca3f3848400dde7344a1d24f195a94.jpg,orig,,5
d56fcb3c-0531-4696-8b67-2645d89e4a7f_mp4-0016_jpg.rf.0cca3f3848400dde7344a1d24f195a94_aug1.jpg,aug1,affine;hsv,5
d56fcb3c-0531-4696-8b67-2645d89e4a7f_mp4-0016_jpg.rf.0cca3f3848400dde7344a1d24f195a94_aug2.jpg,aug2,hflip;affine;hsv,5
d56fcb3c-0531-4696-8b67-2645d89e4a7f_mp4-0016_jpg.rf.0cca3f3848400dde7344a1d24f195a94_aug3.jpg,aug3,dark,5
d56fcb3c-0531-4696-8b67-2645d89e4a7f_mp4-0019_jpg.rf.97300d5d87bca1e1df91a7bd4076494a.jpg,orig,,5
d56fcb3c-0531-4696-8b67-2645d89e4a7f_mp4-0019_jpg.rf.97300d5d87bca1e1df91a7bd4076494a_aug1.jpg,aug1,hsv,5
d56fcb3c-0531-4696-8b67-2645d89e4a7f_mp4-0019_jpg.rf.97300d5d87bca1e1df91a7bd4076494a_aug2.jpg,aug2,hsv,5
d56fcb3c-0531-4696-8b67-2645d89e4a7f_mp4-0019_jpg.rf.97300d5d87bca1e1df91a7bd4076494a_aug3.jpg,aug3,dark,5
d56fcb3c-0531-4696-8b67-2645d89e4a7f_mp4-0021_jpg.rf.327d40b7c0f16c525ed6104745f546ff.jpg,orig,,6
d56fcb3c-0531-4696-8b67-2645d89e4a7f_mp4-0021_jpg.rf.327d40b7c0f16c525ed6104745f546ff_aug1.jpg,aug1,hflip;affine;hsv;blur=1.05,5
d56fcb3c-0531-4696-8b67-2645d89e4a7f_mp4-0021_jpg.rf.327d40b7c0f16c525ed6104745f546ff_aug2.jpg,aug2,hflip;affine,6
d56fcb3c-0531-4696-8b67-2645d89e4a7f_mp4-0021_jpg.rf.327d40b7c0f16c525ed6104745f546ff_aug3.jpg,aug3,dark;rain,6
d56fcb3c-0531-4696-8b67-2645d89e4a7f_mp4-0022_jpg.rf.5536baa23f908972c4e96ab2214024b5.jpg,orig,,7
d56fcb3c-0531-4696-8b67-2645d89e4a7f_mp4-0022_jpg.rf.5536baa23f908972c4e96ab2214024b5_aug1.jpg,aug1,affine;hsv,7
d56fcb3c-0531-4696-8b67-2645d89e4a7f_mp4-0022_jpg.rf.5536baa23f908972c4e96ab2214024b5_aug2.jpg,aug2,affine;hsv;gamma=1.23,7
d56fcb3c-0531-4696-8b67-2645d89e4a7f_mp4-0022_jpg.rf.5536baa23f908972c4e96ab2214024b5_aug3.jpg,aug3,rain,7
d56fcb3c-0531-4696-8b67-2645d89e4a7f_mp4-0024_jpg.rf.668401bf16689451b0775e7ab5c7b415.jpg,orig,,3
d56fcb3c-0531-4696-8b67-2645d89e4a7f_mp4-0024_jpg.rf.668401bf16689451b0775e7ab5c7b415_aug1.jpg,aug1,affine;hsv,2
d56fcb3c-0531-4696-8b67-2645d89e4a7f_mp4-0024_jpg.rf.668401bf16689451b0775e7ab5c7b415_aug2.jpg,aug2,affine,3
d56fcb3c-0531-4696-8b67-2645d89e4a7f_mp4-0024_jpg.rf.668401bf16689451b0775e7ab5c7b415_aug3.jpg,aug3,dark;rain,3
d56fcb3c-0531-4696-8b67-2645d89e4a7f_mp4-0025_jpg.rf.635ccc7c80b4879c28f343e472b10b4a.jpg,orig,,4
d56fcb3c-0531-4696-8b67-2645d89e4a7f_mp4-0025_jpg.rf.635ccc7c80b4879c28f343e472b10b4a_aug1.jpg,aug1,hsv;gamma=1.22;clahe,4
d56fcb3c-0531-4696-8b67-2645d89e4a7f_mp4-0025_jpg.rf.635ccc7c80b4879c28f343e472b10b4a_aug2.jpg,aug2,hsv;clahe,4
d56fcb3c-0531-4696-8b67-2645d89e4a7f_mp4-0025_jpg.rf.635ccc7c80b4879c28f343e472b10b4a_aug3.jpg,aug3,dark,4
d56fcb3c-0531-4696-8b67-2645d89e4a7f_mp4-0026_jpg.rf.211cd242bf0424beabdc8b6924fdae5c.jpg,orig,,3
d56fcb3c-0531-4696-8b67-2645d89e4a7f_mp4-0026_jpg.rf.211cd242bf0424beabdc8b6924fdae5c_aug1.jpg,aug1,hflip;hsv,3
d56fcb3c-0531-4696-8b67-2645d89e4a7f_mp4-0026_jpg.rf.211cd242bf0424beabdc8b6924fdae5c_aug2.jpg,aug2,affine;hsv;gamma=0.82,3
d56fcb3c-0531-4696-8b67-2645d89e4a7f_mp4-0026_jpg.rf.211cd242bf0424beabdc8b6924fdae5c_aug3.jpg,aug3,dark,3
d56fcb3c-0531-4696-8b67-2645d89e4a7f_mp4-0027_jpg.rf.bf2ff9f4dd8a1bac28c4442b04ff528e.jpg,orig,,3
d56fcb3c-0531-4696-8b67-2645d89e4a7f_mp4-0027_jpg.rf.bf2ff9f4dd8a1bac28c4442b04ff528e_aug1.jpg,aug1,hflip;affine;hsv;gamma=0.87;blur=0.86,3
d56fcb3c-0531-4696-8b67-2645d89e4a7f_mp4-0027_jpg.rf.bf2ff9f4dd8a1bac28c4442b04ff528e_aug2.jpg,aug2,affine;hsv;gamma=1.16,2
d56fcb3c-0531-4696-8b67-2645d89e4a7f_mp4-0027_jpg.rf.bf2ff9f4dd8a1bac28c4442b04ff528e_aug3.jpg,aug3,rain,3
d56fcb3c-0531-4696-8b67-2645d89e4a7f_mp4-0030_jpg.rf.c2216714b2e16c5daef43bc57df21aea.jpg,orig,,3
d56fcb3c-0531-4696-8b67-2645d89e4a7f_mp4-0030_jpg.rf.c2216714b2e16c5daef43bc57df21aea_aug1.jpg,aug1,hsv;clahe,3
d56fcb3c-0531-4696-8b67-2645d89e4a7f_mp4-0030_jpg.rf.c2216714b2e16c5daef43bc57df21aea_aug2.jpg,aug2,hflip;affine;hsv;gamma=0.81,3
d56fcb3c-0531-4696-8b67-2645d89e4a7f_mp4-0030_jpg.rf.c2216714b2e16c5daef43bc57df21aea_aug3.jpg,aug3,dark;rain,3
d56fcb3c-0531-4696-8b67-2645d89e4a7f_mp4-0031_jpg.rf.91a7896e4ae4095de4b7508497540ca6.jpg,orig,,4
d56fcb3c-0531-4696-8b67-2645d89e4a7f_mp4-0031_jpg.rf.91a7896e4ae4095de4b7508497540ca6_aug1.jpg,aug1,hflip,4
d56fcb3c-0531-4696-8b67-2645d89e4a7f_mp4-0031_jpg.rf.91a7896e4ae4095de4b7508497540ca6_aug2.jpg,aug2,hflip;affine,4
d56fcb3c-0531-4696-8b67-2645d89e4a7f_mp4-0031_jpg.rf.91a7896e4ae4095de4b7508497540ca6_aug3.jpg,aug3,dark;rain,4
d56fcb3c-0531-4696-8b67-2645d89e4a7f_mp4-0033_jpg.rf.cab747a5b7e7cc49375e9aa5252676c5.jpg,orig,,2
d56fcb3c-0531-4696-8b67-2645d89e4a7f_mp4-0033_jpg.rf.cab747a5b7e7cc49375e9aa5252676c5_aug1.jpg,aug1,hflip,2
d56fcb3c-0531-4696-8b67-2645d89e4a7f_mp4-0033_jpg.rf.cab747a5b7e7cc49375e9aa5252676c5_aug2.jpg,aug2,hflip;gamma=1.15,2
d56fcb3c-0531-4696-8b67-2645d89e4a7f_mp4-0033_jpg.rf.cab747a5b7e7cc49375e9aa5252676c5_aug3.jpg,aug3,rain,2
d56fcb3c-0531-4696-8b67-2645d89e4a7f_mp4-0034_jpg.rf.11b3cef34d91fded07cacf59549675cb.jpg,orig,,2
d56fcb3c-0531-4696-8b67-2645d89e4a7f_mp4-0034_jpg.rf.11b3cef34d91fded07cacf59549675cb_aug1.jpg,aug1,hflip;affine;hsv,2
d56fcb3c-0531-4696-8b67-2645d89e4a7f_mp4-0034_jpg.rf.11b3cef34d91fded07cacf59549675cb_aug2.jpg,aug2,hflip;hsv,2
d56fcb3c-0531-4696-8b67-2645d89e4a7f_mp4-0034_jpg.rf.11b3cef34d91fded07cacf59549675cb_aug3.jpg,aug3,dark;rain,2
d56fcb3c-0531-4696-8b67-2645d89e4a7f_mp4-0035_jpg.rf.e1914345dfdbac3f1a9e958c6a794ad8.jpg,orig,,2
d56fcb3c-0531-4696-8b67-2645d89e4a7f_mp4-0035_jpg.rf.e1914345dfdbac3f1a9e958c6a794ad8_aug1.jpg,aug1,hflip,2
d56fcb3c-0531-4696-8b67-2645d89e4a7f_mp4-0035_jpg.rf.e1914345dfdbac3f1a9e958c6a794ad8_aug2.jpg,aug2,hflip;affine,2
d56fcb3c-0531-4696-8b67-2645d89e4a7f_mp4-0035_jpg.rf.e1914345dfdbac3f1a9e958c6a794ad8_aug3.jpg,aug3,dark,2
d56fcb3c-0531-4696-8b67-2645d89e4a7f_mp4-0036_jpg.rf.4500240d37153d091ff432f832acfe26.jpg,orig,,2
d56fcb3c-0531-4696-8b67-2645d89e4a7f_mp4-0036_jpg.rf.4500240d37153d091ff432f832acfe26_aug1.jpg,aug1,gamma=0.81,2
d56fcb3c-0531-4696-8b67-2645d89e4a7f_mp4-0036_jpg.rf.4500240d37153d091ff432f832acfe26_aug2.jpg,aug2,affine;gamma=1.02,2
d56fcb3c-0531-4696-8b67-2645d89e4a7f_mp4-0036_jpg.rf.4500240d37153d091ff432f832acfe26_aug3.jpg,aug3,dark,2
d56fcb3c-0531-4696-8b67-2645d89e4a7f_mp4-0039_jpg.rf.60ff7e1db496856d8246cbe58ad7345f.jpg,orig,,2
d56fcb3c-0531-4696-8b67-2645d89e4a7f_mp4-0039_jpg.rf.60ff7e1db496856d8246cbe58ad7345f_aug1.jpg,aug1,hflip;gamma=1.15,2
d56fcb3c-0531-4696-8b67-2645d89e4a7f_mp4-0039_jpg.rf.60ff7e1db496856d8246cbe58ad7345f_aug2.jpg,aug2,gamma=1.06,2
d56fcb3c-0531-4696-8b67-2645d89e4a7f_mp4-0039_jpg.rf.60ff7e1db496856d8246cbe58ad7345f_aug3.jpg,aug3,dark,2
d56fcb3c-0531-4696-8b67-2645d89e4a7f_mp4-0040_jpg.rf.d980081bd6f94ae902ad287dc8e4bcfe.jpg,orig,,2
d56fcb3c-0531-4696-8b67-2645d89e4a7f_mp4-0040_jpg.rf.d980081bd6f94ae902ad287dc8e4bcfe_aug1.jpg,aug1,affine;hsv,2
d56fcb3c-0531-4696-8b67-2645d89e4a7f_mp4-0040_jpg.rf.d980081bd6f94ae902ad287dc8e4bcfe_aug2.jpg,aug2,affine;hsv;gamma=0.80;clahe,2
d56fcb3c-0531-4696-8b67-2645d89e4a7f_mp4-0040_jpg.rf.d980081bd6f94ae902ad287dc8e4bcfe_aug3.jpg,aug3,dark,2
d56fcb3c-0531-4696-8b67-2645d89e4a7f_mp4-0041_jpg.rf.f35534eb3db7a14e093d2f3188852923.jpg,orig,,2
d56fcb3c-0531-4696-8b67-2645d89e4a7f_mp4-0041_jpg.rf.f35534eb3db7a14e093d2f3188852923_aug1.jpg,aug1,hflip;affine;gamma=1.21,2
d56fcb3c-0531-4696-8b67-2645d89e4a7f_mp4-0041_jpg.rf.f35534eb3db7a14e093d2f3188852923_aug2.jpg,aug2,hflip;affine,2
d56fcb3c-0531-4696-8b67-2645d89e4a7f_mp4-0041_jpg.rf.f35534eb3db7a14e093d2f3188852923_aug3.jpg,aug3,dark,2
d56fcb3c-0531-4696-8b67-2645d89e4a7f_mp4-0043_jpg.rf.1c3c0175bc71e37786f6f1b190ec9456.jpg,orig,,2
d56fcb3c-0531-4696-8b67-2645d89e4a7f_mp4-0043_jpg.rf.1c3c0175bc71e37786f6f1b190ec9456_aug1.jpg,aug1,affine;hsv,2
d56fcb3c-0531-4696-8b67-2645d89e4a7f_mp4-0043_jpg.rf.1c3c0175bc71e37786f6f1b190ec9456_aug2.jpg,aug2,hflip;affine;hsv,2
d56fcb3c-0531-4696-8b67-2645d89e4a7f_mp4-0043_jpg.rf.1c3c0175bc71e37786f6f1b190ec9456_aug3.jpg,aug3,dark;rain,2
d56fcb3c-0531-4696-8b67-2645d89e4a7f_mp4-0044_jpg.rf.4b1999b56ce4ee943f5e306cee159142.jpg,orig,,2
d56fcb3c-0531-4696-8b67-2645d89e4a7f_mp4-0044_jpg.rf.4b1999b56ce4ee943f5e306cee159142_aug1.jpg,aug1,hflip;affine;hsv,2
d56fcb3c-0531-4696-8b67-2645d89e4a7f_mp4-0044_jpg.rf.4b1999b56ce4ee943f5e306cee159142_aug2.jpg,aug2,blur=0.87,2
d56fcb3c-0531-4696-8b67-2645d89e4a7f_mp4-0044_jpg.rf.4b1999b56ce4ee943f5e306cee159142_aug3.jpg,aug3,rain,2
d56fcb3c-0531-4696-8b67-2645d89e4a7f_mp4-0046_jpg.rf.b441333ec89ad43a3fc17b5524c14571.jpg,orig,,2
d56fcb3c-0531-4696-8b67-2645d89e4a7f_mp4-0046_jpg.rf.b441333ec89ad43a3fc17b5524c14571_aug1.jpg,aug1,hflip;gamma=1.24;clahe;blur=0.45,2
d56fcb3c-0531-4696-8b67-2645d89e4a7f_mp4-0046_jpg.rf.b441333ec89ad43a3fc17b5524c14571_aug2.jpg,aug2,hflip;gamma=0.83,2
d56fcb3c-0531-4696-8b67-2645d89e4a7f_mp4-0046_jpg.rf.b441333ec89ad43a3fc17b5524c14571_aug3.jpg,aug3,rain,2
d56fcb3c-0531-4696-8b67-2645d89e4a7f_mp4-0047_jpg.rf.dece17ceb73cc7be75bc00b9649036e8.jpg,orig,,2
d56fcb3c-0531-4696-8b67-2645d89e4a7f_mp4-0047_jpg.rf.dece17ceb73cc7be75bc00b9649036e8_aug1.jpg,aug1,hflip;affine,2
d56fcb3c-0531-4696-8b67-2645d89e4a7f_mp4-0047_jpg.rf.dece17ceb73cc7be75bc00b9649036e8_aug2.jpg,aug2,hflip;hsv;clahe,2
d56fcb3c-0531-4696-8b67-2645d89e4a7f_mp4-0047_jpg.rf.dece17ceb73cc7be75bc00b9649036e8_aug3.jpg,aug3,dark,2
d56fcb3c-0531-4696-8b67-2645d89e4a7f_mp4-0048_jpg.rf.2992a85e8ae502bc121efd5905003820.jpg,orig,,2
d56fcb3c-0531-4696-8b67-2645d89e4a7f_mp4-0048_jpg.rf.2992a85e8ae502bc121efd5905003820_aug1.jpg,aug1,affine;hsv;clahe,2
d56fcb3c-0531-4696-8b67-2645d89e4a7f_mp4-0048_jpg.rf.2992a85e8ae502bc121efd5905003820_aug2.jpg,aug2,hflip,2
d56fcb3c-0531-4696-8b67-2645d89e4a7f_mp4-0048_jpg.rf.2992a85e8ae502bc121efd5905003820_aug3.jpg,aug3,dark,2
d56fcb3c-0531-4696-8b67-2645d89e4a7f_mp4-0049_jpg.rf.0a5b1f40e2565ec0e0f5d55fa8d2bc38.jpg,orig,,2
d56fcb3c-0531-4696-8b67-2645d89e4a7f_mp4-0049_jpg.rf.0a5b1f40e2565ec0e0f5d55fa8d2bc38_aug1.jpg,aug1,affine;hsv;gamma=1.09;clahe,2
d56fcb3c-0531-4696-8b67-2645d89e4a7f_mp4-0049_jpg.rf.0a5b1f40e2565ec0e0f5d55fa8d2bc38_aug2.jpg,aug2,affine;clahe,2
d56fcb3c-0531-4696-8b67-2645d89e4a7f_mp4-0049_jpg.rf.0a5b1f40e2565ec0e0f5d55fa8d2bc38_aug3.jpg,aug3,dark,2
d56fcb3c-0531-4696-8b67-2645d89e4a7f_mp4-0050_jpg.rf.ed5296478b0d842a0a1d1bdb618575db.jpg,orig,,3
d56fcb3c-0531-4696-8b67-2645d89e4a7f_mp4-0050_jpg.rf.ed5296478b0d842a0a1d1bdb618575db_aug1.jpg,aug1,hflip;affine;hsv;gamma=1.24,3
d56fcb3c-0531-4696-8b67-2645d89e4a7f_mp4-0050_jpg.rf.ed5296478b0d842a0a1d1bdb618575db_aug2.jpg,aug2,hflip;hsv;clahe;blur=0.31,3
d56fcb3c-0531-4696-8b67-2645d89e4a7f_mp4-0050_jpg.rf.ed5296478b0d842a0a1d1bdb618575db_aug3.jpg,aug3,dark,3
d56fcb3c-0531-4696-8b67-2645d89e4a7f_mp4-0051_jpg.rf.6471eaff1de1d7562752a54b5a8547ad.jpg,orig,,2
d56fcb3c-0531-4696-8b67-2645d89e4a7f_mp4-0051_jpg.rf.6471eaff1de1d7562752a54b5a8547ad_aug1.jpg,aug1,hflip;affine;hsv,2
d56fcb3c-0531-4696-8b67-2645d89e4a7f_mp4-0051_jpg.rf.6471eaff1de1d7562752a54b5a8547ad_aug2.jpg,aug2,affine;clahe,2
d56fcb3c-0531-4696-8b67-2645d89e4a7f_mp4-0051_jpg.rf.6471eaff1de1d7562752a54b5a8547ad_aug3.jpg,aug3,dark,2
d56fcb3c-0531-4696-8b67-2645d89e4a7f_mp4-0052_jpg.rf.d8ac8d950cf38875a8f94ee12b852a23.jpg,orig,,2
d56fcb3c-0531-4696-8b67-2645d89e4a7f_mp4-0052_jpg.rf.d8ac8d950cf38875a8f94ee12b852a23_aug1.jpg,aug1,hsv;clahe,2
d56fcb3c-0531-4696-8b67-2645d89e4a7f_mp4-0052_jpg.rf.d8ac8d950cf38875a8f94ee12b852a23_aug2.jpg,aug2,hflip;affine;hsv;gamma=0.83;clahe,2
d56fcb3c-0531-4696-8b67-2645d89e4a7f_mp4-0052_jpg.rf.d8ac8d950cf38875a8f94ee12b852a23_aug3.jpg,aug3,dark,2
d56fcb3c-0531-4696-8b67-2645d89e4a7f_mp4-0055_jpg.rf.1dd28261e21c475752a86521d0878ad8.jpg,orig,,2
d56fcb3c-0531-4696-8b67-2645d89e4a7f_mp4-0055_jpg.rf.1dd28261e21c475752a86521d0878ad8_aug1.jpg,aug1,hsv;gamma=1.12,2
d56fcb3c-0531-4696-8b67-2645d89e4a7f_mp4-0055_jpg.rf.1dd28261e21c475752a86521d0878ad8_aug2.jpg,aug2,hflip;hsv,2
d56fcb3c-0531-4696-8b67-2645d89e4a7f_mp4-0055_jpg.rf.1dd28261e21c475752a86521d0878ad8_aug3.jpg,aug3,dark,2
d56fcb3c-0531-4696-8b67-2645d89e4a7f_mp4-0056_jpg.rf.cbc3f4e3b898f956a919824121e09387.jpg,orig,,2
d56fcb3c-0531-4696-8b67-2645d89e4a7f_mp4-0056_jpg.rf.cbc3f4e3b898f956a919824121e09387_aug1.jpg,aug1,gamma=0.96,2
d56fcb3c-0531-4696-8b67-2645d89e4a7f_mp4-0056_jpg.rf.cbc3f4e3b898f956a919824121e09387_aug2.jpg,aug2,affine;hsv;gamma=1.14,2
d56fcb3c-0531-4696-8b67-2645d89e4a7f_mp4-0056_jpg.rf.cbc3f4e3b898f956a919824121e09387_aug3.jpg,aug3,dark;rain,2
download_jpg.rf.29620bb57720ad9437179eaf67a17b61.jpg,orig,,5
download_jpg.rf.29620bb57720ad9437179eaf67a17b61_aug1.jpg,aug1,clahe,5
download_jpg.rf.29620bb57720ad9437179eaf67a17b61_aug2.jpg,aug2,affine;gamma=0.89,5
download_jpg.rf.29620bb57720ad9437179eaf67a17b61_aug3.jpg,aug3,dark,5
download_jpg.rf.e0d0d9731c3fd3cbcb4d1386407c9a6c.jpg,orig,,4
download_jpg.rf.e0d0d9731c3fd3cbcb4d1386407c9a6c_aug1.jpg,aug1,hflip;hsv,4
download_jpg.rf.e0d0d9731c3fd3cbcb4d1386407c9a6c_aug2.jpg,aug2,affine;hsv,3
download_jpg.rf.e0d0d9731c3fd3cbcb4d1386407c9a6c_aug3.jpg,aug3,dark,4
fa45e6fb-4502-41bb-bb80-a4a4149318ad_mp4-0000_jpg.rf.9cf29cd24bddf2174c7473c074a60557.jpg,orig,,1
fa45e6fb-4502-41bb-bb80-a4a4149318ad_mp4-0000_jpg.rf.9cf29cd24bddf2174c7473c074a60557_aug1.jpg,aug1,affine;gamma=1.14;clahe,1
fa45e6fb-4502-41bb-bb80-a4a4149318ad_mp4-0000_jpg.rf.9cf29cd24bddf2174c7473c074a60557_aug2.jpg,aug2,affine,1
fa45e6fb-4502-41bb-bb80-a4a4149318ad_mp4-0000_jpg.rf.9cf29cd24bddf2174c7473c074a60557_aug3.jpg,aug3,rain,1
fa45e6fb-4502-41bb-bb80-a4a4149318ad_mp4-0001_jpg.rf.30483987f7cc655704e843c9da4bf42e.jpg,orig,,1
fa45e6fb-4502-41bb-bb80-a4a4149318ad_mp4-0001_jpg.rf.30483987f7cc655704e843c9da4bf42e_aug1.jpg,aug1,hflip;hsv;blur=0.14,1
fa45e6fb-4502-41bb-bb80-a4a4149318ad_mp4-0001_jpg.rf.30483987f7cc655704e843c9da4bf42e_aug2.jpg,aug2,affine;hsv;gamma=0.84,1
fa45e6fb-4502-41bb-bb80-a4a4149318ad_mp4-0001_jpg.rf.30483987f7cc655704e843c9da4bf42e_aug3.jpg,aug3,dark,1
fa45e6fb-4502-41bb-bb80-a4a4149318ad_mp4-0002_jpg.rf.999ac9a53e0882b848584bb2e578489d.jpg,orig,,1
fa45e6fb-4502-41bb-bb80-a4a4149318ad_mp4-0002_jpg.rf.999ac9a53e0882b848584bb2e578489d_aug1.jpg,aug1,hflip;hsv,1
fa45e6fb-4502-41bb-bb80-a4a4149318ad_mp4-0002_jpg.rf.999ac9a53e0882b848584bb2e578489d_aug2.jpg,aug2,hsv;clahe;blur=0.96,1
fa45e6fb-4502-41bb-bb80-a4a4149318ad_mp4-0002_jpg.rf.999ac9a53e0882b848584bb2e578489d_aug3.jpg,aug3,dark,1
fa45e6fb-4502-41bb-bb80-a4a4149318ad_mp4-0006_jpg.rf.4eede65a8d3bc1b65a9beb3fed312105.jpg,orig,,3
fa45e6fb-4502-41bb-bb80-a4a4149318ad_mp4-0006_jpg.rf.4eede65a8d3bc1b65a9beb3fed312105_aug1.jpg,aug1,affine;hsv;clahe,3
fa45e6fb-4502-41bb-bb80-a4a4149318ad_mp4-0006_jpg.rf.4eede65a8d3bc1b65a9beb3fed312105_aug2.jpg,aug2,affine;hsv,2
fa45e6fb-4502-41bb-bb80-a4a4149318ad_mp4-0006_jpg.rf.4eede65a8d3bc1b65a9beb3fed312105_aug3.jpg,aug3,dark,3
fa45e6fb-4502-41bb-bb80-a4a4149318ad_mp4-0007_jpg.rf.1ae86f9ef22c4ec8ebe0b9eee2155358.jpg,orig,,3
fa45e6fb-4502-41bb-bb80-a4a4149318ad_mp4-0007_jpg.rf.1ae86f9ef22c4ec8ebe0b9eee2155358_aug1.jpg,aug1,affine,3
fa45e6fb-4502-41bb-bb80-a4a4149318ad_mp4-0007_jpg.rf.1ae86f9ef22c4ec8ebe0b9eee2155358_aug2.jpg,aug2,none,3
fa45e6fb-4502-41bb-bb80-a4a4149318ad_mp4-0007_jpg.rf.1ae86f9ef22c4ec8ebe0b9eee2155358_aug3.jpg,aug3,dark,3
fa45e6fb-4502-41bb-bb80-a4a4149318ad_mp4-0008_jpg.rf.8edb52b8829314ea294155966e07a3e0.jpg,orig,,2
fa45e6fb-4502-41bb-bb80-a4a4149318ad_mp4-0008_jpg.rf.8edb52b8829314ea294155966e07a3e0_aug1.jpg,aug1,hflip;affine;hsv;gamma=0.97;clahe,2
fa45e6fb-4502-41bb-bb80-a4a4149318ad_mp4-0008_jpg.rf.8edb52b8829314ea294155966e07a3e0_aug2.jpg,aug2,affine;hsv;gamma=1.01;blur=0.55,2
fa45e6fb-4502-41bb-bb80-a4a4149318ad_mp4-0008_jpg.rf.8edb52b8829314ea294155966e07a3e0_aug3.jpg,aug3,dark,2
fa45e6fb-4502-41bb-bb80-a4a4149318ad_mp4-0009_jpg.rf.42377039928d1825a4a44610c78be8f2.jpg,orig,,3
fa45e6fb-4502-41bb-bb80-a4a4149318ad_mp4-0009_jpg.rf.42377039928d1825a4a44610c78be8f2_aug1.jpg,aug1,affine;hsv,3
fa45e6fb-4502-41bb-bb80-a4a4149318ad_mp4-0009_jpg.rf.42377039928d1825a4a44610c78be8f2_aug2.jpg,aug2,affine;hsv,3
fa45e6fb-4502-41bb-bb80-a4a4149318ad_mp4-0009_jpg.rf.42377039928d1825a4a44610c78be8f2_aug3.jpg,aug3,dark,3
fa45e6fb-4502-41bb-bb80-a4a4149318ad_mp4-0010_jpg.rf.0e5941bf0f23cbba63fac58c74655df0.jpg,orig,,3
fa45e6fb-4502-41bb-bb80-a4a4149318ad_mp4-0010_jpg.rf.0e5941bf0f23cbba63fac58c74655df0_aug1.jpg,aug1,hflip,3
fa45e6fb-4502-41bb-bb80-a4a4149318ad_mp4-0010_jpg.rf.0e5941bf0f23cbba63fac58c74655df0_aug2.jpg,aug2,hflip;affine;blur=0.35,2
fa45e6fb-4502-41bb-bb80-a4a4149318ad_mp4-0010_jpg.rf.0e5941bf0f23cbba63fac58c74655df0_aug3.jpg,aug3,dark;rain,3
fa45e6fb-4502-41bb-bb80-a4a4149318ad_mp4-0011_jpg.rf.8a6a2bd9be2b7fcc360d6eca406f20fc.jpg,orig,,3
fa45e6fb-4502-41bb-bb80-a4a4149318ad_mp4-0011_jpg.rf.8a6a2bd9be2b7fcc360d6eca406f20fc_aug1.jpg,aug1,affine;gamma=0.96,3
fa45e6fb-4502-41bb-bb80-a4a4149318ad_mp4-0011_jpg.rf.8a6a2bd9be2b7fcc360d6eca406f20fc_aug2.jpg,aug2,affine;hsv;blur=0.47,3
fa45e6fb-4502-41bb-bb80-a4a4149318ad_mp4-0011_jpg.rf.8a6a2bd9be2b7fcc360d6eca406f20fc_aug3.jpg,aug3,rain,3
fa45e6fb-4502-41bb-bb80-a4a4149318ad_mp4-0015_jpg.rf.2d128d5ed59b7f7b2b16d6ecca38b1a0.jpg,orig,,3
fa45e6fb-4502-41bb-bb80-a4a4149318ad_mp4-0015_jpg.rf.2d128d5ed59b7f7b2b16d6ecca38b1a0_aug1.jpg,aug1,affine,3
fa45e6fb-4502-41bb-bb80-a4a4149318ad_mp4-0015_jpg.rf.2d128d5ed59b7f7b2b16d6ecca38b1a0_aug2.jpg,aug2,hflip;affine;hsv,3
fa45e6fb-4502-41bb-bb80-a4a4149318ad_mp4-0015_jpg.rf.2d128d5ed59b7f7b2b16d6ecca38b1a0_aug3.jpg,aug3,rain,3
fa45e6fb-4502-41bb-bb80-a4a4149318ad_mp4-0016_jpg.rf.8ae3a7338169ab109319a0c82aa2931b.jpg,orig,,3
fa45e6fb-4502-41bb-bb80-a4a4149318ad_mp4-0016_jpg.rf.8ae3a7338169ab109319a0c82aa2931b_aug1.jpg,aug1,hflip;clahe,3
fa45e6fb-4502-41bb-bb80-a4a4149318ad_mp4-0016_jpg.rf.8ae3a7338169ab109319a0c82aa2931b_aug2.jpg,aug2,hflip;affine;clahe,3
fa45e6fb-4502-41bb-bb80-a4a4149318ad_mp4-0016_jpg.rf.8ae3a7338169ab109319a0c82aa2931b_aug3.jpg,aug3,dark,3
fa45e6fb-4502-41bb-bb80-a4a4149318ad_mp4-0018_jpg.rf.d2279a5445af20fb604f9fcc68bb8418.jpg,orig,,3
fa45e6fb-4502-41bb-bb80-a4a4149318ad_mp4-0018_jpg.rf.d2279a5445af20fb604f9fcc68bb8418_aug1.jpg,aug1,hflip;hsv;gamma=0.95,3
fa45e6fb-4502-41bb-bb80-a4a4149318ad_mp4-0018_jpg.rf.d2279a5445af20fb604f9fcc68bb8418_aug2.jpg,aug2,hflip;affine;hsv,3
fa45e6fb-4502-41bb-bb80-a4a4149318ad_mp4-0018_jpg.rf.d2279a5445af20fb604f9fcc68bb8418_aug3.jpg,aug3,rain,3
fa45e6fb-4502-41bb-bb80-a4a4149318ad_mp4-0019_jpg.rf.5a330894e00388be6e544c033f9caf59.jpg,orig,,3
fa45e6fb-4502-41bb-bb80-a4a4149318ad_mp4-0019_jpg.rf.5a330894e00388be6e544c033f9caf59_aug1.jpg,aug1,hsv;clahe,3
fa45e6fb-4502-41bb-bb80-a4a4149318ad_mp4-0019_jpg.rf.5a330894e00388be6e544c033f9caf59_aug2.jpg,aug2,hflip;affine;hsv,3
fa45e6fb-4502-41bb-bb80-a4a4149318ad_mp4-0019_jpg.rf.5a330894e00388be6e544c033f9caf59_aug3.jpg,aug3,dark,3
fa45e6fb-4502-41bb-bb80-a4a4149318ad_mp4-0020_jpg.rf.cbf500a7b71864260a0074661cc6ff88.jpg,orig,,3
fa45e6fb-4502-41bb-bb80-a4a4149318ad_mp4-0020_jpg.rf.cbf500a7b71864260a0074661cc6ff88_aug1.jpg,aug1,affine,3
fa45e6fb-4502-41bb-bb80-a4a4149318ad_mp4-0020_jpg.rf.cbf500a7b71864260a0074661cc6ff88_aug2.jpg,aug2,hflip;affine;hsv,3
fa45e6fb-4502-41bb-bb80-a4a4149318ad_mp4-0020_jpg.rf.cbf500a7b71864260a0074661cc6ff88_aug3.jpg,aug3,dark,3
fa45e6fb-4502-41bb-bb80-a4a4149318ad_mp4-0021_jpg.rf.5705ecbe28b9cecf40abe7999d6e027c.jpg,orig,,3
fa45e6fb-4502-41bb-bb80-a4a4149318ad_mp4-0021_jpg.rf.5705ecbe28b9cecf40abe7999d6e027c_aug1.jpg,aug1,hflip;affine;hsv,3
fa45e6fb-4502-41bb-bb80-a4a4149318ad_mp4-0021_jpg.rf.5705ecbe28b9cecf40abe7999d6e027c_aug2.jpg,aug2,hflip;hsv,3
fa45e6fb-4502-41bb-bb80-a4a4149318ad_mp4-0021_jpg.rf.5705ecbe28b9cecf40abe7999d6e027c_aug3.jpg,aug3,rain,3
fa45e6fb-4502-41bb-bb80-a4a4149318ad_mp4-0022_jpg.rf.877809ecfdf84612feff653adce1e6cb.jpg,orig,,3
fa45e6fb-4502-41bb-bb80-a4a4149318ad_mp4-0022_jpg.rf.877809ecfdf84612feff653adce1e6cb_aug1.jpg,aug1,gamma=0.86;clahe;blur=0.26,3
fa45e6fb-4502-41bb-bb80-a4a4149318ad_mp4-0022_jpg.rf.877809ecfdf84612feff653adce1e6cb_aug2.jpg,aug2,blur=1.09,3
fa45e6fb-4502-41bb-bb80-a4a4149318ad_mp4-0022_jpg.rf.877809ecfdf84612feff653adce1e6cb_aug3.jpg,aug3,rain,3
fa45e6fb-4502-41bb-bb80-a4a4149318ad_mp4-0023_jpg.rf.4532e4605a2f112beaee69be036c9c1f.jpg,orig,,3
fa45e6fb-4502-41bb-bb80-a4a4149318ad_mp4-0023_jpg.rf.4532e4605a2f112beaee69be036c9c1f_aug1.jpg,aug1,hflip;affine;hsv,3
fa45e6fb-4502-41bb-bb80-a4a4149318ad_mp4-0023_jpg.rf.4532e4605a2f112beaee69be036c9c1f_aug2.jpg,aug2,hflip;hsv;gamma=1.18;clahe,3
fa45e6fb-4502-41bb-bb80-a4a4149318ad_mp4-0023_jpg.rf.4532e4605a2f112beaee69be036c9c1f_aug3.jpg,aug3,rain,3
fa45e6fb-4502-41bb-bb80-a4a4149318ad_mp4-0025_jpg.rf.f2a27c2123b476027954257474e08169.jpg,orig,,3
fa45e6fb-4502-41bb-bb80-a4a4149318ad_mp4-0025_jpg.rf.f2a27c2123b476027954257474e08169_aug1.jpg,aug1,none,3
fa45e6fb-4502-41bb-bb80-a4a4149318ad_mp4-0025_jpg.rf.f2a27c2123b476027954257474e08169_aug2.jpg,aug2,hflip;hsv;clahe,3
fa45e6fb-4502-41bb-bb80-a4a4149318ad_mp4-0025_jpg.rf.f2a27c2123b476027954257474e08169_aug3.jpg,aug3,rain,3
fa45e6fb-4502-41bb-bb80-a4a4149318ad_mp4-0026_jpg.rf.bf4c65aea6a2435c32227dc207339ffe.jpg,orig,,3
fa45e6fb-4502-41bb-bb80-a4a4149318ad_mp4-0026_jpg.rf.bf4c65aea6a2435c32227dc207339ffe_aug1.jpg,aug1,hflip;affine;hsv,3
fa45e6fb-4502-41bb-bb80-a4a4149318ad_mp4-0026_jpg.rf.bf4c65aea6a2435c32227dc207339ffe_aug2.jpg,aug2,hsv,3
fa45e6fb-4502-41bb-bb80-a4a4149318ad_mp4-0026_jpg.rf.bf4c65aea6a2435c32227dc207339ffe_aug3.jpg,aug3,dark;rain,3
fa45e6fb-4502-41bb-bb80-a4a4149318ad_mp4-0027_jpg.rf.3dba5e90a89c48337f5e07ae046514ae.jpg,orig,,3
fa45e6fb-4502-41bb-bb80-a4a4149318ad_mp4-0027_jpg.rf.3dba5e90a89c48337f5e07ae046514ae_aug1.jpg,aug1,affine;gamma=1.19,2
fa45e6fb-4502-41bb-bb80-a4a4149318ad_mp4-0027_jpg.rf.3dba5e90a89c48337f5e07ae046514ae_aug2.jpg,aug2,clahe,3
fa45e6fb-4502-41bb-bb80-a4a4149318ad_mp4-0027_jpg.rf.3dba5e90a89c48337f5e07ae046514ae_aug3.jpg,aug3,dark;rain,3
fa45e6fb-4502-41bb-bb80-a4a4149318ad_mp4-0028_jpg.rf.e344e8d241b7dab48251c19fc97d270a.jpg,orig,,3
fa45e6fb-4502-41bb-bb80-a4a4149318ad_mp4-0028_jpg.rf.e344e8d241b7dab48251c19fc97d270a_aug1.jpg,aug1,affine;hsv,3
fa45e6fb-4502-41bb-bb80-a4a4149318ad_mp4-0028_jpg.rf.e344e8d241b7dab48251c19fc97d270a_aug2.jpg,aug2,affine;hsv;gamma=1.14,3
fa45e6fb-4502-41bb-bb80-a4a4149318ad_mp4-0028_jpg.rf.e344e8d241b7dab48251c19fc97d270a_aug3.jpg,aug3,rain,3
fa45e6fb-4502-41bb-bb80-a4a4149318ad_mp4-0029_jpg.rf.7cca5790d322eef969e859ef1b270886.jpg,orig,,3
fa45e6fb-4502-41bb-bb80-a4a4149318ad_mp4-0029_jpg.rf.7cca5790d322eef969e859ef1b270886_aug1.jpg,aug1,hflip;affine;gamma=0.82,3
fa45e6fb-4502-41bb-bb80-a4a4149318ad_mp4-0029_jpg.rf.7cca5790d322eef969e859ef1b270886_aug2.jpg,aug2,affine;gamma=0.88;blur=0.40,3
fa45e6fb-4502-41bb-bb80-a4a4149318ad_mp4-0029_jpg.rf.7cca5790d322eef969e859ef1b270886_aug3.jpg,aug3,dark,3
fa45e6fb-4502-41bb-bb80-a4a4149318ad_mp4-0031_jpg.rf.374f41e5b33ca6f820cb45185a2a8a85.jpg,orig,,3
fa45e6fb-4502-41bb-bb80-a4a4149318ad_mp4-0031_jpg.rf.374f41e5b33ca6f820cb45185a2a8a85_aug1.jpg,aug1,hflip;affine;gamma=1.01,3
fa45e6fb-4502-41bb-bb80-a4a4149318ad_mp4-0031_jpg.rf.374f41e5b33ca6f820cb45185a2a8a85_aug2.jpg,aug2,hflip;affine;hsv;gamma=1.14;blur=0.40,3
fa45e6fb-4502-41bb-bb80-a4a4149318ad_mp4-0031_jpg.rf.374f41e5b33ca6f820cb45185a2a8a85_aug3.jpg,aug3,dark,3
fa45e6fb-4502-41bb-bb80-a4a4149318ad_mp4-0032_jpg.rf.3b62075506a83ae4f1d4cd9386678a17.jpg,orig,,3
fa45e6fb-4502-41bb-bb80-a4a4149318ad_mp4-0032_jpg.rf.3b62075506a83ae4f1d4cd9386678a17_aug1.jpg,aug1,hflip;affine;hsv;gamma=1.20;blur=0.17,3
fa45e6fb-4502-41bb-bb80-a4a4149318ad_mp4-0032_jpg.rf.3b62075506a83ae4f1d4cd9386678a17_aug2.jpg,aug2,hsv;clahe,3
fa45e6fb-4502-41bb-bb80-a4a4149318ad_mp4-0032_jpg.rf.3b62075506a83ae4f1d4cd9386678a17_aug3.jpg,aug3,dark,3
fa45e6fb-4502-41bb-bb80-a4a4149318ad_mp4-0036_jpg.rf.82e44428f037a8a4c43eb37e9b417626.jpg,orig,,3
fa45e6fb-4502-41bb-bb80-a4a4149318ad_mp4-0036_jpg.rf.82e44428f037a8a4c43eb37e9b417626_aug1.jpg,aug1,affine;hsv,3
fa45e6fb-4502-41bb-bb80-a4a4149318ad_mp4-0036_jpg.rf.82e44428f037a8a4c43eb37e9b417626_aug2.jpg,aug2,hflip;affine;hsv;gamma=1.05;clahe,3
fa45e6fb-4502-41bb-bb80-a4a4149318ad_mp4-0036_jpg.rf.82e44428f037a8a4c43eb37e9b417626_aug3.jpg,aug3,dark,3
fa45e6fb-4502-41bb-bb80-a4a4149318ad_mp4-0037_jpg.rf.3b8f2c0c1e3898308f61246586d0051f.jpg,orig,,3
fa45e6fb-4502-41bb-bb80-a4a4149318ad_mp4-0037_jpg.rf.3b8f2c0c1e3898308f61246586d0051f_aug1.jpg,aug1,hflip;gamma=0.87;clahe,3
fa45e6fb-4502-41bb-bb80-a4a4149318ad_mp4-0037_jpg.rf.3b8f2c0c1e3898308f61246586d0051f_aug2.jpg,aug2,hflip;affine;hsv,3
fa45e6fb-4502-41bb-bb80-a4a4149318ad_mp4-0037_jpg.rf.3b8f2c0c1e3898308f61246586d0051f_aug3.jpg,aug3,dark,3
fa45e6fb-4502-41bb-bb80-a4a4149318ad_mp4-0039_jpg.rf.77f2f1767efcb3c5c31fb0db82b354b5.jpg,orig,,3
fa45e6fb-4502-41bb-bb80-a4a4149318ad_mp4-0039_jpg.rf.77f2f1767efcb3c5c31fb0db82b354b5_aug1.jpg,aug1,affine;hsv;gamma=1.19;clahe,3
fa45e6fb-4502-41bb-bb80-a4a4149318ad_mp4-0039_jpg.rf.77f2f1767efcb3c5c31fb0db82b354b5_aug2.jpg,aug2,affine;hsv;clahe,3
fa45e6fb-4502-41bb-bb80-a4a4149318ad_mp4-0039_jpg.rf.77f2f1767efcb3c5c31fb0db82b354b5_aug3.jpg,aug3,dark;rain,3
fa45e6fb-4502-41bb-bb80-a4a4149318ad_mp4-0041_jpg.rf.08c59e4420fa9216211c362317478b9e.jpg,orig,,3
fa45e6fb-4502-41bb-bb80-a4a4149318ad_mp4-0041_jpg.rf.08c59e4420fa9216211c362317478b9e_aug1.jpg,aug1,gamma=1.23,3
fa45e6fb-4502-41bb-bb80-a4a4149318ad_mp4-0041_jpg.rf.08c59e4420fa9216211c362317478b9e_aug2.jpg,aug2,hflip;hsv;gamma=0.95,3
fa45e6fb-4502-41bb-bb80-a4a4149318ad_mp4-0041_jpg.rf.08c59e4420fa9216211c362317478b9e_aug3.jpg,aug3,rain,3
07451999-bdf8-4862-b869-6db57c35f0c1_mp4-0002_jpg.rf.bfdf9b16ed45a7bd5e5d974692de6e15.jpg,orig,,1
07451999-bdf8-4862-b869-6db57c35f0c1_mp4-0002_jpg.rf.bfdf9b16ed45a7bd5e5d974692de6e15_aug1.jpg,aug1,gamma=0.91,1
07451999-bdf8-4862-b869-6db57c35f0c1_mp4-0002_jpg.rf.bfdf9b16ed45a7bd5e5d974692de6e15_aug2.jpg,aug2,hsv;gamma=0.89,1
07451999-bdf8-4862-b869-6db57c35f0c1_mp4-0002_jpg.rf.bfdf9b16ed45a7bd5e5d974692de6e15_aug3.jpg,aug3,dark,1
07451999-bdf8-4862-b869-6db57c35f0c1_mp4-0009_jpg.rf.13654e2b70a616817d6c59eaa22b2f97.jpg,orig,,3
07451999-bdf8-4862-b869-6db57c35f0c1_mp4-0009_jpg.rf.13654e2b70a616817d6c59eaa22b2f97_aug1.jpg,aug1,hflip;affine;clahe;blur=0.99,3
07451999-bdf8-4862-b869-6db57c35f0c1_mp4-0009_jpg.rf.13654e2b70a616817d6c59eaa22b2f97_aug2.jpg,aug2,hsv;gamma=1.24,3
07451999-bdf8-4862-b869-6db57c35f0c1_mp4-0009_jpg.rf.13654e2b70a616817d6c59eaa22b2f97_aug3.jpg,aug3,rain,3
07451999-bdf8-4862-b869-6db57c35f0c1_mp4-0013_jpg.rf.b235c789f8f0eb45d7efdd17894c7f55.jpg,orig,,3
07451999-bdf8-4862-b869-6db57c35f0c1_mp4-0013_jpg.rf.b235c789f8f0eb45d7efdd17894c7f55_aug1.jpg,aug1,clahe,3
07451999-bdf8-4862-b869-6db57c35f0c1_mp4-0013_jpg.rf.b235c789f8f0eb45d7efdd17894c7f55_aug2.jpg,aug2,hflip;affine,3
07451999-bdf8-4862-b869-6db57c35f0c1_mp4-0013_jpg.rf.b235c789f8f0eb45d7efdd17894c7f55_aug3.jpg,aug3,dark,3
07451999-bdf8-4862-b869-6db57c35f0c1_mp4-0022_jpg.rf.c5e57e551abb7034383a59fd841a22f3.jpg,orig,,3
07451999-bdf8-4862-b869-6db57c35f0c1_mp4-0022_jpg.rf.c5e57e551abb7034383a59fd841a22f3_aug1.jpg,aug1,affine;hsv,3
07451999-bdf8-4862-b869-6db57c35f0c1_mp4-0022_jpg.rf.c5e57e551abb7034383a59fd841a22f3_aug2.jpg,aug2,hflip;affine,3
07451999-bdf8-4862-b869-6db57c35f0c1_mp4-0022_jpg.rf.c5e57e551abb7034383a59fd841a22f3_aug3.jpg,aug3,dark;rain,3
07451999-bdf8-4862-b869-6db57c35f0c1_mp4-0029_jpg.rf.1d51b722402fc2ea5036e33379842dec.jpg,orig,,3
07451999-bdf8-4862-b869-6db57c35f0c1_mp4-0029_jpg.rf.1d51b722402fc2ea5036e33379842dec_aug1.jpg,aug1,affine;hsv,3
07451999-bdf8-4862-b869-6db57c35f0c1_mp4-0029_jpg.rf.1d51b722402fc2ea5036e33379842dec_aug2.jpg,aug2,hflip;gamma=1.03;clahe,3
07451999-bdf8-4862-b869-6db57c35f0c1_mp4-0029_jpg.rf.1d51b722402fc2ea5036e33379842dec_aug3.jpg,aug3,dark;rain,3
07451999-bdf8-4862-b869-6db57c35f0c1_mp4-0030_jpg.rf.179e5ba48ab4e8c083fa748d047be68c.jpg,orig,,3
07451999-bdf8-4862-b869-6db57c35f0c1_mp4-0030_jpg.rf.179e5ba48ab4e8c083fa748d047be68c_aug1.jpg,aug1,affine,3
07451999-bdf8-4862-b869-6db57c35f0c1_mp4-0030_jpg.rf.179e5ba48ab4e8c083fa748d047be68c_aug2.jpg,aug2,hflip;affine;hsv;gamma=0.91,3
07451999-bdf8-4862-b869-6db57c35f0c1_mp4-0030_jpg.rf.179e5ba48ab4e8c083fa748d047be68c_aug3.jpg,aug3,dark;rain,3
07451999-bdf8-4862-b869-6db57c35f0c1_mp4-0035_jpg.rf.976393577ccf00eceeeedd45229d78ea.jpg,orig,,5
07451999-bdf8-4862-b869-6db57c35f0c1_mp4-0035_jpg.rf.976393577ccf00eceeeedd45229d78ea_aug1.jpg,aug1,hflip;affine;hsv;gamma=0.97;clahe,5
07451999-bdf8-4862-b869-6db57c35f0c1_mp4-0035_jpg.rf.976393577ccf00eceeeedd45229d78ea_aug2.jpg,aug2,hsv;clahe,5
07451999-bdf8-4862-b869-6db57c35f0c1_mp4-0035_jpg.rf.976393577ccf00eceeeedd45229d78ea_aug3.jpg,aug3,dark,5
0f964fdb-9fc1-4941-9c12-15445855221a-1-_mp4-0003_jpg.rf.ad635109764d0d65f47438e65b37f786.jpg,orig,,2
0f964fdb-9fc1-4941-9c12-15445855221a-1-_mp4-0003_jpg.rf.ad635109764d0d65f47438e65b37f786_aug1.jpg,aug1,clahe;blur=1.11,2
0f964fdb-9fc1-4941-9c12-15445855221a-1-_mp4-0003_jpg.rf.ad635109764d0d65f47438e65b37f786_aug2.jpg,aug2,hflip;affine;hsv;gamma=0.88;clahe,2
0f964fdb-9fc1-4941-9c12-15445855221a-1-_mp4-0003_jpg.rf.ad635109764d0d65f47438e65b37f786_aug3.jpg,aug3,dark,2
0f964fdb-9fc1-4941-9c12-15445855221a-1-_mp4-0007_jpg.rf.38c92bd8794f1d10c5191cfb47b572cc.jpg,orig,,2
0f964fdb-9fc1-4941-9c12-15445855221a-1-_mp4-0007_jpg.rf.38c92bd8794f1d10c5191cfb47b572cc_aug1.jpg,aug1,hflip;affine;hsv;blur=0.17,2
0f964fdb-9fc1-4941-9c12-15445855221a-1-_mp4-0007_jpg.rf.38c92bd8794f1d10c5191cfb47b572cc_aug2.jpg,aug2,affine,2
0f964fdb-9fc1-4941-9c12-15445855221a-1-_mp4-0007_jpg.rf.38c92bd8794f1d10c5191cfb47b572cc_aug3.jpg,aug3,dark;rain,2
0f964fdb-9fc1-4941-9c12-15445855221a-1-_mp4-0010_jpg.rf.85b44cd7601eddb3722242756895c314.jpg,orig,,2
0f964fdb-9fc1-4941-9c12-15445855221a-1-_mp4-0010_jpg.rf.85b44cd7601eddb3722242756895c314_aug1.jpg,aug1,hflip;gamma=0.88;blur=0.72,2
0f964fdb-9fc1-4941-9c12-15445855221a-1-_mp4-0010_jpg.rf.85b44cd7601eddb3722242756895c314_aug2.jpg,aug2,hflip;affine;clahe,1
0f964fdb-9fc1-4941-9c12-15445855221a-1-_mp4-0010_jpg.rf.85b44cd7601eddb3722242756895c314_aug3.jpg,aug3,dark;rain,2
0f964fdb-9fc1-4941-9c12-15445855221a-1-_mp4-0014_jpg.rf.1cda69ce3bcb35612c08b0ca134cb9e6.jpg,orig,,3
0f964fdb-9fc1-4941-9c12-15445855221a-1-_mp4-0014_jpg.rf.1cda69ce3bcb35612c08b0ca134cb9e6_aug1.jpg,aug1,affine;hsv,3
0f964fdb-9fc1-4941-9c12-15445855221a-1-_mp4-0014_jpg.rf.1cda69ce3bcb35612c08b0ca134cb9e6_aug2.jpg,aug2,hsv,3
0f964fdb-9fc1-4941-9c12-15445855221a-1-_mp4-0014_jpg.rf.1cda69ce3bcb35612c08b0ca134cb9e6_aug3.jpg,aug3,rain,3
0f964fdb-9fc1-4941-9c12-15445855221a-1-_mp4-0016_jpg.rf.744a1c2bbd07fe2365b07804abe85dd1.jpg,orig,,3
0f964fdb-9fc1-4941-9c12-15445855221a-1-_mp4-0016_jpg.rf.744a1c2bbd07fe2365b07804abe85dd1_aug1.jpg,aug1,gamma=0.90,3
0f964fdb-9fc1-4941-9c12-15445855221a-1-_mp4-0016_jpg.rf.744a1c2bbd07fe2365b07804abe85dd1_aug2.jpg,aug2,hsv;gamma=0.88;clahe,3
0f964fdb-9fc1-4941-9c12-15445855221a-1-_mp4-0016_jpg.rf.744a1c2bbd07fe2365b07804abe85dd1_aug3.jpg,aug3,dark,3
0f964fdb-9fc1-4941-9c12-15445855221a-1-_mp4-0024_jpg.rf.1667b22bb433682e58c38b6d5ab8d178.jpg,orig,,3
0f964fdb-9fc1-4941-9c12-15445855221a-1-_mp4-0024_jpg.rf.1667b22bb433682e58c38b6d5ab8d178_aug1.jpg,aug1,affine;gamma=0.98;clahe;blur=1.07,3
0f964fdb-9fc1-4941-9c12-15445855221a-1-_mp4-0024_jpg.rf.1667b22bb433682e58c38b6d5ab8d178_aug2.jpg,aug2,affine;hsv;gamma=1.06;clahe,3
0f964fdb-9fc1-4941-9c12-15445855221a-1-_mp4-0024_jpg.rf.1667b22bb433682e58c38b6d5ab8d178_aug3.jpg,aug3,rain,3
0f964fdb-9fc1-4941-9c12-15445855221a-1-_mp4-0025_jpg.rf.3ea18fbd7e85ffc39d29ea9a3efe6435.jpg,orig,,3
0f964fdb-9fc1-4941-9c12-15445855221a-1-_mp4-0025_jpg.rf.3ea18fbd7e85ffc39d29ea9a3efe6435_aug1.jpg,aug1,hflip;affine,3
0f964fdb-9fc1-4941-9c12-15445855221a-1-_mp4-0025_jpg.rf.3ea18fbd7e85ffc39d29ea9a3efe6435_aug2.jpg,aug2,hflip;hsv,3
0f964fdb-9fc1-4941-9c12-15445855221a-1-_mp4-0025_jpg.rf.3ea18fbd7e85ffc39d29ea9a3efe6435_aug3.jpg,aug3,dark,3
0f964fdb-9fc1-4941-9c12-15445855221a-1-_mp4-0030_jpg.rf.49167f995b32fa1129a1789b32094c65.jpg,orig,,4
0f964fdb-9fc1-4941-9c12-15445855221a-1-_mp4-0030_jpg.rf.49167f995b32fa1129a1789b32094c65_aug1.jpg,aug1,blur=0.55,4
0f964fdb-9fc1-4941-9c12-15445855221a-1-_mp4-0030_jpg.rf.49167f995b32fa1129a1789b32094c65_aug2.jpg,aug2,hflip;affine;hsv;gamma=0.80;blur=0.78,4
0f964fdb-9fc1-4941-9c12-15445855221a-1-_mp4-0030_jpg.rf.49167f995b32fa1129a1789b32094c65_aug3.jpg,aug3,dark;rain,4
0f964fdb-9fc1-4941-9c12-15445855221a-1-_mp4-0032_jpg.rf.4cd462f25e2fc954bd3230d253b6f50d.jpg,orig,,4
0f964fdb-9fc1-4941-9c12-15445855221a-1-_mp4-0032_jpg.rf.4cd462f25e2fc954bd3230d253b6f50d_aug1.jpg,aug1,hflip;affine,4
0f964fdb-9fc1-4941-9c12-15445855221a-1-_mp4-0032_jpg.rf.4cd462f25e2fc954bd3230d253b6f50d_aug2.jpg,aug2,hflip,4
0f964fdb-9fc1-4941-9c12-15445855221a-1-_mp4-0032_jpg.rf.4cd462f25e2fc954bd3230d253b6f50d_aug3.jpg,aug3,dark,4
0f964fdb-9fc1-4941-9c12-15445855221a-1-_mp4-0040_jpg.rf.7aaf5c1573c1c59945b59e6b0a8d2ee2.jpg,orig,,4
0f964fdb-9fc1-4941-9c12-15445855221a-1-_mp4-0040_jpg.rf.7aaf5c1573c1c59945b59e6b0a8d2ee2_aug1.jpg,aug1,hflip;affine;clahe,4
0f964fdb-9fc1-4941-9c12-15445855221a-1-_mp4-0040_jpg.rf.7aaf5c1573c1c59945b59e6b0a8d2ee2_aug2.jpg,aug2,hflip;hsv;gamma=0.84,4
0f964fdb-9fc1-4941-9c12-15445855221a-1-_mp4-0040_jpg.rf.7aaf5c1573c1c59945b59e6b0a8d2ee2_aug3.jpg,aug3,dark;rain,4
0f964fdb-9fc1-4941-9c12-15445855221a-1-_mp4-0043_jpg.rf.d9d9ae69e4c26b706dc838ba8b9621bd.jpg,orig,,4
0f964fdb-9fc1-4941-9c12-15445855221a-1-_mp4-0043_jpg.rf.d9d9ae69e4c26b706dc838ba8b9621bd_aug1.jpg,aug1,hflip;affine;hsv;gamma=0.95;clahe,4
0f964fdb-9fc1-4941-9c12-15445855221a-1-_mp4-0043_jpg.rf.d9d9ae69e4c26b706dc838ba8b9621bd_aug2.jpg,aug2,hflip;hsv,4
0f964fdb-9fc1-4941-9c12-15445855221a-1-_mp4-0043_jpg.rf.d9d9ae69e4c26b706dc838ba8b9621bd_aug3.jpg,aug3,rain,4
0f964fdb-9fc1-4941-9c12-15445855221a-1-_mp4-0048_jpg.rf.2134b2702f1fe009a5d37bf3beae458d.jpg,orig,,4
0f964fdb-9fc1-4941-9c12-15445855221a-1-_mp4-0048_jpg.rf.2134b2702f1fe009a5d37bf3beae458d_aug1.jpg,aug1,affine;hsv;clahe;blur=0.51,4
0f964fdb-9fc1-4941-9c12-15445855221a-1-_mp4-0048_jpg.rf.2134b2702f1fe009a5d37bf3beae458d_aug2.jpg,aug2,hflip;affine;hsv;clahe,4
0f964fdb-9fc1-4941-9c12-15445855221a-1-_mp4-0048_jpg.rf.2134b2702f1fe009a5d37bf3beae458d_aug3.jpg,aug3,dark,4
0f964fdb-9fc1-4941-9c12-15445855221a-1-_mp4-0056_jpg.rf.3fc2a12b1047fb12c80d80a1290dcd7a.jpg,orig,,5
0f964fdb-9fc1-4941-9c12-15445855221a-1-_mp4-0056_jpg.rf.3fc2a12b1047fb12c80d80a1290dcd7a_aug1.jpg,aug1,hsv;gamma=1.07;clahe,5
0f964fdb-9fc1-4941-9c12-15445855221a-1-_mp4-0056_jpg.rf.3fc2a12b1047fb12c80d80a1290dcd7a_aug2.jpg,aug2,hsv,5
0f964fdb-9fc1-4941-9c12-15445855221a-1-_mp4-0056_jpg.rf.3fc2a12b1047fb12c80d80a1290dcd7a_aug3.jpg,aug3,rain,5
0f964fdb-9fc1-4941-9c12-15445855221a-1-_mp4-0059_jpg.rf.bd83b5edeced819f2806319eb2a74085.jpg,orig,,4
0f964fdb-9fc1-4941-9c12-15445855221a-1-_mp4-0059_jpg.rf.bd83b5edeced819f2806319eb2a74085_aug1.jpg,aug1,hflip;clahe;blur=0.19,4
0f964fdb-9fc1-4941-9c12-15445855221a-1-_mp4-0059_jpg.rf.bd83b5edeced819f2806319eb2a74085_aug2.jpg,aug2,hsv,4
0f964fdb-9fc1-4941-9c12-15445855221a-1-_mp4-0059_jpg.rf.bd83b5edeced819f2806319eb2a74085_aug3.jpg,aug3,dark,4
0f964fdb-9fc1-4941-9c12-15445855221a-1-_mp4-0063_jpg.rf.24123aed79a5f8dee0635a82ce02d830.jpg,orig,,4
0f964fdb-9fc1-4941-9c12-15445855221a-1-_mp4-0063_jpg.rf.24123aed79a5f8dee0635a82ce02d830_aug1.jpg,aug1,affine,4
0f964fdb-9fc1-4941-9c12-15445855221a-1-_mp4-0063_jpg.rf.24123aed79a5f8dee0635a82ce02d830_aug2.jpg,aug2,hflip;hsv;gamma=1.06,4
0f964fdb-9fc1-4941-9c12-15445855221a-1-_mp4-0063_jpg.rf.24123aed79a5f8dee0635a82ce02d830_aug3.jpg,aug3,dark;rain,4
0f964fdb-9fc1-4941-9c12-15445855221a-1-_mp4-0078_jpg.rf.327b3996f2472a766b5380343275b16b.jpg,orig,,4
0f964fdb-9fc1-4941-9c12-15445855221a-1-_mp4-0078_jpg.rf.327b3996f2472a766b5380343275b16b_aug1.jpg,aug1,clahe,4
0f964fdb-9fc1-4941-9c12-15445855221a-1-_mp4-0078_jpg.rf.327b3996f2472a766b5380343275b16b_aug2.jpg,aug2,hsv,4
0f964fdb-9fc1-4941-9c12-15445855221a-1-_mp4-0078_jpg.rf.327b3996f2472a766b5380343275b16b_aug3.jpg,aug3,dark,4
0f964fdb-9fc1-4941-9c12-15445855221a-1-_mp4-0082_jpg.rf.df35f73b89f050bbac35651380b831d5.jpg,orig,,3
0f964fdb-9fc1-4941-9c12-15445855221a-1-_mp4-0082_jpg.rf.df35f73b89f050bbac35651380b831d5_aug1.jpg,aug1,affine;hsv;gamma=0.90,3
0f964fdb-9fc1-4941-9c12-15445855221a-1-_mp4-0082_jpg.rf.df35f73b89f050bbac35651380b831d5_aug2.jpg,aug2,hflip;affine;hsv;gamma=1.01;clahe,3
0f964fdb-9fc1-4941-9c12-15445855221a-1-_mp4-0082_jpg.rf.df35f73b89f050bbac35651380b831d5_aug3.jpg,aug3,dark,3
0f964fdb-9fc1-4941-9c12-15445855221a-1-_mp4-0089_jpg.rf.e1507d7732b62a29cee074f473642051.jpg,orig,,3
0f964fdb-9fc1-4941-9c12-15445855221a-1-_mp4-0089_jpg.rf.e1507d7732b62a29cee074f473642051_aug1.jpg,aug1,hflip;affine;hsv,3
0f964fdb-9fc1-4941-9c12-15445855221a-1-_mp4-0089_jpg.rf.e1507d7732b62a29cee074f473642051_aug2.jpg,aug2,hflip;affine,3
0f964fdb-9fc1-4941-9c12-15445855221a-1-_mp4-0089_jpg.rf.e1507d7732b62a29cee074f473642051_aug3.jpg,aug3,dark;rain,3
1991989f-1bf5-4e50-89bb-7301b220ac01_mp4-0000_jpg.rf.9778ba75af4d8f79c6e64d8e78584430.jpg,orig,,5
1991989f-1bf5-4e50-89bb-7301b220ac01_mp4-0000_jpg.rf.9778ba75af4d8f79c6e64d8e78584430_aug1.jpg,aug1,hflip;affine;hsv,5
1991989f-1bf5-4e50-89bb-7301b220ac01_mp4-0000_jpg.rf.9778ba75af4d8f79c6e64d8e78584430_aug2.jpg,aug2,none,5
1991989f-1bf5-4e50-89bb-7301b220ac01_mp4-0000_jpg.rf.9778ba75af4d8f79c6e64d8e78584430_aug3.jpg,aug3,dark,5
1991989f-1bf5-4e50-89bb-7301b220ac01_mp4-0004_jpg.rf.92f5bbb384447287ae37687efae3e744.jpg,orig,,5
1991989f-1bf5-4e50-89bb-7301b220ac01_mp4-0004_jpg.rf.92f5bbb384447287ae37687efae3e744_aug1.jpg,aug1,affine;gamma=0.92;clahe;blur=0.25,5
1991989f-1bf5-4e50-89bb-7301b220ac01_mp4-0004_jpg.rf.92f5bbb384447287ae37687efae3e744_aug2.jpg,aug2,affine;hsv;gamma=1.05;clahe;blur=0.57,5
1991989f-1bf5-4e50-89bb-7301b220ac01_mp4-0004_jpg.rf.92f5bbb384447287ae37687efae3e744_aug3.jpg,aug3,dark;rain,5
1991989f-1bf5-4e50-89bb-7301b220ac01_mp4-0009_jpg.rf.96449fc139a9b86b009af9857bedcf54.jpg,orig,,4
1991989f-1bf5-4e50-89bb-7301b220ac01_mp4-0009_jpg.rf.96449fc139a9b86b009af9857bedcf54_aug1.jpg,aug1,none,4
1991989f-1bf5-4e50-89bb-7301b220ac01_mp4-0009_jpg.rf.96449fc139a9b86b009af9857bedcf54_aug2.jpg,aug2,hsv,4
1991989f-1bf5-4e50-89bb-7301b220ac01_mp4-0009_jpg.rf.96449fc139a9b86b009af9857bedcf54_aug3.jpg,aug3,rain,4
1991989f-1bf5-4e50-89bb-7301b220ac01_mp4-0012_jpg.rf.a4b923bb2cd2ee32a20a9f44d8c51ce3.jpg,orig,,4
1991989f-1bf5-4e50-89bb-7301b220ac01_mp4-0012_jpg.rf.a4b923bb2cd2ee32a20a9f44d8c51ce3_aug1.jpg,aug1,hflip;blur=1.04,4
1991989f-1bf5-4e50-89bb-7301b220ac01_mp4-0012_jpg.rf.a4b923bb2cd2ee32a20a9f44d8c51ce3_aug2.jpg,aug2,hflip;affine;hsv;clahe,4
1991989f-1bf5-4e50-89bb-7301b220ac01_mp4-0012_jpg.rf.a4b923bb2cd2ee32a20a9f44d8c51ce3_aug3.jpg,aug3,dark,4
1991989f-1bf5-4e50-89bb-7301b220ac01_mp4-0022_jpg.rf.ea1db2697e38bd036791259f88463963.jpg,orig,,4
1991989f-1bf5-4e50-89bb-7301b220ac01_mp4-0022_jpg.rf.ea1db2697e38bd036791259f88463963_aug1.jpg,aug1,affine;gamma=0.86;clahe,4
1991989f-1bf5-4e50-89bb-7301b220ac01_mp4-0022_jpg.rf.ea1db2697e38bd036791259f88463963_aug2.jpg,aug2,hflip;affine;hsv,4
1991989f-1bf5-4e50-89bb-7301b220ac01_mp4-0022_jpg.rf.ea1db2697e38bd036791259f88463963_aug3.jpg,aug3,dark,4
1991989f-1bf5-4e50-89bb-7301b220ac01_mp4-0024_jpg.rf.1b9ad034c6f17c460758b589d5034ef0.jpg,orig,,4
1991989f-1bf5-4e50-89bb-7301b220ac01_mp4-0024_jpg.rf.1b9ad034c6f17c460758b589d5034ef0_aug1.jpg,aug1,hflip;affine;blur=0.88,4
1991989f-1bf5-4e50-89bb-7301b220ac01_mp4-0024_jpg.rf.1b9ad034c6f17c460758b589d5034ef0_aug2.jpg,aug2,hflip;hsv;clahe,4
1991989f-1bf5-4e50-89bb-7301b220ac01_mp4-0024_jpg.rf.1b9ad034c6f17c460758b589d5034ef0_aug3.jpg,aug3,dark,4
1991989f-1bf5-4e50-89bb-7301b220ac01_mp4-0025_jpg.rf.610043944075e78b14edf74310d1aae0.jpg,orig,,4
1991989f-1bf5-4e50-89bb-7301b220ac01_mp4-0025_jpg.rf.610043944075e78b14edf74310d1aae0_aug1.jpg,aug1,hflip;affine;hsv,4
1991989f-1bf5-4e50-89bb-7301b220ac01_mp4-0025_jpg.rf.610043944075e78b14edf74310d1aae0_aug2.jpg,aug2,hflip;affine;hsv,4
1991989f-1bf5-4e50-89bb-7301b220ac01_mp4-0025_jpg.rf.610043944075e78b14edf74310d1aae0_aug3.jpg,aug3,rain,4
1991989f-1bf5-4e50-89bb-7301b220ac01_mp4-0028_jpg.rf.84be12cd378a2c65dc02062eaf54fb42.jpg,orig,,4
1991989f-1bf5-4e50-89bb-7301b220ac01_mp4-0028_jpg.rf.84be12cd378a2c65dc02062eaf54fb42_aug1.jpg,aug1,affine;hsv,4
1991989f-1bf5-4e50-89bb-7301b220ac01_mp4-0028_jpg.rf.84be12cd378a2c65dc02062eaf54fb42_aug2.jpg,aug2,affine;gamma=1.10,4
1991989f-1bf5-4e50-89bb-7301b220ac01_mp4-0028_jpg.rf.84be12cd378a2c65dc02062eaf54fb42_aug3.jpg,aug3,dark,4
1991989f-1bf5-4e50-89bb-7301b220ac01_mp4-0030_jpg.rf.a57f6431eaeb2feae426b52e275b0a8a.jpg,orig,,4
1991989f-1bf5-4e50-89bb-7301b220ac01_mp4-0030_jpg.rf.a57f6431eaeb2feae426b52e275b0a8a_aug1.jpg,aug1,gamma=0.94;clahe,4
1991989f-1bf5-4e50-89bb-7301b220ac01_mp4-0030_jpg.rf.a57f6431eaeb2feae426b52e275b0a8a_aug2.jpg,aug2,hflip;affine;hsv;gamma=0.96,4
1991989f-1bf5-4e50-89bb-7301b220ac01_mp4-0030_jpg.rf.a57f6431eaeb2feae426b52e275b0a8a_aug3.jpg,aug3,rain,4
1991989f-1bf5-4e50-89bb-7301b220ac01_mp4-0036_jpg.rf.6f75b8f4649d55f235b09c826b1b175d.jpg,orig,,4
1991989f-1bf5-4e50-89bb-7301b220ac01_mp4-0036_jpg.rf.6f75b8f4649d55f235b09c826b1b175d_aug1.jpg,aug1,hflip;affine;hsv,4
1991989f-1bf5-4e50-89bb-7301b220ac01_mp4-0036_jpg.rf.6f75b8f4649d55f235b09c826b1b175d_aug2.jpg,aug2,hflip;affine;clahe,4
1991989f-1bf5-4e50-89bb-7301b220ac01_mp4-0036_jpg.rf.6f75b8f4649d55f235b09c826b1b175d_aug3.jpg,aug3,rain,4
1991989f-1bf5-4e50-89bb-7301b220ac01_mp4-0041_jpg.rf.26343c35f103f122f3bebd27f6c37863.jpg,orig,,5
1991989f-1bf5-4e50-89bb-7301b220ac01_mp4-0041_jpg.rf.26343c35f103f122f3bebd27f6c37863_aug1.jpg,aug1,hflip;affine;hsv,3
1991989f-1bf5-4e50-89bb-7301b220ac01_mp4-0041_jpg.rf.26343c35f103f122f3bebd27f6c37863_aug2.jpg,aug2,hflip;hsv;gamma=0.87;clahe;blur=0.60,5
1991989f-1bf5-4e50-89bb-7301b220ac01_mp4-0041_jpg.rf.26343c35f103f122f3bebd27f6c37863_aug3.jpg,aug3,dark;rain,5
1991989f-1bf5-4e50-89bb-7301b220ac01_mp4-0051_jpg.rf.5b7a8b2037ff91c5cb7481e4acc7b371.jpg,orig,,6
1991989f-1bf5-4e50-89bb-7301b220ac01_mp4-0051_jpg.rf.5b7a8b2037ff91c5cb7481e4acc7b371_aug1.jpg,aug1,affine;hsv;clahe,6
1991989f-1bf5-4e50-89bb-7301b220ac01_mp4-0051_jpg.rf.5b7a8b2037ff91c5cb7481e4acc7b371_aug2.jpg,aug2,hflip,6
1991989f-1bf5-4e50-89bb-7301b220ac01_mp4-0051_jpg.rf.5b7a8b2037ff91c5cb7481e4acc7b371_aug3.jpg,aug3,dark,6
1991989f-1bf5-4e50-89bb-7301b220ac01_mp4-0052_jpg.rf.47ab13933bb51df84e1b24ace5521515.jpg,orig,,4
1991989f-1bf5-4e50-89bb-7301b220ac01_mp4-0052_jpg.rf.47ab13933bb51df84e1b24ace5521515_aug1.jpg,aug1,hflip;hsv,4
1991989f-1bf5-4e50-89bb-7301b220ac01_mp4-0052_jpg.rf.47ab13933bb51df84e1b24ace5521515_aug2.jpg,aug2,affine;hsv;clahe;blur=0.33,4
1991989f-1bf5-4e50-89bb-7301b220ac01_mp4-0052_jpg.rf.47ab13933bb51df84e1b24ace5521515_aug3.jpg,aug3,rain,4
1991989f-1bf5-4e50-89bb-7301b220ac01_mp4-0061_jpg.rf.80b7bca502b381f15741b4d7f26f66ac.jpg,orig,,4
1991989f-1bf5-4e50-89bb-7301b220ac01_mp4-0061_jpg.rf.80b7bca502b381f15741b4d7f26f66ac_aug1.jpg,aug1,hflip,4
1991989f-1bf5-4e50-89bb-7301b220ac01_mp4-0061_jpg.rf.80b7bca502b381f15741b4d7f26f66ac_aug2.jpg,aug2,affine;hsv;gamma=1.22;blur=1.11,4
1991989f-1bf5-4e50-89bb-7301b220ac01_mp4-0061_jpg.rf.80b7bca502b381f15741b4d7f26f66ac_aug3.jpg,aug3,dark;rain,4
2be0c9f6-caf7-4f26-9b59-b1299865a721_mp4-0000_jpg.rf.4410c15283a120d72e19855f5017eefe.jpg,orig,,7
2be0c9f6-caf7-4f26-9b59-b1299865a721_mp4-0000_jpg.rf.4410c15283a120d72e19855f5017eefe_aug1.jpg,aug1,affine,7
2be0c9f6-caf7-4f26-9b59-b1299865a721_mp4-0000_jpg.rf.4410c15283a120d72e19855f5017eefe_aug2.jpg,aug2,hflip;hsv,7
2be0c9f6-caf7-4f26-9b59-b1299865a721_mp4-0000_jpg.rf.4410c15283a120d72e19855f5017eefe_aug3.jpg,aug3,dark,7
2be0c9f6-caf7-4f26-9b59-b1299865a721_mp4-0006_jpg.rf.ad044d9e65ca27c853d8bc9d391b0ddc.jpg,orig,,5
2be0c9f6-caf7-4f26-9b59-b1299865a721_mp4-0006_jpg.rf.ad044d9e65ca27c853d8bc9d391b0ddc_aug1.jpg,aug1,affine;clahe,4
2be0c9f6-caf7-4f26-9b59-b1299865a721_mp4-0006_jpg.rf.ad044d9e65ca27c853d8bc9d391b0ddc_aug2.jpg,aug2,hsv,5
2be0c9f6-caf7-4f26-9b59-b1299865a721_mp4-0006_jpg.rf.ad044d9e65ca27c853d8bc9d391b0ddc_aug3.jpg,aug3,dark,5
2be0c9f6-caf7-4f26-9b59-b1299865a721_mp4-0008_jpg.rf.f227f3143991cc4c5a9f0c4f87b3a6a8.jpg,orig,,4
2be0c9f6-caf7-4f26-9b59-b1299865a721_mp4-0008_jpg.rf.f227f3143991cc4c5a9f0c4f87b3a6a8_aug1.jpg,aug1,hflip;gamma=0.91,4
2be0c9f6-caf7-4f26-9b59-b1299865a721_mp4-0008_jpg.rf.f227f3143991cc4c5a9f0c4f87b3a6a8_aug2.jpg,aug2,affine;hsv;gamma=1.13;clahe,4
2be0c9f6-caf7-4f26-9b59-b1299865a721_mp4-0008_jpg.rf.f227f3143991cc4c5a9f0c4f87b3a6a8_aug3.jpg,aug3,dark,4
2be0c9f6-caf7-4f26-9b59-b1299865a721_mp4-0009_jpg.rf.b17c4682f7b0302fdcf1da5b02e1826b.jpg,orig,,6
2be0c9f6-caf7-4f26-9b59-b1299865a721_mp4-0009_jpg.rf.b17c4682f7b0302fdcf1da5b02e1826b_aug1.jpg,aug1,affine;hsv,5
2be0c9f6-caf7-4f26-9b59-b1299865a721_mp4-0009_jpg.rf.b17c4682f7b0302fdcf1da5b02e1826b_aug2.jpg,aug2,blur=0.70,6
2be0c9f6-caf7-4f26-9b59-b1299865a721_mp4-0009_jpg.rf.b17c4682f7b0302fdcf1da5b02e1826b_aug3.jpg,aug3,dark,6
2be0c9f6-caf7-4f26-9b59-b1299865a721_mp4-0015_jpg.rf.ebebab7b4da2e5f4a1150889884b51d2.jpg,orig,,6
2be0c9f6-caf7-4f26-9b59-b1299865a721_mp4-0015_jpg.rf.ebebab7b4da2e5f4a1150889884b51d2_aug1.jpg,aug1,hflip;affine;hsv,6
2be0c9f6-caf7-4f26-9b59-b1299865a721_mp4-0015_jpg.rf.ebebab7b4da2e5f4a1150889884b51d2_aug2.jpg,aug2,affine;gamma=0.81,5
2be0c9f6-caf7-4f26-9b59-b1299865a721_mp4-0015_jpg.rf.ebebab7b4da2e5f4a1150889884b51d2_aug3.jpg,aug3,dark,6
2be0c9f6-caf7-4f26-9b59-b1299865a721_mp4-0016_jpg.rf.e73151dfb486fa70d02dee0ad891344b.jpg,orig,,4
2be0c9f6-caf7-4f26-9b59-b1299865a721_mp4-0016_jpg.rf.e73151dfb486fa70d02dee0ad891344b_aug1.jpg,aug1,hflip;gamma=0.98,4
2be0c9f6-caf7-4f26-9b59-b1299865a721_mp4-0016_jpg.rf.e73151dfb486fa70d02dee0ad891344b_aug2.jpg,aug2,affine,4
2be0c9f6-caf7-4f26-9b59-b1299865a721_mp4-0016_jpg.rf.e73151dfb486fa70d02dee0ad891344b_aug3.jpg,aug3,rain,4
2be0c9f6-caf7-4f26-9b59-b1299865a721_mp4-0017_jpg.rf.450aa444a1554c9ff1cd5554d2216280.jpg,orig,,5
2be0c9f6-caf7-4f26-9b59-b1299865a721_mp4-0017_jpg.rf.450aa444a1554c9ff1cd5554d2216280_aug1.jpg,aug1,hflip;affine;hsv;gamma=0.97;clahe,5
2be0c9f6-caf7-4f26-9b59-b1299865a721_mp4-0017_jpg.rf.450aa444a1554c9ff1cd5554d2216280_aug2.jpg,aug2,hflip;hsv,5
2be0c9f6-caf7-4f26-9b59-b1299865a721_mp4-0017_jpg.rf.450aa444a1554c9ff1cd5554d2216280_aug3.jpg,aug3,dark,5
2be0c9f6-caf7-4f26-9b59-b1299865a721_mp4-0022_jpg.rf.e7e07abbd362548ad4260e4ee1857066.jpg,orig,,4
2be0c9f6-caf7-4f26-9b59-b1299865a721_mp4-0022_jpg.rf.e7e07abbd362548ad4260e4ee1857066_aug1.jpg,aug1,affine;clahe,4
2be0c9f6-caf7-4f26-9b59-b1299865a721_mp4-0022_jpg.rf.e7e07abbd362548ad4260e4ee1857066_aug2.jpg,aug2,affine;blur=0.56,4
2be0c9f6-caf7-4f26-9b59-b1299865a721_mp4-0022_jpg.rf.e7e07abbd362548ad4260e4ee1857066_aug3.jpg,aug3,dark,4
2be0c9f6-caf7-4f26-9b59-b1299865a721_mp4-0023_jpg.rf.42d1d6de213a63254bcbdaa078bf4bb5.jpg,orig,,6
2be0c9f6-caf7-4f26-9b59-b1299865a721_mp4-0023_jpg.rf.42d1d6de213a63254bcbdaa078bf4bb5_aug1.jpg,aug1,hflip,6
2be0c9f6-caf7-4f26-9b59-b1299865a721_mp4-0023_jpg.rf.42d1d6de213a63254bcbdaa078bf4bb5_aug2.jpg,aug2,hflip;affine;gamma=1.23,5
2be0c9f6-caf7-4f26-9b59-b1299865a721_mp4-0023_jpg.rf.42d1d6de213a63254bcbdaa078bf4bb5_aug3.jpg,aug3,dark;rain,6
2be0c9f6-caf7-4f26-9b59-b1299865a721_mp4-0023_jpg.rf.e7957724a74c71cd252e8ef27bb9b9c2.jpg,orig,,4
2be0c9f6-caf7-4f26-9b59-b1299865a721_mp4-0023_jpg.rf.e7957724a74c71cd252e8ef27bb9b9c2_aug1.jpg,aug1,affine;hsv;clahe,4
2be0c9f6-caf7-4f26-9b59-b1299865a721_mp4-0023_jpg.rf.e7957724a74c71cd252e8ef27bb9b9c2_aug2.jpg,aug2,hflip;hsv;gamma=0.95;clahe;blur=0.52,4
2be0c9f6-caf7-4f26-9b59-b1299865a721_mp4-0023_jpg.rf.e7957724a74c71cd252e8ef27bb9b9c2_aug3.jpg,aug3,dark,4
2be0c9f6-caf7-4f26-9b59-b1299865a721_mp4-0026_jpg.rf.8dda640ad040e0b84ab72c0cc8971beb.jpg,orig,,5
2be0c9f6-caf7-4f26-9b59-b1299865a721_mp4-0026_jpg.rf.8dda640ad040e0b84ab72c0cc8971beb_aug1.jpg,aug1,hflip;affine;gamma=0.90;clahe;blur=1.19,4
2be0c9f6-caf7-4f26-9b59-b1299865a721_mp4-0026_jpg.rf.8dda640ad040e0b84ab72c0cc8971beb_aug2.jpg,aug2,affine;clahe,5
2be0c9f6-caf7-4f26-9b59-b1299865a721_mp4-0026_jpg.rf.8dda640ad040e0b84ab72c0cc8971beb_aug3.jpg,aug3,dark;rain,5
2be0c9f6-caf7-4f26-9b59-b1299865a721_mp4-0029_jpg.rf.5e886769879bfbe80623bf775af7bc9c.jpg,orig,,5
2be0c9f6-caf7-4f26-9b59-b1299865a721_mp4-0029_jpg.rf.5e886769879bfbe80623bf775af7bc9c_aug1.jpg,aug1,hflip;affine;hsv,5
2be0c9f6-caf7-4f26-9b59-b1299865a721_mp4-0029_jpg.rf.5e886769879bfbe80623bf775af7bc9c_aug2.jpg,aug2,clahe,5
2be0c9f6-caf7-4f26-9b59-b1299865a721_mp4-0029_jpg.rf.5e886769879bfbe80623bf775af7bc9c_aug3.jpg,aug3,rain,5
2be0c9f6-caf7-4f26-9b59-b1299865a721_mp4-0036_jpg.rf.ab20c51420bb17b5e0fa4321df0a8648.jpg,orig,,5
2be0c9f6-caf7-4f26-9b59-b1299865a721_mp4-0036_jpg.rf.ab20c51420bb17b5e0fa4321df0a8648_aug1.jpg,aug1,hflip;hsv;clahe,5
2be0c9f6-caf7-4f26-9b59-b1299865a721_mp4-0036_jpg.rf.ab20c51420bb17b5e0fa4321df0a8648_aug2.jpg,aug2,affine;hsv,5
2be0c9f6-caf7-4f26-9b59-b1299865a721_mp4-0036_jpg.rf.ab20c51420bb17b5e0fa4321df0a8648_aug3.jpg,aug3,dark;rain,5
2be0c9f6-caf7-4f26-9b59-b1299865a721_mp4-0037_jpg.rf.d6e4e91597a90e133dc66cf3a7667dae.jpg,orig,,4
2be0c9f6-caf7-4f26-9b59-b1299865a721_mp4-0037_jpg.rf.d6e4e91597a90e133dc66cf3a7667dae_aug1.jpg,aug1,hflip;hsv,4
2be0c9f6-caf7-4f26-9b59-b1299865a721_mp4-0037_jpg.rf.d6e4e91597a90e133dc66cf3a7667dae_aug2.jpg,aug2,hflip;affine;hsv;gamma=1.11,4
2be0c9f6-caf7-4f26-9b59-b1299865a721_mp4-0037_jpg.rf.d6e4e91597a90e133dc66cf3a7667dae_aug3.jpg,aug3,rain,4
2be0c9f6-caf7-4f26-9b59-b1299865a721_mp4-0040_jpg.rf.8e26df956339ca8ea09c7b234353c3ff.jpg,orig,,6
2be0c9f6-caf7-4f26-9b59-b1299865a721_mp4-0040_jpg.rf.8e26df956339ca8ea09c7b234353c3ff_aug1.jpg,aug1,hflip;clahe,6
2be0c9f6-caf7-4f26-9b59-b1299865a721_mp4-0040_jpg.rf.8e26df956339ca8ea09c7b234353c3ff_aug2.jpg,aug2,affine,4
2be0c9f6-caf7-4f26-9b59-b1299865a721_mp4-0040_jpg.rf.8e26df956339ca8ea09c7b234353c3ff_aug3.jpg,aug3,dark;rain,6
2be0c9f6-caf7-4f26-9b59-b1299865a721_mp4-0041_jpg.rf.aa47982d9df5398123f5883f14c3188b.jpg,orig,,5
2be0c9f6-caf7-4f26-9b59-b1299865a721_mp4-0041_jpg.rf.aa47982d9df5398123f5883f14c3188b_aug1.jpg,aug1,affine;hsv,5
2be0c9f6-caf7-4f26-9b59-b1299865a721_mp4-0041_jpg.rf.aa47982d9df5398123f5883f14c3188b_aug2.jpg,aug2,hflip;affine;hsv,5
2be0c9f6-caf7-4f26-9b59-b1299865a721_mp4-0041_jpg.rf.aa47982d9df5398123f5883f14c3188b_aug3.jpg,aug3,dark;rain,5
2be0c9f6-caf7-4f26-9b59-b1299865a721_mp4-0043_jpg.rf.7e254ab9aa0eb884cd13b66645795ab5.jpg,orig,,4
2be0c9f6-caf7-4f26-9b59-b1299865a721_mp4-0043_jpg.rf.7e254ab9aa0eb884cd13b66645795ab5_aug1.jpg,aug1,hflip;affine;clahe;blur=0.70,4
2be0c9f6-caf7-4f26-9b59-b1299865a721_mp4-0043_jpg.rf.7e254ab9aa0eb884cd13b66645795ab5_aug2.jpg,aug2,hflip;hsv;clahe,4
2be0c9f6-caf7-4f26-9b59-b1299865a721_mp4-0043_jpg.rf.7e254ab9aa0eb884cd13b66645795ab5_aug3.jpg,aug3,dark;rain,4
2be0c9f6-caf7-4f26-9b59-b1299865a721_mp4-0047_jpg.rf.f27ee4ac2293ade1dcf0e483dc0745b1.jpg,orig,,4
2be0c9f6-caf7-4f26-9b59-b1299865a721_mp4-0047_jpg.rf.f27ee4ac2293ade1dcf0e483dc0745b1_aug1.jpg,aug1,affine;hsv,4
2be0c9f6-caf7-4f26-9b59-b1299865a721_mp4-0047_jpg.rf.f27ee4ac2293ade1dcf0e483dc0745b1_aug2.jpg,aug2,hflip;affine;gamma=0.83,4
2be0c9f6-caf7-4f26-9b59-b1299865a721_mp4-0047_jpg.rf.f27ee4ac2293ade1dcf0e483dc0745b1_aug3.jpg,aug3,dark,4
2be0c9f6-caf7-4f26-9b59-b1299865a721_mp4-0048_jpg.rf.4f01084230cd02bb52a859d144f4eb32.jpg,orig,,5
2be0c9f6-caf7-4f26-9b59-b1299865a721_mp4-0048_jpg.rf.4f01084230cd02bb52a859d144f4eb32_aug1.jpg,aug1,hflip;hsv;clahe,5
2be0c9f6-caf7-4f26-9b59-b1299865a721_mp4-0048_jpg.rf.4f01084230cd02bb52a859d144f4eb32_aug2.jpg,aug2,affine;hsv;clahe,5
2be0c9f6-caf7-4f26-9b59-b1299865a721_mp4-0048_jpg.rf.4f01084230cd02bb52a859d144f4eb32_aug3.jpg,aug3,rain,5
2be0c9f6-caf7-4f26-9b59-b1299865a721_mp4-0050_jpg.rf.04a855fc37fe6aa5f1003f0f42a06558.jpg,orig,,4
2be0c9f6-caf7-4f26-9b59-b1299865a721_mp4-0050_jpg.rf.04a855fc37fe6aa5f1003f0f42a06558_aug1.jpg,aug1,gamma=1.02;clahe,4
2be0c9f6-caf7-4f26-9b59-b1299865a721_mp4-0050_jpg.rf.04a855fc37fe6aa5f1003f0f42a06558_aug2.jpg,aug2,affine,4
2be0c9f6-caf7-4f26-9b59-b1299865a721_mp4-0050_jpg.rf.04a855fc37fe6aa5f1003f0f42a06558_aug3.jpg,aug3,rain,4
2be0c9f6-caf7-4f26-9b59-b1299865a721_mp4-0053_jpg.rf.f950c949b446624b156b7a45515d2e2a.jpg,orig,,3
2be0c9f6-caf7-4f26-9b59-b1299865a721_mp4-0053_jpg.rf.f950c949b446624b156b7a45515d2e2a_aug1.jpg,aug1,affine;gamma=0.97;clahe;blur=0.17,3
2be0c9f6-caf7-4f26-9b59-b1299865a721_mp4-0053_jpg.rf.f950c949b446624b156b7a45515d2e2a_aug2.jpg,aug2,hsv,3
2be0c9f6-caf7-4f26-9b59-b1299865a721_mp4-0053_jpg.rf.f950c949b446624b156b7a45515d2e2a_aug3.jpg,aug3,rain,3
2be0c9f6-caf7-4f26-9b59-b1299865a721_mp4-0054_jpg.rf.e56f8f4976619c508714583b40c20c0c.jpg,orig,,4
2be0c9f6-caf7-4f26-9b59-b1299865a721_mp4-0054_jpg.rf.e56f8f4976619c508714583b40c20c0c_aug1.jpg,aug1,affine;hsv;blur=0.91,4
2be0c9f6-caf7-4f26-9b59-b1299865a721_mp4-0054_jpg.rf.e56f8f4976619c508714583b40c20c0c_aug2.jpg,aug2,hsv;gamma=1.11,4
2be0c9f6-caf7-4f26-9b59-b1299865a721_mp4-0054_jpg.rf.e56f8f4976619c508714583b40c20c0c_aug3.jpg,aug3,dark;rain,4
2be0c9f6-caf7-4f26-9b59-b1299865a721_mp4-0059_jpg.rf.f5b6607327c1373a37236fc6415a2ee8.jpg,orig,,4
2be0c9f6-caf7-4f26-9b59-b1299865a721_mp4-0059_jpg.rf.f5b6607327c1373a37236fc6415a2ee8_aug1.jpg,aug1,hflip;affine;hsv;gamma=1.25;clahe,4
2be0c9f6-caf7-4f26-9b59-b1299865a721_mp4-0059_jpg.rf.f5b6607327c1373a37236fc6415a2ee8_aug2.jpg,aug2,hflip;hsv;gamma=1.04,4
2be0c9f6-caf7-4f26-9b59-b1299865a721_mp4-0059_jpg.rf.f5b6607327c1373a37236fc6415a2ee8_aug3.jpg,aug3,dark,4
2be0c9f6-caf7-4f26-9b59-b1299865a721_mp4-0060_jpg.rf.edff11eb201b438183c08dad239a6e4e.jpg,orig,,4
2be0c9f6-caf7-4f26-9b59-b1299865a721_mp4-0060_jpg.rf.edff11eb201b438183c08dad239a6e4e_aug1.jpg,aug1,affine,4
2be0c9f6-caf7-4f26-9b59-b1299865a721_mp4-0060_jpg.rf.edff11eb201b438183c08dad239a6e4e_aug2.jpg,aug2,hflip;clahe,4
2be0c9f6-caf7-4f26-9b59-b1299865a721_mp4-0060_jpg.rf.edff11eb201b438183c08dad239a6e4e_aug3.jpg,aug3,dark,4
2be0c9f6-caf7-4f26-9b59-b1299865a721_mp4-0061_jpg.rf.2e8b5e61878eff413d04a2a89a69135b.jpg,orig,,5
2be0c9f6-caf7-4f26-9b59-b1299865a721_mp4-0061_jpg.rf.2e8b5e61878eff413d04a2a89a69135b_aug1.jpg,aug1,affine;hsv;gamma=0.96;clahe,5
2be0c9f6-caf7-4f26-9b59-b1299865a721_mp4-0061_jpg.rf.2e8b5e61878eff413d04a2a89a69135b_aug2.jpg,aug2,hflip;affine;hsv;gamma=1.07,5
2be0c9f6-caf7-4f26-9b59-b1299865a721_mp4-0061_jpg.rf.2e8b5e61878eff413d04a2a89a69135b_aug3.jpg,aug3,dark,5
2be0c9f6-caf7-4f26-9b59-b1299865a721_mp4-0064_jpg.rf.f4bb1fac4cee18a166f4b8b097d5b4c1.jpg,orig,,4
2be0c9f6-caf7-4f26-9b59-b1299865a721_mp4-0064_jpg.rf.f4bb1fac4cee18a166f4b8b097d5b4c1_aug1.jpg,aug1,none,4
2be0c9f6-caf7-4f26-9b59-b1299865a721_mp4-0064_jpg.rf.f4bb1fac4cee18a166f4b8b097d5b4c1_aug2.jpg,aug2,hflip;affine;gamma=0.90;clahe,4
2be0c9f6-caf7-4f26-9b59-b1299865a721_mp4-0064_jpg.rf.f4bb1fac4cee18a166f4b8b097d5b4c1_aug3.jpg,aug3,dark,4
2be0c9f6-caf7-4f26-9b59-b1299865a721_mp4-0065_jpg.rf.edd052cd565941eb7ca5c5c3e5746e2a.jpg,orig,,4
2be0c9f6-caf7-4f26-9b59-b1299865a721_mp4-0065_jpg.rf.edd052cd565941eb7ca5c5c3e5746e2a_aug1.jpg,aug1,hsv;clahe,4
2be0c9f6-caf7-4f26-9b59-b1299865a721_mp4-0065_jpg.rf.edd052cd565941eb7ca5c5c3e5746e2a_aug2.jpg,aug2,hflip;affine;hsv;gamma=1.12;clahe,4
2be0c9f6-caf7-4f26-9b59-b1299865a721_mp4-0065_jpg.rf.edd052cd565941eb7ca5c5c3e5746e2a_aug3.jpg,aug3,dark;rain,4
2be0c9f6-caf7-4f26-9b59-b1299865a721_mp4-0066_jpg.rf.51c1fd4f0fedf25fe1c9dfa19a7081a1.jpg,orig,,4
2be0c9f6-caf7-4f26-9b59-b1299865a721_mp4-0066_jpg.rf.51c1fd4f0fedf25fe1c9dfa19a7081a1_aug1.jpg,aug1,hflip;affine;hsv;clahe,4
2be0c9f6-caf7-4f26-9b59-b1299865a721_mp4-0066_jpg.rf.51c1fd4f0fedf25fe1c9dfa19a7081a1_aug2.jpg,aug2,affine,4
2be0c9f6-caf7-4f26-9b59-b1299865a721_mp4-0066_jpg.rf.51c1fd4f0fedf25fe1c9dfa19a7081a1_aug3.jpg,aug3,dark;rain,4
2be0c9f6-caf7-4f26-9b59-b1299865a721_mp4-0066_jpg.rf.82746e8c142314443df31a18ca55e664.jpg,orig,,5
2be0c9f6-caf7-4f26-9b59-b1299865a721_mp4-0066_jpg.rf.82746e8c142314443df31a18ca55e664_aug1.jpg,aug1,clahe,5
2be0c9f6-caf7-4f26-9b59-b1299865a721_mp4-0066_jpg.rf.82746e8c142314443df31a18ca55e664_aug2.jpg,aug2,hflip;gamma=1.11,5
2be0c9f6-caf7-4f26-9b59-b1299865a721_mp4-0066_jpg.rf.82746e8c142314443df31a18ca55e664_aug3.jpg,aug3,dark;rain,5
2be0c9f6-caf7-4f26-9b59-b1299865a721_mp4-0067_jpg.rf.27b36f8033ee643dbfbaa11a3122ea6f.jpg,orig,,4
2be0c9f6-caf7-4f26-9b59-b1299865a721_mp4-0067_jpg.rf.27b36f8033ee643dbfbaa11a3122ea6f_aug1.jpg,aug1,hflip;gamma=1.09;clahe;blur=0.61,4
2be0c9f6-caf7-4f26-9b59-b1299865a721_mp4-0067_jpg.rf.27b36f8033ee643dbfbaa11a3122ea6f_aug2.jpg,aug2,hflip;affine;hsv,4
2be0c9f6-caf7-4f26-9b59-b1299865a721_mp4-0067_jpg.rf.27b36f8033ee643dbfbaa11a3122ea6f_aug3.jpg,aug3,dark,4
2be0c9f6-caf7-4f26-9b59-b1299865a721_mp4-0067_jpg.rf.8bd5ee1959a1847a128bd0f01606118e.jpg,orig,,4
2be0c9f6-caf7-4f26-9b59-b1299865a721_mp4-0067_jpg.rf.8bd5ee1959a1847a128bd0f01606118e_aug1.jpg,aug1,hflip;affine;hsv,4
2be0c9f6-caf7-4f26-9b59-b1299865a721_mp4-0067_jpg.rf.8bd5ee1959a1847a128bd0f01606118e_aug2.jpg,aug2,hsv,4
2be0c9f6-caf7-4f26-9b59-b1299865a721_mp4-0067_jpg.rf.8bd5ee1959a1847a128bd0f01606118e_aug3.jpg,aug3,rain,4
2be0c9f6-caf7-4f26-9b59-b1299865a721_mp4-0079_jpg.rf.db2f7bc9cf004c737ee871d9859d4795.jpg,orig,,6
2be0c9f6-caf7-4f26-9b59-b1299865a721_mp4-0079_jpg.rf.db2f7bc9cf004c737ee871d9859d4795_aug1.jpg,aug1,hflip;hsv;blur=0.96,6
2be0c9f6-caf7-4f26-9b59-b1299865a721_mp4-0079_jpg.rf.db2f7bc9cf004c737ee871d9859d4795_aug2.jpg,aug2,hflip;affine;hsv,5
2be0c9f6-caf7-4f26-9b59-b1299865a721_mp4-0079_jpg.rf.db2f7bc9cf004c737ee871d9859d4795_aug3.jpg,aug3,dark,6
2be0c9f6-caf7-4f26-9b59-b1299865a721_mp4-0080_jpg.rf.51edbda029f89f55000f45111d7b588c.jpg,orig,,5
2be0c9f6-caf7-4f26-9b59-b1299865a721_mp4-0080_jpg.rf.51edbda029f89f55000f45111d7b588c_aug1.jpg,aug1,hflip,5
2be0c9f6-caf7-4f26-9b59-b1299865a721_mp4-0080_jpg.rf.51edbda029f89f55000f45111d7b588c_aug2.jpg,aug2,none,5
2be0c9f6-caf7-4f26-9b59-b1299865a721_mp4-0080_jpg.rf.51edbda029f89f55000f45111d7b588c_aug3.jpg,aug3,rain,5
2be0c9f6-caf7-4f26-9b59-b1299865a721_mp4-0082_jpg.rf.ed987af656eda573ad2bdfb7d76a90ca.jpg,orig,,5
2be0c9f6-caf7-4f26-9b59-b1299865a721_mp4-0082_jpg.rf.ed987af656eda573ad2bdfb7d76a90ca_aug1.jpg,aug1,affine;hsv;gamma=0.81;blur=0.78,5
2be0c9f6-caf7-4f26-9b59-b1299865a721_mp4-0082_jpg.rf.ed987af656eda573ad2bdfb7d76a90ca_aug2.jpg,aug2,gamma=1.20,5
2be0c9f6-caf7-4f26-9b59-b1299865a721_mp4-0082_jpg.rf.ed987af656eda573ad2bdfb7d76a90ca_aug3.jpg,aug3,dark,5
2be0c9f6-caf7-4f26-9b59-b1299865a721_mp4-0084_jpg.rf.407b0c67f752892706095bc8e7ab6ffc.jpg,orig,,3
2be0c9f6-caf7-4f26-9b59-b1299865a721_mp4-0084_jpg.rf.407b0c67f752892706095bc8e7ab6ffc_aug1.jpg,aug1,hflip;affine;hsv;gamma=0.97,3
2be0c9f6-caf7-4f26-9b59-b1299865a721_mp4-0084_jpg.rf.407b0c67f752892706095bc8e7ab6ffc_aug2.jpg,aug2,affine;gamma=1.07,3
2be0c9f6-caf7-4f26-9b59-b1299865a721_mp4-0084_jpg.rf.407b0c67f752892706095bc8e7ab6ffc_aug3.jpg,aug3,dark,3
2be0c9f6-caf7-4f26-9b59-b1299865a721_mp4-0092_jpg.rf.6bf0edfe3dc03887a02a4ef9b41d49d1.jpg,orig,,3
2be0c9f6-caf7-4f26-9b59-b1299865a721_mp4-0092_jpg.rf.6bf0edfe3dc03887a02a4ef9b41d49d1_aug1.jpg,aug1,hflip;affine;gamma=1.08;clahe,3
2be0c9f6-caf7-4f26-9b59-b1299865a721_mp4-0092_jpg.rf.6bf0edfe3dc03887a02a4ef9b41d49d1_aug2.jpg,aug2,hflip;gamma=1.05,3
2be0c9f6-caf7-4f26-9b59-b1299865a721_mp4-0092_jpg.rf.6bf0edfe3dc03887a02a4ef9b41d49d1_aug3.jpg,aug3,dark,3
2be0c9f6-caf7-4f26-9b59-b1299865a721_mp4-0094_jpg.rf.89a5120ca7e4fa96822777745861df30.jpg,orig,,4
2be0c9f6-caf7-4f26-9b59-b1299865a721_mp4-0094_jpg.rf.89a5120ca7e4fa96822777745861df30_aug1.jpg,aug1,hflip;affine;hsv;gamma=0.92;clahe,4
2be0c9f6-caf7-4f26-9b59-b1299865a721_mp4-0094_jpg.rf.89a5120ca7e4fa96822777745861df30_aug2.jpg,aug2,hflip;affine;hsv;gamma=0.95;clahe,4
2be0c9f6-caf7-4f26-9b59-b1299865a721_mp4-0094_jpg.rf.89a5120ca7e4fa96822777745861df30_aug3.jpg,aug3,dark,4
2be0c9f6-caf7-4f26-9b59-b1299865a721_mp4-0095_jpg.rf.a66a084676997abea7f34355c34657c3.jpg,orig,,3
2be0c9f6-caf7-4f26-9b59-b1299865a721_mp4-0095_jpg.rf.a66a084676997abea7f34355c34657c3_aug1.jpg,aug1,none,3
2be0c9f6-caf7-4f26-9b59-b1299865a721_mp4-0095_jpg.rf.a66a084676997abea7f34355c34657c3_aug2.jpg,aug2,hflip;affine;gamma=1.09,3
2be0c9f6-caf7-4f26-9b59-b1299865a721_mp4-0095_jpg.rf.a66a084676997abea7f34355c34657c3_aug3.jpg,aug3,dark,3
2be0c9f6-caf7-4f26-9b59-b1299865a721_mp4-0100_jpg.rf.a53ef10ea72d7f4fbb03e113713e2238.jpg,orig,,4
2be0c9f6-caf7-4f26-9b59-b1299865a721_mp4-0100_jpg.rf.a53ef10ea72d7f4fbb03e113713e2238_aug1.jpg,aug1,hflip,4
2be0c9f6-caf7-4f26-9b59-b1299865a721_mp4-0100_jpg.rf.a53ef10ea72d7f4fbb03e113713e2238_aug2.jpg,aug2,hflip,4
2be0c9f6-caf7-4f26-9b59-b1299865a721_mp4-0100_jpg.rf.a53ef10ea72d7f4fbb03e113713e2238_aug3.jpg,aug3,dark,4
2be0c9f6-caf7-4f26-9b59-b1299865a721_mp4-0106_jpg.rf.d197c37a8e554ba9426e0552cb6aa87d.jpg,orig,,3
2be0c9f6-caf7-4f26-9b59-b1299865a721_mp4-0106_jpg.rf.d197c37a8e554ba9426e0552cb6aa87d_aug1.jpg,aug1,hflip;affine;hsv,3
2be0c9f6-caf7-4f26-9b59-b1299865a721_mp4-0106_jpg.rf.d197c37a8e554ba9426e0552cb6aa87d_aug2.jpg,aug2,hflip;hsv;gamma=1.02,3
2be0c9f6-caf7-4f26-9b59-b1299865a721_mp4-0106_jpg.rf.d197c37a8e554ba9426e0552cb6aa87d_aug3.jpg,aug3,dark,3
2be0c9f6-caf7-4f26-9b59-b1299865a721_mp4-0107_jpg.rf.6d8078a4cd426ae3aadd2b36784c1a95.jpg,orig,,5
2be0c9f6-caf7-4f26-9b59-b1299865a721_mp4-0107_jpg.rf.6d8078a4cd426ae3aadd2b36784c1a95_aug1.jpg,aug1,affine;clahe,5
2be0c9f6-caf7-4f26-9b59-b1299865a721_mp4-0107_jpg.rf.6d8078a4cd426ae3aadd2b36784c1a95_aug2.jpg,aug2,hflip;blur=0.71,5
2be0c9f6-caf7-4f26-9b59-b1299865a721_mp4-0107_jpg.rf.6d8078a4cd426ae3aadd2b36784c1a95_aug3.jpg,aug3,dark;rain,5
2be0c9f6-caf7-4f26-9b59-b1299865a721_mp4-0109_jpg.rf.4db05748abeb397b71d0ba3301b0ef3f.jpg,orig,,5
2be0c9f6-caf7-4f26-9b59-b1299865a721_mp4-0109_jpg.rf.4db05748abeb397b71d0ba3301b0ef3f_aug1.jpg,aug1,affine;gamma=1.00,5
2be0c9f6-caf7-4f26-9b59-b1299865a721_mp4-0109_jpg.rf.4db05748abeb397b71d0ba3301b0ef3f_aug2.jpg,aug2,affine;hsv;clahe,5
2be0c9f6-caf7-4f26-9b59-b1299865a721_mp4-0109_jpg.rf.4db05748abeb397b71d0ba3301b0ef3f_aug3.jpg,aug3,dark,5
2be0c9f6-caf7-4f26-9b59-b1299865a721_mp4-0110_jpg.rf.716240d2e9c661c38a2f2c8bf232da3c.jpg,orig,,3
2be0c9f6-caf7-4f26-9b59-b1299865a721_mp4-0110_jpg.rf.716240d2e9c661c38a2f2c8bf232da3c_aug1.jpg,aug1,affine;blur=0.91,3
2be0c9f6-caf7-4f26-9b59-b1299865a721_mp4-0110_jpg.rf.716240d2e9c661c38a2f2c8bf232da3c_aug2.jpg,aug2,affine;hsv,3
2be0c9f6-caf7-4f26-9b59-b1299865a721_mp4-0110_jpg.rf.716240d2e9c661c38a2f2c8bf232da3c_aug3.jpg,aug3,dark,3
2be0c9f6-caf7-4f26-9b59-b1299865a721_mp4-0111_jpg.rf.a94da3d93fc0df40804c2bcc4e9b401b.jpg,orig,,3
2be0c9f6-caf7-4f26-9b59-b1299865a721_mp4-0111_jpg.rf.a94da3d93fc0df40804c2bcc4e9b401b_aug1.jpg,aug1,affine,3
2be0c9f6-caf7-4f26-9b59-b1299865a721_mp4-0111_jpg.rf.a94da3d93fc0df40804c2bcc4e9b401b_aug2.jpg,aug2,affine,3
2be0c9f6-caf7-4f26-9b59-b1299865a721_mp4-0111_jpg.rf.a94da3d93fc0df40804c2bcc4e9b401b_aug3.jpg,aug3,dark,3
2be0c9f6-caf7-4f26-9b59-b1299865a721_mp4-0112_jpg.rf.fb41075a5bc1bfe6f5ee3987d6e5f0f1.jpg,orig,,4
2be0c9f6-caf7-4f26-9b59-b1299865a721_mp4-0112_jpg.rf.fb41075a5bc1bfe6f5ee3987d6e5f0f1_aug1.jpg,aug1,hflip;affine;hsv,4
2be0c9f6-caf7-4f26-9b59-b1299865a721_mp4-0112_jpg.rf.fb41075a5bc1bfe6f5ee3987d6e5f0f1_aug2.jpg,aug2,hflip;affine;hsv;gamma=1.04,4
2be0c9f6-caf7-4f26-9b59-b1299865a721_mp4-0112_jpg.rf.fb41075a5bc1bfe6f5ee3987d6e5f0f1_aug3.jpg,aug3,dark,4
2be0c9f6-caf7-4f26-9b59-b1299865a721_mp4-0115_jpg.rf.c648da1c00073ee16ab4227e949bd36a.jpg,orig,,4
2be0c9f6-caf7-4f26-9b59-b1299865a721_mp4-0115_jpg.rf.c648da1c00073ee16ab4227e949bd36a_aug1.jpg,aug1,hflip;affine;gamma=1.05,4
2be0c9f6-caf7-4f26-9b59-b1299865a721_mp4-0115_jpg.rf.c648da1c00073ee16ab4227e949bd36a_aug2.jpg,aug2,affine;gamma=0.97;blur=0.28,4
2be0c9f6-caf7-4f26-9b59-b1299865a721_mp4-0115_jpg.rf.c648da1c00073ee16ab4227e949bd36a_aug3.jpg,aug3,dark;rain,4
2be0c9f6-caf7-4f26-9b59-b1299865a721_mp4-0118_jpg.rf.ab56ce2e7b35742214f1b50a7580b8b8.jpg,orig,,4
2be0c9f6-caf7-4f26-9b59-b1299865a721_mp4-0118_jpg.rf.ab56ce2e7b35742214f1b50a7580b8b8_aug1.jpg,aug1,hflip;hsv;gamma=0.86,4
2be0c9f6-caf7-4f26-9b59-b1299865a721_mp4-0118_jpg.rf.ab56ce2e7b35742214f1b50a7580b8b8_aug2.jpg,aug2,affine;clahe,4
2be0c9f6-caf7-4f26-9b59-b1299865a721_mp4-0118_jpg.rf.ab56ce2e7b35742214f1b50a7580b8b8_aug3.jpg,aug3,dark;rain,4
2be0c9f6-caf7-4f26-9b59-b1299865a721_mp4-0119_jpg.rf.5d7adcf607efd5e1cd5add9d850610d8.jpg,orig,,6
2be0c9f6-caf7-4f26-9b59-b1299865a721_mp4-0119_jpg.rf.5d7adcf607efd5e1cd5add9d850610d8_aug1.jpg,aug1,hflip;affine,6
2be0c9f6-caf7-4f26-9b59-b1299865a721_mp4-0119_jpg.rf.5d7adcf607efd5e1cd5add9d850610d8_aug2.jpg,aug2,hflip;gamma=0.81;clahe;blur=0.39,6
2be0c9f6-caf7-4f26-9b59-b1299865a721_mp4-0119_jpg.rf.5d7adcf607efd5e1cd5add9d850610d8_aug3.jpg,aug3,dark;rain,6
2be0c9f6-caf7-4f26-9b59-b1299865a721_mp4-0125_jpg.rf.998462409b9f62927c452067f318b9e7.jpg,orig,,6
2be0c9f6-caf7-4f26-9b59-b1299865a721_mp4-0125_jpg.rf.998462409b9f62927c452067f318b9e7_aug1.jpg,aug1,hsv;gamma=0.99;clahe,6
2be0c9f6-caf7-4f26-9b59-b1299865a721_mp4-0125_jpg.rf.998462409b9f62927c452067f318b9e7_aug2.jpg,aug2,hflip;affine;hsv;gamma=1.11;blur=0.35,5
2be0c9f6-caf7-4f26-9b59-b1299865a721_mp4-0125_jpg.rf.998462409b9f62927c452067f318b9e7_aug3.jpg,aug3,dark,6
2be0c9f6-caf7-4f26-9b59-b1299865a721_mp4-0126_jpg.rf.0d87b838862800c5c2c124016fad9076.jpg,orig,,6
2be0c9f6-caf7-4f26-9b59-b1299865a721_mp4-0126_jpg.rf.0d87b838862800c5c2c124016fad9076_aug1.jpg,aug1,affine;hsv;gamma=1.08;clahe;blur=0.66,5
2be0c9f6-caf7-4f26-9b59-b1299865a721_mp4-0126_jpg.rf.0d87b838862800c5c2c124016fad9076_aug2.jpg,aug2,affine;hsv;clahe,6
2be0c9f6-caf7-4f26-9b59-b1299865a721_mp4-0126_jpg.rf.0d87b838862800c5c2c124016fad9076_aug3.jpg,aug3,rain,6
2be0c9f6-caf7-4f26-9b59-b1299865a721_mp4-0126_jpg.rf.64d22549c5606af3115f8eb3d87917dc.jpg,orig,,3
2be0c9f6-caf7-4f26-9b59-b1299865a721_mp4-0126_jpg.rf.64d22549c5606af3115f8eb3d87917dc_aug1.jpg,aug1,none,3
2be0c9f6-caf7-4f26-9b59-b1299865a721_mp4-0126_jpg.rf.64d22549c5606af3115f8eb3d87917dc_aug2.jpg,aug2,affine;hsv,3
2be0c9f6-caf7-4f26-9b59-b1299865a721_mp4-0126_jpg.rf.64d22549c5606af3115f8eb3d87917dc_aug3.jpg,aug3,dark;rain,3
2be0c9f6-caf7-4f26-9b59-b1299865a721_mp4-0127_jpg.rf.2ab9b6dc5defbb82e43740da8aa948c6.jpg,orig,,3
2be0c9f6-caf7-4f26-9b59-b1299865a721_mp4-0127_jpg.rf.2ab9b6dc5defbb82e43740da8aa948c6_aug1.jpg,aug1,affine;hsv;clahe,3
2be0c9f6-caf7-4f26-9b59-b1299865a721_mp4-0127_jpg.rf.2ab9b6dc5defbb82e43740da8aa948c6_aug2.jpg,aug2,hflip;affine;hsv;clahe,3
2be0c9f6-caf7-4f26-9b59-b1299865a721_mp4-0127_jpg.rf.2ab9b6dc5defbb82e43740da8aa948c6_aug3.jpg,aug3,dark,3
2be0c9f6-caf7-4f26-9b59-b1299865a721_mp4-0129_jpg.rf.f2e161b35658603b978d0945424e7fba.jpg,orig,,3
2be0c9f6-caf7-4f26-9b59-b1299865a721_mp4-0129_jpg.rf.f2e161b35658603b978d0945424e7fba_aug1.jpg,aug1,hflip;affine,3
2be0c9f6-caf7-4f26-9b59-b1299865a721_mp4-0129_jpg.rf.f2e161b35658603b978d0945424e7fba_aug2.jpg,aug2,none,3
2be0c9f6-caf7-4f26-9b59-b1299865a721_mp4-0129_jpg.rf.f2e161b35658603b978d0945424e7fba_aug3.jpg,aug3,dark;rain,3
2be0c9f6-caf7-4f26-9b59-b1299865a721_mp4-0131_jpg.rf.afa9f3cadd724b0b0810bfc8a096213d.jpg,orig,,3
2be0c9f6-caf7-4f26-9b59-b1299865a721_mp4-0131_jpg.rf.afa9f3cadd724b0b0810bfc8a096213d_aug1.jpg,aug1,hsv;blur=0.81,3
2be0c9f6-caf7-4f26-9b59-b1299865a721_mp4-0131_jpg.rf.afa9f3cadd724b0b0810bfc8a096213d_aug2.jpg,aug2,hflip;affine;hsv,3
2be0c9f6-caf7-4f26-9b59-b1299865a721_mp4-0131_jpg.rf.afa9f3cadd724b0b0810bfc8a096213d_aug3.jpg,aug3,dark;rain,3
2be0c9f6-caf7-4f26-9b59-b1299865a721_mp4-0132_jpg.rf.382b64504b82dd0790769d19003a04ed.jpg,orig,,3
2be0c9f6-caf7-4f26-9b59-b1299865a721_mp4-0132_jpg.rf.382b64504b82dd0790769d19003a04ed_aug1.jpg,aug1,hflip;affine;clahe,3
2be0c9f6-caf7-4f26-9b59-b1299865a721_mp4-0132_jpg.rf.382b64504b82dd0790769d19003a04ed_aug2.jpg,aug2,hflip;affine;hsv;gamma=0.94;clahe,3
2be0c9f6-caf7-4f26-9b59-b1299865a721_mp4-0132_jpg.rf.382b64504b82dd0790769d19003a04ed_aug3.jpg,aug3,rain,3
2be0c9f6-caf7-4f26-9b59-b1299865a721_mp4-0132_jpg.rf.53aca16a7e7fedde997e09dde1fdcae1.jpg,orig,,5
2be0c9f6-caf7-4f26-9b59-b1299865a721_mp4-0132_jpg.rf.53aca16a7e7fedde997e09dde1fdcae1_aug1.jpg,aug1,hsv,5
2be0c9f6-caf7-4f26-9b59-b1299865a721_mp4-0132_jpg.rf.53aca16a7e7fedde997e09dde1fdcae1_aug2.jpg,aug2,hflip;affine;hsv;clahe,5
2be0c9f6-caf7-4f26-9b59-b1299865a721_mp4-0132_jpg.rf.53aca16a7e7fedde997e09dde1fdcae1_aug3.jpg,aug3,dark,5
2be0c9f6-caf7-4f26-9b59-b1299865a721_mp4-0137_jpg.rf.2b0fd1730c93666820ff96d174c88129.jpg,orig,,3
2be0c9f6-caf7-4f26-9b59-b1299865a721_mp4-0137_jpg.rf.2b0fd1730c93666820ff96d174c88129_aug1.jpg,aug1,affine;hsv,3
2be0c9f6-caf7-4f26-9b59-b1299865a721_mp4-0137_jpg.rf.2b0fd1730c93666820ff96d174c88129_aug2.jpg,aug2,hflip;hsv;blur=0.69,3
2be0c9f6-caf7-4f26-9b59-b1299865a721_mp4-0137_jpg.rf.2b0fd1730c93666820ff96d174c88129_aug3.jpg,aug3,dark,3
2be0c9f6-caf7-4f26-9b59-b1299865a721_mp4-0138_jpg.rf.e8e97b168f60a54517d9d7f9b5183bf5.jpg,orig,,3
2be0c9f6-caf7-4f26-9b59-b1299865a721_mp4-0138_jpg.rf.e8e97b168f60a54517d9d7f9b5183bf5_aug1.jpg,aug1,affine;gamma=0.98,3
2be0c9f6-caf7-4f26-9b59-b1299865a721_mp4-0138_jpg.rf.e8e97b168f60a54517d9d7f9b5183bf5_aug2.jpg,aug2,affine;hsv;gamma=0.95;clahe,3
2be0c9f6-caf7-4f26-9b59-b1299865a721_mp4-0138_jpg.rf.e8e97b168f60a54517d9d7f9b5183bf5_aug3.jpg,aug3,dark,3
2be0c9f6-caf7-4f26-9b59-b1299865a721_mp4-0139_jpg.rf.75983283fda6c6c47f992aae25594b57.jpg,orig,,4
2be0c9f6-caf7-4f26-9b59-b1299865a721_mp4-0139_jpg.rf.75983283fda6c6c47f992aae25594b57_aug1.jpg,aug1,gamma=0.96,4
2be0c9f6-caf7-4f26-9b59-b1299865a721_mp4-0139_jpg.rf.75983283fda6c6c47f992aae25594b57_aug2.jpg,aug2,gamma=0.83,4
2be0c9f6-caf7-4f26-9b59-b1299865a721_mp4-0139_jpg.rf.75983283fda6c6c47f992aae25594b57_aug3.jpg,aug3,dark;rain,4
2be0c9f6-caf7-4f26-9b59-b1299865a721_mp4-0141_jpg.rf.3508d1a4a2d79346e39cf916c965ea09.jpg,orig,,3
2be0c9f6-caf7-4f26-9b59-b1299865a721_mp4-0141_jpg.rf.3508d1a4a2d79346e39cf916c965ea09_aug1.jpg,aug1,hflip;hsv;gamma=1.10,3
2be0c9f6-caf7-4f26-9b59-b1299865a721_mp4-0141_jpg.rf.3508d1a4a2d79346e39cf916c965ea09_aug2.jpg,aug2,affine;hsv;gamma=1.08,3
2be0c9f6-caf7-4f26-9b59-b1299865a721_mp4-0141_jpg.rf.3508d1a4a2d79346e39cf916c965ea09_aug3.jpg,aug3,dark;rain,3
2be0c9f6-caf7-4f26-9b59-b1299865a721_mp4-0142_jpg.rf.2e2fefba5636e68b895de5882513b00d.jpg,orig,,5
2be0c9f6-caf7-4f26-9b59-b1299865a721_mp4-0142_jpg.rf.2e2fefba5636e68b895de5882513b00d_aug1.jpg,aug1,hflip,5
2be0c9f6-caf7-4f26-9b59-b1299865a721_mp4-0142_jpg.rf.2e2fefba5636e68b895de5882513b00d_aug2.jpg,aug2,hflip;affine;hsv;gamma=1.11,5
2be0c9f6-caf7-4f26-9b59-b1299865a721_mp4-0142_jpg.rf.2e2fefba5636e68b895de5882513b00d_aug3.jpg,aug3,dark,5
2be0c9f6-caf7-4f26-9b59-b1299865a721_mp4-0143_jpg.rf.3ce5299e96f006c397ef33be681213ba.jpg,orig,,5
2be0c9f6-caf7-4f26-9b59-b1299865a721_mp4-0143_jpg.rf.3ce5299e96f006c397ef33be681213ba_aug1.jpg,aug1,affine;hsv;gamma=0.96,5
2be0c9f6-caf7-4f26-9b59-b1299865a721_mp4-0143_jpg.rf.3ce5299e96f006c397ef33be681213ba_aug2.jpg,aug2,hflip;hsv,5
2be0c9f6-caf7-4f26-9b59-b1299865a721_mp4-0143_jpg.rf.3ce5299e96f006c397ef33be681213ba_aug3.jpg,aug3,dark,5
2be0c9f6-caf7-4f26-9b59-b1299865a721_mp4-0145_jpg.rf.c154d1be7a8f315673899b0516cf27ae.jpg,orig,,3
2be0c9f6-caf7-4f26-9b59-b1299865a721_mp4-0145_jpg.rf.c154d1be7a8f315673899b0516cf27ae_aug1.jpg,aug1,hflip;hsv,3
2be0c9f6-caf7-4f26-9b59-b1299865a721_mp4-0145_jpg.rf.c154d1be7a8f315673899b0516cf27ae_aug2.jpg,aug2,affine;gamma=1.15,3
2be0c9f6-caf7-4f26-9b59-b1299865a721_mp4-0145_jpg.rf.c154d1be7a8f315673899b0516cf27ae_aug3.jpg,aug3,dark,3
2be0c9f6-caf7-4f26-9b59-b1299865a721_mp4-0148_jpg.rf.8bafb623ed57b5722331bfb3e520b7ae.jpg,orig,,3
2be0c9f6-caf7-4f26-9b59-b1299865a721_mp4-0148_jpg.rf.8bafb623ed57b5722331bfb3e520b7ae_aug1.jpg,aug1,hsv;gamma=1.20,3
2be0c9f6-caf7-4f26-9b59-b1299865a721_mp4-0148_jpg.rf.8bafb623ed57b5722331bfb3e520b7ae_aug2.jpg,aug2,affine;hsv,3
2be0c9f6-caf7-4f26-9b59-b1299865a721_mp4-0148_jpg.rf.8bafb623ed57b5722331bfb3e520b7ae_aug3.jpg,aug3,dark,3
2be0c9f6-caf7-4f26-9b59-b1299865a721_mp4-0150_jpg.rf.3b860cc65f8779da023bf2f6e6364a0c.jpg,orig,,3
2be0c9f6-caf7-4f26-9b59-b1299865a721_mp4-0150_jpg.rf.3b860cc65f8779da023bf2f6e6364a0c_aug1.jpg,aug1,affine;clahe,3
2be0c9f6-caf7-4f26-9b59-b1299865a721_mp4-0150_jpg.rf.3b860cc65f8779da023bf2f6e6364a0c_aug2.jpg,aug2,hflip;hsv,3
2be0c9f6-caf7-4f26-9b59-b1299865a721_mp4-0150_jpg.rf.3b860cc65f8779da023bf2f6e6364a0c_aug3.jpg,aug3,dark,3
2be0c9f6-caf7-4f26-9b59-b1299865a721_mp4-0152_jpg.rf.0e5708e81710e591e23340ef8910c0b5.jpg,orig,,3
2be0c9f6-caf7-4f26-9b59-b1299865a721_mp4-0152_jpg.rf.0e5708e81710e591e23340ef8910c0b5_aug1.jpg,aug1,hflip;gamma=1.13;clahe,3
2be0c9f6-caf7-4f26-9b59-b1299865a721_mp4-0152_jpg.rf.0e5708e81710e591e23340ef8910c0b5_aug2.jpg,aug2,affine,3
2be0c9f6-caf7-4f26-9b59-b1299865a721_mp4-0152_jpg.rf.0e5708e81710e591e23340ef8910c0b5_aug3.jpg,aug3,dark;rain,3
2be0c9f6-caf7-4f26-9b59-b1299865a721_mp4-0154_jpg.rf.e3a3d787f68b332e67e57cc6f186912c.jpg,orig,,3
2be0c9f6-caf7-4f26-9b59-b1299865a721_mp4-0154_jpg.rf.e3a3d787f68b332e67e57cc6f186912c_aug1.jpg,aug1,hflip;affine;hsv;clahe,3
2be0c9f6-caf7-4f26-9b59-b1299865a721_mp4-0154_jpg.rf.e3a3d787f68b332e67e57cc6f186912c_aug2.jpg,aug2,affine,3
2be0c9f6-caf7-4f26-9b59-b1299865a721_mp4-0154_jpg.rf.e3a3d787f68b332e67e57cc6f186912c_aug3.jpg,aug3,dark,3
2be0c9f6-caf7-4f26-9b59-b1299865a721_mp4-0170_jpg.rf.37b1f01da0c12367107f31faaef4ab5f.jpg,orig,,3
2be0c9f6-caf7-4f26-9b59-b1299865a721_mp4-0170_jpg.rf.37b1f01da0c12367107f31faaef4ab5f_aug1.jpg,aug1,affine;hsv,3
2be0c9f6-caf7-4f26-9b59-b1299865a721_mp4-0170_jpg.rf.37b1f01da0c12367107f31faaef4ab5f_aug2.jpg,aug2,hsv,3
2be0c9f6-caf7-4f26-9b59-b1299865a721_mp4-0170_jpg.rf.37b1f01da0c12367107f31faaef4ab5f_aug3.jpg,aug3,dark,3
4a7f29af-8d1c-4a3b-90e6-b9cf771fd1c2_mp4-0004_jpg.rf.edac98863ed0ac6d39b5929b4babc3d7.jpg,orig,,2
4a7f29af-8d1c-4a3b-90e6-b9cf771fd1c2_mp4-0004_jpg.rf.edac98863ed0ac6d39b5929b4babc3d7_aug1.jpg,aug1,hflip;affine;hsv;clahe;blur=0.75,2
4a7f29af-8d1c-4a3b-90e6-b9cf771fd1c2_mp4-0004_jpg.rf.edac98863ed0ac6d39b5929b4babc3d7_aug2.jpg,aug2,affine;gamma=0.90,2
4a7f29af-8d1c-4a3b-90e6-b9cf771fd1c2_mp4-0004_jpg.rf.edac98863ed0ac6d39b5929b4babc3d7_aug3.jpg,aug3,rain,2
4a7f29af-8d1c-4a3b-90e6-b9cf771fd1c2_mp4-0006_jpg.rf.b9678735362917d2380c57080ccac23d.jpg,orig,,2
4a7f29af-8d1c-4a3b-90e6-b9cf771fd1c2_mp4-0006_jpg.rf.b9678735362917d2380c57080ccac23d_aug1.jpg,aug1,hsv;blur=0.20,2
4a7f29af-8d1c-4a3b-90e6-b9cf771fd1c2_mp4-0006_jpg.rf.b9678735362917d2380c57080ccac23d_aug2.jpg,aug2,hflip;affine;hsv;clahe;blur=0.27,2
4a7f29af-8d1c-4a3b-90e6-b9cf771fd1c2_mp4-0006_jpg.rf.b9678735362917d2380c57080ccac23d_aug3.jpg,aug3,rain,2
4a7f29af-8d1c-4a3b-90e6-b9cf771fd1c2_mp4-0009_jpg.rf.705dc2d871d9b3b7ea8133cf759fa8bd.jpg,orig,,3
4a7f29af-8d1c-4a3b-90e6-b9cf771fd1c2_mp4-0009_jpg.rf.705dc2d871d9b3b7ea8133cf759fa8bd_aug1.jpg,aug1,affine;clahe,3
4a7f29af-8d1c-4a3b-90e6-b9cf771fd1c2_mp4-0009_jpg.rf.705dc2d871d9b3b7ea8133cf759fa8bd_aug2.jpg,aug2,hflip;affine;hsv;gamma=1.07,3
4a7f29af-8d1c-4a3b-90e6-b9cf771fd1c2_mp4-0009_jpg.rf.705dc2d871d9b3b7ea8133cf759fa8bd_aug3.jpg,aug3,dark,3
4a7f29af-8d1c-4a3b-90e6-b9cf771fd1c2_mp4-0013_jpg.rf.cab713d573215c222cdc441e4a927dbc.jpg,orig,,3
4a7f29af-8d1c-4a3b-90e6-b9cf771fd1c2_mp4-0013_jpg.rf.cab713d573215c222cdc441e4a927dbc_aug1.jpg,aug1,hsv;blur=0.36,3
4a7f29af-8d1c-4a3b-90e6-b9cf771fd1c2_mp4-0013_jpg.rf.cab713d573215c222cdc441e4a927dbc_aug2.jpg,aug2,affine;hsv;clahe,3
4a7f29af-8d1c-4a3b-90e6-b9cf771fd1c2_mp4-0013_jpg.rf.cab713d573215c222cdc441e4a927dbc_aug3.jpg,aug3,dark,3
4a7f29af-8d1c-4a3b-90e6-b9cf771fd1c2_mp4-0014_jpg.rf.05d13b7d0b1462e64a39ed771128e5c1.jpg,orig,,3
4a7f29af-8d1c-4a3b-90e6-b9cf771fd1c2_mp4-0014_jpg.rf.05d13b7d0b1462e64a39ed771128e5c1_aug1.jpg,aug1,hflip;affine,3
4a7f29af-8d1c-4a3b-90e6-b9cf771fd1c2_mp4-0014_jpg.rf.05d13b7d0b1462e64a39ed771128e5c1_aug2.jpg,aug2,hflip;affine,3
4a7f29af-8d1c-4a3b-90e6-b9cf771fd1c2_mp4-0014_jpg.rf.05d13b7d0b1462e64a39ed771128e5c1_aug3.jpg,aug3,dark;rain,3
4a7f29af-8d1c-4a3b-90e6-b9cf771fd1c2_mp4-0016_jpg.rf.be66770cbbd5166112c827f2e32e66f4.jpg,orig,,3
4a7f29af-8d1c-4a3b-90e6-b9cf771fd1c2_mp4-0016_jpg.rf.be66770cbbd5166112c827f2e32e66f4_aug1.jpg,aug1,hflip;hsv,3
4a7f29af-8d1c-4a3b-90e6-b9cf771fd1c2_mp4-0016_jpg.rf.be66770cbbd5166112c827f2e32e66f4_aug2.jpg,aug2,affine,3
4a7f29af-8d1c-4a3b-90e6-b9cf771fd1c2_mp4-0016_jpg.rf.be66770cbbd5166112c827f2e32e66f4_aug3.jpg,aug3,dark;rain,3
4a7f29af-8d1c-4a3b-90e6-b9cf771fd1c2_mp4-0029_jpg.rf.8a57889fa660d74f25768bd43cf8befa.jpg,orig,,3
4a7f29af-8d1c-4a3b-90e6-b9cf771fd1c2_mp4-0029_jpg.rf.8a57889fa660d74f25768bd43cf8befa_aug1.jpg,aug1,hsv;blur=0.67,3
4a7f29af-8d1c-4a3b-90e6-b9cf771fd1c2_mp4-0029_jpg.rf.8a57889fa660d74f25768bd43cf8befa_aug2.jpg,aug2,affine,3
4a7f29af-8d1c-4a3b-90e6-b9cf771fd1c2_mp4-0029_jpg.rf.8a57889fa660d74f25768bd43cf8befa_aug3.jpg,aug3,dark,3
4a7f29af-8d1c-4a3b-90e6-b9cf771fd1c2_mp4-0031_jpg.rf.d934fa8d129d79ca2d9f4c6314b5b5d1.jpg,orig,,3
4a7f29af-8d1c-4a3b-90e6-b9cf771fd1c2_mp4-0031_jpg.rf.d934fa8d129d79ca2d9f4c6314b5b5d1_aug1.jpg,aug1,affine;gamma=1.24,3
4a7f29af-8d1c-4a3b-90e6-b9cf771fd1c2_mp4-0031_jpg.rf.d934fa8d129d79ca2d9f4c6314b5b5d1_aug2.jpg,aug2,gamma=1.02,3
4a7f29af-8d1c-4a3b-90e6-b9cf771fd1c2_mp4-0031_jpg.rf.d934fa8d129d79ca2d9f4c6314b5b5d1_aug3.jpg,aug3,dark;rain,3
4a7f29af-8d1c-4a3b-90e6-b9cf771fd1c2_mp4-0033_jpg.rf.dcab6d81fedf42c28b7768df9e5b876f.jpg,orig,,4
4a7f29af-8d1c-4a3b-90e6-b9cf771fd1c2_mp4-0033_jpg.rf.dcab6d81fedf42c28b7768df9e5b876f_aug1.jpg,aug1,hflip;hsv;gamma=1.20,4
4a7f29af-8d1c-4a3b-90e6-b9cf771fd1c2_mp4-0033_jpg.rf.dcab6d81fedf42c28b7768df9e5b876f_aug2.jpg,aug2,hflip;affine;gamma=1.16;clahe,3
4a7f29af-8d1c-4a3b-90e6-b9cf771fd1c2_mp4-0033_jpg.rf.dcab6d81fedf42c28b7768df9e5b876f_aug3.jpg,aug3,dark,4
4a7f29af-8d1c-4a3b-90e6-b9cf771fd1c2_mp4-0044_jpg.rf.5e44aaf64df1af141bfdce995dd40565.jpg,orig,,4
4a7f29af-8d1c-4a3b-90e6-b9cf771fd1c2_mp4-0044_jpg.rf.5e44aaf64df1af141bfdce995dd40565_aug1.jpg,aug1,hsv,4
4a7f29af-8d1c-4a3b-90e6-b9cf771fd1c2_mp4-0044_jpg.rf.5e44aaf64df1af141bfdce995dd40565_aug2.jpg,aug2,affine;hsv,4
4a7f29af-8d1c-4a3b-90e6-b9cf771fd1c2_mp4-0044_jpg.rf.5e44aaf64df1af141bfdce995dd40565_aug3.jpg,aug3,rain,4
4a7f29af-8d1c-4a3b-90e6-b9cf771fd1c2_mp4-0047_jpg.rf.572c03953aa8e901d6cc2f3b37f347f9.jpg,orig,,4
4a7f29af-8d1c-4a3b-90e6-b9cf771fd1c2_mp4-0047_jpg.rf.572c03953aa8e901d6cc2f3b37f347f9_aug1.jpg,aug1,hflip;affine,4
4a7f29af-8d1c-4a3b-90e6-b9cf771fd1c2_mp4-0047_jpg.rf.572c03953aa8e901d6cc2f3b37f347f9_aug2.jpg,aug2,affine;gamma=1.03,4
4a7f29af-8d1c-4a3b-90e6-b9cf771fd1c2_mp4-0047_jpg.rf.572c03953aa8e901d6cc2f3b37f347f9_aug3.jpg,aug3,dark,4
5d81688a-7f52-42a4-b81d-822c2d2319a3_mp4-0001_jpg.rf.fba7bd5558a2dfe44ee397f6e0631fdd.jpg,orig,,3
5d81688a-7f52-42a4-b81d-822c2d2319a3_mp4-0001_jpg.rf.fba7bd5558a2dfe44ee397f6e0631fdd_aug1.jpg,aug1,hflip;blur=0.82,3
5d81688a-7f52-42a4-b81d-822c2d2319a3_mp4-0001_jpg.rf.fba7bd5558a2dfe44ee397f6e0631fdd_aug2.jpg,aug2,hflip;hsv,3
5d81688a-7f52-42a4-b81d-822c2d2319a3_mp4-0001_jpg.rf.fba7bd5558a2dfe44ee397f6e0631fdd_aug3.jpg,aug3,dark,3
5d81688a-7f52-42a4-b81d-822c2d2319a3_mp4-0003_jpg.rf.461cb4b90eeea920b55c40b4d442056d.jpg,orig,,4
5d81688a-7f52-42a4-b81d-822c2d2319a3_mp4-0003_jpg.rf.461cb4b90eeea920b55c40b4d442056d_aug1.jpg,aug1,hflip;affine,4
5d81688a-7f52-42a4-b81d-822c2d2319a3_mp4-0003_jpg.rf.461cb4b90eeea920b55c40b4d442056d_aug2.jpg,aug2,affine,4
5d81688a-7f52-42a4-b81d-822c2d2319a3_mp4-0003_jpg.rf.461cb4b90eeea920b55c40b4d442056d_aug3.jpg,aug3,dark,4
5d81688a-7f52-42a4-b81d-822c2d2319a3_mp4-0012_jpg.rf.da297d3121e8360f6004c72c0ddb053a.jpg,orig,,3
5d81688a-7f52-42a4-b81d-822c2d2319a3_mp4-0012_jpg.rf.da297d3121e8360f6004c72c0ddb053a_aug1.jpg,aug1,hflip;blur=0.39,3
5d81688a-7f52-42a4-b81d-822c2d2319a3_mp4-0012_jpg.rf.da297d3121e8360f6004c72c0ddb053a_aug2.jpg,aug2,hflip;affine;gamma=0.95;blur=0.43,3
5d81688a-7f52-42a4-b81d-822c2d2319a3_mp4-0012_jpg.rf.da297d3121e8360f6004c72c0ddb053a_aug3.jpg,aug3,dark,3
5d81688a-7f52-42a4-b81d-822c2d2319a3_mp4-0016_jpg.rf.97baa96fb5f07e75b25922da7dd4445a.jpg,orig,,3
5d81688a-7f52-42a4-b81d-822c2d2319a3_mp4-0016_jpg.rf.97baa96fb5f07e75b25922da7dd4445a_aug1.jpg,aug1,hsv,3
5d81688a-7f52-42a4-b81d-822c2d2319a3_mp4-0016_jpg.rf.97baa96fb5f07e75b25922da7dd4445a_aug2.jpg,aug2,affine;hsv,3
5d81688a-7f52-42a4-b81d-822c2d2319a3_mp4-0016_jpg.rf.97baa96fb5f07e75b25922da7dd4445a_aug3.jpg,aug3,dark,3
6f40fbbd-891e-434b-a1ec-365668a5ae66_mp4-0014_jpg.rf.918eab2fc94f469f284e7f80fe9592eb.jpg,orig,,2
6f40fbbd-891e-434b-a1ec-365668a5ae66_mp4-0014_jpg.rf.918eab2fc94f469f284e7f80fe9592eb_aug1.jpg,aug1,affine;hsv,2
6f40fbbd-891e-434b-a1ec-365668a5ae66_mp4-0014_jpg.rf.918eab2fc94f469f284e7f80fe9592eb_aug2.jpg,aug2,affine;gamma=1.17;clahe,2
6f40fbbd-891e-434b-a1ec-365668a5ae66_mp4-0014_jpg.rf.918eab2fc94f469f284e7f80fe9592eb_aug3.jpg,aug3,dark,2
6f40fbbd-891e-434b-a1ec-365668a5ae66_mp4-0016_jpg.rf.72c01c36d773c209f127a97df6bc24a0.jpg,orig,,1
6f40fbbd-891e-434b-a1ec-365668a5ae66_mp4-0016_jpg.rf.72c01c36d773c209f127a97df6bc24a0_aug1.jpg,aug1,affine,1
6f40fbbd-891e-434b-a1ec-365668a5ae66_mp4-0016_jpg.rf.72c01c36d773c209f127a97df6bc24a0_aug2.jpg,aug2,clahe,1
6f40fbbd-891e-434b-a1ec-365668a5ae66_mp4-0016_jpg.rf.72c01c36d773c209f127a97df6bc24a0_aug3.jpg,aug3,dark,1
6f40fbbd-891e-434b-a1ec-365668a5ae66_mp4-0028_jpg.rf.84c59b0d836ef26e1695df49152d60f8.jpg,orig,,5
6f40fbbd-891e-434b-a1ec-365668a5ae66_mp4-0028_jpg.rf.84c59b0d836ef26e1695df49152d60f8_aug1.jpg,aug1,none,5
6f40fbbd-891e-434b-a1ec-365668a5ae66_mp4-0028_jpg.rf.84c59b0d836ef26e1695df49152d60f8_aug2.jpg,aug2,affine;hsv;clahe,5
6f40fbbd-891e-434b-a1ec-365668a5ae66_mp4-0028_jpg.rf.84c59b0d836ef26e1695df49152d60f8_aug3.jpg,aug3,rain,5
6f40fbbd-891e-434b-a1ec-365668a5ae66_mp4-0032_jpg.rf.8b6ee5fb33dbb9eaf23be785fef5c6d9.jpg,orig,,4
6f40fbbd-891e-434b-a1ec-365668a5ae66_mp4-0032_jpg.rf.8b6ee5fb33dbb9eaf23be785fef5c6d9_aug1.jpg,aug1,hflip;hsv;clahe,4
6f40fbbd-891e-434b-a1ec-365668a5ae66_mp4-0032_jpg.rf.8b6ee5fb33dbb9eaf23be785fef5c6d9_aug2.jpg,aug2,hflip;affine;gamma=0.98;clahe,4
6f40fbbd-891e-434b-a1ec-365668a5ae66_mp4-0032_jpg.rf.8b6ee5fb33dbb9eaf23be785fef5c6d9_aug3.jpg,aug3,dark,4
6f40fbbd-891e-434b-a1ec-365668a5ae66_mp4-0042_jpg.rf.1b199840e61489c083d42e1dd7ba2930.jpg,orig,,2
6f40fbbd-891e-434b-a1ec-365668a5ae66_mp4-0042_jpg.rf.1b199840e61489c083d42e1dd7ba2930_aug1.jpg,aug1,affine;hsv;gamma=0.83,2
6f40fbbd-891e-434b-a1ec-365668a5ae66_mp4-0042_jpg.rf.1b199840e61489c083d42e1dd7ba2930_aug2.jpg,aug2,hflip;affine;hsv;blur=0.11,2
6f40fbbd-891e-434b-a1ec-365668a5ae66_mp4-0042_jpg.rf.1b199840e61489c083d42e1dd7ba2930_aug3.jpg,aug3,rain,2
6f40fbbd-891e-434b-a1ec-365668a5ae66_mp4-0046_jpg.rf.41ba4f08e670cfcc9e4e6c0da296b8c8.jpg,orig,,3
6f40fbbd-891e-434b-a1ec-365668a5ae66_mp4-0046_jpg.rf.41ba4f08e670cfcc9e4e6c0da296b8c8_aug1.jpg,aug1,hflip;affine;hsv;gamma=1.10,3
6f40fbbd-891e-434b-a1ec-365668a5ae66_mp4-0046_jpg.rf.41ba4f08e670cfcc9e4e6c0da296b8c8_aug2.jpg,aug2,affine;gamma=0.96,2
6f40fbbd-891e-434b-a1ec-365668a5ae66_mp4-0046_jpg.rf.41ba4f08e670cfcc9e4e6c0da296b8c8_aug3.jpg,aug3,dark,3
6f40fbbd-891e-434b-a1ec-365668a5ae66_mp4-0050_jpg.rf.0b1702fb48c0409202e9a280b7d1fd59.jpg,orig,,3
6f40fbbd-891e-434b-a1ec-365668a5ae66_mp4-0050_jpg.rf.0b1702fb48c0409202e9a280b7d1fd59_aug1.jpg,aug1,hflip;affine,3
6f40fbbd-891e-434b-a1ec-365668a5ae66_mp4-0050_jpg.rf.0b1702fb48c0409202e9a280b7d1fd59_aug2.jpg,aug2,hflip;affine;gamma=1.00;clahe,3
6f40fbbd-891e-434b-a1ec-365668a5ae66_mp4-0050_jpg.rf.0b1702fb48c0409202e9a280b7d1fd59_aug3.jpg,aug3,dark,3
6f40fbbd-891e-434b-a1ec-365668a5ae66_mp4-0054_jpg.rf.06a981a11596c90a7d1cfb1befaadea9.jpg,orig,,2
6f40fbbd-891e-434b-a1ec-365668a5ae66_mp4-0054_jpg.rf.06a981a11596c90a7d1cfb1befaadea9_aug1.jpg,aug1,hflip;hsv;clahe;blur=0.34,2
6f40fbbd-891e-434b-a1ec-365668a5ae66_mp4-0054_jpg.rf.06a981a11596c90a7d1cfb1befaadea9_aug2.jpg,aug2,hflip;affine;gamma=1.06,2
6f40fbbd-891e-434b-a1ec-365668a5ae66_mp4-0054_jpg.rf.06a981a11596c90a7d1cfb1befaadea9_aug3.jpg,aug3,rain,2
6f40fbbd-891e-434b-a1ec-365668a5ae66_mp4-0059_jpg.rf.516604f7fa6b6760b01a1195ded1189f.jpg,orig,,2
6f40fbbd-891e-434b-a1ec-365668a5ae66_mp4-0059_jpg.rf.516604f7fa6b6760b01a1195ded1189f_aug1.jpg,aug1,hflip;clahe,2
6f40fbbd-891e-434b-a1ec-365668a5ae66_mp4-0059_jpg.rf.516604f7fa6b6760b01a1195ded1189f_aug2.jpg,aug2,affine;hsv;gamma=1.07;clahe,2
6f40fbbd-891e-434b-a1ec-365668a5ae66_mp4-0059_jpg.rf.516604f7fa6b6760b01a1195ded1189f_aug3.jpg,aug3,dark;rain,2
8f435cb5-02c7-452a-a971-cef315681c19_mp4-0001_jpg.rf.cc717742a802c3518246cb6ffbf1573e.jpg,orig,,5
8f435cb5-02c7-452a-a971-cef315681c19_mp4-0001_jpg.rf.cc717742a802c3518246cb6ffbf1573e_aug1.jpg,aug1,hflip;hsv;blur=0.85,5
8f435cb5-02c7-452a-a971-cef315681c19_mp4-0001_jpg.rf.cc717742a802c3518246cb6ffbf1573e_aug2.jpg,aug2,none,5
8f435cb5-02c7-452a-a971-cef315681c19_mp4-0001_jpg.rf.cc717742a802c3518246cb6ffbf1573e_aug3.jpg,aug3,dark;rain,5
8f435cb5-02c7-452a-a971-cef315681c19_mp4-0007_jpg.rf.8ad18947fac5ca2c499e36f845060019.jpg,orig,,2
8f435cb5-02c7-452a-a971-cef315681c19_mp4-0007_jpg.rf.8ad18947fac5ca2c499e36f845060019_aug1.jpg,aug1,affine;hsv;gamma=0.84;clahe,2
8f435cb5-02c7-452a-a971-cef315681c19_mp4-0007_jpg.rf.8ad18947fac5ca2c499e36f845060019_aug2.jpg,aug2,affine;hsv,2
8f435cb5-02c7-452a-a971-cef315681c19_mp4-0007_jpg.rf.8ad18947fac5ca2c499e36f845060019_aug3.jpg,aug3,dark,2
8f435cb5-02c7-452a-a971-cef315681c19_mp4-0019_jpg.rf.c8f6bdd3f52dd744feed943b16b8736d.jpg,orig,,4
8f435cb5-02c7-452a-a971-cef315681c19_mp4-0019_jpg.rf.c8f6bdd3f52dd744feed943b16b8736d_aug1.jpg,aug1,hflip;affine,4
8f435cb5-02c7-452a-a971-cef315681c19_mp4-0019_jpg.rf.c8f6bdd3f52dd744feed943b16b8736d_aug2.jpg,aug2,affine;hsv;gamma=1.17,4
8f435cb5-02c7-452a-a971-cef315681c19_mp4-0019_jpg.rf.c8f6bdd3f52dd744feed943b16b8736d_aug3.jpg,aug3,rain,4
8f435cb5-02c7-452a-a971-cef315681c19_mp4-0020_jpg.rf.17fbb473ee65120e5e1ae4ac85e7cc76.jpg,orig,,3
8f435cb5-02c7-452a-a971-cef315681c19_mp4-0020_jpg.rf.17fbb473ee65120e5e1ae4ac85e7cc76_aug1.jpg,aug1,hsv;blur=0.68,3
8f435cb5-02c7-452a-a971-cef315681c19_mp4-0020_jpg.rf.17fbb473ee65120e5e1ae4ac85e7cc76_aug2.jpg,aug2,affine;hsv;gamma=1.21,2
8f435cb5-02c7-452a-a971-cef315681c19_mp4-0020_jpg.rf.17fbb473ee65120e5e1ae4ac85e7cc76_aug3.jpg,aug3,rain,3
8f435cb5-02c7-452a-a971-cef315681c19_mp4-0023_jpg.rf.ec5f8c11129f35fdcfa163852d9b9a5f.jpg,orig,,2
8f435cb5-02c7-452a-a971-cef315681c19_mp4-0023_jpg.rf.ec5f8c11129f35fdcfa163852d9b9a5f_aug1.jpg,aug1,affine;hsv;gamma=1.08;clahe,2
8f435cb5-02c7-452a-a971-cef315681c19_mp4-0023_jpg.rf.ec5f8c11129f35fdcfa163852d9b9a5f_aug2.jpg,aug2,hflip;affine;clahe,2
8f435cb5-02c7-452a-a971-cef315681c19_mp4-0023_jpg.rf.ec5f8c11129f35fdcfa163852d9b9a5f_aug3.jpg,aug3,dark,2
d56fcb3c-0531-4696-8b67-2645d89e4a7f_mp4-0011_jpg.rf.18d4c79bdc83441bc549cd3adbad6db1.jpg,orig,,4
d56fcb3c-0531-4696-8b67-2645d89e4a7f_mp4-0011_jpg.rf.18d4c79bdc83441bc549cd3adbad6db1_aug1.jpg,aug1,hflip;affine;hsv;gamma=1.20;clahe,4
d56fcb3c-0531-4696-8b67-2645d89e4a7f_mp4-0011_jpg.rf.18d4c79bdc83441bc549cd3adbad6db1_aug2.jpg,aug2,hflip;hsv,4
d56fcb3c-0531-4696-8b67-2645d89e4a7f_mp4-0011_jpg.rf.18d4c79bdc83441bc549cd3adbad6db1_aug3.jpg,aug3,dark,4
d56fcb3c-0531-4696-8b67-2645d89e4a7f_mp4-0014_jpg.rf.60cd05dde1aedc87fe8b13c56d12b94f.jpg,orig,,3
d56fcb3c-0531-4696-8b67-2645d89e4a7f_mp4-0014_jpg.rf.60cd05dde1aedc87fe8b13c56d12b94f_aug1.jpg,aug1,hsv;gamma=1.08;clahe,3
d56fcb3c-0531-4696-8b67-2645d89e4a7f_mp4-0014_jpg.rf.60cd05dde1aedc87fe8b13c56d12b94f_aug2.jpg,aug2,affine;hsv;clahe,3
d56fcb3c-0531-4696-8b67-2645d89e4a7f_mp4-0014_jpg.rf.60cd05dde1aedc87fe8b13c56d12b94f_aug3.jpg,aug3,rain,3
d56fcb3c-0531-4696-8b67-2645d89e4a7f_mp4-0017_jpg.rf.68531ef66b524ecddc50ce55bac561c6.jpg,orig,,5
d56fcb3c-0531-4696-8b67-2645d89e4a7f_mp4-0017_jpg.rf.68531ef66b524ecddc50ce55bac561c6_aug1.jpg,aug1,affine,4
d56fcb3c-0531-4696-8b67-2645d89e4a7f_mp4-0017_jpg.rf.68531ef66b524ecddc50ce55bac561c6_aug2.jpg,aug2,hflip;affine,5
d56fcb3c-0531-4696-8b67-2645d89e4a7f_mp4-0017_jpg.rf.68531ef66b524ecddc50ce55bac561c6_aug3.jpg,aug3,dark,5
d56fcb3c-0531-4696-8b67-2645d89e4a7f_mp4-0020_jpg.rf.2392ac5c4a3b1226044f425c0b31e5da.jpg,orig,,5
d56fcb3c-0531-4696-8b67-2645d89e4a7f_mp4-0020_jpg.rf.2392ac5c4a3b1226044f425c0b31e5da_aug1.jpg,aug1,hflip;affine;hsv,5
d56fcb3c-0531-4696-8b67-2645d89e4a7f_mp4-0020_jpg.rf.2392ac5c4a3b1226044f425c0b31e5da_aug2.jpg,aug2,hflip;affine;gamma=1.19,5
d56fcb3c-0531-4696-8b67-2645d89e4a7f_mp4-0020_jpg.rf.2392ac5c4a3b1226044f425c0b31e5da_aug3.jpg,aug3,dark,5
d56fcb3c-0531-4696-8b67-2645d89e4a7f_mp4-0023_jpg.rf.76bb0cc8c6d007b44977a1c58d68532b.jpg,orig,,5
d56fcb3c-0531-4696-8b67-2645d89e4a7f_mp4-0023_jpg.rf.76bb0cc8c6d007b44977a1c58d68532b_aug1.jpg,aug1,clahe,5
d56fcb3c-0531-4696-8b67-2645d89e4a7f_mp4-0023_jpg.rf.76bb0cc8c6d007b44977a1c58d68532b_aug2.jpg,aug2,hflip;hsv;clahe,5
d56fcb3c-0531-4696-8b67-2645d89e4a7f_mp4-0023_jpg.rf.76bb0cc8c6d007b44977a1c58d68532b_aug3.jpg,aug3,dark,5
d56fcb3c-0531-4696-8b67-2645d89e4a7f_mp4-0028_jpg.rf.e4d2a68226de8ce517ecca9416083cd8.jpg,orig,,3
d56fcb3c-0531-4696-8b67-2645d89e4a7f_mp4-0028_jpg.rf.e4d2a68226de8ce517ecca9416083cd8_aug1.jpg,aug1,hflip;hsv;clahe,3
d56fcb3c-0531-4696-8b67-2645d89e4a7f_mp4-0028_jpg.rf.e4d2a68226de8ce517ecca9416083cd8_aug2.jpg,aug2,affine;blur=0.43,3
d56fcb3c-0531-4696-8b67-2645d89e4a7f_mp4-0028_jpg.rf.e4d2a68226de8ce517ecca9416083cd8_aug3.jpg,aug3,dark;rain,3
d56fcb3c-0531-4696-8b67-2645d89e4a7f_mp4-0029_jpg.rf.165c496eca2f8319d54e8b7ba033c484.jpg,orig,,3
d56fcb3c-0531-4696-8b67-2645d89e4a7f_mp4-0029_jpg.rf.165c496eca2f8319d54e8b7ba033c484_aug1.jpg,aug1,gamma=0.91,3
d56fcb3c-0531-4696-8b67-2645d89e4a7f_mp4-0029_jpg.rf.165c496eca2f8319d54e8b7ba033c484_aug2.jpg,aug2,affine,2
d56fcb3c-0531-4696-8b67-2645d89e4a7f_mp4-0029_jpg.rf.165c496eca2f8319d54e8b7ba033c484_aug3.jpg,aug3,rain,3
d56fcb3c-0531-4696-8b67-2645d89e4a7f_mp4-0032_jpg.rf.701b5236f93f0b6d4d29975f5c88c0be.jpg,orig,,3
d56fcb3c-0531-4696-8b67-2645d89e4a7f_mp4-0032_jpg.rf.701b5236f93f0b6d4d29975f5c88c0be_aug1.jpg,aug1,affine;clahe,3
d56fcb3c-0531-4696-8b67-2645d89e4a7f_mp4-0032_jpg.rf.701b5236f93f0b6d4d29975f5c88c0be_aug2.jpg,aug2,hsv,3
d56fcb3c-0531-4696-8b67-2645d89e4a7f_mp4-0032_jpg.rf.701b5236f93f0b6d4d29975f5c88c0be_aug3.jpg,aug3,dark,3
d56fcb3c-0531-4696-8b67-2645d89e4a7f_mp4-0037_jpg.rf.6c2b10b9b15a1c6c6d7540beeb385573.jpg,orig,,2
d56fcb3c-0531-4696-8b67-2645d89e4a7f_mp4-0037_jpg.rf.6c2b10b9b15a1c6c6d7540beeb385573_aug1.jpg,aug1,hsv,2
d56fcb3c-0531-4696-8b67-2645d89e4a7f_mp4-0037_jpg.rf.6c2b10b9b15a1c6c6d7540beeb385573_aug2.jpg,aug2,clahe,2
d56fcb3c-0531-4696-8b67-2645d89e4a7f_mp4-0037_jpg.rf.6c2b10b9b15a1c6c6d7540beeb385573_aug3.jpg,aug3,dark,2
d56fcb3c-0531-4696-8b67-2645d89e4a7f_mp4-0038_jpg.rf.ab61a0a5ad4debbd3b0756a61b36572d.jpg,orig,,2
d56fcb3c-0531-4696-8b67-2645d89e4a7f_mp4-0038_jpg.rf.ab61a0a5ad4debbd3b0756a61b36572d_aug1.jpg,aug1,hflip;clahe,2
d56fcb3c-0531-4696-8b67-2645d89e4a7f_mp4-0038_jpg.rf.ab61a0a5ad4debbd3b0756a61b36572d_aug2.jpg,aug2,affine;hsv;clahe,2
d56fcb3c-0531-4696-8b67-2645d89e4a7f_mp4-0038_jpg.rf.ab61a0a5ad4debbd3b0756a61b36572d_aug3.jpg,aug3,dark,2
d56fcb3c-0531-4696-8b67-2645d89e4a7f_mp4-0053_jpg.rf.d39dc0b375a861cdb9570eb6374e6ce7.jpg,orig,,2
d56fcb3c-0531-4696-8b67-2645d89e4a7f_mp4-0053_jpg.rf.d39dc0b375a861cdb9570eb6374e6ce7_aug1.jpg,aug1,hflip;hsv;gamma=0.88,2
d56fcb3c-0531-4696-8b67-2645d89e4a7f_mp4-0053_jpg.rf.d39dc0b375a861cdb9570eb6374e6ce7_aug2.jpg,aug2,hflip;hsv,2
d56fcb3c-0531-4696-8b67-2645d89e4a7f_mp4-0053_jpg.rf.d39dc0b375a861cdb9570eb6374e6ce7_aug3.jpg,aug3,rain,2
d56fcb3c-0531-4696-8b67-2645d89e4a7f_mp4-0054_jpg.rf.d9e700caf2c20607f5e74093286eaec1.jpg,orig,,2
d56fcb3c-0531-4696-8b67-2645d89e4a7f_mp4-0054_jpg.rf.d9e700caf2c20607f5e74093286eaec1_aug1.jpg,aug1,affine;hsv;gamma=1.11,2
d56fcb3c-0531-4696-8b67-2645d89e4a7f_mp4-0054_jpg.rf.d9e700caf2c20607f5e74093286eaec1_aug2.jpg,aug2,hflip;affine;hsv,2
d56fcb3c-0531-4696-8b67-2645d89e4a7f_mp4-0054_jpg.rf.d9e700caf2c20607f5e74093286eaec1_aug3.jpg,aug3,dark;rain,2
download_jpg.rf.a248b304a7038b4ed4c00e105108b828.jpg,orig,,2
download_jpg.rf.a248b304a7038b4ed4c00e105108b828_aug1.jpg,aug1,hflip,2
download_jpg.rf.a248b304a7038b4ed4c00e105108b828_aug2.jpg,aug2,affine,2
download_jpg.rf.a248b304a7038b4ed4c00e105108b828_aug3.jpg,aug3,dark;rain,2
fa45e6fb-4502-41bb-bb80-a4a4149318ad_mp4-0003_jpg.rf.3a003140d1be485af899c1db3acf39cc.jpg,orig,,1
fa45e6fb-4502-41bb-bb80-a4a4149318ad_mp4-0003_jpg.rf.3a003140d1be485af899c1db3acf39cc_aug1.jpg,aug1,affine;hsv;clahe,1
fa45e6fb-4502-41bb-bb80-a4a4149318ad_mp4-0003_jpg.rf.3a003140d1be485af899c1db3acf39cc_aug2.jpg,aug2,hsv;clahe,1
fa45e6fb-4502-41bb-bb80-a4a4149318ad_mp4-0003_jpg.rf.3a003140d1be485af899c1db3acf39cc_aug3.jpg,aug3,dark,1
fa45e6fb-4502-41bb-bb80-a4a4149318ad_mp4-0004_jpg.rf.c8cfeab44d769e157a2d911aea23b394.jpg,orig,,2
fa45e6fb-4502-41bb-bb80-a4a4149318ad_mp4-0004_jpg.rf.c8cfeab44d769e157a2d911aea23b394_aug1.jpg,aug1,affine;hsv;gamma=0.97;clahe;blur=0.44,2
fa45e6fb-4502-41bb-bb80-a4a4149318ad_mp4-0004_jpg.rf.c8cfeab44d769e157a2d911aea23b394_aug2.jpg,aug2,hflip;hsv;blur=0.22,2
fa45e6fb-4502-41bb-bb80-a4a4149318ad_mp4-0004_jpg.rf.c8cfeab44d769e157a2d911aea23b394_aug3.jpg,aug3,dark;rain,2
fa45e6fb-4502-41bb-bb80-a4a4149318ad_mp4-0005_jpg.rf.d1d29e1a364fc106eda275c7048d8d49.jpg,orig,,2
fa45e6fb-4502-41bb-bb80-a4a4149318ad_mp4-0005_jpg.rf.d1d29e1a364fc106eda275c7048d8d49_aug1.jpg,aug1,hflip;affine;gamma=0.98,2
fa45e6fb-4502-41bb-bb80-a4a4149318ad_mp4-0005_jpg.rf.d1d29e1a364fc106eda275c7048d8d49_aug2.jpg,aug2,gamma=1.06;blur=0.49,2
fa45e6fb-4502-41bb-bb80-a4a4149318ad_mp4-0005_jpg.rf.d1d29e1a364fc106eda275c7048d8d49_aug3.jpg,aug3,dark,2
fa45e6fb-4502-41bb-bb80-a4a4149318ad_mp4-0013_jpg.rf.7753bdb989766041e2405b1d2e4eb323.jpg,orig,,3
fa45e6fb-4502-41bb-bb80-a4a4149318ad_mp4-0013_jpg.rf.7753bdb989766041e2405b1d2e4eb323_aug1.jpg,aug1,affine;gamma=0.94,3
fa45e6fb-4502-41bb-bb80-a4a4149318ad_mp4-0013_jpg.rf.7753bdb989766041e2405b1d2e4eb323_aug2.jpg,aug2,hflip;affine;hsv;gamma=1.18;clahe;blur=1.00,3
fa45e6fb-4502-41bb-bb80-a4a4149318ad_mp4-0013_jpg.rf.7753bdb989766041e2405b1d2e4eb323_aug3.jpg,aug3,rain,3
fa45e6fb-4502-41bb-bb80-a4a4149318ad_mp4-0014_jpg.rf.cd31af3c281a6881bbcbaf0630ae69d9.jpg,orig,,3
fa45e6fb-4502-41bb-bb80-a4a4149318ad_mp4-0014_jpg.rf.cd31af3c281a6881bbcbaf0630ae69d9_aug1.jpg,aug1,hflip;affine;hsv,3
fa45e6fb-4502-41bb-bb80-a4a4149318ad_mp4-0014_jpg.rf.cd31af3c281a6881bbcbaf0630ae69d9_aug2.jpg,aug2,hflip;affine;gamma=1.01;clahe,3
fa45e6fb-4502-41bb-bb80-a4a4149318ad_mp4-0014_jpg.rf.cd31af3c281a6881bbcbaf0630ae69d9_aug3.jpg,aug3,dark;rain,3
fa45e6fb-4502-41bb-bb80-a4a4149318ad_mp4-0017_jpg.rf.28124124eb050c59b5017c044b0ae28b.jpg,orig,,3
fa45e6fb-4502-41bb-bb80-a4a4149318ad_mp4-0017_jpg.rf.28124124eb050c59b5017c044b0ae28b_aug1.jpg,aug1,hflip;affine;hsv,3
fa45e6fb-4502-41bb-bb80-a4a4149318ad_mp4-0017_jpg.rf.28124124eb050c59b5017c044b0ae28b_aug2.jpg,aug2,hflip;hsv;gamma=1.15,3
fa45e6fb-4502-41bb-bb80-a4a4149318ad_mp4-0017_jpg.rf.28124124eb050c59b5017c044b0ae28b_aug3.jpg,aug3,rain,3
fa45e6fb-4502-41bb-bb80-a4a4149318ad_mp4-0030_jpg.rf.4b1baaf885532af57e429177611db792.jpg,orig,,3
fa45e6fb-4502-41bb-bb80-a4a4149318ad_mp4-0030_jpg.rf.4b1baaf885532af57e429177611db792_aug1.jpg,aug1,hflip;hsv;gamma=1.13,3
fa45e6fb-4502-41bb-bb80-a4a4149318ad_mp4-0030_jpg.rf.4b1baaf885532af57e429177611db792_aug2.jpg,aug2,affine,3
fa45e6fb-4502-41bb-bb80-a4a4149318ad_mp4-0030_jpg.rf.4b1baaf885532af57e429177611db792_aug3.jpg,aug3,dark,3
fa45e6fb-4502-41bb-bb80-a4a4149318ad_mp4-0033_jpg.rf.11f88269da946d160b5e5f648d2f611d.jpg,orig,,3
fa45e6fb-4502-41bb-bb80-a4a4149318ad_mp4-0033_jpg.rf.11f88269da946d160b5e5f648d2f611d_aug1.jpg,aug1,hflip;affine;hsv;blur=0.39,3
fa45e6fb-4502-41bb-bb80-a4a4149318ad_mp4-0033_jpg.rf.11f88269da946d160b5e5f648d2f611d_aug2.jpg,aug2,hflip;gamma=0.98,3
fa45e6fb-4502-41bb-bb80-a4a4149318ad_mp4-0033_jpg.rf.11f88269da946d160b5e5f648d2f611d_aug3.jpg,aug3,dark,3
fa45e6fb-4502-41bb-bb80-a4a4149318ad_mp4-0038_jpg.rf.136863ff9233b3f4fa1b54df22eeb15c.jpg,orig,,3
fa45e6fb-4502-41bb-bb80-a4a4149318ad_mp4-0038_jpg.rf.136863ff9233b3f4fa1b54df22eeb15c_aug1.jpg,aug1,hsv,3
fa45e6fb-4502-41bb-bb80-a4a4149318ad_mp4-0038_jpg.rf.136863ff9233b3f4fa1b54df22eeb15c_aug2.jpg,aug2,hflip;affine;hsv;gamma=0.88,3
fa45e6fb-4502-41bb-bb80-a4a4149318ad_mp4-0038_jpg.rf.136863ff9233b3f4fa1b54df22eeb15c_aug3.jpg,aug3,dark,3
fa45e6fb-4502-41bb-bb80-a4a4149318ad_mp4-0040_jpg.rf.2a4bf02f95d80acddb84484ba0a49d10.jpg,orig,,3
fa45e6fb-4502-41bb-bb80-a4a4149318ad_mp4-0040_jpg.rf.2a4bf02f95d80acddb84484ba0a49d10_aug1.jpg,aug1,hflip;hsv;gamma=1.10,3
fa45e6fb-4502-41bb-bb80-a4a4149318ad_mp4-0040_jpg.rf.2a4bf02f95d80acddb84484ba0a49d10_aug2.jpg,aug2,affine;hsv;clahe,3
fa45e6fb-4502-41bb-bb80-a4a4149318ad_mp4-0040_jpg.rf.2a4bf02f95d80acddb84484ba0a49d10_aug3.jpg,aug3,dark;rain,3
07451999-bdf8-4862-b869-6db57c35f0c1_mp4-0010_jpg.rf.7fbc1747096270dc2cb3d9f9b9a88705.jpg,orig,,3
07451999-bdf8-4862-b869-6db57c35f0c1_mp4-0010_jpg.rf.7fbc1747096270dc2cb3d9f9b9a88705_aug1.jpg,aug1,hflip;affine;gamma=0.96,3
07451999-bdf8-4862-b869-6db57c35f0c1_mp4-0010_jpg.rf.7fbc1747096270dc2cb3d9f9b9a88705_aug2.jpg,aug2,hflip;affine;clahe;blur=0.13,3
07451999-bdf8-4862-b869-6db57c35f0c1_mp4-0010_jpg.rf.7fbc1747096270dc2cb3d9f9b9a88705_aug3.jpg,aug3,rain,3
07451999-bdf8-4862-b869-6db57c35f0c1_mp4-0012_jpg.rf.eb1100bd06310fe3514c150cd2230f67.jpg,orig,,3
07451999-bdf8-4862-b869-6db57c35f0c1_mp4-0012_jpg.rf.eb1100bd06310fe3514c150cd2230f67_aug1.jpg,aug1,affine;hsv;gamma=1.00,3
07451999-bdf8-4862-b869-6db57c35f0c1_mp4-0012_jpg.rf.eb1100bd06310fe3514c150cd2230f67_aug2.jpg,aug2,hsv;gamma=0.87,3
07451999-bdf8-4862-b869-6db57c35f0c1_mp4-0012_jpg.rf.eb1100bd06310fe3514c150cd2230f67_aug3.jpg,aug3,dark;rain,3
07451999-bdf8-4862-b869-6db57c35f0c1_mp4-0017_jpg.rf.714181fa7f26e3dae2bb39c2a904145e.jpg,orig,,3
07451999-bdf8-4862-b869-6db57c35f0c1_mp4-0017_jpg.rf.714181fa7f26e3dae2bb39c2a904145e_aug1.jpg,aug1,affine;hsv;gamma=1.08,3
07451999-bdf8-4862-b869-6db57c35f0c1_mp4-0017_jpg.rf.714181fa7f26e3dae2bb39c2a904145e_aug2.jpg,aug2,hsv,3
07451999-bdf8-4862-b869-6db57c35f0c1_mp4-0017_jpg.rf.714181fa7f26e3dae2bb39c2a904145e_aug3.jpg,aug3,dark,3
07451999-bdf8-4862-b869-6db57c35f0c1_mp4-0033_jpg.rf.c0d23a60297d6770d3c9257144ab15f5.jpg,orig,,6
07451999-bdf8-4862-b869-6db57c35f0c1_mp4-0033_jpg.rf.c0d23a60297d6770d3c9257144ab15f5_aug1.jpg,aug1,hflip;affine;hsv,5
07451999-bdf8-4862-b869-6db57c35f0c1_mp4-0033_jpg.rf.c0d23a60297d6770d3c9257144ab15f5_aug2.jpg,aug2,hflip;affine;hsv;blur=0.95,5
07451999-bdf8-4862-b869-6db57c35f0c1_mp4-0033_jpg.rf.c0d23a60297d6770d3c9257144ab15f5_aug3.jpg,aug3,rain,6
0f964fdb-9fc1-4941-9c12-15445855221a-1-_mp4-0001_jpg.rf.de5ab1df497faceb447f20c65e2743c2.jpg,orig,,1
0f964fdb-9fc1-4941-9c12-15445855221a-1-_mp4-0001_jpg.rf.de5ab1df497faceb447f20c65e2743c2_aug1.jpg,aug1,blur=0.54,1
0f964fdb-9fc1-4941-9c12-15445855221a-1-_mp4-0001_jpg.rf.de5ab1df497faceb447f20c65e2743c2_aug2.jpg,aug2,hflip;affine,1
0f964fdb-9fc1-4941-9c12-15445855221a-1-_mp4-0001_jpg.rf.de5ab1df497faceb447f20c65e2743c2_aug3.jpg,aug3,dark,1
0f964fdb-9fc1-4941-9c12-15445855221a-1-_mp4-0009_jpg.rf.7ea1d39a283bdcb24a81064aef4c564e.jpg,orig,,2
0f964fdb-9fc1-4941-9c12-15445855221a-1-_mp4-0009_jpg.rf.7ea1d39a283bdcb24a81064aef4c564e_aug1.jpg,aug1,affine;hsv;gamma=1.02;clahe,2
0f964fdb-9fc1-4941-9c12-15445855221a-1-_mp4-0009_jpg.rf.7ea1d39a283bdcb24a81064aef4c564e_aug2.jpg,aug2,hsv,2
0f964fdb-9fc1-4941-9c12-15445855221a-1-_mp4-0009_jpg.rf.7ea1d39a283bdcb24a81064aef4c564e_aug3.jpg,aug3,dark;rain,2
0f964fdb-9fc1-4941-9c12-15445855221a-1-_mp4-0029_jpg.rf.582a573ac80ba5b377b10b29f7611b54.jpg,orig,,4
0f964fdb-9fc1-4941-9c12-15445855221a-1-_mp4-0029_jpg.rf.582a573ac80ba5b377b10b29f7611b54_aug1.jpg,aug1,hflip;affine;hsv;clahe;blur=0.29,4
0f964fdb-9fc1-4941-9c12-15445855221a-1-_mp4-0029_jpg.rf.582a573ac80ba5b377b10b29f7611b54_aug2.jpg,aug2,hflip;affine;hsv;gamma=0.98;clahe,4
0f964fdb-9fc1-4941-9c12-15445855221a-1-_mp4-0029_jpg.rf.582a573ac80ba5b377b10b29f7611b54_aug3.jpg,aug3,dark;rain,4
0f964fdb-9fc1-4941-9c12-15445855221a-1-_mp4-0041_jpg.rf.3aea14092995ac9d8deb0f3d1a34fdc4.jpg,orig,,4
0f964fdb-9fc1-4941-9c12-15445855221a-1-_mp4-0041_jpg.rf.3aea14092995ac9d8deb0f3d1a34fdc4_aug1.jpg,aug1,affine;gamma=1.22,4
0f964fdb-9fc1-4941-9c12-15445855221a-1-_mp4-0041_jpg.rf.3aea14092995ac9d8deb0f3d1a34fdc4_aug2.jpg,aug2,none,4
0f964fdb-9fc1-4941-9c12-15445855221a-1-_mp4-0041_jpg.rf.3aea14092995ac9d8deb0f3d1a34fdc4_aug3.jpg,aug3,dark,4
0f964fdb-9fc1-4941-9c12-15445855221a-1-_mp4-0049_jpg.rf.2f4e80d2679a1f65992653bf0d849bbd.jpg,orig,,4
0f964fdb-9fc1-4941-9c12-15445855221a-1-_mp4-0049_jpg.rf.2f4e80d2679a1f65992653bf0d849bbd_aug1.jpg,aug1,hsv,4
0f964fdb-9fc1-4941-9c12-15445855221a-1-_mp4-0049_jpg.rf.2f4e80d2679a1f65992653bf0d849bbd_aug2.jpg,aug2,hflip;affine,4
0f964fdb-9fc1-4941-9c12-15445855221a-1-_mp4-0049_jpg.rf.2f4e80d2679a1f65992653bf0d849bbd_aug3.jpg,aug3,dark,4
0f964fdb-9fc1-4941-9c12-15445855221a-1-_mp4-0065_jpg.rf.d2976b552ad02597cdf28fa3be9c053b.jpg,orig,,4
0f964fdb-9fc1-4941-9c12-15445855221a-1-_mp4-0065_jpg.rf.d2976b552ad02597cdf28fa3be9c053b_aug1.jpg,aug1,hflip;affine;gamma=1.24,4
0f964fdb-9fc1-4941-9c12-15445855221a-1-_mp4-0065_jpg.rf.d2976b552ad02597cdf28fa3be9c053b_aug2.jpg,aug2,hflip;hsv,4
0f964fdb-9fc1-4941-9c12-15445855221a-1-_mp4-0065_jpg.rf.d2976b552ad02597cdf28fa3be9c053b_aug3.jpg,aug3,dark;rain,4
0f964fdb-9fc1-4941-9c12-15445855221a-1-_mp4-0073_jpg.rf.040ab0203193f3f7c94dcac0d24177a6.jpg,orig,,4
0f964fdb-9fc1-4941-9c12-15445855221a-1-_mp4-0073_jpg.rf.040ab0203193f3f7c94dcac0d24177a6_aug1.jpg,aug1,hflip;affine,4
0f964fdb-9fc1-4941-9c12-15445855221a-1-_mp4-0073_jpg.rf.040ab0203193f3f7c94dcac0d24177a6_aug2.jpg,aug2,hflip;clahe;blur=0.64,4
0f964fdb-9fc1-4941-9c12-15445855221a-1-_mp4-0073_jpg.rf.040ab0203193f3f7c94dcac0d24177a6_aug3.jpg,aug3,dark,4
0f964fdb-9fc1-4941-9c12-15445855221a-1-_mp4-0079_jpg.rf.bd20f1e9f3c62a7bc143942d503a7ede.jpg,orig,,2
0f964fdb-9fc1-4941-9c12-15445855221a-1-_mp4-0079_jpg.rf.bd20f1e9f3c62a7bc143942d503a7ede_aug1.jpg,aug1,affine,2
0f964fdb-9fc1-4941-9c12-15445855221a-1-_mp4-0079_jpg.rf.bd20f1e9f3c62a7bc143942d503a7ede_aug2.jpg,aug2,hflip;hsv,2
0f964fdb-9fc1-4941-9c12-15445855221a-1-_mp4-0079_jpg.rf.bd20f1e9f3c62a7bc143942d503a7ede_aug3.jpg,aug3,dark,2
0f964fdb-9fc1-4941-9c12-15445855221a-1-_mp4-0084_jpg.rf.f1e1e1c541abe26aa23de352a593f084.jpg,orig,,3
0f964fdb-9fc1-4941-9c12-15445855221a-1-_mp4-0084_jpg.rf.f1e1e1c541abe26aa23de352a593f084_aug1.jpg,aug1,hflip;affine;hsv;blur=0.95,2
0f964fdb-9fc1-4941-9c12-15445855221a-1-_mp4-0084_jpg.rf.f1e1e1c541abe26aa23de352a593f084_aug2.jpg,aug2,hflip;gamma=0.85;clahe,3
0f964fdb-9fc1-4941-9c12-15445855221a-1-_mp4-0084_jpg.rf.f1e1e1c541abe26aa23de352a593f084_aug3.jpg,aug3,dark,3
0f964fdb-9fc1-4941-9c12-15445855221a-1-_mp4-0088_jpg.rf.1e49fbbe376c067e90b447e60a000101.jpg,orig,,3
0f964fdb-9fc1-4941-9c12-15445855221a-1-_mp4-0088_jpg.rf.1e49fbbe376c067e90b447e60a000101_aug1.jpg,aug1,hflip;affine;hsv;clahe,2
0f964fdb-9fc1-4941-9c12-15445855221a-1-_mp4-0088_jpg.rf.1e49fbbe376c067e90b447e60a000101_aug2.jpg,aug2,hflip;affine;hsv;gamma=0.89,3
0f964fdb-9fc1-4941-9c12-15445855221a-1-_mp4-0088_jpg.rf.1e49fbbe376c067e90b447e60a000101_aug3.jpg,aug3,dark,3
1991989f-1bf5-4e50-89bb-7301b220ac01_mp4-0002_jpg.rf.82e1911dbb9b55c22b40c2e273d916dd.jpg,orig,,5
1991989f-1bf5-4e50-89bb-7301b220ac01_mp4-0002_jpg.rf.82e1911dbb9b55c22b40c2e273d916dd_aug1.jpg,aug1,affine;clahe,5
1991989f-1bf5-4e50-89bb-7301b220ac01_mp4-0002_jpg.rf.82e1911dbb9b55c22b40c2e273d916dd_aug2.jpg,aug2,hflip;affine;hsv,4
1991989f-1bf5-4e50-89bb-7301b220ac01_mp4-0002_jpg.rf.82e1911dbb9b55c22b40c2e273d916dd_aug3.jpg,aug3,rain,5
1991989f-1bf5-4e50-89bb-7301b220ac01_mp4-0013_jpg.rf.51e65a59b6ed30f985b1bed382fa6471.jpg,orig,,6
1991989f-1bf5-4e50-89bb-7301b220ac01_mp4-0013_jpg.rf.51e65a59b6ed30f985b1bed382fa6471_aug1.jpg,aug1,affine;hsv;gamma=1.00;clahe,6
1991989f-1bf5-4e50-89bb-7301b220ac01_mp4-0013_jpg.rf.51e65a59b6ed30f985b1bed382fa6471_aug2.jpg,aug2,affine;hsv;clahe,6
1991989f-1bf5-4e50-89bb-7301b220ac01_mp4-0013_jpg.rf.51e65a59b6ed30f985b1bed382fa6471_aug3.jpg,aug3,dark,6
1991989f-1bf5-4e50-89bb-7301b220ac01_mp4-0031_jpg.rf.1476bb480bd299b63cb3fb1aa9c3ae0e.jpg,orig,,4
1991989f-1bf5-4e50-89bb-7301b220ac01_mp4-0031_jpg.rf.1476bb480bd299b63cb3fb1aa9c3ae0e_aug1.jpg,aug1,hsv;blur=0.31,4
1991989f-1bf5-4e50-89bb-7301b220ac01_mp4-0031_jpg.rf.1476bb480bd299b63cb3fb1aa9c3ae0e_aug2.jpg,aug2,affine;gamma=0.87,4
1991989f-1bf5-4e50-89bb-7301b220ac01_mp4-0031_jpg.rf.1476bb480bd299b63cb3fb1aa9c3ae0e_aug3.jpg,aug3,dark;rain,4
1991989f-1bf5-4e50-89bb-7301b220ac01_mp4-0038_jpg.rf.b9a9391e123d9f346bba665fdc1676e0.jpg,orig,,3
1991989f-1bf5-4e50-89bb-7301b220ac01_mp4-0038_jpg.rf.b9a9391e123d9f346bba665fdc1676e0_aug1.jpg,aug1,hsv;blur=0.94,3
1991989f-1bf5-4e50-89bb-7301b220ac01_mp4-0038_jpg.rf.b9a9391e123d9f346bba665fdc1676e0_aug2.jpg,aug2,affine;hsv;gamma=1.00,3
1991989f-1bf5-4e50-89bb-7301b220ac01_mp4-0038_jpg.rf.b9a9391e123d9f346bba665fdc1676e0_aug3.jpg,aug3,dark;rain,3
1991989f-1bf5-4e50-89bb-7301b220ac01_mp4-0039_jpg.rf.4a7b8804ee757047cc776723f62ba63d.jpg,orig,,4
1991989f-1bf5-4e50-89bb-7301b220ac01_mp4-0039_jpg.rf.4a7b8804ee757047cc776723f62ba63d_aug1.jpg,aug1,affine;hsv;gamma=0.96;blur=0.39,4
1991989f-1bf5-4e50-89bb-7301b220ac01_mp4-0039_jpg.rf.4a7b8804ee757047cc776723f62ba63d_aug2.jpg,aug2,affine;gamma=1.00;clahe,4
1991989f-1bf5-4e50-89bb-7301b220ac01_mp4-0039_jpg.rf.4a7b8804ee757047cc776723f62ba63d_aug3.jpg,aug3,rain,4
1991989f-1bf5-4e50-89bb-7301b220ac01_mp4-0049_jpg.rf.b3b6af0bfc53ac6d0f591b691f253b25.jpg,orig,,4
1991989f-1bf5-4e50-89bb-7301b220ac01_mp4-0049_jpg.rf.b3b6af0bfc53ac6d0f591b691f253b25_aug1.jpg,aug1,affine,3
1991989f-1bf5-4e50-89bb-7301b220ac01_mp4-0049_jpg.rf.b3b6af0bfc53ac6d0f591b691f253b25_aug2.jpg,aug2,affine,2
1991989f-1bf5-4e50-89bb-7301b220ac01_mp4-0049_jpg.rf.b3b6af0bfc53ac6d0f591b691f253b25_aug3.jpg,aug3,dark;rain,4
1991989f-1bf5-4e50-89bb-7301b220ac01_mp4-0050_jpg.rf.c235a7202a0c66815098f36c7a427810.jpg,orig,,5
1991989f-1bf5-4e50-89bb-7301b220ac01_mp4-0050_jpg.rf.c235a7202a0c66815098f36c7a427810_aug1.jpg,aug1,affine;hsv;clahe,5
1991989f-1bf5-4e50-89bb-7301b220ac01_mp4-0050_jpg.rf.c235a7202a0c66815098f36c7a427810_aug2.jpg,aug2,hsv;gamma=1.08;blur=0.50,5
1991989f-1bf5-4e50-89bb-7301b220ac01_mp4-0050_jpg.rf.c235a7202a0c66815098f36c7a427810_aug3.jpg,aug3,dark;rain,5
1991989f-1bf5-4e50-89bb-7301b220ac01_mp4-0055_jpg.rf.de338a9fae664af65e77dccfceb4061c.jpg,orig,,4
1991989f-1bf5-4e50-89bb-7301b220ac01_mp4-0055_jpg.rf.de338a9fae664af65e77dccfceb4061c_aug1.jpg,aug1,affine;hsv,4
1991989f-1bf5-4e50-89bb-7301b220ac01_mp4-0055_jpg.rf.de338a9fae664af65e77dccfceb4061c_aug2.jpg,aug2,hflip;affine,4
1991989f-1bf5-4e50-89bb-7301b220ac01_mp4-0055_jpg.rf.de338a9fae664af65e77dccfceb4061c_aug3.jpg,aug3,dark;rain,4
2be0c9f6-caf7-4f26-9b59-b1299865a721_mp4-0006_jpg.rf.eed26d363d7e538380101f06a3d42064.jpg,orig,,6
2be0c9f6-caf7-4f26-9b59-b1299865a721_mp4-0006_jpg.rf.eed26d363d7e538380101f06a3d42064_aug1.jpg,aug1,affine;hsv;gamma=0.84,6
2be0c9f6-caf7-4f26-9b59-b1299865a721_mp4-0006_jpg.rf.eed26d363d7e538380101f06a3d42064_aug2.jpg,aug2,affine;gamma=1.22,6
2be0c9f6-caf7-4f26-9b59-b1299865a721_mp4-0006_jpg.rf.eed26d363d7e538380101f06a3d42064_aug3.jpg,aug3,dark;rain,6
2be0c9f6-caf7-4f26-9b59-b1299865a721_mp4-0009_jpg.rf.1b73b605ec5e04eda0ab6a1e0113274f.jpg,orig,,5
2be0c9f6-caf7-4f26-9b59-b1299865a721_mp4-0009_jpg.rf.1b73b605ec5e04eda0ab6a1e0113274f_aug1.jpg,aug1,hflip;clahe;blur=0.32,5
2be0c9f6-caf7-4f26-9b59-b1299865a721_mp4-0009_jpg.rf.1b73b605ec5e04eda0ab6a1e0113274f_aug2.jpg,aug2,affine;gamma=1.06;clahe,4
2be0c9f6-caf7-4f26-9b59-b1299865a721_mp4-0009_jpg.rf.1b73b605ec5e04eda0ab6a1e0113274f_aug3.jpg,aug3,dark;rain,5
2be0c9f6-caf7-4f26-9b59-b1299865a721_mp4-0021_jpg.rf.6e815a577f56e9fd7b3a646f4e66113d.jpg,orig,,4
2be0c9f6-caf7-4f26-9b59-b1299865a721_mp4-0021_jpg.rf.6e815a577f56e9fd7b3a646f4e66113d_aug1.jpg,aug1,hsv;blur=0.56,4
2be0c9f6-caf7-4f26-9b59-b1299865a721_mp4-0021_jpg.rf.6e815a577f56e9fd7b3a646f4e66113d_aug2.jpg,aug2,hflip;hsv;clahe,4
2be0c9f6-caf7-4f26-9b59-b1299865a721_mp4-0021_jpg.rf.6e815a577f56e9fd7b3a646f4e66113d_aug3.jpg,aug3,dark;rain,4
2be0c9f6-caf7-4f26-9b59-b1299865a721_mp4-0030_jpg.rf.18843a69f3721b391c0812879955d9b5.jpg,orig,,5
2be0c9f6-caf7-4f26-9b59-b1299865a721_mp4-0030_jpg.rf.18843a69f3721b391c0812879955d9b5_aug1.jpg,aug1,hflip;hsv;clahe,5
2be0c9f6-caf7-4f26-9b59-b1299865a721_mp4-0030_jpg.rf.18843a69f3721b391c0812879955d9b5_aug2.jpg,aug2,hflip;affine;hsv;clahe,5
2be0c9f6-caf7-4f26-9b59-b1299865a721_mp4-0030_jpg.rf.18843a69f3721b391c0812879955d9b5_aug3.jpg,aug3,dark;rain,5
2be0c9f6-caf7-4f26-9b59-b1299865a721_mp4-0044_jpg.rf.6fce199b4e42e4195efb174cf540c2ac.jpg,orig,,5
2be0c9f6-caf7-4f26-9b59-b1299865a721_mp4-0044_jpg.rf.6fce199b4e42e4195efb174cf540c2ac_aug1.jpg,aug1,gamma=1.13,5
2be0c9f6-caf7-4f26-9b59-b1299865a721_mp4-0044_jpg.rf.6fce199b4e42e4195efb174cf540c2ac_aug2.jpg,aug2,hflip;hsv,5
2be0c9f6-caf7-4f26-9b59-b1299865a721_mp4-0044_jpg.rf.6fce199b4e42e4195efb174cf540c2ac_aug3.jpg,aug3,dark,5
2be0c9f6-caf7-4f26-9b59-b1299865a721_mp4-0044_jpg.rf.f74c06804c1fe5f02496cda6128a31e4.jpg,orig,,4
2be0c9f6-caf7-4f26-9b59-b1299865a721_mp4-0044_jpg.rf.f74c06804c1fe5f02496cda6128a31e4_aug1.jpg,aug1,affine,4
2be0c9f6-caf7-4f26-9b59-b1299865a721_mp4-0044_jpg.rf.f74c06804c1fe5f02496cda6128a31e4_aug2.jpg,aug2,none,4
2be0c9f6-caf7-4f26-9b59-b1299865a721_mp4-0044_jpg.rf.f74c06804c1fe5f02496cda6128a31e4_aug3.jpg,aug3,dark;rain,4
2be0c9f6-caf7-4f26-9b59-b1299865a721_mp4-0045_jpg.rf.90a5f18554c0d344ae525c1d014a2c7a.jpg,orig,,4
2be0c9f6-caf7-4f26-9b59-b1299865a721_mp4-0045_jpg.rf.90a5f18554c0d344ae525c1d014a2c7a_aug1.jpg,aug1,hflip;affine,4
2be0c9f6-caf7-4f26-9b59-b1299865a721_mp4-0045_jpg.rf.90a5f18554c0d344ae525c1d014a2c7a_aug2.jpg,aug2,affine;hsv;clahe,4
2be0c9f6-caf7-4f26-9b59-b1299865a721_mp4-0045_jpg.rf.90a5f18554c0d344ae525c1d014a2c7a_aug3.jpg,aug3,rain,4
2be0c9f6-caf7-4f26-9b59-b1299865a721_mp4-0063_jpg.rf.9c3c666f4d8f3595f0afeef14fcde790.jpg,orig,,4
2be0c9f6-caf7-4f26-9b59-b1299865a721_mp4-0063_jpg.rf.9c3c666f4d8f3595f0afeef14fcde790_aug1.jpg,aug1,hflip;affine;hsv,4
2be0c9f6-caf7-4f26-9b59-b1299865a721_mp4-0063_jpg.rf.9c3c666f4d8f3595f0afeef14fcde790_aug2.jpg,aug2,hflip;affine;hsv,4
2be0c9f6-caf7-4f26-9b59-b1299865a721_mp4-0063_jpg.rf.9c3c666f4d8f3595f0afeef14fcde790_aug3.jpg,aug3,dark,4
2be0c9f6-caf7-4f26-9b59-b1299865a721_mp4-0070_jpg.rf.0f68dd5e4d73d63d6a123674f982a04f.jpg,orig,,4
2be0c9f6-caf7-4f26-9b59-b1299865a721_mp4-0070_jpg.rf.0f68dd5e4d73d63d6a123674f982a04f_aug1.jpg,aug1,hflip;clahe,4
2be0c9f6-caf7-4f26-9b59-b1299865a721_mp4-0070_jpg.rf.0f68dd5e4d73d63d6a123674f982a04f_aug2.jpg,aug2,affine;hsv;gamma=1.24,4
2be0c9f6-caf7-4f26-9b59-b1299865a721_mp4-0070_jpg.rf.0f68dd5e4d73d63d6a123674f982a04f_aug3.jpg,aug3,dark,4
2be0c9f6-caf7-4f26-9b59-b1299865a721_mp4-0070_jpg.rf.9eaa43c1462336e78cad3ce10b1dd713.jpg,orig,,5
2be0c9f6-caf7-4f26-9b59-b1299865a721_mp4-0070_jpg.rf.9eaa43c1462336e78cad3ce10b1dd713_aug1.jpg,aug1,hflip;affine;hsv;gamma=1.11,5
2be0c9f6-caf7-4f26-9b59-b1299865a721_mp4-0070_jpg.rf.9eaa43c1462336e78cad3ce10b1dd713_aug2.jpg,aug2,clahe,5
2be0c9f6-caf7-4f26-9b59-b1299865a721_mp4-0070_jpg.rf.9eaa43c1462336e78cad3ce10b1dd713_aug3.jpg,aug3,dark,5
2be0c9f6-caf7-4f26-9b59-b1299865a721_mp4-0071_jpg.rf.7dd30c3d62687683d3348028f45a5686.jpg,orig,,8
2be0c9f6-caf7-4f26-9b59-b1299865a721_mp4-0071_jpg.rf.7dd30c3d62687683d3348028f45a5686_aug1.jpg,aug1,hsv;gamma=1.00,8
2be0c9f6-caf7-4f26-9b59-b1299865a721_mp4-0071_jpg.rf.7dd30c3d62687683d3348028f45a5686_aug2.jpg,aug2,affine;hsv,7
2be0c9f6-caf7-4f26-9b59-b1299865a721_mp4-0071_jpg.rf.7dd30c3d62687683d3348028f45a5686_aug3.jpg,aug3,dark;rain,8
2be0c9f6-caf7-4f26-9b59-b1299865a721_mp4-0077_jpg.rf.d9e774746ceecd84835688eccb8151ff.jpg,orig,,4
2be0c9f6-caf7-4f26-9b59-b1299865a721_mp4-0077_jpg.rf.d9e774746ceecd84835688eccb8151ff_aug1.jpg,aug1,hflip;affine;hsv,4
2be0c9f6-caf7-4f26-9b59-b1299865a721_mp4-0077_jpg.rf.d9e774746ceecd84835688eccb8151ff_aug2.jpg,aug2,hflip;affine,4
2be0c9f6-caf7-4f26-9b59-b1299865a721_mp4-0077_jpg.rf.d9e774746ceecd84835688eccb8151ff_aug3.jpg,aug3,dark,4
2be0c9f6-caf7-4f26-9b59-b1299865a721_mp4-0081_jpg.rf.34764242ad00e363e0e551139b76b478.jpg,orig,,3
2be0c9f6-caf7-4f26-9b59-b1299865a721_mp4-0081_jpg.rf.34764242ad00e363e0e551139b76b478_aug1.jpg,aug1,affine,3
2be0c9f6-caf7-4f26-9b59-b1299865a721_mp4-0081_jpg.rf.34764242ad00e363e0e551139b76b478_aug2.jpg,aug2,hflip,3
2be0c9f6-caf7-4f26-9b59-b1299865a721_mp4-0081_jpg.rf.34764242ad00e363e0e551139b76b478_aug3.jpg,aug3,dark,3
2be0c9f6-caf7-4f26-9b59-b1299865a721_mp4-0088_jpg.rf.81776000fa90076afa0d84c5a8cfee32.jpg,orig,,4
2be0c9f6-caf7-4f26-9b59-b1299865a721_mp4-0088_jpg.rf.81776000fa90076afa0d84c5a8cfee32_aug1.jpg,aug1,hflip;affine;gamma=1.13;clahe,4
2be0c9f6-caf7-4f26-9b59-b1299865a721_mp4-0088_jpg.rf.81776000fa90076afa0d84c5a8cfee32_aug2.jpg,aug2,hflip;hsv;gamma=0.80,4
2be0c9f6-caf7-4f26-9b59-b1299865a721_mp4-0088_jpg.rf.81776000fa90076afa0d84c5a8cfee32_aug3.jpg,aug3,rain,4
2be0c9f6-caf7-4f26-9b59-b1299865a721_mp4-0089_jpg.rf.3b8fbae1488077da0d432ca045023214.jpg,orig,,3
2be0c9f6-caf7-4f26-9b59-b1299865a721_mp4-0089_jpg.rf.3b8fbae1488077da0d432ca045023214_aug1.jpg,aug1,hflip;affine,3
2be0c9f6-caf7-4f26-9b59-b1299865a721_mp4-0089_jpg.rf.3b8fbae1488077da0d432ca045023214_aug2.jpg,aug2,clahe,3
2be0c9f6-caf7-4f26-9b59-b1299865a721_mp4-0089_jpg.rf.3b8fbae1488077da0d432ca045023214_aug3.jpg,aug3,dark,3
2be0c9f6-caf7-4f26-9b59-b1299865a721_mp4-0090_jpg.rf.1046df6d5d50b20f585b08c13356bb0c.jpg,orig,,6
2be0c9f6-caf7-4f26-9b59-b1299865a721_mp4-0090_jpg.rf.1046df6d5d50b20f585b08c13356bb0c_aug1.jpg,aug1,affine,5
2be0c9f6-caf7-4f26-9b59-b1299865a721_mp4-0090_jpg.rf.1046df6d5d50b20f585b08c13356bb0c_aug2.jpg,aug2,hflip;hsv,6
2be0c9f6-caf7-4f26-9b59-b1299865a721_mp4-0090_jpg.rf.1046df6d5d50b20f585b08c13356bb0c_aug3.jpg,aug3,dark,6
2be0c9f6-caf7-4f26-9b59-b1299865a721_mp4-0096_jpg.rf.d67fa1455743874bbe95d48d9f58596d.jpg,orig,,5
2be0c9f6-caf7-4f26-9b59-b1299865a721_mp4-0096_jpg.rf.d67fa1455743874bbe95d48d9f58596d_aug1.jpg,aug1,hsv;blur=0.88,5
2be0c9f6-caf7-4f26-9b59-b1299865a721_mp4-0096_jpg.rf.d67fa1455743874bbe95d48d9f58596d_aug2.jpg,aug2,affine;hsv;gamma=0.93,5
2be0c9f6-caf7-4f26-9b59-b1299865a721_mp4-0096_jpg.rf.d67fa1455743874bbe95d48d9f58596d_aug3.jpg,aug3,rain,5
2be0c9f6-caf7-4f26-9b59-b1299865a721_mp4-0106_jpg.rf.fc54222f09aa4c61654b1d8bef0efa74.jpg,orig,,4
2be0c9f6-caf7-4f26-9b59-b1299865a721_mp4-0106_jpg.rf.fc54222f09aa4c61654b1d8bef0efa74_aug1.jpg,aug1,hsv,4
2be0c9f6-caf7-4f26-9b59-b1299865a721_mp4-0106_jpg.rf.fc54222f09aa4c61654b1d8bef0efa74_aug2.jpg,aug2,hsv,4
2be0c9f6-caf7-4f26-9b59-b1299865a721_mp4-0106_jpg.rf.fc54222f09aa4c61654b1d8bef0efa74_aug3.jpg,aug3,dark,4
2be0c9f6-caf7-4f26-9b59-b1299865a721_mp4-0110_jpg.rf.752f537da012d130cdb0b3cad0435141.jpg,orig,,4
2be0c9f6-caf7-4f26-9b59-b1299865a721_mp4-0110_jpg.rf.752f537da012d130cdb0b3cad0435141_aug1.jpg,aug1,hflip,4
2be0c9f6-caf7-4f26-9b59-b1299865a721_mp4-0110_jpg.rf.752f537da012d130cdb0b3cad0435141_aug2.jpg,aug2,hflip;hsv;gamma=0.82,4
2be0c9f6-caf7-4f26-9b59-b1299865a721_mp4-0110_jpg.rf.752f537da012d130cdb0b3cad0435141_aug3.jpg,aug3,dark;rain,4
2be0c9f6-caf7-4f26-9b59-b1299865a721_mp4-0112_jpg.rf.9edc2f9161fdcf95108b9b44dfab8536.jpg,orig,,3
2be0c9f6-caf7-4f26-9b59-b1299865a721_mp4-0112_jpg.rf.9edc2f9161fdcf95108b9b44dfab8536_aug1.jpg,aug1,affine;gamma=1.23;blur=0.11,3
2be0c9f6-caf7-4f26-9b59-b1299865a721_mp4-0112_jpg.rf.9edc2f9161fdcf95108b9b44dfab8536_aug2.jpg,aug2,hflip,3
2be0c9f6-caf7-4f26-9b59-b1299865a721_mp4-0112_jpg.rf.9edc2f9161fdcf95108b9b44dfab8536_aug3.jpg,aug3,dark,3
2be0c9f6-caf7-4f26-9b59-b1299865a721_mp4-0114_jpg.rf.244c780e6a2be4d04cc501bee71ca01c.jpg,orig,,3
2be0c9f6-caf7-4f26-9b59-b1299865a721_mp4-0114_jpg.rf.244c780e6a2be4d04cc501bee71ca01c_aug1.jpg,aug1,hsv,3
2be0c9f6-caf7-4f26-9b59-b1299865a721_mp4-0114_jpg.rf.244c780e6a2be4d04cc501bee71ca01c_aug2.jpg,aug2,affine;hsv,3
2be0c9f6-caf7-4f26-9b59-b1299865a721_mp4-0114_jpg.rf.244c780e6a2be4d04cc501bee71ca01c_aug3.jpg,aug3,rain,3
2be0c9f6-caf7-4f26-9b59-b1299865a721_mp4-0115_jpg.rf.9a70015509a827e7edfa089132bf0021.jpg,orig,,4
2be0c9f6-caf7-4f26-9b59-b1299865a721_mp4-0115_jpg.rf.9a70015509a827e7edfa089132bf0021_aug1.jpg,aug1,hflip;affine;gamma=0.87,4
2be0c9f6-caf7-4f26-9b59-b1299865a721_mp4-0115_jpg.rf.9a70015509a827e7edfa089132bf0021_aug2.jpg,aug2,hsv,4
2be0c9f6-caf7-4f26-9b59-b1299865a721_mp4-0115_jpg.rf.9a70015509a827e7edfa089132bf0021_aug3.jpg,aug3,dark;rain,4
2be0c9f6-caf7-4f26-9b59-b1299865a721_mp4-0122_jpg.rf.cd47826807820092f0ab3211e8511009.jpg,orig,,5
2be0c9f6-caf7-4f26-9b59-b1299865a721_mp4-0122_jpg.rf.cd47826807820092f0ab3211e8511009_aug1.jpg,aug1,hflip;hsv,5
2be0c9f6-caf7-4f26-9b59-b1299865a721_mp4-0122_jpg.rf.cd47826807820092f0ab3211e8511009_aug2.jpg,aug2,hflip;affine;hsv,5
2be0c9f6-caf7-4f26-9b59-b1299865a721_mp4-0122_jpg.rf.cd47826807820092f0ab3211e8511009_aug3.jpg,aug3,dark;rain,5
2be0c9f6-caf7-4f26-9b59-b1299865a721_mp4-0125_jpg.rf.8268885026f94202c84f7d7c11ff5d18.jpg,orig,,3
2be0c9f6-caf7-4f26-9b59-b1299865a721_mp4-0125_jpg.rf.8268885026f94202c84f7d7c11ff5d18_aug1.jpg,aug1,affine;hsv;gamma=1.20,3
2be0c9f6-caf7-4f26-9b59-b1299865a721_mp4-0125_jpg.rf.8268885026f94202c84f7d7c11ff5d18_aug2.jpg,aug2,hflip;hsv;gamma=0.97;clahe,3
2be0c9f6-caf7-4f26-9b59-b1299865a721_mp4-0125_jpg.rf.8268885026f94202c84f7d7c11ff5d18_aug3.jpg,aug3,dark;rain,3
2be0c9f6-caf7-4f26-9b59-b1299865a721_mp4-0134_jpg.rf.b5bf10d6c202bfa00fcafad657f4b067.jpg,orig,,3
2be0c9f6-caf7-4f26-9b59-b1299865a721_mp4-0134_jpg.rf.b5bf10d6c202bfa00fcafad657f4b067_aug1.jpg,aug1,hflip;affine;blur=0.43,3
2be0c9f6-caf7-4f26-9b59-b1299865a721_mp4-0134_jpg.rf.b5bf10d6c202bfa00fcafad657f4b067_aug2.jpg,aug2,affine;hsv,3
2be0c9f6-caf7-4f26-9b59-b1299865a721_mp4-0134_jpg.rf.b5bf10d6c202bfa00fcafad657f4b067_aug3.jpg,aug3,dark,3
2be0c9f6-caf7-4f26-9b59-b1299865a721_mp4-0136_jpg.rf.fd3cd7025cec390f1503954f3aeccfb6.jpg,orig,,5
2be0c9f6-caf7-4f26-9b59-b1299865a721_mp4-0136_jpg.rf.fd3cd7025cec390f1503954f3aeccfb6_aug1.jpg,aug1,hflip,5
2be0c9f6-caf7-4f26-9b59-b1299865a721_mp4-0136_jpg.rf.fd3cd7025cec390f1503954f3aeccfb6_aug2.jpg,aug2,hflip;affine;blur=0.64,5
2be0c9f6-caf7-4f26-9b59-b1299865a721_mp4-0136_jpg.rf.fd3cd7025cec390f1503954f3aeccfb6_aug3.jpg,aug3,dark,5
2be0c9f6-caf7-4f26-9b59-b1299865a721_mp4-0146_jpg.rf.ecfe1d7b543059c860a801a9091f30a7.jpg,orig,,3
2be0c9f6-caf7-4f26-9b59-b1299865a721_mp4-0146_jpg.rf.ecfe1d7b543059c860a801a9091f30a7_aug1.jpg,aug1,hflip;hsv;clahe,3
2be0c9f6-caf7-4f26-9b59-b1299865a721_mp4-0146_jpg.rf.ecfe1d7b543059c860a801a9091f30a7_aug2.jpg,aug2,affine,3
2be0c9f6-caf7-4f26-9b59-b1299865a721_mp4-0146_jpg.rf.ecfe1d7b543059c860a801a9091f30a7_aug3.jpg,aug3,dark,3
2be0c9f6-caf7-4f26-9b59-b1299865a721_mp4-0151_jpg.rf.1ce93f52c31210250167d1ff95e61225.jpg,orig,,3
2be0c9f6-caf7-4f26-9b59-b1299865a721_mp4-0151_jpg.rf.1ce93f52c31210250167d1ff95e61225_aug1.jpg,aug1,affine;hsv;clahe,3
2be0c9f6-caf7-4f26-9b59-b1299865a721_mp4-0151_jpg.rf.1ce93f52c31210250167d1ff95e61225_aug2.jpg,aug2,none,3
2be0c9f6-caf7-4f26-9b59-b1299865a721_mp4-0151_jpg.rf.1ce93f52c31210250167d1ff95e61225_aug3.jpg,aug3,dark,3
2be0c9f6-caf7-4f26-9b59-b1299865a721_mp4-0158_jpg.rf.d938238d2f26027798448f115da3cada.jpg,orig,,4
2be0c9f6-caf7-4f26-9b59-b1299865a721_mp4-0158_jpg.rf.d938238d2f26027798448f115da3cada_aug1.jpg,aug1,hflip;blur=0.46,4
2be0c9f6-caf7-4f26-9b59-b1299865a721_mp4-0158_jpg.rf.d938238d2f26027798448f115da3cada_aug2.jpg,aug2,gamma=1.22;clahe,4
2be0c9f6-caf7-4f26-9b59-b1299865a721_mp4-0158_jpg.rf.d938238d2f26027798448f115da3cada_aug3.jpg,aug3,rain,4
2be0c9f6-caf7-4f26-9b59-b1299865a721_mp4-0160_jpg.rf.3c4d29a2c896f7463b3c9e7edb6973ad.jpg,orig,,3
2be0c9f6-caf7-4f26-9b59-b1299865a721_mp4-0160_jpg.rf.3c4d29a2c896f7463b3c9e7edb6973ad_aug1.jpg,aug1,hflip,3
2be0c9f6-caf7-4f26-9b59-b1299865a721_mp4-0160_jpg.rf.3c4d29a2c896f7463b3c9e7edb6973ad_aug2.jpg,aug2,hflip;affine;gamma=1.09,3
2be0c9f6-caf7-4f26-9b59-b1299865a721_mp4-0160_jpg.rf.3c4d29a2c896f7463b3c9e7edb6973ad_aug3.jpg,aug3,rain,3
2be0c9f6-caf7-4f26-9b59-b1299865a721_mp4-0163_jpg.rf.5ace51d288b978ea59e6993a2e128b0f.jpg,orig,,3
2be0c9f6-caf7-4f26-9b59-b1299865a721_mp4-0163_jpg.rf.5ace51d288b978ea59e6993a2e128b0f_aug1.jpg,aug1,affine;gamma=1.16,3
2be0c9f6-caf7-4f26-9b59-b1299865a721_mp4-0163_jpg.rf.5ace51d288b978ea59e6993a2e128b0f_aug2.jpg,aug2,hflip;affine,3
2be0c9f6-caf7-4f26-9b59-b1299865a721_mp4-0163_jpg.rf.5ace51d288b978ea59e6993a2e128b0f_aug3.jpg,aug3,rain,3
2be0c9f6-caf7-4f26-9b59-b1299865a721_mp4-0165_jpg.rf.fab9c24be3d44c483f8c920ec1a7e7a7.jpg,orig,,3
2be0c9f6-caf7-4f26-9b59-b1299865a721_mp4-0165_jpg.rf.fab9c24be3d44c483f8c920ec1a7e7a7_aug1.jpg,aug1,hflip;affine;gamma=0.82,3
2be0c9f6-caf7-4f26-9b59-b1299865a721_mp4-0165_jpg.rf.fab9c24be3d44c483f8c920ec1a7e7a7_aug2.jpg,aug2,hflip;affine;hsv,3
2be0c9f6-caf7-4f26-9b59-b1299865a721_mp4-0165_jpg.rf.fab9c24be3d44c483f8c920ec1a7e7a7_aug3.jpg,aug3,dark,3
4a7f29af-8d1c-4a3b-90e6-b9cf771fd1c2_mp4-0017_jpg.rf.6949525a7b94d4850eef9dfb4f1139e9.jpg,orig,,3
4a7f29af-8d1c-4a3b-90e6-b9cf771fd1c2_mp4-0017_jpg.rf.6949525a7b94d4850eef9dfb4f1139e9_aug1.jpg,aug1,hflip;affine;hsv,3
4a7f29af-8d1c-4a3b-90e6-b9cf771fd1c2_mp4-0017_jpg.rf.6949525a7b94d4850eef9dfb4f1139e9_aug2.jpg,aug2,hflip;affine,3
4a7f29af-8d1c-4a3b-90e6-b9cf771fd1c2_mp4-0017_jpg.rf.6949525a7b94d4850eef9dfb4f1139e9_aug3.jpg,aug3,dark;rain,3
4a7f29af-8d1c-4a3b-90e6-b9cf771fd1c2_mp4-0030_jpg.rf.c3f9138f4fcd6613d404bd66ca7e0d87.jpg,orig,,3
4a7f29af-8d1c-4a3b-90e6-b9cf771fd1c2_mp4-0030_jpg.rf.c3f9138f4fcd6613d404bd66ca7e0d87_aug1.jpg,aug1,hsv,3
4a7f29af-8d1c-4a3b-90e6-b9cf771fd1c2_mp4-0030_jpg.rf.c3f9138f4fcd6613d404bd66ca7e0d87_aug2.jpg,aug2,hsv;gamma=0.89,3
4a7f29af-8d1c-4a3b-90e6-b9cf771fd1c2_mp4-0030_jpg.rf.c3f9138f4fcd6613d404bd66ca7e0d87_aug3.jpg,aug3,dark;rain,3
4a7f29af-8d1c-4a3b-90e6-b9cf771fd1c2_mp4-0043_jpg.rf.9621e3b8ceeda3b631a2553475cb2f78.jpg,orig,,3
4a7f29af-8d1c-4a3b-90e6-b9cf771fd1c2_mp4-0043_jpg.rf.9621e3b8ceeda3b631a2553475cb2f78_aug1.jpg,aug1,hflip;hsv;gamma=1.08;clahe,3
4a7f29af-8d1c-4a3b-90e6-b9cf771fd1c2_mp4-0043_jpg.rf.9621e3b8ceeda3b631a2553475cb2f78_aug2.jpg,aug2,affine;gamma=0.98,3
4a7f29af-8d1c-4a3b-90e6-b9cf771fd1c2_mp4-0043_jpg.rf.9621e3b8ceeda3b631a2553475cb2f78_aug3.jpg,aug3,rain,3
5d81688a-7f52-42a4-b81d-822c2d2319a3_mp4-0009_jpg.rf.47d742eeb6c80beb5bb82b8c89e47d37.jpg,orig,,3
5d81688a-7f52-42a4-b81d-822c2d2319a3_mp4-0009_jpg.rf.47d742eeb6c80beb5bb82b8c89e47d37_aug1.jpg,aug1,hflip;affine,3
5d81688a-7f52-42a4-b81d-822c2d2319a3_mp4-0009_jpg.rf.47d742eeb6c80beb5bb82b8c89e47d37_aug2.jpg,aug2,hflip,3
5d81688a-7f52-42a4-b81d-822c2d2319a3_mp4-0009_jpg.rf.47d742eeb6c80beb5bb82b8c89e47d37_aug3.jpg,aug3,rain,3
5d81688a-7f52-42a4-b81d-822c2d2319a3_mp4-0018_jpg.rf.c159b8ba08b53f2b733af84175c1d648.jpg,orig,,2
5d81688a-7f52-42a4-b81d-822c2d2319a3_mp4-0018_jpg.rf.c159b8ba08b53f2b733af84175c1d648_aug1.jpg,aug1,affine;hsv;gamma=0.80;clahe,2
5d81688a-7f52-42a4-b81d-822c2d2319a3_mp4-0018_jpg.rf.c159b8ba08b53f2b733af84175c1d648_aug2.jpg,aug2,hflip;affine;hsv;gamma=1.08,2
5d81688a-7f52-42a4-b81d-822c2d2319a3_mp4-0018_jpg.rf.c159b8ba08b53f2b733af84175c1d648_aug3.jpg,aug3,dark,2
6f40fbbd-891e-434b-a1ec-365668a5ae66_mp4-0015_jpg.rf.590e6edff3a6cf4e53be3c8781dcfeff.jpg,orig,,2
6f40fbbd-891e-434b-a1ec-365668a5ae66_mp4-0015_jpg.rf.590e6edff3a6cf4e53be3c8781dcfeff_aug1.jpg,aug1,blur=1.13,2
6f40fbbd-891e-434b-a1ec-365668a5ae66_mp4-0015_jpg.rf.590e6edff3a6cf4e53be3c8781dcfeff_aug2.jpg,aug2,hflip;affine;hsv,2
6f40fbbd-891e-434b-a1ec-365668a5ae66_mp4-0015_jpg.rf.590e6edff3a6cf4e53be3c8781dcfeff_aug3.jpg,aug3,rain,2
6f40fbbd-891e-434b-a1ec-365668a5ae66_mp4-0022_jpg.rf.8bbe778b2bb78a372fc596c90ac46ed3.jpg,orig,,2
6f40fbbd-891e-434b-a1ec-365668a5ae66_mp4-0022_jpg.rf.8bbe778b2bb78a372fc596c90ac46ed3_aug1.jpg,aug1,hsv;gamma=0.81,2
6f40fbbd-891e-434b-a1ec-365668a5ae66_mp4-0022_jpg.rf.8bbe778b2bb78a372fc596c90ac46ed3_aug2.jpg,aug2,affine;hsv;gamma=1.09;blur=0.41,2
6f40fbbd-891e-434b-a1ec-365668a5ae66_mp4-0022_jpg.rf.8bbe778b2bb78a372fc596c90ac46ed3_aug3.jpg,aug3,rain,2
6f40fbbd-891e-434b-a1ec-365668a5ae66_mp4-0024_jpg.rf.5ad2fdcd9878fe19c502f3001b9c1d5e.jpg,orig,,5
6f40fbbd-891e-434b-a1ec-365668a5ae66_mp4-0024_jpg.rf.5ad2fdcd9878fe19c502f3001b9c1d5e_aug1.jpg,aug1,none,5
6f40fbbd-891e-434b-a1ec-365668a5ae66_mp4-0024_jpg.rf.5ad2fdcd9878fe19c502f3001b9c1d5e_aug2.jpg,aug2,hflip;affine;hsv,5
6f40fbbd-891e-434b-a1ec-365668a5ae66_mp4-0024_jpg.rf.5ad2fdcd9878fe19c502f3001b9c1d5e_aug3.jpg,aug3,dark;rain,5
6f40fbbd-891e-434b-a1ec-365668a5ae66_mp4-0027_jpg.rf.2b2a41c5299991121dc0386a80919afb.jpg,orig,,5
6f40fbbd-891e-434b-a1ec-365668a5ae66_mp4-0027_jpg.rf.2b2a41c5299991121dc0386a80919afb_aug1.jpg,aug1,hflip;hsv;clahe,5
6f40fbbd-891e-434b-a1ec-365668a5ae66_mp4-0027_jpg.rf.2b2a41c5299991121dc0386a80919afb_aug2.jpg,aug2,hflip;affine;clahe,5
6f40fbbd-891e-434b-a1ec-365668a5ae66_mp4-0027_jpg.rf.2b2a41c5299991121dc0386a80919afb_aug3.jpg,aug3,dark,5
6f40fbbd-891e-434b-a1ec-365668a5ae66_mp4-0045_jpg.rf.4eee28c81a5adcfc497cfcf4fbf5a63a.jpg,orig,,3
6f40fbbd-891e-434b-a1ec-365668a5ae66_mp4-0045_jpg.rf.4eee28c81a5adcfc497cfcf4fbf5a63a_aug1.jpg,aug1,hflip;affine;hsv,3
6f40fbbd-891e-434b-a1ec-365668a5ae66_mp4-0045_jpg.rf.4eee28c81a5adcfc497cfcf4fbf5a63a_aug2.jpg,aug2,affine,3
6f40fbbd-891e-434b-a1ec-365668a5ae66_mp4-0045_jpg.rf.4eee28c81a5adcfc497cfcf4fbf5a63a_aug3.jpg,aug3,dark,3
8f435cb5-02c7-452a-a971-cef315681c19_mp4-0008_jpg.rf.d226c9226cc047088ea8262e86dad97a.jpg,orig,,2
8f435cb5-02c7-452a-a971-cef315681c19_mp4-0008_jpg.rf.d226c9226cc047088ea8262e86dad97a_aug1.jpg,aug1,hflip;affine,2
8f435cb5-02c7-452a-a971-cef315681c19_mp4-0008_jpg.rf.d226c9226cc047088ea8262e86dad97a_aug2.jpg,aug2,hflip;clahe,2
8f435cb5-02c7-452a-a971-cef315681c19_mp4-0008_jpg.rf.d226c9226cc047088ea8262e86dad97a_aug3.jpg,aug3,rain,2
8f435cb5-02c7-452a-a971-cef315681c19_mp4-0009_jpg.rf.ac7886e44ba21347e97826dc8afd6926.jpg,orig,,2
8f435cb5-02c7-452a-a971-cef315681c19_mp4-0009_jpg.rf.ac7886e44ba21347e97826dc8afd6926_aug1.jpg,aug1,hflip;hsv,2
8f435cb5-02c7-452a-a971-cef315681c19_mp4-0009_jpg.rf.ac7886e44ba21347e97826dc8afd6926_aug2.jpg,aug2,hflip;affine,2
8f435cb5-02c7-452a-a971-cef315681c19_mp4-0009_jpg.rf.ac7886e44ba21347e97826dc8afd6926_aug3.jpg,aug3,dark,2
8f435cb5-02c7-452a-a971-cef315681c19_mp4-0022_jpg.rf.2cb46988d97ab9d077e6bf5f9cb25793.jpg,orig,,4
8f435cb5-02c7-452a-a971-cef315681c19_mp4-0022_jpg.rf.2cb46988d97ab9d077e6bf5f9cb25793_aug1.jpg,aug1,hflip;affine,4
8f435cb5-02c7-452a-a971-cef315681c19_mp4-0022_jpg.rf.2cb46988d97ab9d077e6bf5f9cb25793_aug2.jpg,aug2,hflip;affine,4
8f435cb5-02c7-452a-a971-cef315681c19_mp4-0022_jpg.rf.2cb46988d97ab9d077e6bf5f9cb25793_aug3.jpg,aug3,rain,4
d56fcb3c-0531-4696-8b67-2645d89e4a7f_mp4-0003_jpg.rf.3d4e389858cd08586fd3cba5acabd8fb.jpg,orig,,4
d56fcb3c-0531-4696-8b67-2645d89e4a7f_mp4-0003_jpg.rf.3d4e389858cd08586fd3cba5acabd8fb_aug1.jpg,aug1,hflip;hsv,4
d56fcb3c-0531-4696-8b67-2645d89e4a7f_mp4-0003_jpg.rf.3d4e389858cd08586fd3cba5acabd8fb_aug2.jpg,aug2,hsv,4
d56fcb3c-0531-4696-8b67-2645d89e4a7f_mp4-0003_jpg.rf.3d4e389858cd08586fd3cba5acabd8fb_aug3.jpg,aug3,dark,4
d56fcb3c-0531-4696-8b67-2645d89e4a7f_mp4-0012_jpg.rf.a66691516d64960d358df4ee3f83a9fe.jpg,orig,,4
d56fcb3c-0531-4696-8b67-2645d89e4a7f_mp4-0012_jpg.rf.a66691516d64960d358df4ee3f83a9fe_aug1.jpg,aug1,affine;gamma=1.03,4
d56fcb3c-0531-4696-8b67-2645d89e4a7f_mp4-0012_jpg.rf.a66691516d64960d358df4ee3f83a9fe_aug2.jpg,aug2,hsv;gamma=1.09;clahe,4
d56fcb3c-0531-4696-8b67-2645d89e4a7f_mp4-0012_jpg.rf.a66691516d64960d358df4ee3f83a9fe_aug3.jpg,aug3,dark;rain,4
d56fcb3c-0531-4696-8b67-2645d89e4a7f_mp4-0013_jpg.rf.cbaf6f623f44c1a0b8f0617ad3bb4d9b.jpg,orig,,3
d56fcb3c-0531-4696-8b67-2645d89e4a7f_mp4-0013_jpg.rf.cbaf6f623f44c1a0b8f0617ad3bb4d9b_aug1.jpg,aug1,hflip;affine,3
d56fcb3c-0531-4696-8b67-2645d89e4a7f_mp4-0013_jpg.rf.cbaf6f623f44c1a0b8f0617ad3bb4d9b_aug2.jpg,aug2,hflip;affine;gamma=0.90;clahe,3
d56fcb3c-0531-4696-8b67-2645d89e4a7f_mp4-0013_jpg.rf.cbaf6f623f44c1a0b8f0617ad3bb4d9b_aug3.jpg,aug3,dark,3
d56fcb3c-0531-4696-8b67-2645d89e4a7f_mp4-0018_jpg.rf.f8ccb1a69afecde74b5656eacc4b25bc.jpg,orig,,4
d56fcb3c-0531-4696-8b67-2645d89e4a7f_mp4-0018_jpg.rf.f8ccb1a69afecde74b5656eacc4b25bc_aug1.jpg,aug1,hflip;affine;blur=0.22,4
d56fcb3c-0531-4696-8b67-2645d89e4a7f_mp4-0018_jpg.rf.f8ccb1a69afecde74b5656eacc4b25bc_aug2.jpg,aug2,hflip;hsv;gamma=1.00,4
d56fcb3c-0531-4696-8b67-2645d89e4a7f_mp4-0018_jpg.rf.f8ccb1a69afecde74b5656eacc4b25bc_aug3.jpg,aug3,rain,4
d56fcb3c-0531-4696-8b67-2645d89e4a7f_mp4-0042_jpg.rf.e5a79791b4d2c4a81466f05a6f0db53b.jpg,orig,,2
d56fcb3c-0531-4696-8b67-2645d89e4a7f_mp4-0042_jpg.rf.e5a79791b4d2c4a81466f05a6f0db53b_aug1.jpg,aug1,hflip;affine;hsv;gamma=1.24,2
d56fcb3c-0531-4696-8b67-2645d89e4a7f_mp4-0042_jpg.rf.e5a79791b4d2c4a81466f05a6f0db53b_aug2.jpg,aug2,affine;gamma=1.22,2
d56fcb3c-0531-4696-8b67-2645d89e4a7f_mp4-0042_jpg.rf.e5a79791b4d2c4a81466f05a6f0db53b_aug3.jpg,aug3,dark,2
d56fcb3c-0531-4696-8b67-2645d89e4a7f_mp4-0045_jpg.rf.b364a3116c1bcc292d115ebf049b21ee.jpg,orig,,2
d56fcb3c-0531-4696-8b67-2645d89e4a7f_mp4-0045_jpg.rf.b364a3116c1bcc292d115ebf049b21ee_aug1.jpg,aug1,none,2
d56fcb3c-0531-4696-8b67-2645d89e4a7f_mp4-0045_jpg.rf.b364a3116c1bcc292d115ebf049b21ee_aug2.jpg,aug2,hflip;hsv,2
d56fcb3c-0531-4696-8b67-2645d89e4a7f_mp4-0045_jpg.rf.b364a3116c1bcc292d115ebf049b21ee_aug3.jpg,aug3,dark,2
fa45e6fb-4502-41bb-bb80-a4a4149318ad_mp4-0012_jpg.rf.4c63587bc646dd7829dbde80224aeb90.jpg,orig,,3
fa45e6fb-4502-41bb-bb80-a4a4149318ad_mp4-0012_jpg.rf.4c63587bc646dd7829dbde80224aeb90_aug1.jpg,aug1,hflip;affine;hsv,3
fa45e6fb-4502-41bb-bb80-a4a4149318ad_mp4-0012_jpg.rf.4c63587bc646dd7829dbde80224aeb90_aug2.jpg,aug2,hflip;affine;hsv;clahe,3
fa45e6fb-4502-41bb-bb80-a4a4149318ad_mp4-0012_jpg.rf.4c63587bc646dd7829dbde80224aeb90_aug3.jpg,aug3,rain,3
fa45e6fb-4502-41bb-bb80-a4a4149318ad_mp4-0024_jpg.rf.c98ebe71205415024f578954de8240ad.jpg,orig,,3
fa45e6fb-4502-41bb-bb80-a4a4149318ad_mp4-0024_jpg.rf.c98ebe71205415024f578954de8240ad_aug1.jpg,aug1,hflip;hsv;blur=0.68,3
fa45e6fb-4502-41bb-bb80-a4a4149318ad_mp4-0024_jpg.rf.c98ebe71205415024f578954de8240ad_aug2.jpg,aug2,hflip;gamma=0.90,3
fa45e6fb-4502-41bb-bb80-a4a4149318ad_mp4-0024_jpg.rf.c98ebe71205415024f578954de8240ad_aug3.jpg,aug3,dark,3
fa45e6fb-4502-41bb-bb80-a4a4149318ad_mp4-0034_jpg.rf.da128fad1edce2c29ee650c29d6073f4.jpg,orig,,3
fa45e6fb-4502-41bb-bb80-a4a4149318ad_mp4-0034_jpg.rf.da128fad1edce2c29ee650c29d6073f4_aug1.jpg,aug1,affine,3
fa45e6fb-4502-41bb-bb80-a4a4149318ad_mp4-0034_jpg.rf.da128fad1edce2c29ee650c29d6073f4_aug2.jpg,aug2,hflip;gamma=1.01,3
fa45e6fb-4502-41bb-bb80-a4a4149318ad_mp4-0034_jpg.rf.da128fad1edce2c29ee650c29d6073f4_aug3.jpg,aug3,rain,3
fa45e6fb-4502-41bb-bb80-a4a4149318ad_mp4-0035_jpg.rf.a31683fa5bdee0db434beab3d04addff.jpg,orig,,3
fa45e6fb-4502-41bb-bb80-a4a4149318ad_mp4-0035_jpg.rf.a31683fa5bdee0db434beab3d04addff_aug1.jpg,aug1,hflip;hsv,3
fa45e6fb-4502-41bb-bb80-a4a4149318ad_mp4-0035_jpg.rf.a31683fa5bdee0db434beab3d04addff_aug2.jpg,aug2,hsv;gamma=0.91,3
fa45e6fb-4502-41bb-bb80-a4a4149318ad_mp4-0035_jpg.rf.a31683fa5bdee0db434beab3d04addff_aug3.jpg,aug3,dark,3
