image,new_split,class,n_vertices,area_norm,v_density,flag_smooth,flag_jagged
07451999-bdf8-4862-b869-6db57c35f0c1_mp4-0000_jpg.rf.7765e8724b4515244673af137ac2b4c3.jpg,train,gravel,19,0.05830536265432107,0.1092865846849437,False,False
07451999-bdf8-4862-b869-6db57c35f0c1_mp4-0001_jpg.rf.8a2d6e716c3fe1d5b7ffd1b7c91bd29d.jpg,train,gravel,17,0.05986111111111114,0.09650371629944096,False,False
07451999-bdf8-4862-b869-6db57c35f0c1_mp4-0003_jpg.rf.8b8fda99d5b034945b1c50b88d50f31d.jpg,train,gravel,25,0.06319540895061682,0.138122600982327,False,False
07451999-bdf8-4862-b869-6db57c35f0c1_mp4-0004_jpg.rf.0ae22cf237fe1986a1db706272192f9f.jpg,train,gravel,21,0.06521701388888923,0.114210581681043,False,False
07451999-bdf8-4862-b869-6db57c35f0c1_mp4-0005_jpg.rf.960c7dfe2b35227f7f2f8923dcb37e2b.jpg,train,gravel,22,0.06687210648148145,0.11815923825347825,False,False
07451999-bdf8-4862-b869-6db57c35f0c1_mp4-0006_jpg.rf.b005ac47c10222b284bbb24f149c4678.jpg,train,gravel,18,0.06856577932098773,0.09547425987803554,False,False
07451999-bdf8-4862-b869-6db57c35f0c1_mp4-0007_jpg.rf.ab711e51f3d71228168fd74e345aa8fe.jpg,train,gravel,20,0.06885706018518523,0.10585789673142955,False,False
07451999-bdf8-4862-b869-6db57c35f0c1_mp4-0008_jpg.rf.bcedb69438f1c28e26eddbd68596dcdc.jpg,train,gravel,35,0.06706597222222221,0.18770871452726265,False,False
07451999-bdf8-4862-b869-6db57c35f0c1_mp4-0008_jpg.rf.bcedb69438f1c28e26eddbd68596dcdc.jpg,train,gravel,24,0.0698668981481485,0.1261081091664932,False,False
07451999-bdf8-4862-b869-6db57c35f0c1_mp4-0011_jpg.rf.f15a039cee51c3c498456a7ed2918a56.jpg,train,gravel,22,0.01120466820987609,0.2886627096422834,False,False
07451999-bdf8-4862-b869-6db57c35f0c1_mp4-0011_jpg.rf.f15a039cee51c3c498456a7ed2918a56.jpg,train,gravel,40,0.0869772376543203,0.18837561777646075,False,False
07451999-bdf8-4862-b869-6db57c35f0c1_mp4-0011_jpg.rf.f15a039cee51c3c498456a7ed2918a56.jpg,train,gravel,20,0.07159722222222209,0.10381244331071669,False,False
07451999-bdf8-4862-b869-6db57c35f0c1_mp4-0014_jpg.rf.196c0d7568bf9e44229411555abbb189.jpg,train,gravel,31,0.016720679012347972,0.33296780450531066,False,False
07451999-bdf8-4862-b869-6db57c35f0c1_mp4-0014_jpg.rf.196c0d7568bf9e44229411555abbb189.jpg,train,gravel,35,0.07291473765432066,0.18002295622755832,False,False
07451999-bdf8-4862-b869-6db57c35f0c1_mp4-0014_jpg.rf.196c0d7568bf9e44229411555abbb189.jpg,train,gravel,25,0.07320408950617274,0.12833344141865516,False,False
07451999-bdf8-4862-b869-6db57c35f0c1_mp4-0015_jpg.rf.5f969eda7aa1b613588237d129affba4.jpg,train,gravel,30,0.0764448302469134,0.1507005016484789,False,False
07451999-bdf8-4862-b869-6db57c35f0c1_mp4-0015_jpg.rf.5f969eda7aa1b613588237d129affba4.jpg,train,gravel,18,0.016493055555555358,0.1946657053569162,False,False
07451999-bdf8-4862-b869-6db57c35f0c1_mp4-0015_jpg.rf.5f969eda7aa1b613588237d129affba4.jpg,train,gravel,22,0.07165734471450591,0.11414577175930021,False,False
07451999-bdf8-4862-b869-6db57c35f0c1_mp4-0016_jpg.rf.2f9489051fb4c8398ad143d8a05edcf2.jpg,train,gravel,26,0.07184317129629614,0.13472497267986236,False,False
07451999-bdf8-4862-b869-6db57c35f0c1_mp4-0016_jpg.rf.2f9489051fb4c8398ad143d8a05edcf2.jpg,train,gravel,15,0.018007330246913256,0.15525088978421325,False,False
07451999-bdf8-4862-b869-6db57c35f0c1_mp4-0016_jpg.rf.2f9489051fb4c8398ad143d8a05edcf2.jpg,train,gravel,21,0.06947337962962852,0.11065666703449852,False,False
07451999-bdf8-4862-b869-6db57c35f0c1_mp4-0018_jpg.rf.948702e0720750da7ed7e9b3659f8916.jpg,train,gravel,39,0.07704475308641978,0.19514641473718433,False,False
07451999-bdf8-4862-b869-6db57c35f0c1_mp4-0018_jpg.rf.948702e0720750da7ed7e9b3659f8916.jpg,train,gravel,22,0.02581211419753071,0.1901859347691683,False,False
07451999-bdf8-4862-b869-6db57c35f0c1_mp4-0018_jpg.rf.948702e0720750da7ed7e9b3659f8916.jpg,train,gravel,19,0.06325038580246911,0.10492754580449065,False,False
07451999-bdf8-4862-b869-6db57c35f0c1_mp4-0019_jpg.rf.085c4a8e37087435613ad095904d8b6b.jpg,train,gravel,11,0.030080054012346036,0.08808883834616803,False,False
07451999-bdf8-4862-b869-6db57c35f0c1_mp4-0019_jpg.rf.085c4a8e37087435613ad095904d8b6b.jpg,train,gravel,10,0.0662741126543207,0.05395050854225075,True,False
07451999-bdf8-4862-b869-6db57c35f0c1_mp4-0019_jpg.rf.085c4a8e37087435613ad095904d8b6b.jpg,train,gravel,14,0.0883728780864198,0.06540877863073524,True,False
07451999-bdf8-4862-b869-6db57c35f0c1_mp4-0020_jpg.rf.fd89f651268756c3543baf230e9e1e3d.jpg,train,gravel,13,0.03302276234567891,0.09935830094572129,False,False
07451999-bdf8-4862-b869-6db57c35f0c1_mp4-0020_jpg.rf.fd89f651268756c3543baf230e9e1e3d.jpg,train,gravel,17,0.06646315586419682,0.09158533650443458,False,False
07451999-bdf8-4862-b869-6db57c35f0c1_mp4-0020_jpg.rf.fd89f651268756c3543baf230e9e1e3d.jpg,train,gravel,15,0.08610628858024683,0.07099721735803957,True,False
07451999-bdf8-4862-b869-6db57c35f0c1_mp4-0021_jpg.rf.2ce6aafc12451e8ad4f2670fe8c2209c.jpg,train,gravel,16,0.08680459104938287,0.07542514235629762,False,False
07451999-bdf8-4862-b869-6db57c35f0c1_mp4-0021_jpg.rf.2ce6aafc12451e8ad4f2670fe8c2209c.jpg,train,gravel,14,0.03451967592592631,0.1046555307003638,False,False
07451999-bdf8-4862-b869-6db57c35f0c1_mp4-0021_jpg.rf.2ce6aafc12451e8ad4f2670fe8c2209c.jpg,train,gravel,13,0.06814525462962928,0.06916606150890796,True,False
07451999-bdf8-4862-b869-6db57c35f0c1_mp4-0023_jpg.rf.0cfc8f16767f7a04d2aa49fa4478d315.jpg,train,gravel,10,0.029696180555554896,0.08059668995385538,False,False
07451999-bdf8-4862-b869-6db57c35f0c1_mp4-0023_jpg.rf.0cfc8f16767f7a04d2aa49fa4478d315.jpg,train,gravel,13,0.0633931327160493,0.07171165556154074,True,False
07451999-bdf8-4862-b869-6db57c35f0c1_mp4-0023_jpg.rf.0cfc8f16767f7a04d2aa49fa4478d315.jpg,train,gravel,23,0.06391782407407387,0.1263526481741429,False,False
07451999-bdf8-4862-b869-6db57c35f0c1_mp4-0024_jpg.rf.fa04109f0af356c4b1fdf554a59ef3e4.jpg,train,gravel,9,0.03252672483024632,0.06930903388908122,True,False
07451999-bdf8-4862-b869-6db57c35f0c1_mp4-0024_jpg.rf.fa04109f0af356c4b1fdf554a59ef3e4.jpg,train,gravel,13,0.07116404559413558,0.06768314665136828,True,False
07451999-bdf8-4862-b869-6db57c35f0c1_mp4-0024_jpg.rf.fa04109f0af356c4b1fdf554a59ef3e4.jpg,train,gravel,22,0.09559329059992283,0.09882719718543242,False,False
07451999-bdf8-4862-b869-6db57c35f0c1_mp4-0024_jpg.rf.fa04109f0af356c4b1fdf554a59ef3e4.jpg,train,gravel,6,0.001344521604938309,0.22726620572356787,False,False
07451999-bdf8-4862-b869-6db57c35f0c1_mp4-0024_jpg.rf.fa04109f0af356c4b1fdf554a59ef3e4.jpg,train,gravel,14,0.0035320216049382624,0.3271778269084497,False,False
07451999-bdf8-4862-b869-6db57c35f0c1_mp4-0025_jpg.rf.907f582bfa5d9fa8e17a275f3514b092.jpg,train,gravel,16,0.031109664351851585,0.1259910871840649,False,False
07451999-bdf8-4862-b869-6db57c35f0c1_mp4-0025_jpg.rf.907f582bfa5d9fa8e17a275f3514b092.jpg,train,gravel,30,0.06532118055555536,0.16302782918784472,False,False
07451999-bdf8-4862-b869-6db57c35f0c1_mp4-0026_jpg.rf.6d84dc3b7b04d024c479cdee4fab093e.jpg,train,gravel,9,0.04071084104938283,0.06195194927561247,True,False
07451999-bdf8-4862-b869-6db57c35f0c1_mp4-0026_jpg.rf.6d84dc3b7b04d024c479cdee4fab093e.jpg,train,gravel,18,0.05845196759259208,0.10340473864029998,False,False
07451999-bdf8-4862-b869-6db57c35f0c1_mp4-0026_jpg.rf.6d84dc3b7b04d024c479cdee4fab093e.jpg,train,gravel,13,0.07342785493827186,0.06663162965640701,True,False
07451999-bdf8-4862-b869-6db57c35f0c1_mp4-0027_jpg.rf.99e5750e5776ffc079ec54db15e7280a.jpg,train,gravel,12,0.04927469135802465,0.0750821660783228,False,False
07451999-bdf8-4862-b869-6db57c35f0c1_mp4-0027_jpg.rf.99e5750e5776ffc079ec54db15e7280a.jpg,train,gravel,20,0.06321277006172821,0.11048290583630409,False,False
07451999-bdf8-4862-b869-6db57c35f0c1_mp4-0028_jpg.rf.6cc5baf3c10e9c1c2235bcd6b33c72c2.jpg,train,gravel,34,0.07069347993827257,0.1776056347971507,False,False
07451999-bdf8-4862-b869-6db57c35f0c1_mp4-0028_jpg.rf.6cc5baf3c10e9c1c2235bcd6b33c72c2.jpg,train,gravel,14,0.0722636959876537,0.07233282951683821,True,False
07451999-bdf8-4862-b869-6db57c35f0c1_mp4-0031_jpg.rf.8a82813520c94a229808c96f13dff77c.jpg,train,gravel,14,0.057654320987654106,0.08098034234198097,False,False
07451999-bdf8-4862-b869-6db57c35f0c1_mp4-0031_jpg.rf.8a82813520c94a229808c96f13dff77c.jpg,train,gravel,13,0.06852623456790097,0.06897352496133376,True,False
07451999-bdf8-4862-b869-6db57c35f0c1_mp4-0031_jpg.rf.8a82813520c94a229808c96f13dff77c.jpg,train,sand,5,0.0028211805555558023,0.130744090092117,False,False
07451999-bdf8-4862-b869-6db57c35f0c1_mp4-0031_jpg.rf.8a82813520c94a229808c96f13dff77c.jpg,train,gravel,41,0.04259741512345716,0.2759051056191062,False,False
07451999-bdf8-4862-b869-6db57c35f0c1_mp4-0031_jpg.rf.8a82813520c94a229808c96f13dff77c.jpg,train,gravel,8,0.0016232638888887818,0.275780101330686,False,False
07451999-bdf8-4862-b869-6db57c35f0c1_mp4-0032_jpg.rf.5da2ec40c98683759dbe4c648e68fc6e.jpg,train,gravel,11,0.04517939814814831,0.07187700428163918,True,False
07451999-bdf8-4862-b869-6db57c35f0c1_mp4-0032_jpg.rf.5da2ec40c98683759dbe4c648e68fc6e.jpg,train,gravel,20,0.08064621913580172,0.09781500769992786,False,False
07451999-bdf8-4862-b869-6db57c35f0c1_mp4-0032_jpg.rf.5da2ec40c98683759dbe4c648e68fc6e.jpg,train,gravel,18,0.033367091049382736,0.13686135501205723,False,False
07451999-bdf8-4862-b869-6db57c35f0c1_mp4-0032_jpg.rf.5da2ec40c98683759dbe4c648e68fc6e.jpg,train,gravel,11,0.022629243827160583,0.10156057891306496,False,False
07451999-bdf8-4862-b869-6db57c35f0c1_mp4-0034_jpg.rf.f7221de48d6da41e6a706e90d3a8805a.jpg,train,gravel,11,0.005996334876543052,0.1972955315799292,False,False
07451999-bdf8-4862-b869-6db57c35f0c1_mp4-0034_jpg.rf.f7221de48d6da41e6a706e90d3a8805a.jpg,train,gravel,12,0.027670717592592542,0.10019326717604246,False,False
07451999-bdf8-4862-b869-6db57c35f0c1_mp4-0034_jpg.rf.f7221de48d6da41e6a706e90d3a8805a.jpg,train,gravel,19,0.053307291666667034,0.11429514827313964,False,False
07451999-bdf8-4862-b869-6db57c35f0c1_mp4-0034_jpg.rf.f7221de48d6da41e6a706e90d3a8805a.jpg,train,sand,10,0.006064814814814579,0.1783440937516089,False,False
07451999-bdf8-4862-b869-6db57c35f0c1_mp4-0034_jpg.rf.f7221de48d6da41e6a706e90d3a8805a.jpg,train,gravel,7,0.0010069444444444076,0.30638167667269156,False,False
07451999-bdf8-4862-b869-6db57c35f0c1_mp4-0034_jpg.rf.f7221de48d6da41e6a706e90d3a8805a.jpg,train,gravel,9,0.002567515432098766,0.24669110010907933,False,False
07451999-bdf8-4862-b869-6db57c35f0c1_mp4-0036_jpg.rf.8a6ba202db78127502121820de8b0f3c.jpg,train,gravel,12,0.02910686728395051,0.09769020405981942,False,False
07451999-bdf8-4862-b869-6db57c35f0c1_mp4-0036_jpg.rf.8a6ba202db78127502121820de8b0f3c.jpg,train,gravel,20,0.06121431327160476,0.11227188345352852,False,False
07451999-bdf8-4862-b869-6db57c35f0c1_mp4-0036_jpg.rf.8a6ba202db78127502121820de8b0f3c.jpg,train,sand,7,0.005402199074074243,0.13227575574509312,False,False
07451999-bdf8-4862-b869-6db57c35f0c1_mp4-0036_jpg.rf.8a6ba202db78127502121820de8b0f3c.jpg,train,gravel,35,0.045700231481482056,0.22739261077348955,False,False
07451999-bdf8-4862-b869-6db57c35f0c1_mp4-0036_jpg.rf.8a6ba202db78127502121820de8b0f3c.jpg,train,gravel,24,0.0012336033950617331,0.9490540947416494,False,True
07451999-bdf8-4862-b869-6db57c35f0c1_mp4-0036_jpg.rf.8a6ba202db78127502121820de8b0f3c.jpg,train,gravel,24,0.004599729938271624,0.49148761478548225,False,True
07451999-bdf8-4862-b869-6db57c35f0c1_mp4-0037_jpg.rf.f4ad26051dfa1ac1c9e9bb1b5cfc8341.jpg,train,gravel,12,0.026059992283950617,0.10324323596359401,False,False
07451999-bdf8-4862-b869-6db57c35f0c1_mp4-0037_jpg.rf.f4ad26051dfa1ac1c9e9bb1b5cfc8341.jpg,train,gravel,14,0.05857149691358021,0.08034380165160014,False,False
07451999-bdf8-4862-b869-6db57c35f0c1_mp4-0037_jpg.rf.f4ad26051dfa1ac1c9e9bb1b5cfc8341.jpg,train,gravel,8,0.0025530478395061618,0.21990141006218406,False,False
07451999-bdf8-4862-b869-6db57c35f0c1_mp4-0037_jpg.rf.f4ad26051dfa1ac1c9e9bb1b5cfc8341.jpg,train,sand,7,0.004836033950617047,0.13980441064195048,False,False
0a48349e-f671-436a-8af5-de54f079109f_mp4-0000_jpg.rf.8d73fc8aae9dc52e4bedc3caf62770f5.jpg,valid,sand,10,0.01526909722222225,0.16859786954334172,False,False
0a48349e-f671-436a-8af5-de54f079109f_mp4-0000_jpg.rf.8d73fc8aae9dc52e4bedc3caf62770f5.jpg,valid,sand,63,0.11581597222222406,0.38566931232338597,False,False
0a48349e-f671-436a-8af5-de54f079109f_mp4-0002_jpg.rf.971195cad50e6197c6ad57dfa4044a80.jpg,valid,sand,11,0.006139322916666634,0.29247665642984366,False,False
0a48349e-f671-436a-8af5-de54f079109f_mp4-0002_jpg.rf.971195cad50e6197c6ad57dfa4044a80.jpg,valid,sand,8,0.017246093750000024,0.12691220167278627,False,False
0a48349e-f671-436a-8af5-de54f079109f_mp4-0002_jpg.rf.971195cad50e6197c6ad57dfa4044a80.jpg,valid,sand,59,0.11484592013888495,0.3627045372712089,False,False
0a48349e-f671-436a-8af5-de54f079109f_mp4-0003_jpg.rf.ba01b8c5587f4991768f741bf44a2c78.jpg,valid,sand,15,0.006471354166666665,0.3884654844327531,False,False
0a48349e-f671-436a-8af5-de54f079109f_mp4-0003_jpg.rf.ba01b8c5587f4991768f741bf44a2c78.jpg,valid,sand,9,0.01812717013888887,0.13926316676745976,False,False
0a48349e-f671-436a-8af5-de54f079109f_mp4-0003_jpg.rf.ba01b8c5587f4991768f741bf44a2c78.jpg,valid,sand,71,0.11982421874999893,0.42731172374003223,False,True
0a48349e-f671-436a-8af5-de54f079109f_mp4-0004_jpg.rf.1a5ae744af4355d8333c1b71b6b7f96c.jpg,valid,sand,10,0.018891059027777768,0.15157605863338994,False,False
0a48349e-f671-436a-8af5-de54f079109f_mp4-0004_jpg.rf.1a5ae744af4355d8333c1b71b6b7f96c.jpg,valid,sand,49,0.12077546657986282,0.29374161661190307,False,False
0a48349e-f671-436a-8af5-de54f079109f_mp4-0004_jpg.rf.1a5ae744af4355d8333c1b71b6b7f96c.jpg,valid,sand,7,0.005644531249999987,0.1941077438551309,False,False
0a48349e-f671-436a-8af5-de54f079109f_mp4-0005_jpg.rf.186030c1b8d6e1044f24df2050ed52f6.jpg,valid,sand,11,0.0052690972222222965,0.31570636786165807,False,False
0a48349e-f671-436a-8af5-de54f079109f_mp4-0005_jpg.rf.186030c1b8d6e1044f24df2050ed52f6.jpg,valid,sand,12,0.019220920138888875,0.18032374634088333,False,False
0a48349e-f671-436a-8af5-de54f079109f_mp4-0005_jpg.rf.186030c1b8d6e1044f24df2050ed52f6.jpg,valid,sand,53,0.12132595486111164,0.3169989131605371,False,False
0a48349e-f671-436a-8af5-de54f079109f_mp4-0006_jpg.rf.7c4e859a2535edae8fd4092d40b5feb4.jpg,valid,sand,12,0.0062304687499999956,0.3167230329859584,False,False
0a48349e-f671-436a-8af5-de54f079109f_mp4-0006_jpg.rf.7c4e859a2535edae8fd4092d40b5feb4.jpg,valid,sand,55,0.12526692708333087,0.3237451270119819,False,False
0a48349e-f671-436a-8af5-de54f079109f_mp4-0006_jpg.rf.7c4e859a2535edae8fd4092d40b5feb4.jpg,valid,sand,14,0.02015190972222236,0.20546066708846994,False,False
0a48349e-f671-436a-8af5-de54f079109f_mp4-0007_jpg.rf.2f9cb608ec35d037aa7a7e734fbdf356.jpg,valid,sand,11,0.005659722222222163,0.30461682659194284,False,False
0a48349e-f671-436a-8af5-de54f079109f_mp4-0007_jpg.rf.2f9cb608ec35d037aa7a7e734fbdf356.jpg,valid,sand,48,0.12431206597221944,0.2836242483345175,False,False
0a48349e-f671-436a-8af5-de54f079109f_mp4-0007_jpg.rf.2f9cb608ec35d037aa7a7e734fbdf356.jpg,valid,sand,12,0.02098307291666668,0.172585960451475,False,False
0a48349e-f671-436a-8af5-de54f079109f_mp4-0008_jpg.rf.86c66d0d13d3e0b8d033b68637119ffe.jpg,valid,sand,11,0.00572916666666673,0.30276503540974753,False,False
0a48349e-f671-436a-8af5-de54f079109f_mp4-0008_jpg.rf.86c66d0d13d3e0b8d033b68637119ffe.jpg,valid,sand,50,0.12360460069444557,0.29628621704636054,False,False
0a48349e-f671-436a-8af5-de54f079109f_mp4-0008_jpg.rf.86c66d0d13d3e0b8d033b68637119ffe.jpg,valid,sand,13,0.02202039930555566,0.18251119974112534,False,False
0a48349e-f671-436a-8af5-de54f079109f_mp4-0010_jpg.rf.9874839be3af139dfe2e9dca2e2e87f6.jpg,valid,sand,50,0.12862630208333314,0.2904449801846891,False,False
0a48349e-f671-436a-8af5-de54f079109f_mp4-0010_jpg.rf.9874839be3af139dfe2e9dca2e2e87f6.jpg,valid,sand,13,0.023096788194444606,0.17820764007292858,False,False
0a48349e-f671-436a-8af5-de54f079109f_mp4-0011_jpg.rf.8bda46943d5e2683b3f1a6e11098d9f7.jpg,valid,sand,42,0.12892795138888857,0.24368820672591063,False,False
0a48349e-f671-436a-8af5-de54f079109f_mp4-0011_jpg.rf.8bda46943d5e2683b3f1a6e11098d9f7.jpg,valid,sand,12,0.024930555555555567,0.15833394419077781,False,False
0a48349e-f671-436a-8af5-de54f079109f_mp4-0012_jpg.rf.cd3b8c47c5db39137e093610dfd5ade1.jpg,valid,sand,51,0.12940538194444606,0.29536074124033396,False,False
0a48349e-f671-436a-8af5-de54f079109f_mp4-0012_jpg.rf.cd3b8c47c5db39137e093610dfd5ade1.jpg,valid,sand,13,0.02451605902777787,0.17297238982267232,False,False
0a48349e-f671-436a-8af5-de54f079109f_mp4-0013_jpg.rf.3e973f61e81eb803b3b353f5327e6975.jpg,valid,sand,13,0.025080295138888875,0.17101562562226338,False,False
0a48349e-f671-436a-8af5-de54f079109f_mp4-0013_jpg.rf.3e973f61e81eb803b3b353f5327e6975.jpg,valid,sand,50,0.13223958333333385,0.2864494751694705,False,False
0a48349e-f671-436a-8af5-de54f079109f_mp4-0014_jpg.rf.79f1c3c6eaa83f83586f9a3ecd67c833.jpg,valid,sand,17,0.02622178819444465,0.21871397387218194,False,False
0a48349e-f671-436a-8af5-de54f079109f_mp4-0014_jpg.rf.79f1c3c6eaa83f83586f9a3ecd67c833.jpg,valid,sand,38,0.13204210069444144,0.21786433795141355,False,False
0a48349e-f671-436a-8af5-de54f079109f_mp4-0015_jpg.rf.d38ce010f9c0d0b35c69a2bf310dce07.jpg,valid,sand,47,0.13223958333333385,0.2692625066593023,False,False
0a48349e-f671-436a-8af5-de54f079109f_mp4-0015_jpg.rf.d38ce010f9c0d0b35c69a2bf310dce07.jpg,valid,sand,14,0.027543402777777892,0.17574298627996313,False,False
0a48349e-f671-436a-8af5-de54f079109f_mp4-0017_jpg.rf.89df7d50d9bbb1cf562708e672e06b66.jpg,valid,sand,50,0.12162760416666352,0.29868450352272324,False,False
0a48349e-f671-436a-8af5-de54f079109f_mp4-0017_jpg.rf.89df7d50d9bbb1cf562708e672e06b66.jpg,valid,sand,18,0.02944661458333342,0.21853126599237013,False,False
0a48349e-f671-436a-8af5-de54f079109f_mp4-0018_jpg.rf.37c422ac4c8efb68e5339dddc6e9ea7a.jpg,valid,sand,38,0.11430772569444336,0.23415561000174717,False,False
0a48349e-f671-436a-8af5-de54f079109f_mp4-0018_jpg.rf.37c422ac4c8efb68e5339dddc6e9ea7a.jpg,valid,sand,12,0.031657986111111036,0.14050713116180663,False,False
0a48349e-f671-436a-8af5-de54f079109f_mp4-0018_jpg.rf.37c422ac4c8efb68e5339dddc6e9ea7a.jpg,valid,sand,7,0.002393663194444451,0.2980748140008034,False,False
0a48349e-f671-436a-8af5-de54f079109f_mp4-0022_jpg.rf.8018a993858dd505f69881e38b8e2f17.jpg,valid,sand,3,0.0029275173611111142,0.1155128442984778,False,False
0a48349e-f671-436a-8af5-de54f079109f_mp4-0022_jpg.rf.8018a993858dd505f69881e38b8e2f17.jpg,valid,sand,38,0.11910156250000004,0.22939483210083472,False,False
0a48349e-f671-436a-8af5-de54f079109f_mp4-0022_jpg.rf.8018a993858dd505f69881e38b8e2f17.jpg,valid,sand,13,0.041506076388888924,0.13293712263197716,False,False
0a48349e-f671-436a-8af5-de54f079109f_mp4-0022_jpg.rf.8018a993858dd505f69881e38b8e2f17.jpg,valid,sand,7,0.0024674479166666707,0.2935842853930149,False,False
0a48349e-f671-436a-8af5-de54f079109f_mp4-0023_jpg.rf.35984d01a7d197996823926ff75af787.jpg,valid,sand,6,0.003118489583333335,0.22384008607399095,False,False
0a48349e-f671-436a-8af5-de54f079109f_mp4-0023_jpg.rf.35984d01a7d197996823926ff75af787.jpg,valid,sand,45,0.12206814236111185,0.2683305424709523,False,False
0a48349e-f671-436a-8af5-de54f079109f_mp4-0023_jpg.rf.35984d01a7d197996823926ff75af787.jpg,valid,sand,17,0.041675347222222325,0.17348745277860878,False,False
0a48349e-f671-436a-8af5-de54f079109f_mp4-0023_jpg.rf.35984d01a7d197996823926ff75af787.jpg,valid,sand,6,0.0023220486111110994,0.2594026207002708,False,False
0a48349e-f671-436a-8af5-de54f079109f_mp4-0024_jpg.rf.fcf32412cd1a37fab69f79b0bb775f81.jpg,valid,sand,3,0.002968749999999999,0.1147078669352809,False,False
0a48349e-f671-436a-8af5-de54f079109f_mp4-0024_jpg.rf.fcf32412cd1a37fab69f79b0bb775f81.jpg,valid,sand,46,0.12576388888889056,0.2702331447332527,False,False
0a48349e-f671-436a-8af5-de54f079109f_mp4-0024_jpg.rf.fcf32412cd1a37fab69f79b0bb775f81.jpg,valid,sand,19,0.043658854166666705,0.1894419680807428,False,False
0a48349e-f671-436a-8af5-de54f079109f_mp4-0024_jpg.rf.fcf32412cd1a37fab69f79b0bb775f81.jpg,valid,sand,5,0.0022135416666666796,0.22140372138502318,False,False
0a48349e-f671-436a-8af5-de54f079109f_mp4-0025_jpg.rf.d06b0ee462f866743048c5a08dcbedb0.jpg,valid,sand,6,0.003231336805555554,0.21989679489013714,False,False
0a48349e-f671-436a-8af5-de54f079109f_mp4-0025_jpg.rf.d06b0ee462f866743048c5a08dcbedb0.jpg,valid,sand,39,0.12327907986111164,0.2314081644811911,False,False
0a48349e-f671-436a-8af5-de54f079109f_mp4-0025_jpg.rf.d06b0ee462f866743048c5a08dcbedb0.jpg,valid,sand,22,0.041095920138888964,0.2260903827482539,False,False
0a48349e-f671-436a-8af5-de54f079109f_mp4-0025_jpg.rf.d06b0ee462f866743048c5a08dcbedb0.jpg,valid,sand,6,0.0033203125000000333,0.21693045781865505,False,False
0a48349e-f671-436a-8af5-de54f079109f_mp4-0026_jpg.rf.d70ba0bd8ed30bf1faca27768ff8611b.jpg,valid,sand,4,0.0030794270833333325,0.15017021115565557,False,False
0a48349e-f671-436a-8af5-de54f079109f_mp4-0026_jpg.rf.d70ba0bd8ed30bf1faca27768ff8611b.jpg,valid,sand,52,0.12120442708333279,0.3111736862955143,False,False
0a48349e-f671-436a-8af5-de54f079109f_mp4-0026_jpg.rf.d70ba0bd8ed30bf1faca27768ff8611b.jpg,valid,sand,18,0.03811414930555557,0.19208265601117222,False,False
0a48349e-f671-436a-8af5-de54f079109f_mp4-0026_jpg.rf.d70ba0bd8ed30bf1faca27768ff8611b.jpg,valid,sand,7,0.002784288194444484,0.2763756071501074,False,False
0a48349e-f671-436a-8af5-de54f079109f_mp4-0027_jpg.rf.bef3c1bcf7d60c68c063090c82c5dd54.jpg,valid,sand,15,0.010466579861110992,0.3054552724894494,False,False
0a48349e-f671-436a-8af5-de54f079109f_mp4-0027_jpg.rf.bef3c1bcf7d60c68c063090c82c5dd54.jpg,valid,sand,5,0.002977430555555549,0.19090088708030334,False,False
0a48349e-f671-436a-8af5-de54f079109f_mp4-0027_jpg.rf.bef3c1bcf7d60c68c063090c82c5dd54.jpg,valid,sand,45,0.12479383680555678,0.2653839828955992,False,False
0a48349e-f671-436a-8af5-de54f079109f_mp4-0027_jpg.rf.bef3c1bcf7d60c68c063090c82c5dd54.jpg,valid,sand,8,0.0028038194444444664,0.31475579014585225,False,False
0a48349e-f671-436a-8af5-de54f079109f_mp4-0027_jpg.rf.bef3c1bcf7d60c68c063090c82c5dd54.jpg,valid,sand,15,0.012118055555555562,0.2838791865391741,False,False
0a48349e-f671-436a-8af5-de54f079109f_mp4-0027_jpg.rf.bef3c1bcf7d60c68c063090c82c5dd54.jpg,valid,sand,10,0.013381076388888968,0.1800998029439079,False,False
0a48349e-f671-436a-8af5-de54f079109f_mp4-0029_jpg.rf.477bca0fe1fcfc4b41ac6df688a016ec.jpg,valid,sand,3,0.0025000000000000022,0.12499999999999994,False,False
0a48349e-f671-436a-8af5-de54f079109f_mp4-0029_jpg.rf.477bca0fe1fcfc4b41ac6df688a016ec.jpg,valid,sand,50,0.12647786458333243,0.2929014385827985,False,False
0a48349e-f671-436a-8af5-de54f079109f_mp4-0029_jpg.rf.477bca0fe1fcfc4b41ac6df688a016ec.jpg,valid,sand,31,0.035201822916666625,0.34422141023104785,False,False
0a48349e-f671-436a-8af5-de54f079109f_mp4-0029_jpg.rf.477bca0fe1fcfc4b41ac6df688a016ec.jpg,valid,sand,7,0.0028038194444444664,0.27541131637762073,False,False
0a48349e-f671-436a-8af5-de54f079109f_mp4-0030_jpg.rf.5cc25ce2a0355ec9e110a8c474d79d07.jpg,valid,sand,3,0.0022894965277777783,0.1306201032552324,False,False
0a48349e-f671-436a-8af5-de54f079109f_mp4-0030_jpg.rf.5cc25ce2a0355ec9e110a8c474d79d07.jpg,valid,sand,49,0.12560980902777885,0.28803354196541664,False,False
0a48349e-f671-436a-8af5-de54f079109f_mp4-0030_jpg.rf.5cc25ce2a0355ec9e110a8c474d79d07.jpg,valid,sand,13,0.011605902777777843,0.25139848191476766,False,False
0a48349e-f671-436a-8af5-de54f079109f_mp4-0030_jpg.rf.5cc25ce2a0355ec9e110a8c474d79d07.jpg,valid,sand,5,0.0026627604166666596,0.2018657877180253,False,False
0a48349e-f671-436a-8af5-de54f079109f_mp4-0032_jpg.rf.2ea4e05eadad6f411e9dc31a6b5ad07a.jpg,valid,sand,8,0.002886284722222243,0.3102266937317914,False,False
0a48349e-f671-436a-8af5-de54f079109f_mp4-0032_jpg.rf.2ea4e05eadad6f411e9dc31a6b5ad07a.jpg,valid,sand,4,0.0019270833333333327,0.18983159915049985,False,False
0a48349e-f671-436a-8af5-de54f079109f_mp4-0032_jpg.rf.2ea4e05eadad6f411e9dc31a6b5ad07a.jpg,valid,sand,51,0.12360243055555564,0.30221459440553894,False,False
0a48349e-f671-436a-8af5-de54f079109f_mp4-0032_jpg.rf.2ea4e05eadad6f411e9dc31a6b5ad07a.jpg,valid,sand,9,0.011263020833333304,0.17667448268601219,False,False
0a48349e-f671-436a-8af5-de54f079109f_mp4-0033_jpg.rf.4694641f67fd4f7f6b0f21b2ae5599a8.jpg,valid,sand,9,0.011438802083333366,0.175311739575565,False,False
0a48349e-f671-436a-8af5-de54f079109f_mp4-0033_jpg.rf.4694641f67fd4f7f6b0f21b2ae5599a8.jpg,valid,sand,7,0.0025130208333333376,0.29091007222318366,False,False
0a48349e-f671-436a-8af5-de54f079109f_mp4-0033_jpg.rf.4694641f67fd4f7f6b0f21b2ae5599a8.jpg,valid,sand,5,0.0017447916666666619,0.24937733402690856,False,False
0a48349e-f671-436a-8af5-de54f079109f_mp4-0033_jpg.rf.4694641f67fd4f7f6b0f21b2ae5599a8.jpg,valid,sand,49,0.12608723958333456,0.2874877038699591,False,False
0a48349e-f671-436a-8af5-de54f079109f_mp4-0034_jpg.rf.a1463033542c8370146f489e6738b939.jpg,valid,sand,4,0.0013845486111111124,0.2239570043823416,False,False
0a48349e-f671-436a-8af5-de54f079109f_mp4-0034_jpg.rf.a1463033542c8370146f489e6738b939.jpg,valid,sand,46,0.12632595486110887,0.26963129619294823,False,False
0a48349e-f671-436a-8af5-de54f079109f_mp4-0034_jpg.rf.a1463033542c8370146f489e6738b939.jpg,valid,sand,11,0.011432291666666594,0.21433090603480667,False,False
0a48349e-f671-436a-8af5-de54f079109f_mp4-0034_jpg.rf.a1463033542c8370146f489e6738b939.jpg,valid,sand,6,0.002358940972222223,0.2573661798022027,False,False
0a48349e-f671-436a-8af5-de54f079109f_mp4-0035_jpg.rf.8fc4e68def48028f28900f624b89a5a6.jpg,valid,sand,4,0.0012499999999999976,0.23570226039551606,False,False
0a48349e-f671-436a-8af5-de54f079109f_mp4-0035_jpg.rf.8fc4e68def48028f28900f624b89a5a6.jpg,valid,sand,6,0.002204861111111109,0.26620695282483425,False,False
0a48349e-f671-436a-8af5-de54f079109f_mp4-0035_jpg.rf.8fc4e68def48028f28900f624b89a5a6.jpg,valid,sand,48,0.12656250000000036,0.28109134757052223,False,False
0a48349e-f671-436a-8af5-de54f079109f_mp4-0035_jpg.rf.8fc4e68def48028f28900f624b89a5a6.jpg,valid,sand,10,0.011736111111111058,0.19230769230769276,False,False
0a48349e-f671-436a-8af5-de54f079109f_mp4-0036_jpg.rf.ce8b5580ab88e6d7d813b229de9c2844.jpg,valid,sand,11,0.01155598958333337,0.21318069656906372,False,False
0a48349e-f671-436a-8af5-de54f079109f_mp4-0036_jpg.rf.ce8b5580ab88e6d7d813b229de9c2844.jpg,valid,sand,3,0.0011935763888888881,0.18090680674665824,False,False
0a48349e-f671-436a-8af5-de54f079109f_mp4-0036_jpg.rf.ce8b5580ab88e6d7d813b229de9c2844.jpg,valid,sand,55,0.12692491319444166,0.32162367836239536,False,False
0a48349e-f671-436a-8af5-de54f079109f_mp4-0037_jpg.rf.0bb8770c1bb83341fca82558320b0404.jpg,valid,sand,5,0.0011436631944444463,0.30802055181684845,False,False
0a48349e-f671-436a-8af5-de54f079109f_mp4-0037_jpg.rf.0bb8770c1bb83341fca82558320b0404.jpg,valid,sand,7,0.001992187500000006,0.32673201960653514,False,False
0a48349e-f671-436a-8af5-de54f079109f_mp4-0037_jpg.rf.0bb8770c1bb83341fca82558320b0404.jpg,valid,sand,58,0.12608289930555472,0.3402974248942075,False,False
0a48349e-f671-436a-8af5-de54f079109f_mp4-0037_jpg.rf.0bb8770c1bb83341fca82558320b0404.jpg,valid,sand,11,0.011744791666666532,0.21146027322991914,False,False
0a48349e-f671-436a-8af5-de54f079109f_mp4-0039_jpg.rf.79643e2efd9d2df5f831fcc2093949d0.jpg,valid,sand,7,0.0017578124999999972,0.34783279649996757,False,False
0a48349e-f671-436a-8af5-de54f079109f_mp4-0039_jpg.rf.79643e2efd9d2df5f831fcc2093949d0.jpg,valid,sand,47,0.12655815972222584,0.27523999734862126,False,False
0a48349e-f671-436a-8af5-de54f079109f_mp4-0039_jpg.rf.79643e2efd9d2df5f831fcc2093949d0.jpg,valid,sand,9,0.011195746527777772,0.17720449877615702,False,False
0a48349e-f671-436a-8af5-de54f079109f_mp4-0043_jpg.rf.c6f24015cb95bcea5ba00d12353e8925.jpg,valid,sand,6,0.00101345486111111,0.39265199460221334,False,False
0a48349e-f671-436a-8af5-de54f079109f_mp4-0043_jpg.rf.c6f24015cb95bcea5ba00d12353e8925.jpg,valid,sand,52,0.13380425347222413,0.29616050816490075,False,False
0a48349e-f671-436a-8af5-de54f079109f_mp4-0043_jpg.rf.c6f24015cb95bcea5ba00d12353e8925.jpg,valid,sand,14,0.010032552083333313,0.2911931046289229,False,False
0a48349e-f671-436a-8af5-de54f079109f_mp4-0046_jpg.rf.88b39e9ed59a9cafccb72e5bcd604518.jpg,valid,sand,10,0.00881944444444449,0.22183912735402786,False,False
0a48349e-f671-436a-8af5-de54f079109f_mp4-0046_jpg.rf.88b39e9ed59a9cafccb72e5bcd604518.jpg,valid,sand,50,0.13572699652777942,0.28274546475847157,False,False
0a48349e-f671-436a-8af5-de54f079109f_mp4-0047_jpg.rf.28918d67b2ab85f9225e75ab82364622.jpg,valid,sand,16,0.0048177083333333925,0.4802401801501285,False,True
0a48349e-f671-436a-8af5-de54f079109f_mp4-0047_jpg.rf.28918d67b2ab85f9225e75ab82364622.jpg,valid,sand,55,0.13763888888888687,0.3088523236441404,False,False
0a48349e-f671-436a-8af5-de54f079109f_mp4-0047_jpg.rf.28918d67b2ab85f9225e75ab82364622.jpg,valid,sand,11,0.00787326388888887,0.2582700483236115,False,False
0a48349e-f671-436a-8af5-de54f079109f_mp4-0049_jpg.rf.59ce37ec7c8b14cfe796535d74c4e5ea.jpg,valid,sand,49,0.13908203125000185,0.2737280668195078,False,False
0a48349e-f671-436a-8af5-de54f079109f_mp4-0050_jpg.rf.72b5e24e7089cb41fb6b154eecc5c6e0.jpg,valid,sand,55,0.13812065972222243,0.3083132079891035,False,False
0a48349e-f671-436a-8af5-de54f079109f_mp4-0052_jpg.rf.2c13f95f1f9c4de40ec8cde3947bf194.jpg,valid,sand,45,0.14036024305555372,0.25023567233650196,False,False
0a48349e-f671-436a-8af5-de54f079109f_mp4-0054_jpg.rf.bface24cd6cf7ff0a43eb0368f3e998f.jpg,valid,sand,47,0.14250000000000007,0.25938758659190436,False,False
0a48349e-f671-436a-8af5-de54f079109f_mp4-0055_jpg.rf.7aa171ec58a87e23984ba44a4af98ff7.jpg,valid,sand,40,0.1432964409722226,0.22014105930042605,False,False
0a48349e-f671-436a-8af5-de54f079109f_mp4-0056_jpg.rf.6ff2d9d6889084a8e038a271b581d742.jpg,valid,sand,47,0.1419618055555567,0.2598788063840176,False,False
0a48349e-f671-436a-8af5-de54f079109f_mp4-0060_jpg.rf.67cdfd272a7f40b6854a4af0d3d59d88.jpg,valid,sand,43,0.14372178819444414,0.23630119187254273,False,False
0a48349e-f671-436a-8af5-de54f079109f_mp4-0062_jpg.rf.a6a966e48353d87043da5ea7cee9d03c.jpg,valid,sand,43,0.154572482638887,0.22785634519723222,False,False
0a48349e-f671-436a-8af5-de54f079109f_mp4-0063_jpg.rf.c2660d2a207527a182500b30a6259705.jpg,valid,sand,45,0.15705729166666416,0.23656049721858746,False,False
0a48349e-f671-436a-8af5-de54f079109f_mp4-0064_jpg.rf.4da41c73bd80f8a88223205b8251a96c.jpg,valid,sand,47,0.15925998263888808,0.245359731960601,False,False
0a48349e-f671-436a-8af5-de54f079109f_mp4-0065_jpg.rf.d7084deb43d02228515904c4590e5274.jpg,valid,sand,47,0.16126519097222314,0.24382953080168263,False,False
0a48349e-f671-436a-8af5-de54f079109f_mp4-0066_jpg.rf.6225ecbbd002ccd7ef4e93d00c6e96a9.jpg,valid,sand,50,0.15972873263888943,0.2606377057157082,False,False
0a48349e-f671-436a-8af5-de54f079109f_mp4-0067_jpg.rf.82682e9bbf38388a42a2c6b1b0608d11.jpg,valid,sand,43,0.15914062500000092,0.22456221766683515,False,False
0a48349e-f671-436a-8af5-de54f079109f_mp4-0068_jpg.rf.37e83709f03751faba3de760d917ec95.jpg,valid,sand,46,0.15893446180555593,0.24038510641376337,False,False
0a48349e-f671-436a-8af5-de54f079109f_mp4-0069_jpg.rf.232847ccdf727ca9a07c6a289dca8895.jpg,valid,sand,38,0.15889322916666693,0.19860476480827627,False,False
0a48349e-f671-436a-8af5-de54f079109f_mp4-0070_jpg.rf.bc8c4fb1767a27ed42dc46d67d04df24.jpg,valid,sand,50,0.1680425347222254,0.2541084780759153,False,False
0a48349e-f671-436a-8af5-de54f079109f_mp4-0074_jpg.rf.4a79ee91fbae17e4db2b68309db35012.jpg,valid,sand,36,0.183964843750001,0.17486135742350664,False,False
0a48349e-f671-436a-8af5-de54f079109f_mp4-0075_jpg.rf.0ab4264584c682a105c01a330175290b.jpg,valid,sand,48,0.17843750000000114,0.23673198246887212,False,False
0a48349e-f671-436a-8af5-de54f079109f_mp4-0076_jpg.rf.0c2d0e6f9cb684e4e56402f0121a9010.jpg,valid,sand,47,0.17018663194444628,0.2373525482899749,False,False
0a48349e-f671-436a-8af5-de54f079109f_mp4-0077_jpg.rf.bc4932dc2f9d982c605c677cbcb32a0c.jpg,valid,sand,41,0.16327690972222264,0.2113879530382575,False,False
0a48349e-f671-436a-8af5-de54f079109f_mp4-0078_jpg.rf.cba541a6eebb6963e936d422b9e8f2cd.jpg,valid,sand,47,0.1637087673611095,0.24200294513570123,False,False
0a48349e-f671-436a-8af5-de54f079109f_mp4-0079_jpg.rf.ea3ce500cd62e5b92e90cf8f52bca87d.jpg,valid,sand,18,0.09982204861111099,0.11869106547984234,False,False
0a48349e-f671-436a-8af5-de54f079109f_mp4-0079_jpg.rf.ea3ce500cd62e5b92e90cf8f52bca87d.jpg,valid,sand,25,0.06313585069444283,0.20728160034855028,False,False
0a48349e-f671-436a-8af5-de54f079109f_mp4-0080_jpg.rf.2cfa94d7cbf2b47053f1b3f8a594b638.jpg,valid,sand,39,0.16052951388888737,0.20278971476649493,False,False
0f964fdb-9fc1-4941-9c12-15445855221a-1-_mp4-0000_jpg.rf.1e2cc30a16afb0a5c0150a0b95c82646.jpg,train,gravel,10,0.0178946035879628,0.12978260155024982,False,False
0f964fdb-9fc1-4941-9c12-15445855221a-1-_mp4-0002_jpg.rf.14b2a426fc06ed32b5cbf2ad57779660.jpg,train,gravel,12,0.01972565827546302,0.14833478621443946,False,False
0f964fdb-9fc1-4941-9c12-15445855221a-1-_mp4-0002_jpg.rf.14b2a426fc06ed32b5cbf2ad57779660.jpg,train,gravel,9,0.01887719425154355,0.11372378446815752,False,False
0f964fdb-9fc1-4941-9c12-15445855221a-1-_mp4-0004_jpg.rf.3d1539787137de5cf9bb988eeaaa7dbc.jpg,train,gravel,15,0.05251585407021597,0.11363799412892255,False,False
0f964fdb-9fc1-4941-9c12-15445855221a-1-_mp4-0004_jpg.rf.3d1539787137de5cf9bb988eeaaa7dbc.jpg,train,gravel,13,0.018908842110339386,0.16413016312888076,False,False
0f964fdb-9fc1-4941-9c12-15445855221a-1-_mp4-0005_jpg.rf.bb1d88bb42435de30d9e1fcd411e4cef.jpg,train,gravel,22,0.06128984616126587,0.1542786861656248,False,False
0f964fdb-9fc1-4941-9c12-15445855221a-1-_mp4-0005_jpg.rf.bb1d88bb42435de30d9e1fcd411e4cef.jpg,train,gravel,13,0.01955084153163611,0.16141286314066006,False,False
0f964fdb-9fc1-4941-9c12-15445855221a-1-_mp4-0006_jpg.rf.2751b54aa4f0fd1a31cc7d7c0a6f60af.jpg,train,gravel,24,0.058378172509464754,0.17245012381184072,False,False
0f964fdb-9fc1-4941-9c12-15445855221a-1-_mp4-0006_jpg.rf.2751b54aa4f0fd1a31cc7d7c0a6f60af.jpg,train,gravel,13,0.016533745659721433,0.17552348880850363,False,False
0f964fdb-9fc1-4941-9c12-15445855221a-1-_mp4-0008_jpg.rf.7ebf7b8b93c30f3af2772a8ca6101417.jpg,train,gravel,23,0.06089048032407396,0.16181942462364102,False,False
0f964fdb-9fc1-4941-9c12-15445855221a-1-_mp4-0008_jpg.rf.7ebf7b8b93c30f3af2772a8ca6101417.jpg,train,gravel,12,0.02124475549768512,0.14293312666276944,False,False
0f964fdb-9fc1-4941-9c12-15445855221a-1-_mp4-0011_jpg.rf.b813763c1a9e8e7d51eb8e98d262a70c.jpg,train,gravel,5,0.0031165605709876365,0.15549260339278118,False,False
0f964fdb-9fc1-4941-9c12-15445855221a-1-_mp4-0011_jpg.rf.b813763c1a9e8e7d51eb8e98d262a70c.jpg,train,gravel,18,0.059862678433642014,0.12772383480360947,False,False
0f964fdb-9fc1-4941-9c12-15445855221a-1-_mp4-0011_jpg.rf.b813763c1a9e8e7d51eb8e98d262a70c.jpg,train,gravel,12,0.020910192418981843,0.14407205404503817,False,False
0f964fdb-9fc1-4941-9c12-15445855221a-1-_mp4-0012_jpg.rf.3f2798b1cc5a0e709a42d505a922ef83.jpg,train,gravel,25,0.06058002989969147,0.1763407906060413,False,False
0f964fdb-9fc1-4941-9c12-15445855221a-1-_mp4-0012_jpg.rf.3f2798b1cc5a0e709a42d505a922ef83.jpg,train,gravel,13,0.019131884162808532,0.16317063270126916,False,False
0f964fdb-9fc1-4941-9c12-15445855221a-1-_mp4-0012_jpg.rf.3f2798b1cc5a0e709a42d505a922ef83.jpg,train,gravel,8,0.002964349440586378,0.2550955043101874,False,False
0f964fdb-9fc1-4941-9c12-15445855221a-1-_mp4-0013_jpg.rf.d605b5fc7f759c29f489829ee437f9c9.jpg,train,gravel,32,0.05871280623071051,0.22927730894359383,False,False
0f964fdb-9fc1-4941-9c12-15445855221a-1-_mp4-0013_jpg.rf.d605b5fc7f759c29f489829ee437f9c9.jpg,train,gravel,6,0.0027066454475308532,0.20022259327980035,False,False
0f964fdb-9fc1-4941-9c12-15445855221a-1-_mp4-0015_jpg.rf.148000ec8a02f714c1445973b6c04902.jpg,train,gravel,28,0.058185341917438294,0.20152491774137374,False,False
0f964fdb-9fc1-4941-9c12-15445855221a-1-_mp4-0015_jpg.rf.148000ec8a02f714c1445973b6c04902.jpg,train,gravel,14,0.01954029224537024,0.17387615379769258,False,False
0f964fdb-9fc1-4941-9c12-15445855221a-1-_mp4-0015_jpg.rf.148000ec8a02f714c1445973b6c04902.jpg,train,gravel,6,0.0026312934027777346,0.2030692330267255,False,False
0f964fdb-9fc1-4941-9c12-15445855221a-1-_mp4-0017_jpg.rf.5dca7ce152fa1057732dadbf528d3f57.jpg,train,gravel,29,0.057588553722994096,0.20980093945877815,False,False
0f964fdb-9fc1-4941-9c12-15445855221a-1-_mp4-0017_jpg.rf.5dca7ce152fa1057732dadbf528d3f57.jpg,train,gravel,11,0.018874180169753174,0.13900683447923914,False,False
0f964fdb-9fc1-4941-9c12-15445855221a-1-_mp4-0017_jpg.rf.5dca7ce152fa1057732dadbf528d3f57.jpg,train,gravel,5,0.0025800540123456506,0.17089648175616676,False,False
0f964fdb-9fc1-4941-9c12-15445855221a-1-_mp4-0018_jpg.rf.ef6fc78df9ff30258bcd6c7aa2988680.jpg,train,gravel,27,0.05874144000771597,0.19340557397590297,False,False
0f964fdb-9fc1-4941-9c12-15445855221a-1-_mp4-0018_jpg.rf.ef6fc78df9ff30258bcd6c7aa2988680.jpg,train,gravel,13,0.01813422309027768,0.16759898794317935,False,False
0f964fdb-9fc1-4941-9c12-15445855221a-1-_mp4-0018_jpg.rf.ef6fc78df9ff30258bcd6c7aa2988680.jpg,train,gravel,5,0.0022756317515432167,0.18196863131170946,False,False
0f964fdb-9fc1-4941-9c12-15445855221a-1-_mp4-0019_jpg.rf.7b0a7e32794f371d6d3e0bb591f174e7.jpg,train,gravel,25,0.05857265142746959,0.1793370755074695,False,False
0f964fdb-9fc1-4941-9c12-15445855221a-1-_mp4-0019_jpg.rf.7b0a7e32794f371d6d3e0bb591f174e7.jpg,train,gravel,9,0.017733350212191024,0.11733420376643132,False,False
0f964fdb-9fc1-4941-9c12-15445855221a-1-_mp4-0019_jpg.rf.7b0a7e32794f371d6d3e0bb591f174e7.jpg,train,gravel,7,0.0030939549575617065,0.21848345914311923,False,False
0f964fdb-9fc1-4941-9c12-15445855221a-1-_mp4-0020_jpg.rf.cc211d287bcd7fa47b43853bea4fb442.jpg,train,gravel,27,0.05800298996913522,0.19463282669474868,False,False
0f964fdb-9fc1-4941-9c12-15445855221a-1-_mp4-0020_jpg.rf.cc211d287bcd7fa47b43853bea4fb442.jpg,train,gravel,10,0.01798351900077133,0.12946136373286382,False,False
0f964fdb-9fc1-4941-9c12-15445855221a-1-_mp4-0020_jpg.rf.cc211d287bcd7fa47b43853bea4fb442.jpg,train,gravel,6,0.002869405864197594,0.19446111706564717,False,False
0f964fdb-9fc1-4941-9c12-15445855221a-1-_mp4-0021_jpg.rf.41e13015ec3798232e68e937f1f9447a.jpg,train,gravel,35,0.05801806037808532,0.2522690420825092,False,False
0f964fdb-9fc1-4941-9c12-15445855221a-1-_mp4-0021_jpg.rf.41e13015ec3798232e68e937f1f9447a.jpg,train,gravel,11,0.017222463348764983,0.1455199601530343,False,False
0f964fdb-9fc1-4941-9c12-15445855221a-1-_mp4-0021_jpg.rf.41e13015ec3798232e68e937f1f9447a.jpg,train,gravel,7,0.002926673418209902,0.22464069033198705,False,False
0f964fdb-9fc1-4941-9c12-15445855221a-1-_mp4-0022_jpg.rf.2c614bf1be7b4033165bb042ddcea9f9.jpg,train,gravel,27,0.05668885030864246,0.1968758544977498,False,False
0f964fdb-9fc1-4941-9c12-15445855221a-1-_mp4-0022_jpg.rf.2c614bf1be7b4033165bb042ddcea9f9.jpg,train,gravel,11,0.017492223668980955,0.14439351570727413,False,False
0f964fdb-9fc1-4941-9c12-15445855221a-1-_mp4-0022_jpg.rf.2c614bf1be7b4033165bb042ddcea9f9.jpg,train,gravel,7,0.003434546199845734,0.2073675875512537,False,False
0f964fdb-9fc1-4941-9c12-15445855221a-1-_mp4-0023_jpg.rf.d9149373828e89d0aa3f8fb215e76665.jpg,train,gravel,27,0.05750566647376587,0.19547263175892163,False,False
0f964fdb-9fc1-4941-9c12-15445855221a-1-_mp4-0023_jpg.rf.d9149373828e89d0aa3f8fb215e76665.jpg,train,gravel,12,0.01790063175154355,0.1557128965301697,False,False
0f964fdb-9fc1-4941-9c12-15445855221a-1-_mp4-0023_jpg.rf.d9149373828e89d0aa3f8fb215e76665.jpg,train,gravel,6,0.0032808280285493985,0.18185993590802293,False,False
0f964fdb-9fc1-4941-9c12-15445855221a-1-_mp4-0026_jpg.rf.2ef68e2abe7479ded6836559966dd8d6.jpg,train,gravel,29,0.057478539737655154,0.21000162308659195,False,False
0f964fdb-9fc1-4941-9c12-15445855221a-1-_mp4-0026_jpg.rf.2ef68e2abe7479ded6836559966dd8d6.jpg,train,gravel,14,0.017692660108024505,0.1827296342973034,False,False
0f964fdb-9fc1-4941-9c12-15445855221a-1-_mp4-0026_jpg.rf.2ef68e2abe7479ded6836559966dd8d6.jpg,train,gravel,18,0.0012323329595871346,0.8901967196993732,False,True
0f964fdb-9fc1-4941-9c12-15445855221a-1-_mp4-0026_jpg.rf.2ef68e2abe7479ded6836559966dd8d6.jpg,train,gravel,10,0.0034687032817322105,0.2947772350698709,False,False
0f964fdb-9fc1-4941-9c12-15445855221a-1-_mp4-0027_jpg.rf.2d828929c1360b149c828813fd42d40e.jpg,train,gravel,32,0.05645073784722232,0.23382593707808752,False,False
0f964fdb-9fc1-4941-9c12-15445855221a-1-_mp4-0027_jpg.rf.2d828929c1360b149c828813fd42d40e.jpg,train,gravel,12,0.017487702546295836,0.15754055960738195,False,False
0f964fdb-9fc1-4941-9c12-15445855221a-1-_mp4-0027_jpg.rf.2d828929c1360b149c828813fd42d40e.jpg,train,gravel,8,0.0036500530478394966,0.22988885405523155,False,False
0f964fdb-9fc1-4941-9c12-15445855221a-1-_mp4-0028_jpg.rf.1a2a75574ac8739214738cf363851bbd.jpg,train,gravel,27,0.055481710551697816,0.19900608663554786,False,False
0f964fdb-9fc1-4941-9c12-15445855221a-1-_mp4-0028_jpg.rf.1a2a75574ac8739214738cf363851bbd.jpg,train,gravel,13,0.018030237268518157,0.16808159009676105,False,False
0f964fdb-9fc1-4941-9c12-15445855221a-1-_mp4-0028_jpg.rf.1a2a75574ac8739214738cf363851bbd.jpg,train,gravel,9,0.00411422164351849,0.24359938288234592,False,False
0f964fdb-9fc1-4941-9c12-15445855221a-1-_mp4-0028_jpg.rf.1a2a75574ac8739214738cf363851bbd.jpg,train,gravel,13,0.0016660337094909217,0.5529412330768174,False,True
0f964fdb-9fc1-4941-9c12-15445855221a-1-_mp4-0031_jpg.rf.bbbed1eddeed233c018cf20c0dc12dd6.jpg,train,gravel,5,0.0019154489776234684,0.1983408759395042,False,False
0f964fdb-9fc1-4941-9c12-15445855221a-1-_mp4-0031_jpg.rf.bbbed1eddeed233c018cf20c0dc12dd6.jpg,train,gravel,7,0.004921995563271608,0.17322275745038238,False,False
0f964fdb-9fc1-4941-9c12-15445855221a-1-_mp4-0031_jpg.rf.bbbed1eddeed233c018cf20c0dc12dd6.jpg,train,gravel,20,0.05488793643904355,0.14820711744349455,False,False
0f964fdb-9fc1-4941-9c12-15445855221a-1-_mp4-0031_jpg.rf.bbbed1eddeed233c018cf20c0dc12dd6.jpg,train,gravel,14,0.020171742380401092,0.17113303233252,False,False
0f964fdb-9fc1-4941-9c12-15445855221a-1-_mp4-0033_jpg.rf.fd5a3403838f87b7c4b7c7cc270fdb36.jpg,train,gravel,28,0.054164556809413344,0.20887090618846596,False,False
0f964fdb-9fc1-4941-9c12-15445855221a-1-_mp4-0033_jpg.rf.fd5a3403838f87b7c4b7c7cc270fdb36.jpg,train,gravel,14,0.021570276331018157,0.16549226420902752,False,False
0f964fdb-9fc1-4941-9c12-15445855221a-1-_mp4-0033_jpg.rf.fd5a3403838f87b7c4b7c7cc270fdb36.jpg,train,gravel,12,0.0051450376157407,0.29044538854289886,False,False
0f964fdb-9fc1-4941-9c12-15445855221a-1-_mp4-0033_jpg.rf.fd5a3403838f87b7c4b7c7cc270fdb36.jpg,train,gravel,7,0.0025966314621913844,0.23849012385391452,False,False
0f964fdb-9fc1-4941-9c12-15445855221a-1-_mp4-0034_jpg.rf.5a1c235bb7492b93f3ed04c83e80c30b.jpg,train,gravel,20,0.05363558545524705,0.1499273964967262,False,False
0f964fdb-9fc1-4941-9c12-15445855221a-1-_mp4-0034_jpg.rf.5a1c235bb7492b93f3ed04c83e80c30b.jpg,train,gravel,17,0.020159686053240478,0.20786652493387334,False,False
0f964fdb-9fc1-4941-9c12-15445855221a-1-_mp4-0034_jpg.rf.5a1c235bb7492b93f3ed04c83e80c30b.jpg,train,gravel,11,0.00594979745370372,0.2475820251334887,False,False
0f964fdb-9fc1-4941-9c12-15445855221a-1-_mp4-0034_jpg.rf.5a1c235bb7492b93f3ed04c83e80c30b.jpg,train,gravel,7,0.0024353780864197483,0.2462591406556024,False,False
0f964fdb-9fc1-4941-9c12-15445855221a-1-_mp4-0035_jpg.rf.1e30ce038fd0097d13e54172a8ea8cf8.jpg,train,gravel,32,0.0551531756365744,0.23656050200668213,False,False
0f964fdb-9fc1-4941-9c12-15445855221a-1-_mp4-0035_jpg.rf.1e30ce038fd0097d13e54172a8ea8cf8.jpg,train,gravel,18,0.020210925443672423,0.21981479585872796,False,False
0f964fdb-9fc1-4941-9c12-15445855221a-1-_mp4-0035_jpg.rf.1e30ce038fd0097d13e54172a8ea8cf8.jpg,train,gravel,11,0.006359712577160503,0.23947018930125927,False,False
0f964fdb-9fc1-4941-9c12-15445855221a-1-_mp4-0035_jpg.rf.1e30ce038fd0097d13e54172a8ea8cf8.jpg,train,gravel,10,0.0027835045331790487,0.3290648922365489,False,False
0f964fdb-9fc1-4941-9c12-15445855221a-1-_mp4-0036_jpg.rf.48551ee74a7938e1021ffb322ccb8eea.jpg,train,gravel,22,0.054826147762345734,0.16311966891863566,False,False
0f964fdb-9fc1-4941-9c12-15445855221a-1-_mp4-0036_jpg.rf.48551ee74a7938e1021ffb322ccb8eea.jpg,train,gravel,20,0.02054398148148273,0.24225079155574722,False,False
0f964fdb-9fc1-4941-9c12-15445855221a-1-_mp4-0036_jpg.rf.48551ee74a7938e1021ffb322ccb8eea.jpg,train,gravel,12,0.006520965952932112,0.25798995471170355,False,False
0f964fdb-9fc1-4941-9c12-15445855221a-1-_mp4-0036_jpg.rf.48551ee74a7938e1021ffb322ccb8eea.jpg,train,gravel,6,0.002705138406635804,0.20027835782433745,False,False
0f964fdb-9fc1-4941-9c12-15445855221a-1-_mp4-0037_jpg.rf.e930a1ac296ac73166eba8f6217e5a63.jpg,train,gravel,28,0.056147822627315325,0.20514885069979427,False,False
0f964fdb-9fc1-4941-9c12-15445855221a-1-_mp4-0037_jpg.rf.e930a1ac296ac73166eba8f6217e5a63.jpg,train,gravel,20,0.02089813609182123,0.24018934383382637,False,False
0f964fdb-9fc1-4941-9c12-15445855221a-1-_mp4-0037_jpg.rf.e930a1ac296ac73166eba8f6217e5a63.jpg,train,gravel,19,0.009212540991512363,0.34366982431296017,False,False
0f964fdb-9fc1-4941-9c12-15445855221a-1-_mp4-0037_jpg.rf.e930a1ac296ac73166eba8f6217e5a63.jpg,train,gravel,8,0.003347137827932112,0.2400660272374837,False,False
0f964fdb-9fc1-4941-9c12-15445855221a-1-_mp4-0038_jpg.rf.cabba7a36ba89fbec92bbe0b29c7d0fe.jpg,train,gravel,30,0.05655321662808621,0.21901311161240217,False,False
0f964fdb-9fc1-4941-9c12-15445855221a-1-_mp4-0038_jpg.rf.cabba7a36ba89fbec92bbe0b29c7d0fe.jpg,train,gravel,19,0.020568094135802184,0.23000331309097713,False,False
0f964fdb-9fc1-4941-9c12-15445855221a-1-_mp4-0038_jpg.rf.cabba7a36ba89fbec92bbe0b29c7d0fe.jpg,train,gravel,14,0.007162965374228447,0.28718326344709416,False,False
0f964fdb-9fc1-4941-9c12-15445855221a-1-_mp4-0038_jpg.rf.cabba7a36ba89fbec92bbe0b29c7d0fe.jpg,train,gravel,6,0.002955307195216028,0.19161409458665454,False,False
0f964fdb-9fc1-4941-9c12-15445855221a-1-_mp4-0039_jpg.rf.0ad49b35ff9176ff8d7b9e894e203dc8.jpg,train,gravel,20,0.0204731505594129,0.24266948704176527,False,False
0f964fdb-9fc1-4941-9c12-15445855221a-1-_mp4-0039_jpg.rf.0ad49b35ff9176ff8d7b9e894e203dc8.jpg,train,gravel,24,0.05491204909336389,0.17780948874476524,False,False
0f964fdb-9fc1-4941-9c12-15445855221a-1-_mp4-0039_jpg.rf.0ad49b35ff9176ff8d7b9e894e203dc8.jpg,train,gravel,12,0.0071448808834876365,0.24646841159883273,False,False
0f964fdb-9fc1-4941-9c12-15445855221a-1-_mp4-0039_jpg.rf.0ad49b35ff9176ff8d7b9e894e203dc8.jpg,train,gravel,10,0.003012075918692181,0.3163330433554441,False,False
0f964fdb-9fc1-4941-9c12-15445855221a-1-_mp4-0042_jpg.rf.01a491d85bd503b84f3143e91fbef4cc.jpg,train,gravel,21,0.021178445698302184,0.250524249300651,False,False
0f964fdb-9fc1-4941-9c12-15445855221a-1-_mp4-0042_jpg.rf.01a491d85bd503b84f3143e91fbef4cc.jpg,train,gravel,24,0.05425950038580263,0.17887550094817956,False,False
0f964fdb-9fc1-4941-9c12-15445855221a-1-_mp4-0042_jpg.rf.01a491d85bd503b84f3143e91fbef4cc.jpg,train,gravel,10,0.008446964216821007,0.18889792588854823,False,False
0f964fdb-9fc1-4941-9c12-15445855221a-1-_mp4-0042_jpg.rf.01a491d85bd503b84f3143e91fbef4cc.jpg,train,gravel,7,0.0032778139467592726,0.2122674522020925,False,False
0f964fdb-9fc1-4941-9c12-15445855221a-1-_mp4-0044_jpg.rf.9b27e304ec265171e902d228d47b00f9.jpg,train,gravel,17,0.02062536168981577,0.2055065419142261,False,False
0f964fdb-9fc1-4941-9c12-15445855221a-1-_mp4-0044_jpg.rf.9b27e304ec265171e902d228d47b00f9.jpg,train,gravel,26,0.05428813416280853,0.1937306817414247,False,False
0f964fdb-9fc1-4941-9c12-15445855221a-1-_mp4-0044_jpg.rf.9b27e304ec265171e902d228d47b00f9.jpg,train,gravel,9,0.008005401234567888,0.17463386828392505,False,False
0f964fdb-9fc1-4941-9c12-15445855221a-1-_mp4-0044_jpg.rf.9b27e304ec265171e902d228d47b00f9.jpg,train,gravel,8,0.0035309968171295947,0.23373235803841114,False,False
0f964fdb-9fc1-4941-9c12-15445855221a-1-_mp4-0045_jpg.rf.4be1ca5d418ec03a54d27df9532d1546.jpg,train,gravel,17,0.020569601176697816,0.2057848991538473,False,False
0f964fdb-9fc1-4941-9c12-15445855221a-1-_mp4-0045_jpg.rf.4be1ca5d418ec03a54d27df9532d1546.jpg,train,gravel,23,0.05378176842206761,0.17218202589303913,False,False
0f964fdb-9fc1-4941-9c12-15445855221a-1-_mp4-0045_jpg.rf.4be1ca5d418ec03a54d27df9532d1546.jpg,train,gravel,12,0.007976767457561706,0.23326269926726467,False,False
0f964fdb-9fc1-4941-9c12-15445855221a-1-_mp4-0045_jpg.rf.4be1ca5d418ec03a54d27df9532d1546.jpg,train,gravel,8,0.003354174201871174,0.23981409023856873,False,False
0f964fdb-9fc1-4941-9c12-15445855221a-1-_mp4-0046_jpg.rf.62c0c14e47e97870178c3cfa64381c8e.jpg,train,gravel,14,0.019195179880401092,0.17543226036720258,False,False
0f964fdb-9fc1-4941-9c12-15445855221a-1-_mp4-0046_jpg.rf.62c0c14e47e97870178c3cfa64381c8e.jpg,train,gravel,26,0.053707923418209624,0.1947743142808204,False,False
0f964fdb-9fc1-4941-9c12-15445855221a-1-_mp4-0046_jpg.rf.62c0c14e47e97870178c3cfa64381c8e.jpg,train,gravel,8,0.007657274787808643,0.15871953679357972,False,False
0f964fdb-9fc1-4941-9c12-15445855221a-1-_mp4-0046_jpg.rf.62c0c14e47e97870178c3cfa64381c8e.jpg,train,gravel,9,0.0039032359182099574,0.2500965064695252,False,False
0f964fdb-9fc1-4941-9c12-15445855221a-1-_mp4-0047_jpg.rf.a666f5b3cd407ee4af9014a78bde30a3.jpg,train,gravel,13,0.00798430266203698,0.2525819856881112,False,False
0f964fdb-9fc1-4941-9c12-15445855221a-1-_mp4-0047_jpg.rf.a666f5b3cd407ee4af9014a78bde30a3.jpg,train,gravel,9,0.00415265118634256,0.24246960199848713,False,False
0f964fdb-9fc1-4941-9c12-15445855221a-1-_mp4-0047_jpg.rf.a666f5b3cd407ee4af9014a78bde30a3.jpg,train,gravel,19,0.05494068287037068,0.14072915857055734,False,False
0f964fdb-9fc1-4941-9c12-15445855221a-1-_mp4-0047_jpg.rf.a666f5b3cd407ee4af9014a78bde30a3.jpg,train,gravel,12,0.01691502700617331,0.1601852099814208,False,False
0f964fdb-9fc1-4941-9c12-15445855221a-1-_mp4-0050_jpg.rf.3f1125d18d5f6f89466cb655b4122309.jpg,train,gravel,18,0.018934461805557135,0.22710334923132988,False,False
0f964fdb-9fc1-4941-9c12-15445855221a-1-_mp4-0050_jpg.rf.3f1125d18d5f6f89466cb655b4122309.jpg,train,gravel,21,0.055254147376543106,0.155100918769919,False,False
0f964fdb-9fc1-4941-9c12-15445855221a-1-_mp4-0050_jpg.rf.3f1125d18d5f6f89466cb655b4122309.jpg,train,gravel,14,0.007863739390432167,0.274088614868086,False,False
0f964fdb-9fc1-4941-9c12-15445855221a-1-_mp4-0050_jpg.rf.3f1125d18d5f6f89466cb655b4122309.jpg,train,gravel,11,0.004380967881944475,0.28852614096703133,False,False
0f964fdb-9fc1-4941-9c12-15445855221a-1-_mp4-0051_jpg.rf.1d611c3ec1fbe3aae7e31ab85a4d8728.jpg,train,gravel,18,0.019186137635029965,0.2256089082182795,False,False
0f964fdb-9fc1-4941-9c12-15445855221a-1-_mp4-0051_jpg.rf.1d611c3ec1fbe3aae7e31ab85a4d8728.jpg,train,gravel,21,0.05520893614969147,0.15516441272838113,False,False
0f964fdb-9fc1-4941-9c12-15445855221a-1-_mp4-0051_jpg.rf.1d611c3ec1fbe3aae7e31ab85a4d8728.jpg,train,gravel,13,0.00777633101851849,0.2559372500614017,False,False
0f964fdb-9fc1-4941-9c12-15445855221a-1-_mp4-0051_jpg.rf.1d611c3ec1fbe3aae7e31ab85a4d8728.jpg,train,gravel,6,0.004403573495370405,0.15697342795578081,False,False
0f964fdb-9fc1-4941-9c12-15445855221a-1-_mp4-0052_jpg.rf.cb286d20108e5bf2ceb365166c8825f5.jpg,train,gravel,27,0.05368531780478358,0.20230821420841716,False,False
0f964fdb-9fc1-4941-9c12-15445855221a-1-_mp4-0052_jpg.rf.cb286d20108e5bf2ceb365166c8825f5.jpg,train,gravel,9,0.007322711709104923,0.18259297208667033,False,False
0f964fdb-9fc1-4941-9c12-15445855221a-1-_mp4-0052_jpg.rf.cb286d20108e5bf2ceb365166c8825f5.jpg,train,gravel,5,0.004688404224537035,0.12677540207595642,False,False
0f964fdb-9fc1-4941-9c12-15445855221a-1-_mp4-0052_jpg.rf.cb286d20108e5bf2ceb365166c8825f5.jpg,train,gravel,15,0.01911982783564703,0.18833315720704272,False,False
0f964fdb-9fc1-4941-9c12-15445855221a-1-_mp4-0053_jpg.rf.da1a87b005ff52c8b31e74930d5605f7.jpg,train,gravel,23,0.053872190875771775,0.17203746466815714,False,False
0f964fdb-9fc1-4941-9c12-15445855221a-1-_mp4-0053_jpg.rf.da1a87b005ff52c8b31e74930d5605f7.jpg,train,gravel,15,0.019562897858796724,0.1861882122512749,False,False
0f964fdb-9fc1-4941-9c12-15445855221a-1-_mp4-0053_jpg.rf.da1a87b005ff52c8b31e74930d5605f7.jpg,train,gravel,9,0.007542739679783916,0.1799100674437996,False,False
0f964fdb-9fc1-4941-9c12-15445855221a-1-_mp4-0053_jpg.rf.da1a87b005ff52c8b31e74930d5605f7.jpg,train,gravel,6,0.005022967303240783,0.14697673358739952,False,False
0f964fdb-9fc1-4941-9c12-15445855221a-1-_mp4-0053_jpg.rf.da1a87b005ff52c8b31e74930d5605f7.jpg,train,gravel,12,0.004662784529321229,0.30509570170854494,False,False
0f964fdb-9fc1-4941-9c12-15445855221a-1-_mp4-0054_jpg.rf.2055f8f0916c0d27e950d257aa4cf937.jpg,train,gravel,36,0.05746648341049365,0.2607190148406235,False,False
0f964fdb-9fc1-4941-9c12-15445855221a-1-_mp4-0054_jpg.rf.2055f8f0916c0d27e950d257aa4cf937.jpg,train,gravel,10,0.007539725597993818,0.1999400269865072,False,False
0f964fdb-9fc1-4941-9c12-15445855221a-1-_mp4-0054_jpg.rf.2055f8f0916c0d27e950d257aa4cf937.jpg,train,gravel,9,0.005295741705246937,0.21471215393991094,False,False
0f964fdb-9fc1-4941-9c12-15445855221a-1-_mp4-0055_jpg.rf.300c9f084c411455dbb0a539b5548e03.jpg,train,gravel,21,0.054215796199845734,0.15657913562253492,False,False
0f964fdb-9fc1-4941-9c12-15445855221a-1-_mp4-0055_jpg.rf.300c9f084c411455dbb0a539b5548e03.jpg,train,gravel,14,0.0197407286844129,0.1729911805430888,False,False
0f964fdb-9fc1-4941-9c12-15445855221a-1-_mp4-0055_jpg.rf.300c9f084c411455dbb0a539b5548e03.jpg,train,gravel,10,0.007565345293209957,0.19960119601394874,False,False
0f964fdb-9fc1-4941-9c12-15445855221a-1-_mp4-0055_jpg.rf.300c9f084c411455dbb0a539b5548e03.jpg,train,gravel,7,0.005469051408179021,0.16433102107053396,False,False
0f964fdb-9fc1-4941-9c12-15445855221a-1-_mp4-0055_jpg.rf.300c9f084c411455dbb0a539b5548e03.jpg,train,gravel,5,0.002928180459104923,0.16041633942880845,False,False
0f964fdb-9fc1-4941-9c12-15445855221a-1-_mp4-0057_jpg.rf.89feb5020d2ca72cc9754eb4631e4047.jpg,train,gravel,15,0.018996250482253174,0.18894475118509246,False,False
0f964fdb-9fc1-4941-9c12-15445855221a-1-_mp4-0057_jpg.rf.89feb5020d2ca72cc9754eb4631e4047.jpg,train,gravel,22,0.05474627459490744,0.16323861889285962,False,False
0f964fdb-9fc1-4941-9c12-15445855221a-1-_mp4-0057_jpg.rf.89feb5020d2ca72cc9754eb4631e4047.jpg,train,gravel,10,0.0077853732638888395,0.19676044536698573,False,False
0f964fdb-9fc1-4941-9c12-15445855221a-1-_mp4-0057_jpg.rf.89feb5020d2ca72cc9754eb4631e4047.jpg,train,gravel,8,0.006303952064043217,0.1749286935084541,False,False
0f964fdb-9fc1-4941-9c12-15445855221a-1-_mp4-0057_jpg.rf.89feb5020d2ca72cc9754eb4631e4047.jpg,train,gravel,5,0.002601152584876587,0.17020197939244794,False,False
0f964fdb-9fc1-4941-9c12-15445855221a-1-_mp4-0058_jpg.rf.03f37a8b9997f4315fa5630695ce624c.jpg,train,gravel,14,0.018202039930557135,0.18015466851250156,False,False
0f964fdb-9fc1-4941-9c12-15445855221a-1-_mp4-0058_jpg.rf.03f37a8b9997f4315fa5630695ce624c.jpg,train,gravel,10,0.00759096498842593,0.19926408183640423,False,False
0f964fdb-9fc1-4941-9c12-15445855221a-1-_mp4-0058_jpg.rf.03f37a8b9997f4315fa5630695ce624c.jpg,train,gravel,9,0.006564670138888895,0.1928473039599674,False,False
0f964fdb-9fc1-4941-9c12-15445855221a-1-_mp4-0058_jpg.rf.03f37a8b9997f4315fa5630695ce624c.jpg,train,gravel,21,0.054924105420524505,0.1555662257586452,False,False
0f964fdb-9fc1-4941-9c12-15445855221a-1-_mp4-0058_jpg.rf.03f37a8b9997f4315fa5630695ce624c.jpg,train,gravel,6,0.0032461660879630205,0.18282829060079994,False,False
0f964fdb-9fc1-4941-9c12-15445855221a-1-_mp4-0060_jpg.rf.bf220db7ffa442cd84ede093ec74eaf1.jpg,train,gravel,12,0.013628170814042662,0.17845962598533105,False,False
0f964fdb-9fc1-4941-9c12-15445855221a-1-_mp4-0060_jpg.rf.bf220db7ffa442cd84ede093ec74eaf1.jpg,train,gravel,10,0.00704843026620372,0.20679084739149342,False,False
0f964fdb-9fc1-4941-9c12-15445855221a-1-_mp4-0060_jpg.rf.bf220db7ffa442cd84ede093ec74eaf1.jpg,train,gravel,8,0.006930881076388895,0.16682966589062778,False,False
0f964fdb-9fc1-4941-9c12-15445855221a-1-_mp4-0060_jpg.rf.bf220db7ffa442cd84ede093ec74eaf1.jpg,train,gravel,25,0.06490373022762386,0.17036590959957507,False,False
0f964fdb-9fc1-4941-9c12-15445855221a-1-_mp4-0061_jpg.rf.f9d91e37f7b72d5a37e08ff99fc8c817.jpg,train,gravel,10,0.010715060763889284,0.16771820180887279,False,False
0f964fdb-9fc1-4941-9c12-15445855221a-1-_mp4-0061_jpg.rf.f9d91e37f7b72d5a37e08ff99fc8c817.jpg,train,gravel,10,0.007175021701388951,0.2049584873004477,False,False
0f964fdb-9fc1-4941-9c12-15445855221a-1-_mp4-0061_jpg.rf.f9d91e37f7b72d5a37e08ff99fc8c817.jpg,train,gravel,7,0.007464373553240755,0.14066267553948084,False,False
0f964fdb-9fc1-4941-9c12-15445855221a-1-_mp4-0061_jpg.rf.f9d91e37f7b72d5a37e08ff99fc8c817.jpg,train,gravel,17,0.05771213107638884,0.12285501301855378,False,False
0f964fdb-9fc1-4941-9c12-15445855221a-1-_mp4-0061_jpg.rf.f9d91e37f7b72d5a37e08ff99fc8c817.jpg,train,gravel,8,0.0047803337191358874,0.20088078438072837,False,False
0f964fdb-9fc1-4941-9c12-15445855221a-1-_mp4-0062_jpg.rf.b8479030e8d95135aef66d6af517e3b1.jpg,train,gravel,39,0.06544475790895099,0.2646699838304473,False,False
0f964fdb-9fc1-4941-9c12-15445855221a-1-_mp4-0062_jpg.rf.b8479030e8d95135aef66d6af517e3b1.jpg,train,gravel,11,0.00934063946759256,0.19759770539772167,False,False
0f964fdb-9fc1-4941-9c12-15445855221a-1-_mp4-0062_jpg.rf.b8479030e8d95135aef66d6af517e3b1.jpg,train,gravel,9,0.007241331500771553,0.1836161222033259,False,False
0f964fdb-9fc1-4941-9c12-15445855221a-1-_mp4-0062_jpg.rf.b8479030e8d95135aef66d6af517e3b1.jpg,train,gravel,10,0.007441767939814825,0.20125165247152427,False,False
0f964fdb-9fc1-4941-9c12-15445855221a-1-_mp4-0064_jpg.rf.db45fd8497ddd3b8fd48391ed67608a7.jpg,train,gravel,10,0.007943323206018427,0.19479436954607068,False,False
0f964fdb-9fc1-4941-9c12-15445855221a-1-_mp4-0064_jpg.rf.db45fd8497ddd3b8fd48391ed67608a7.jpg,train,gravel,12,0.006647557388117176,0.25552165693271955,False,False
0f964fdb-9fc1-4941-9c12-15445855221a-1-_mp4-0064_jpg.rf.db45fd8497ddd3b8fd48391ed67608a7.jpg,train,gravel,6,0.007810992959104979,0.11786249865678157,False,False
0f964fdb-9fc1-4941-9c12-15445855221a-1-_mp4-0064_jpg.rf.db45fd8497ddd3b8fd48391ed67608a7.jpg,train,gravel,31,0.06521531093267763,0.21074846776254247,False,False
0f964fdb-9fc1-4941-9c12-15445855221a-1-_mp4-0066_jpg.rf.214b9c9437cdf087562a96cb64ba3e66.jpg,train,gravel,9,0.007804964795524505,0.1768620081220756,False,False
0f964fdb-9fc1-4941-9c12-15445855221a-1-_mp4-0066_jpg.rf.214b9c9437cdf087562a96cb64ba3e66.jpg,train,gravel,10,0.006652078510802406,0.21286234067143456,False,False
0f964fdb-9fc1-4941-9c12-15445855221a-1-_mp4-0066_jpg.rf.214b9c9437cdf087562a96cb64ba3e66.jpg,train,gravel,9,0.007633162133487692,0.17884128530823282,False,False
0f964fdb-9fc1-4941-9c12-15445855221a-1-_mp4-0066_jpg.rf.214b9c9437cdf087562a96cb64ba3e66.jpg,train,gravel,30,0.06758023485725317,0.20034980447719067,False,False
0f964fdb-9fc1-4941-9c12-15445855221a-1-_mp4-0067_jpg.rf.af6bf9998aff17d3ec78054ac0c7f45e.jpg,train,gravel,11,0.007898401331019045,0.21488227986406222,False,False
0f964fdb-9fc1-4941-9c12-15445855221a-1-_mp4-0067_jpg.rf.af6bf9998aff17d3ec78054ac0c7f45e.jpg,train,gravel,9,0.006475754726080307,0.1941667361665173,False,False
0f964fdb-9fc1-4941-9c12-15445855221a-1-_mp4-0067_jpg.rf.af6bf9998aff17d3ec78054ac0c7f45e.jpg,train,gravel,8,0.00765426070601849,0.15875078387268848,False,False
0f964fdb-9fc1-4941-9c12-15445855221a-1-_mp4-0067_jpg.rf.af6bf9998aff17d3ec78054ac0c7f45e.jpg,train,gravel,35,0.06907823350694464,0.2311931431357571,False,False
0f964fdb-9fc1-4941-9c12-15445855221a-1-_mp4-0068_jpg.rf.c9b1a42a2d1e7ad44ff64493ff962a4e.jpg,train,gravel,11,0.008468062789352082,0.20752870065267745,False,False
0f964fdb-9fc1-4941-9c12-15445855221a-1-_mp4-0068_jpg.rf.c9b1a42a2d1e7ad44ff64493ff962a4e.jpg,train,gravel,9,0.006133656442901203,0.1995079943346632,False,False
0f964fdb-9fc1-4941-9c12-15445855221a-1-_mp4-0068_jpg.rf.c9b1a42a2d1e7ad44ff64493ff962a4e.jpg,train,gravel,10,0.008044584297839497,0.19356450135765452,False,False
0f964fdb-9fc1-4941-9c12-15445855221a-1-_mp4-0068_jpg.rf.c9b1a42a2d1e7ad44ff64493ff962a4e.jpg,train,gravel,36,0.07016179591049454,0.23595526304493425,False,False
0f964fdb-9fc1-4941-9c12-15445855221a-1-_mp4-0069_jpg.rf.ee5c193ef7819f4a489637e1d6b784ee.jpg,train,gravel,9,0.008884006076389284,0.16577368919865762,False,False
0f964fdb-9fc1-4941-9c12-15445855221a-1-_mp4-0069_jpg.rf.ee5c193ef7819f4a489637e1d6b784ee.jpg,train,gravel,6,0.005848825713734573,0.13620543164040244,False,False
0f964fdb-9fc1-4941-9c12-15445855221a-1-_mp4-0069_jpg.rf.ee5c193ef7819f4a489637e1d6b784ee.jpg,train,gravel,8,0.007756739486882713,0.1576986228350283,False,False
0f964fdb-9fc1-4941-9c12-15445855221a-1-_mp4-0069_jpg.rf.ee5c193ef7819f4a489637e1d6b784ee.jpg,train,gravel,29,0.07290159625771553,0.18646915191225602,False,False
0f964fdb-9fc1-4941-9c12-15445855221a-1-_mp4-0070_jpg.rf.7e1f989046e07effd50adad7cb04c4af.jpg,train,gravel,10,0.009220076195987748,0.1808049272183689,False,False
0f964fdb-9fc1-4941-9c12-15445855221a-1-_mp4-0070_jpg.rf.7e1f989046e07effd50adad7cb04c4af.jpg,train,gravel,14,0.005304783950617287,0.3337119062359572,False,False
0f964fdb-9fc1-4941-9c12-15445855221a-1-_mp4-0070_jpg.rf.7e1f989046e07effd50adad7cb04c4af.jpg,train,gravel,8,0.007514105902777735,0.16022447150029637,False,False
0f964fdb-9fc1-4941-9c12-15445855221a-1-_mp4-0070_jpg.rf.7e1f989046e07effd50adad7cb04c4af.jpg,train,gravel,32,0.07280966676311706,0.20588891891373817,False,False
0f964fdb-9fc1-4941-9c12-15445855221a-1-_mp4-0071_jpg.rf.efe4100431bd1998b07e6c54d235df4e.jpg,train,gravel,39,0.07337782118055536,0.24995378500746201,False,False
0f964fdb-9fc1-4941-9c12-15445855221a-1-_mp4-0071_jpg.rf.efe4100431bd1998b07e6c54d235df4e.jpg,train,gravel,10,0.009443118248456894,0.17865690353216027,False,False
0f964fdb-9fc1-4941-9c12-15445855221a-1-_mp4-0071_jpg.rf.efe4100431bd1998b07e6c54d235df4e.jpg,train,gravel,9,0.00481499565972221,0.22517598751224074,False,False
0f964fdb-9fc1-4941-9c12-15445855221a-1-_mp4-0071_jpg.rf.efe4100431bd1998b07e6c54d235df4e.jpg,train,gravel,8,0.007209683641975301,0.16357216402190625,False,False
0f964fdb-9fc1-4941-9c12-15445855221a-1-_mp4-0072_jpg.rf.0feb5e00e40812c7a5880368d88b44cb.jpg,train,gravel,10,0.00945818865740744,0.17851451337362517,False,False
0f964fdb-9fc1-4941-9c12-15445855221a-1-_mp4-0072_jpg.rf.0feb5e00e40812c7a5880368d88b44cb.jpg,train,gravel,34,0.07493158034336389,0.21563735072107823,False,False
0f964fdb-9fc1-4941-9c12-15445855221a-1-_mp4-0072_jpg.rf.0feb5e00e40812c7a5880368d88b44cb.jpg,train,gravel,10,0.004350827064043217,0.263203467149468,False,False
0f964fdb-9fc1-4941-9c12-15445855221a-1-_mp4-0072_jpg.rf.0feb5e00e40812c7a5880368d88b44cb.jpg,train,gravel,7,0.0069655430169753285,0.1456123018469118,False,False
0f964fdb-9fc1-4941-9c12-15445855221a-1-_mp4-0074_jpg.rf.4a9ef4afd4d9bfc5ca3228e65052b4c6.jpg,train,gravel,10,0.008784541377314437,0.18523283350327738,False,False
0f964fdb-9fc1-4941-9c12-15445855221a-1-_mp4-0074_jpg.rf.4a9ef4afd4d9bfc5ca3228e65052b4c6.jpg,train,gravel,11,0.0035807291666667407,0.3191423692521094,False,False
0f964fdb-9fc1-4941-9c12-15445855221a-1-_mp4-0074_jpg.rf.4a9ef4afd4d9bfc5ca3228e65052b4c6.jpg,train,gravel,13,0.006780176986882713,0.27409452052011357,False,False
0f964fdb-9fc1-4941-9c12-15445855221a-1-_mp4-0074_jpg.rf.4a9ef4afd4d9bfc5ca3228e65052b4c6.jpg,train,gravel,38,0.0785138165509256,0.2354442392339974,False,False
0f964fdb-9fc1-4941-9c12-15445855221a-1-_mp4-0075_jpg.rf.2faa4fe1a8dbd3f2c1cdc5372926c0d7.jpg,train,gravel,8,0.008011429398148362,0.1551716930582401,False,False
0f964fdb-9fc1-4941-9c12-15445855221a-1-_mp4-0075_jpg.rf.2faa4fe1a8dbd3f2c1cdc5372926c0d7.jpg,train,gravel,34,0.07893729504243874,0.2100948048617964,False,False
0f964fdb-9fc1-4941-9c12-15445855221a-1-_mp4-0075_jpg.rf.2faa4fe1a8dbd3f2c1cdc5372926c0d7.jpg,train,gravel,12,0.002700617283950657,0.40089186286863365,False,False
0f964fdb-9fc1-4941-9c12-15445855221a-1-_mp4-0075_jpg.rf.2faa4fe1a8dbd3f2c1cdc5372926c0d7.jpg,train,gravel,9,0.006710853105709846,0.19073533642333076,False,False
0f964fdb-9fc1-4941-9c12-15445855221a-1-_mp4-0076_jpg.rf.5385a67a9ac765cd539b12fafddf37a9.jpg,train,gravel,10,0.008412302276234573,0.18928669210852436,False,False
0f964fdb-9fc1-4941-9c12-15445855221a-1-_mp4-0077_jpg.rf.28190911a019b07c1ee58217637d67a2.jpg,train,gravel,10,0.009102527006172867,0.18196863131170946,False,False
0f964fdb-9fc1-4941-9c12-15445855221a-1-_mp4-0077_jpg.rf.28190911a019b07c1ee58217637d67a2.jpg,train,gravel,33,0.08286313657407485,0.19902643882722607,False,False
0f964fdb-9fc1-4941-9c12-15445855221a-1-_mp4-0080_jpg.rf.880abb1585faa32ffff9fffe07102b0d.jpg,train,gravel,10,0.01040762442129628,0.17017733208518937,False,False
0f964fdb-9fc1-4941-9c12-15445855221a-1-_mp4-0080_jpg.rf.880abb1585faa32ffff9fffe07102b0d.jpg,train,gravel,34,0.08920325761959846,0.19763600944298687,False,False
0f964fdb-9fc1-4941-9c12-15445855221a-1-_mp4-0081_jpg.rf.4ba65aa73aa316c9e4835b644f194ac7.jpg,train,gravel,10,0.010088131751543106,0.1728510984657401,False,False
0f964fdb-9fc1-4941-9c12-15445855221a-1-_mp4-0081_jpg.rf.4ba65aa73aa316c9e4835b644f194ac7.jpg,train,gravel,34,0.091616030092593,0.19501620422548063,False,False
0f964fdb-9fc1-4941-9c12-15445855221a-1-_mp4-0081_jpg.rf.4ba65aa73aa316c9e4835b644f194ac7.jpg,train,gravel,6,0.001522111304012419,0.2669964956939844,False,False
0f964fdb-9fc1-4941-9c12-15445855221a-1-_mp4-0083_jpg.rf.8a65e04ae1a71b04fb2ba5f61face1b4.jpg,train,gravel,32,0.0986117139274687,0.17691442340069757,False,False
0f964fdb-9fc1-4941-9c12-15445855221a-1-_mp4-0083_jpg.rf.8a65e04ae1a71b04fb2ba5f61face1b4.jpg,train,gravel,6,0.0038067853009259855,0.1688299823650045,False,False
0f964fdb-9fc1-4941-9c12-15445855221a-1-_mp4-0083_jpg.rf.8a65e04ae1a71b04fb2ba5f61face1b4.jpg,train,gravel,7,0.006860050154320341,0.14672763285261842,False,False
0f964fdb-9fc1-4941-9c12-15445855221a-1-_mp4-0085_jpg.rf.d46ea0c44971ceb74cf376b8351ac98a.jpg,train,gravel,10,0.005418484157985848,0.23585148366573325,False,False
0f964fdb-9fc1-4941-9c12-15445855221a-1-_mp4-0085_jpg.rf.d46ea0c44971ceb74cf376b8351ac98a.jpg,train,gravel,29,0.09748294029706894,0.16125426292531508,False,False
0f964fdb-9fc1-4941-9c12-15445855221a-1-_mp4-0085_jpg.rf.d46ea0c44971ceb74cf376b8351ac98a.jpg,train,gravel,6,0.004420150945215973,0.15667879281718464,False,False
0f964fdb-9fc1-4941-9c12-15445855221a-1-_mp4-0086_jpg.rf.215ae887ba1775a80d11ed759aca9282.jpg,train,gravel,8,0.005976496190200908,0.17965701519305552,False,False
0f964fdb-9fc1-4941-9c12-15445855221a-1-_mp4-0086_jpg.rf.215ae887ba1775a80d11ed759aca9282.jpg,train,gravel,28,0.09603015287422823,0.15686705303474044,False,False
0f964fdb-9fc1-4941-9c12-15445855221a-1-_mp4-0086_jpg.rf.215ae887ba1775a80d11ed759aca9282.jpg,train,gravel,5,0.004671826774691412,0.12700012700018978,False,False
0f964fdb-9fc1-4941-9c12-15445855221a-1-_mp4-0087_jpg.rf.594184b2028aedef281506c1e7ff8535.jpg,train,gravel,31,0.09331295814043195,0.17618471641325611,False,False
0f964fdb-9fc1-4941-9c12-15445855221a-1-_mp4-0087_jpg.rf.594184b2028aedef281506c1e7ff8535.jpg,train,gravel,8,0.003502363040123524,0.2346858595395408,False,False
0f964fdb-9fc1-4941-9c12-15445855221a-1-_mp4-0087_jpg.rf.594184b2028aedef281506c1e7ff8535.jpg,train,gravel,6,0.007013768325617509,0.12438071778453436,False,False
1991989f-1bf5-4e50-89bb-7301b220ac01_mp4-0001_jpg.rf.c62605d0ee2e99eb8a807abd06ff40a0.jpg,train,gravel,6,0.019249433352623413,0.07507922692402533,False,False
1991989f-1bf5-4e50-89bb-7301b220ac01_mp4-0001_jpg.rf.c62605d0ee2e99eb8a807abd06ff40a0.jpg,train,gravel,22,0.18738697193287024,0.08823288924972086,False,False
1991989f-1bf5-4e50-89bb-7301b220ac01_mp4-0001_jpg.rf.c62605d0ee2e99eb8a807abd06ff40a0.jpg,train,gravel,8,0.0028728150785469198,0.2591275970619807,False,False
1991989f-1bf5-4e50-89bb-7301b220ac01_mp4-0001_jpg.rf.c62605d0ee2e99eb8a807abd06ff40a0.jpg,train,gravel,15,0.0034522553726008542,0.4432179274148007,False,True
1991989f-1bf5-4e50-89bb-7301b220ac01_mp4-0001_jpg.rf.c62605d0ee2e99eb8a807abd06ff40a0.jpg,train,gravel,10,0.012657636477623524,0.1543125355054495,False,False
1991989f-1bf5-4e50-89bb-7301b220ac01_mp4-0001_jpg.rf.c62605d0ee2e99eb8a807abd06ff40a0.jpg,train,sand,6,0.006376290027006348,0.13045019587700277,False,False
1991989f-1bf5-4e50-89bb-7301b220ac01_mp4-0003_jpg.rf.98471c342ef8cb8e0c424db2e260aeec.jpg,train,gravel,9,0.01809353298611105,0.11616046389935514,False,False
1991989f-1bf5-4e50-89bb-7301b220ac01_mp4-0003_jpg.rf.98471c342ef8cb8e0c424db2e260aeec.jpg,train,gravel,11,0.021666726948303072,0.1297398963461186,False,False
1991989f-1bf5-4e50-89bb-7301b220ac01_mp4-0003_jpg.rf.98471c342ef8cb8e0c424db2e260aeec.jpg,train,gravel,37,0.2028528346233598,0.14262271523257036,False,False
1991989f-1bf5-4e50-89bb-7301b220ac01_mp4-0003_jpg.rf.98471c342ef8cb8e0c424db2e260aeec.jpg,train,sand,9,0.006829909336420137,0.18906561715570014,False,False
1991989f-1bf5-4e50-89bb-7301b220ac01_mp4-0005_jpg.rf.e62d1a58915511edd7b3419d81a78685.jpg,train,sand,10,0.009611906828704164,0.1770813158168098,False,False
1991989f-1bf5-4e50-89bb-7301b220ac01_mp4-0005_jpg.rf.e62d1a58915511edd7b3419d81a78685.jpg,train,gravel,10,0.02081826292438249,0.12032483422144645,False,False
1991989f-1bf5-4e50-89bb-7301b220ac01_mp4-0005_jpg.rf.e62d1a58915511edd7b3419d81a78685.jpg,train,gravel,35,0.1969444290093323,0.13692215024363955,False,False
1991989f-1bf5-4e50-89bb-7301b220ac01_mp4-0005_jpg.rf.e62d1a58915511edd7b3419d81a78685.jpg,train,gravel,9,0.001936547550154294,0.35506342941861474,False,False
1991989f-1bf5-4e50-89bb-7301b220ac01_mp4-0005_jpg.rf.e62d1a58915511edd7b3419d81a78685.jpg,train,gravel,9,0.026802722318672867,0.09544003117236881,False,False
1991989f-1bf5-4e50-89bb-7301b220ac01_mp4-0006_jpg.rf.733ac1bcd138f19f0884706df49ad38b.jpg,train,gravel,9,0.02916124131944442,0.09149914219956283,False,False
1991989f-1bf5-4e50-89bb-7301b220ac01_mp4-0006_jpg.rf.733ac1bcd138f19f0884706df49ad38b.jpg,train,sand,11,0.006272304205246826,0.24113299761177964,False,False
1991989f-1bf5-4e50-89bb-7301b220ac01_mp4-0006_jpg.rf.733ac1bcd138f19f0884706df49ad38b.jpg,train,gravel,10,0.020509319540895188,0.12122770704321759,False,False
1991989f-1bf5-4e50-89bb-7301b220ac01_mp4-0006_jpg.rf.733ac1bcd138f19f0884706df49ad38b.jpg,train,gravel,32,0.19715510314187856,0.12511906304282658,False,False
1991989f-1bf5-4e50-89bb-7301b220ac01_mp4-0006_jpg.rf.733ac1bcd138f19f0884706df49ad38b.jpg,train,gravel,7,0.0019124348958333287,0.27789595594852673,False,False
1991989f-1bf5-4e50-89bb-7301b220ac01_mp4-0007_jpg.rf.6e1e1663fd3a459f87c069e841390559.jpg,train,gravel,7,0.01891487027391925,0.08836369603784203,False,False
1991989f-1bf5-4e50-89bb-7301b220ac01_mp4-0007_jpg.rf.6e1e1663fd3a459f87c069e841390559.jpg,train,gravel,8,0.03145345052083337,0.07831290886982968,False,False
1991989f-1bf5-4e50-89bb-7301b220ac01_mp4-0007_jpg.rf.6e1e1663fd3a459f87c069e841390559.jpg,train,gravel,35,0.19648071207380902,0.13708363098298215,False,False
1991989f-1bf5-4e50-89bb-7301b220ac01_mp4-0007_jpg.rf.6e1e1663fd3a459f87c069e841390559.jpg,train,sand,13,0.005404127179180485,0.3070139352327618,False,False
1991989f-1bf5-4e50-89bb-7301b220ac01_mp4-0008_jpg.rf.01427c0b29e2fbedc0b211567ef0fe26.jpg,train,gravel,17,0.03661958670910481,0.15423030544873972,False,False
1991989f-1bf5-4e50-89bb-7301b220ac01_mp4-0008_jpg.rf.01427c0b29e2fbedc0b211567ef0fe26.jpg,train,gravel,30,0.19271942515432094,0.11864133516545268,False,False
1991989f-1bf5-4e50-89bb-7301b220ac01_mp4-0008_jpg.rf.01427c0b29e2fbedc0b211567ef0fe26.jpg,train,gravel,10,0.017597716531636554,0.13087278902003513,False,False
1991989f-1bf5-4e50-89bb-7301b220ac01_mp4-0008_jpg.rf.01427c0b29e2fbedc0b211567ef0fe26.jpg,train,gravel,8,0.0016643264145085324,0.340446011537472,False,False
1991989f-1bf5-4e50-89bb-7301b220ac01_mp4-0008_jpg.rf.01427c0b29e2fbedc0b211567ef0fe26.jpg,train,gravel,7,0.0010247878086419582,0.37962830118265145,False,False
1991989f-1bf5-4e50-89bb-7301b220ac01_mp4-0008_jpg.rf.01427c0b29e2fbedc0b211567ef0fe26.jpg,train,sand,9,0.006052276234568055,0.20084482920485075,False,False
1991989f-1bf5-4e50-89bb-7301b220ac01_mp4-0010_jpg.rf.888b0dfb53e9d2a7a741b09780b717d8.jpg,train,gravel,7,0.016043957368827577,0.09594443880296354,False,False
1991989f-1bf5-4e50-89bb-7301b220ac01_mp4-0010_jpg.rf.888b0dfb53e9d2a7a741b09780b717d8.jpg,train,gravel,26,0.2003599876211659,0.10084290928865727,False,False
1991989f-1bf5-4e50-89bb-7301b220ac01_mp4-0010_jpg.rf.888b0dfb53e9d2a7a741b09780b717d8.jpg,train,gravel,13,0.043734326774691246,0.1079219157702218,False,False
1991989f-1bf5-4e50-89bb-7301b220ac01_mp4-0010_jpg.rf.888b0dfb53e9d2a7a741b09780b717d8.jpg,train,sand,7,0.004831573109567611,0.1748361678529974,False,False
1991989f-1bf5-4e50-89bb-7301b220ac01_mp4-0010_jpg.rf.888b0dfb53e9d2a7a741b09780b717d8.jpg,train,gravel,6,0.0012972177327474008,0.28921600882939996,False,False
1991989f-1bf5-4e50-89bb-7301b220ac01_mp4-0011_jpg.rf.aba8bf31c476ae0deee11a38c869e8a9.jpg,train,gravel,19,0.04413067853009234,0.1570221122059354,False,False
1991989f-1bf5-4e50-89bb-7301b220ac01_mp4-0011_jpg.rf.aba8bf31c476ae0deee11a38c869e8a9.jpg,train,gravel,7,0.01318359375,0.10584214937952005,False,False
1991989f-1bf5-4e50-89bb-7301b220ac01_mp4-0011_jpg.rf.aba8bf31c476ae0deee11a38c869e8a9.jpg,train,gravel,29,0.20484533877977817,0.11124038196383998,False,False
1991989f-1bf5-4e50-89bb-7301b220ac01_mp4-0011_jpg.rf.aba8bf31c476ae0deee11a38c869e8a9.jpg,train,gravel,7,0.0016426745756172728,0.2998470558146845,False,False
1991989f-1bf5-4e50-89bb-7301b220ac01_mp4-0011_jpg.rf.aba8bf31c476ae0deee11a38c869e8a9.jpg,train,sand,5,0.006311487268518601,0.10926514984381543,False,False
1991989f-1bf5-4e50-89bb-7301b220ac01_mp4-0014_jpg.rf.5256ef06a60001787fad587b7320215d.jpg,train,gravel,31,0.19935023293125465,0.12053990273237736,False,False
1991989f-1bf5-4e50-89bb-7301b220ac01_mp4-0014_jpg.rf.5256ef06a60001787fad587b7320215d.jpg,train,gravel,7,0.017371660397376587,0.09220508897693049,False,False
1991989f-1bf5-4e50-89bb-7301b220ac01_mp4-0014_jpg.rf.5256ef06a60001787fad587b7320215d.jpg,train,gravel,15,0.03680193865740744,0.13574799603500015,False,False
1991989f-1bf5-4e50-89bb-7301b220ac01_mp4-0014_jpg.rf.5256ef06a60001787fad587b7320215d.jpg,train,sand,19,0.005115200204354409,0.46121115144899155,False,True
1991989f-1bf5-4e50-89bb-7301b220ac01_mp4-0015_jpg.rf.38d7a90b4089d002d8f45f9c05a6ca4c.jpg,train,gravel,13,0.01664074556327222,0.1749582712170799,False,False
1991989f-1bf5-4e50-89bb-7301b220ac01_mp4-0015_jpg.rf.38d7a90b4089d002d8f45f9c05a6ca4c.jpg,train,gravel,32,0.20833067269482974,0.12171690111973521,False,False
1991989f-1bf5-4e50-89bb-7301b220ac01_mp4-0015_jpg.rf.38d7a90b4089d002d8f45f9c05a6ca4c.jpg,train,gravel,14,0.035303940007716195,0.12935820007078305,False,False
1991989f-1bf5-4e50-89bb-7301b220ac01_mp4-0015_jpg.rf.38d7a90b4089d002d8f45f9c05a6ca4c.jpg,train,sand,15,0.005602472036856376,0.34791962523644954,False,False
1991989f-1bf5-4e50-89bb-7301b220ac01_mp4-0016_jpg.rf.11e85a3e45437a41fcda5d33697c3d46.jpg,train,gravel,13,0.01664074556327222,0.1749582712170799,False,False
1991989f-1bf5-4e50-89bb-7301b220ac01_mp4-0016_jpg.rf.11e85a3e45437a41fcda5d33697c3d46.jpg,train,gravel,32,0.20833067269482974,0.12171690111973521,False,False
1991989f-1bf5-4e50-89bb-7301b220ac01_mp4-0016_jpg.rf.11e85a3e45437a41fcda5d33697c3d46.jpg,train,gravel,14,0.035303940007716195,0.12935820007078305,False,False
1991989f-1bf5-4e50-89bb-7301b220ac01_mp4-0016_jpg.rf.11e85a3e45437a41fcda5d33697c3d46.jpg,train,sand,15,0.005602472036856376,0.34791962523644954,False,False
1991989f-1bf5-4e50-89bb-7301b220ac01_mp4-0017_jpg.rf.41ee5ad61a908c1dec7ad0fc64a7dcad.jpg,train,gravel,13,0.01664074556327222,0.1749582712170799,False,False
1991989f-1bf5-4e50-89bb-7301b220ac01_mp4-0017_jpg.rf.41ee5ad61a908c1dec7ad0fc64a7dcad.jpg,train,gravel,32,0.2083306726948302,0.12171690111973507,False,False
1991989f-1bf5-4e50-89bb-7301b220ac01_mp4-0017_jpg.rf.41ee5ad61a908c1dec7ad0fc64a7dcad.jpg,train,gravel,14,0.035303940007716195,0.12935820007078305,False,False
1991989f-1bf5-4e50-89bb-7301b220ac01_mp4-0017_jpg.rf.41ee5ad61a908c1dec7ad0fc64a7dcad.jpg,train,sand,15,0.005849280675817692,0.34050033612392494,False,False
1991989f-1bf5-4e50-89bb-7301b220ac01_mp4-0018_jpg.rf.96a2f310e3b0d589b752559af3ec7e47.jpg,train,gravel,10,0.01725109712577133,0.13218103751854735,False,False
1991989f-1bf5-4e50-89bb-7301b220ac01_mp4-0018_jpg.rf.96a2f310e3b0d589b752559af3ec7e47.jpg,train,gravel,35,0.19862224265920503,0.1363426153021924,False,False
1991989f-1bf5-4e50-89bb-7301b220ac01_mp4-0018_jpg.rf.96a2f310e3b0d589b752559af3ec7e47.jpg,train,gravel,11,0.04083478009259256,0.0945050663102841,False,False
1991989f-1bf5-4e50-89bb-7301b220ac01_mp4-0018_jpg.rf.96a2f310e3b0d589b752559af3ec7e47.jpg,train,sand,15,0.006046630755388804,0.33489761236878085,False,False
1991989f-1bf5-4e50-89bb-7301b220ac01_mp4-0019_jpg.rf.5c807a45393dcf1d13acec9fb6dea105.jpg,train,gravel,10,0.014915183738425597,0.14215535122528764,False,False
1991989f-1bf5-4e50-89bb-7301b220ac01_mp4-0019_jpg.rf.5c807a45393dcf1d13acec9fb6dea105.jpg,train,gravel,42,0.20252257276295005,0.16202800662255087,False,False
1991989f-1bf5-4e50-89bb-7301b220ac01_mp4-0019_jpg.rf.5c807a45393dcf1d13acec9fb6dea105.jpg,train,gravel,15,0.04306369357638884,0.12549116102763178,False,False
1991989f-1bf5-4e50-89bb-7301b220ac01_mp4-0019_jpg.rf.5c807a45393dcf1d13acec9fb6dea105.jpg,train,sand,13,0.006379332513502867,0.2825746829720318,False,False
1991989f-1bf5-4e50-89bb-7301b220ac01_mp4-0020_jpg.rf.bd37ef4c9a99cf749fbb419fbf23baeb.jpg,train,gravel,31,0.19935023293125465,0.12053990273237736,False,False
1991989f-1bf5-4e50-89bb-7301b220ac01_mp4-0020_jpg.rf.bd37ef4c9a99cf749fbb419fbf23baeb.jpg,train,gravel,7,0.017371660397376587,0.09220508897693049,False,False
1991989f-1bf5-4e50-89bb-7301b220ac01_mp4-0020_jpg.rf.bd37ef4c9a99cf749fbb419fbf23baeb.jpg,train,gravel,15,0.03680193865740744,0.13574799603500015,False,False
1991989f-1bf5-4e50-89bb-7301b220ac01_mp4-0020_jpg.rf.bd37ef4c9a99cf749fbb419fbf23baeb.jpg,train,sand,19,0.005115200204354409,0.46121115144899155,False,True
1991989f-1bf5-4e50-89bb-7301b220ac01_mp4-0021_jpg.rf.235c164baa2897cfdff301cc64df3987.jpg,train,gravel,15,0.010463384934414677,0.25458491943570355,False,False
1991989f-1bf5-4e50-89bb-7301b220ac01_mp4-0021_jpg.rf.235c164baa2897cfdff301cc64df3987.jpg,train,gravel,50,0.20346605752676528,0.19244274183321985,False,False
1991989f-1bf5-4e50-89bb-7301b220ac01_mp4-0021_jpg.rf.235c164baa2897cfdff301cc64df3987.jpg,train,gravel,12,0.043946819540894966,0.09937909498347872,False,False
1991989f-1bf5-4e50-89bb-7301b220ac01_mp4-0021_jpg.rf.235c164baa2897cfdff301cc64df3987.jpg,train,sand,14,0.006164757345318073,0.30956193942805993,False,False
1991989f-1bf5-4e50-89bb-7301b220ac01_mp4-0023_jpg.rf.4aa45dc2f454f7512e50c9f33b613f0f.jpg,train,gravel,8,0.010187596450617509,0.13760418323075477,False,False
1991989f-1bf5-4e50-89bb-7301b220ac01_mp4-0023_jpg.rf.4aa45dc2f454f7512e50c9f33b613f0f.jpg,train,gravel,33,0.20845561211480046,0.12548293280328415,False,False
1991989f-1bf5-4e50-89bb-7301b220ac01_mp4-0023_jpg.rf.4aa45dc2f454f7512e50c9f33b613f0f.jpg,train,gravel,13,0.03398980034722232,0.12241836140758809,False,False
1991989f-1bf5-4e50-89bb-7301b220ac01_mp4-0023_jpg.rf.4aa45dc2f454f7512e50c9f33b613f0f.jpg,train,sand,12,0.006655115207248485,0.25537652533078115,False,False
1991989f-1bf5-4e50-89bb-7301b220ac01_mp4-0026_jpg.rf.66c195c418bb3365b33c867383d2b45c.jpg,train,gravel,6,0.009652596932869795,0.10602460940081561,False,False
1991989f-1bf5-4e50-89bb-7301b220ac01_mp4-0026_jpg.rf.66c195c418bb3365b33c867383d2b45c.jpg,train,gravel,15,0.03965024594907418,0.1307813550465894,False,False
1991989f-1bf5-4e50-89bb-7301b220ac01_mp4-0026_jpg.rf.66c195c418bb3365b33c867383d2b45c.jpg,train,gravel,36,0.2071528382432719,0.1373202461783649,False,False
1991989f-1bf5-4e50-89bb-7301b220ac01_mp4-0026_jpg.rf.66c195c418bb3365b33c867383d2b45c.jpg,train,sand,13,0.006462932692540058,0.28074113563966024,False,False
1991989f-1bf5-4e50-89bb-7301b220ac01_mp4-0027_jpg.rf.6138741d98daabcea25e2140cf547969.jpg,train,gravel,7,0.010933581693672423,0.11622360159870246,False,False
1991989f-1bf5-4e50-89bb-7301b220ac01_mp4-0027_jpg.rf.6138741d98daabcea25e2140cf547969.jpg,train,gravel,19,0.04236744068287046,0.16025625976477928,False,False
1991989f-1bf5-4e50-89bb-7301b220ac01_mp4-0027_jpg.rf.6138741d98daabcea25e2140cf547969.jpg,train,gravel,42,0.20778752173454507,0.1599620920267612,False,False
1991989f-1bf5-4e50-89bb-7301b220ac01_mp4-0027_jpg.rf.6138741d98daabcea25e2140cf547969.jpg,train,sand,10,0.006159851384669679,0.2212037063318654,False,False
1991989f-1bf5-4e50-89bb-7301b220ac01_mp4-0029_jpg.rf.318f086b13987cd67e2f5b5492060767.jpg,train,gravel,10,0.007491500289352082,0.20058253525670877,False,False
1991989f-1bf5-4e50-89bb-7301b220ac01_mp4-0029_jpg.rf.318f086b13987cd67e2f5b5492060767.jpg,train,gravel,10,0.02699562355324092,0.10566492153684404,False,False
1991989f-1bf5-4e50-89bb-7301b220ac01_mp4-0029_jpg.rf.318f086b13987cd67e2f5b5492060767.jpg,train,gravel,43,0.209503354067202,0.16309869345895966,False,False
1991989f-1bf5-4e50-89bb-7301b220ac01_mp4-0029_jpg.rf.318f086b13987cd67e2f5b5492060767.jpg,train,sand,12,0.005670770159686089,0.27665450075785963,False,False
1991989f-1bf5-4e50-89bb-7301b220ac01_mp4-0032_jpg.rf.f17160c7517c6aea88700276e01c090a.jpg,train,gravel,7,0.0032476731288584304,0.21325017714186875,False,False
1991989f-1bf5-4e50-89bb-7301b220ac01_mp4-0032_jpg.rf.f17160c7517c6aea88700276e01c090a.jpg,train,gravel,9,0.019068588445215973,0.11315161403110449,False,False
1991989f-1bf5-4e50-89bb-7301b220ac01_mp4-0032_jpg.rf.f17160c7517c6aea88700276e01c090a.jpg,train,gravel,37,0.22683767404212496,0.13487195350022815,False,False
1991989f-1bf5-4e50-89bb-7301b220ac01_mp4-0032_jpg.rf.f17160c7517c6aea88700276e01c090a.jpg,train,sand,7,0.004490981867283805,0.18134471605279687,False,False
1991989f-1bf5-4e50-89bb-7301b220ac01_mp4-0033_jpg.rf.600c85e7332b64d0bd0c10f7880bf50e.jpg,train,gravel,4,0.0021460262345678327,0.14990633779917467,False,False
1991989f-1bf5-4e50-89bb-7301b220ac01_mp4-0033_jpg.rf.600c85e7332b64d0bd0c10f7880bf50e.jpg,train,gravel,33,0.22536121602527004,0.12068460345228699,False,False
1991989f-1bf5-4e50-89bb-7301b220ac01_mp4-0033_jpg.rf.600c85e7332b64d0bd0c10f7880bf50e.jpg,train,gravel,10,0.019963770736882713,0.12287293429775141,False,False
1991989f-1bf5-4e50-89bb-7301b220ac01_mp4-0033_jpg.rf.600c85e7332b64d0bd0c10f7880bf50e.jpg,train,sand,12,0.0024737188343939565,0.41887418396681514,False,True
1991989f-1bf5-4e50-89bb-7301b220ac01_mp4-0034_jpg.rf.11cdbe4f1aa0dfb9ca80b38b78056205.jpg,train,gravel,7,0.003916799286265427,0.1941824150422957,False,False
1991989f-1bf5-4e50-89bb-7301b220ac01_mp4-0034_jpg.rf.11cdbe4f1aa0dfb9ca80b38b78056205.jpg,train,gravel,41,0.2195198670277536,0.15192332534937322,False,False
1991989f-1bf5-4e50-89bb-7301b220ac01_mp4-0034_jpg.rf.11cdbe4f1aa0dfb9ca80b38b78056205.jpg,train,gravel,8,0.019406165605709846,0.0997005690231488,False,False
1991989f-1bf5-4e50-89bb-7301b220ac01_mp4-0034_jpg.rf.11cdbe4f1aa0dfb9ca80b38b78056205.jpg,train,sand,8,0.002577039930555358,0.27359422722271826,False,False
1991989f-1bf5-4e50-89bb-7301b220ac01_mp4-0035_jpg.rf.a8c40be4bcc3e0e7f94d3672ce0752bc.jpg,train,gravel,5,0.0036515600887345734,0.1436508814193735,False,False
1991989f-1bf5-4e50-89bb-7301b220ac01_mp4-0035_jpg.rf.a8c40be4bcc3e0e7f94d3672ce0752bc.jpg,train,gravel,13,0.01746057581018512,0.17080146368385624,False,False
1991989f-1bf5-4e50-89bb-7301b220ac01_mp4-0035_jpg.rf.a8c40be4bcc3e0e7f94d3672ce0752bc.jpg,train,sand,6,0.003106011284722321,0.1869077254063961,False,False
1991989f-1bf5-4e50-89bb-7301b220ac01_mp4-0035_jpg.rf.a8c40be4bcc3e0e7f94d3672ce0752bc.jpg,train,gravel,41,0.21937571854504245,0.15197323041795482,False,False
1991989f-1bf5-4e50-89bb-7301b220ac01_mp4-0035_jpg.rf.a8c40be4bcc3e0e7f94d3672ce0752bc.jpg,train,gravel,6,0.0010866487283588966,0.315997887216503,False,False
1991989f-1bf5-4e50-89bb-7301b220ac01_mp4-0037_jpg.rf.990311651c1c36c5b4bfbd65c612c4cd.jpg,train,sand,12,0.0033689794334130774,0.3589298543774449,False,False
1991989f-1bf5-4e50-89bb-7301b220ac01_mp4-0037_jpg.rf.990311651c1c36c5b4bfbd65c612c4cd.jpg,train,gravel,10,0.01033796937692888,0.17074967899514348,False,False
1991989f-1bf5-4e50-89bb-7301b220ac01_mp4-0037_jpg.rf.990311651c1c36c5b4bfbd65c612c4cd.jpg,train,gravel,38,0.23773818113275258,0.13530431450084285,False,False
1991989f-1bf5-4e50-89bb-7301b220ac01_mp4-0037_jpg.rf.990311651c1c36c5b4bfbd65c612c4cd.jpg,train,gravel,6,0.00582772714120372,0.13645176642929788,False,False
1991989f-1bf5-4e50-89bb-7301b220ac01_mp4-0040_jpg.rf.281545d31cef1b2ebd418a8bcbcd3bd2.jpg,train,gravel,5,0.0017451533564816213,0.20779290873083736,False,False
1991989f-1bf5-4e50-89bb-7301b220ac01_mp4-0040_jpg.rf.281545d31cef1b2ebd418a8bcbcd3bd2.jpg,train,gravel,37,0.19745852623456805,0.14455772173318082,False,False
1991989f-1bf5-4e50-89bb-7301b220ac01_mp4-0040_jpg.rf.281545d31cef1b2ebd418a8bcbcd3bd2.jpg,train,sand,7,0.002037519290123635,0.26923076923075745,False,False
1991989f-1bf5-4e50-89bb-7301b220ac01_mp4-0040_jpg.rf.281545d31cef1b2ebd418a8bcbcd3bd2.jpg,train,gravel,14,0.0035355179398151027,0.408770013731632,False,True
1991989f-1bf5-4e50-89bb-7301b220ac01_mp4-0040_jpg.rf.281545d31cef1b2ebd418a8bcbcd3bd2.jpg,train,gravel,35,0.04289038387345734,0.2934037054367558,False,False
1991989f-1bf5-4e50-89bb-7301b220ac01_mp4-0042_jpg.rf.b7fac1c48698310c5b2787a325e508b5.jpg,train,gravel,32,0.03484429253472232,0.2976196963792068,False,False
1991989f-1bf5-4e50-89bb-7301b220ac01_mp4-0042_jpg.rf.b7fac1c48698310c5b2787a325e508b5.jpg,train,gravel,43,0.1951874156057123,0.16897407015857996,False,False
1991989f-1bf5-4e50-89bb-7301b220ac01_mp4-0042_jpg.rf.b7fac1c48698310c5b2787a325e508b5.jpg,train,sand,10,0.0019365475501542662,0.3945149215762414,False,False
1991989f-1bf5-4e50-89bb-7301b220ac01_mp4-0042_jpg.rf.b7fac1c48698310c5b2787a325e508b5.jpg,train,gravel,22,0.005190248842592782,0.5301589619830581,False,True
1991989f-1bf5-4e50-89bb-7301b220ac01_mp4-0042_jpg.rf.b7fac1c48698310c5b2787a325e508b5.jpg,train,gravel,15,0.001026294849537035,0.8128917219051081,False,True
1991989f-1bf5-4e50-89bb-7301b220ac01_mp4-0042_jpg.rf.b7fac1c48698310c5b2787a325e508b5.jpg,train,gravel,5,0.0023524908371913567,0.17897136508262648,False,False
1991989f-1bf5-4e50-89bb-7301b220ac01_mp4-0043_jpg.rf.08fc51f6c4d6e11ba483abbe36f89a09.jpg,train,gravel,34,0.23588764374005322,0.12153569182117764,False,False
1991989f-1bf5-4e50-89bb-7301b220ac01_mp4-0043_jpg.rf.08fc51f6c4d6e11ba483abbe36f89a09.jpg,train,gravel,4,0.0050546151620372015,0.09767725810109928,False,False
1991989f-1bf5-4e50-89bb-7301b220ac01_mp4-0043_jpg.rf.08fc51f6c4d6e11ba483abbe36f89a09.jpg,train,sand,7,0.0026885609567901536,0.23437733556384746,False,False
1991989f-1bf5-4e50-89bb-7301b220ac01_mp4-0043_jpg.rf.08fc51f6c4d6e11ba483abbe36f89a09.jpg,train,gravel,3,0.00128964614981192,0.1450318839136575,False,False
1991989f-1bf5-4e50-89bb-7301b220ac01_mp4-0043_jpg.rf.08fc51f6c4d6e11ba483abbe36f89a09.jpg,train,gravel,6,0.0010001155116705074,0.3293848995835497,False,False
1991989f-1bf5-4e50-89bb-7301b220ac01_mp4-0043_jpg.rf.08fc51f6c4d6e11ba483abbe36f89a09.jpg,train,gravel,7,0.00239619502314814,0.24826441574616848,False,False
1991989f-1bf5-4e50-89bb-7301b220ac01_mp4-0044_jpg.rf.c21b7fa2f046b6f1581e7e265200655d.jpg,train,gravel,27,0.23369833863811706,0.09696465760257117,False,False
1991989f-1bf5-4e50-89bb-7301b220ac01_mp4-0044_jpg.rf.c21b7fa2f046b6f1581e7e265200655d.jpg,train,gravel,5,0.0035340108989196928,0.14602041508114352,False,False
1991989f-1bf5-4e50-89bb-7301b220ac01_mp4-0044_jpg.rf.c21b7fa2f046b6f1581e7e265200655d.jpg,train,sand,5,0.0017813223379630205,0.20567251744742845,False,False
1991989f-1bf5-4e50-89bb-7301b220ac01_mp4-0044_jpg.rf.c21b7fa2f046b6f1581e7e265200655d.jpg,train,gravel,5,0.0025453920717591894,0.1720561407545363,False,False
1991989f-1bf5-4e50-89bb-7301b220ac01_mp4-0045_jpg.rf.dad18bcf1520fce864fae4b34edb716b.jpg,train,sand,8,0.0019892939814813992,0.3113995776646156,False,False
1991989f-1bf5-4e50-89bb-7301b220ac01_mp4-0045_jpg.rf.dad18bcf1520fce864fae4b34edb716b.jpg,train,gravel,9,0.004129292052469147,0.24315445213123432,False,False
1991989f-1bf5-4e50-89bb-7301b220ac01_mp4-0045_jpg.rf.dad18bcf1520fce864fae4b34edb716b.jpg,train,gravel,32,0.23664761766975229,0.1142027144121892,False,False
1991989f-1bf5-4e50-89bb-7301b220ac01_mp4-0046_jpg.rf.ce3f260f61e43f4b7662b3136e5c688e.jpg,train,gravel,40,0.23846921193516124,0.14220712279631093,False,False
1991989f-1bf5-4e50-89bb-7301b220ac01_mp4-0046_jpg.rf.ce3f260f61e43f4b7662b3136e5c688e.jpg,train,gravel,6,0.004112714602623857,0.16242934027640582,False,False
1991989f-1bf5-4e50-89bb-7301b220ac01_mp4-0046_jpg.rf.ce3f260f61e43f4b7662b3136e5c688e.jpg,train,sand,7,0.0026523919753085323,0.23596995186213962,False,False
1991989f-1bf5-4e50-89bb-7301b220ac01_mp4-0046_jpg.rf.ce3f260f61e43f4b7662b3136e5c688e.jpg,train,gravel,17,0.0011046609760803072,0.8879978860144452,False,True
1991989f-1bf5-4e50-89bb-7301b220ac01_mp4-0047_jpg.rf.bec0389a1085753ce2c0334f1efffe11.jpg,train,gravel,18,0.042528694058642014,0.15153361998989884,False,False
1991989f-1bf5-4e50-89bb-7301b220ac01_mp4-0047_jpg.rf.bec0389a1085753ce2c0334f1efffe11.jpg,train,gravel,39,0.20341062055121562,0.1501257918861629,False,False
1991989f-1bf5-4e50-89bb-7301b220ac01_mp4-0047_jpg.rf.bec0389a1085753ce2c0334f1efffe11.jpg,train,gravel,5,0.00300844637496378,0.158261903012817,False,False
1991989f-1bf5-4e50-89bb-7301b220ac01_mp4-0047_jpg.rf.bec0389a1085753ce2c0334f1efffe11.jpg,train,gravel,19,0.0010308159722222654,1.0274023338281413,False,True
1991989f-1bf5-4e50-89bb-7301b220ac01_mp4-0047_jpg.rf.bec0389a1085753ce2c0334f1efffe11.jpg,train,gravel,11,0.001190562307098797,0.553470065969283,False,True
1991989f-1bf5-4e50-89bb-7301b220ac01_mp4-0047_jpg.rf.bec0389a1085753ce2c0334f1efffe11.jpg,train,sand,17,0.002486617476851194,0.5918640302494509,False,True
1991989f-1bf5-4e50-89bb-7301b220ac01_mp4-0048_jpg.rf.2bc33a1a41c50e4458ed07c00ae1a94f.jpg,train,gravel,21,0.04665647907021597,0.16878771368142495,False,False
1991989f-1bf5-4e50-89bb-7301b220ac01_mp4-0048_jpg.rf.2bc33a1a41c50e4458ed07c00ae1a94f.jpg,train,gravel,36,0.1977614414544746,0.14054299618928906,False,False
1991989f-1bf5-4e50-89bb-7301b220ac01_mp4-0048_jpg.rf.2bc33a1a41c50e4458ed07c00ae1a94f.jpg,train,sand,9,0.0030864197530866555,0.2812499999999893,False,False
1991989f-1bf5-4e50-89bb-7301b220ac01_mp4-0048_jpg.rf.2bc33a1a41c50e4458ed07c00ae1a94f.jpg,train,gravel,23,0.0012945481288580418,1.1098039135027686,False,True
1991989f-1bf5-4e50-89bb-7301b220ac01_mp4-0048_jpg.rf.2bc33a1a41c50e4458ed07c00ae1a94f.jpg,train,gravel,12,0.001312632619598797,0.5750255822193053,False,True
1991989f-1bf5-4e50-89bb-7301b220ac01_mp4-0048_jpg.rf.2bc33a1a41c50e4458ed07c00ae1a94f.jpg,train,gravel,6,0.0033441237461424578,0.18013064209044002,False,False
1991989f-1bf5-4e50-89bb-7301b220ac01_mp4-0053_jpg.rf.b02c295c5a58c1b6ba17b582a8056c73.jpg,train,gravel,22,0.039567358699845734,0.1920134572824679,False,False
1991989f-1bf5-4e50-89bb-7301b220ac01_mp4-0053_jpg.rf.b02c295c5a58c1b6ba17b582a8056c73.jpg,train,gravel,46,0.24446071870780361,0.16152167369487466,False,False
1991989f-1bf5-4e50-89bb-7301b220ac01_mp4-0053_jpg.rf.b02c295c5a58c1b6ba17b582a8056c73.jpg,train,gravel,5,0.0012644073109568943,0.2441203712546269,False,False
1991989f-1bf5-4e50-89bb-7301b220ac01_mp4-0053_jpg.rf.b02c295c5a58c1b6ba17b582a8056c73.jpg,train,sand,8,0.003241644965277679,0.24394098866472277,False,False
1991989f-1bf5-4e50-89bb-7301b220ac01_mp4-0054_jpg.rf.8de5d90a9a4f332a747216fb41eff90f.jpg,train,gravel,20,0.04387146749614246,0.16577400556156827,False,False
1991989f-1bf5-4e50-89bb-7301b220ac01_mp4-0054_jpg.rf.8de5d90a9a4f332a747216fb41eff90f.jpg,train,gravel,41,0.2426917805492259,0.1444886852556524,False,False
1991989f-1bf5-4e50-89bb-7301b220ac01_mp4-0054_jpg.rf.8de5d90a9a4f332a747216fb41eff90f.jpg,train,sand,8,0.0027518566743829354,0.2647613569285875,False,False
1991989f-1bf5-4e50-89bb-7301b220ac01_mp4-0056_jpg.rf.92ce524d08466150ed65529ff6689ce1.jpg,train,gravel,17,0.04477418499228314,0.1394802102359296,False,False
1991989f-1bf5-4e50-89bb-7301b220ac01_mp4-0056_jpg.rf.92ce524d08466150ed65529ff6689ce1.jpg,train,gravel,46,0.2439495895785111,0.16169079722817142,False,False
1991989f-1bf5-4e50-89bb-7301b220ac01_mp4-0056_jpg.rf.92ce524d08466150ed65529ff6689ce1.jpg,train,gravel,4,0.0015522521219135804,0.1762610596956927,False,False
1991989f-1bf5-4e50-89bb-7301b220ac01_mp4-0056_jpg.rf.92ce524d08466150ed65529ff6689ce1.jpg,train,sand,9,0.001739125192901092,0.37467490240964735,False,False
1991989f-1bf5-4e50-89bb-7301b220ac01_mp4-0057_jpg.rf.3446a8e9e0c97d35562e3cf55239003e.jpg,train,gravel,19,0.04337715808256126,0.15838008435549375,False,False
1991989f-1bf5-4e50-89bb-7301b220ac01_mp4-0057_jpg.rf.3446a8e9e0c97d35562e3cf55239003e.jpg,train,gravel,49,0.24714441790093034,0.1711189842864527,False,False
1991989f-1bf5-4e50-89bb-7301b220ac01_mp4-0057_jpg.rf.3446a8e9e0c97d35562e3cf55239003e.jpg,train,gravel,7,0.0010941116898147973,0.3674047167570375,False,False
1991989f-1bf5-4e50-89bb-7301b220ac01_mp4-0057_jpg.rf.3446a8e9e0c97d35562e3cf55239003e.jpg,train,gravel,4,0.001180013020833334,0.20215947828770753,False,False
1991989f-1bf5-4e50-89bb-7301b220ac01_mp4-0057_jpg.rf.3446a8e9e0c97d35562e3cf55239003e.jpg,train,gravel,16,0.002807617187499556,0.5242380663285646,False,True
1991989f-1bf5-4e50-89bb-7301b220ac01_mp4-0058_jpg.rf.dfc4f996a3927a5b4e75d763696254ee.jpg,train,gravel,21,0.04310438368055536,0.17560468218497619,False,False
1991989f-1bf5-4e50-89bb-7301b220ac01_mp4-0058_jpg.rf.dfc4f996a3927a5b4e75d763696254ee.jpg,train,gravel,42,0.2468576680561565,0.14675857829128858,False,False
1991989f-1bf5-4e50-89bb-7301b220ac01_mp4-0058_jpg.rf.dfc4f996a3927a5b4e75d763696254ee.jpg,train,gravel,9,0.0026192370756175087,0.30530408919872815,False,False
1991989f-1bf5-4e50-89bb-7301b220ac01_mp4-0058_jpg.rf.dfc4f996a3927a5b4e75d763696254ee.jpg,train,gravel,6,0.002099307966820993,0.2273477654626842,False,False
1991989f-1bf5-4e50-89bb-7301b220ac01_mp4-0059_jpg.rf.ea6ba40e5409b1acf5dabec1aa15a509.jpg,train,gravel,15,0.04298683449074048,0.12560329801746867,False,False
1991989f-1bf5-4e50-89bb-7301b220ac01_mp4-0059_jpg.rf.ea6ba40e5409b1acf5dabec1aa15a509.jpg,train,gravel,36,0.26086477675449693,0.12236924939289338,False,False
1991989f-1bf5-4e50-89bb-7301b220ac01_mp4-0059_jpg.rf.ea6ba40e5409b1acf5dabec1aa15a509.jpg,train,gravel,7,0.003708827642746916,0.1995525266436938,False,False
1991989f-1bf5-4e50-89bb-7301b220ac01_mp4-0060_jpg.rf.6926eaf14201ada0346fb6fbeb5feaeb.jpg,train,gravel,26,0.30432877413978066,0.08182374562946922,False,False
1991989f-1bf5-4e50-89bb-7301b220ac01_mp4-0060_jpg.rf.6926eaf14201ada0346fb6fbeb5feaeb.jpg,train,gravel,11,0.0033591941550925736,0.32949789826623616,False,False
1991989f-1bf5-4e50-89bb-7301b220ac01_mp4-0062_jpg.rf.70770885a045cd7eba5a6d46c8bde944.jpg,train,gravel,28,0.3039389310558924,0.08817437339184327,False,False
1991989f-1bf5-4e50-89bb-7301b220ac01_mp4-0062_jpg.rf.70770885a045cd7eba5a6d46c8bde944.jpg,train,gravel,12,0.005466037326388867,0.28178798147053935,False,False
1991989f-1bf5-4e50-89bb-7301b220ac01_mp4-0063_jpg.rf.8198504d7a93ad91edd75318f35e05b0.jpg,train,gravel,19,0.04286777826003085,0.15931828756180488,False,False
1991989f-1bf5-4e50-89bb-7301b220ac01_mp4-0063_jpg.rf.8198504d7a93ad91edd75318f35e05b0.jpg,train,gravel,39,0.2575414347918459,0.13341927248135665,False,False
1991989f-1bf5-4e50-89bb-7301b220ac01_mp4-0063_jpg.rf.8198504d7a93ad91edd75318f35e05b0.jpg,train,sand,6,0.0027804904513892836,0.1975459193299039,False,False
1991989f-1bf5-4e50-89bb-7301b220ac01_mp4-0063_jpg.rf.8198504d7a93ad91edd75318f35e05b0.jpg,train,gravel,7,0.0028678988233024616,0.22693090426970133,False,False
1991989f-1bf5-4e50-89bb-7301b220ac01_mp4-0063_jpg.rf.8198504d7a93ad91edd75318f35e05b0.jpg,train,gravel,12,0.0010579427083333148,0.6405126152203542,False,True
1991989f-1bf5-4e50-89bb-7301b220ac01_mp4-0064_jpg.rf.39bb82e648c61047ec856ec8ed86a034.jpg,train,gravel,24,0.3015912591085552,0.0758716245296068,False,False
1991989f-1bf5-4e50-89bb-7301b220ac01_mp4-0064_jpg.rf.39bb82e648c61047ec856ec8ed86a034.jpg,train,gravel,8,0.0011498722029320563,0.40958374803931785,False,True
1991989f-1bf5-4e50-89bb-7301b220ac01_mp4-0064_jpg.rf.39bb82e648c61047ec856ec8ed86a034.jpg,train,gravel,6,0.004313151041666664,0.1586103171436289,False,False
26af764e-8020-42d8-9c9c-841a31f39dcc_jpg.rf.a63303c17dd77ab4b085512ca8d33713.jpg,valid,gravel,100,0.21263829865181805,0.16945489772167388,False,False
26af764e-8020-42d8-9c9c-841a31f39dcc_jpg.rf.a63303c17dd77ab4b085512ca8d33713.jpg,valid,gravel,11,0.0010083895076201665,0.27067827252603915,False,False
26af764e-8020-42d8-9c9c-841a31f39dcc_jpg.rf.a63303c17dd77ab4b085512ca8d33713.jpg,valid,gravel,22,0.016472709981926514,0.1339414588180038,False,False
26af764e-8020-42d8-9c9c-841a31f39dcc_jpg.rf.a63303c17dd77ab4b085512ca8d33713.jpg,valid,gravel,33,0.07877955255959401,0.09187176396189704,False,False
26af764e-8020-42d8-9c9c-841a31f39dcc_jpg.rf.a63303c17dd77ab4b085512ca8d33713.jpg,valid,gravel,28,0.007605509964831114,0.2508815542662013,False,False
2be0c9f6-caf7-4f26-9b59-b1299865a721_mp4-0000_jpg.rf.9b485b811ccf258cb48b6c004fcd1d45.jpg,train,sand,18,0.029633076935762226,0.21784264096940723,False,False
2be0c9f6-caf7-4f26-9b59-b1299865a721_mp4-0000_jpg.rf.9b485b811ccf258cb48b6c004fcd1d45.jpg,train,sand,21,0.049709201388889124,0.1962274067131719,False,False
2be0c9f6-caf7-4f26-9b59-b1299865a721_mp4-0000_jpg.rf.9b485b811ccf258cb48b6c004fcd1d45.jpg,train,sand,26,0.13807942708333343,0.14576982163971872,False,False
2be0c9f6-caf7-4f26-9b59-b1299865a721_mp4-0000_jpg.rf.9b485b811ccf258cb48b6c004fcd1d45.jpg,train,sand,10,0.0393272569444445,0.10505384075852339,False,False
2be0c9f6-caf7-4f26-9b59-b1299865a721_mp4-0000_jpg.rf.9b485b811ccf258cb48b6c004fcd1d45.jpg,train,sand,3,0.0010742187500000014,0.19069251784911834,False,False
2be0c9f6-caf7-4f26-9b59-b1299865a721_mp4-0001_jpg.rf.3ed8a7f1802b523ec0331173e713a9a4.jpg,train,sand,18,0.028263888888888644,0.22305671869347532,False,False
2be0c9f6-caf7-4f26-9b59-b1299865a721_mp4-0001_jpg.rf.3ed8a7f1802b523ec0331173e713a9a4.jpg,train,sand,5,0.0017361111111111119,0.24999999999999994,False,False
2be0c9f6-caf7-4f26-9b59-b1299865a721_mp4-0001_jpg.rf.3ed8a7f1802b523ec0331173e713a9a4.jpg,train,sand,5,0.001354166666666684,0.2830692585361471,False,False
2be0c9f6-caf7-4f26-9b59-b1299865a721_mp4-0001_jpg.rf.3ed8a7f1802b523ec0331173e713a9a4.jpg,train,sand,14,0.0461653645833332,0.13574650707217797,False,False
2be0c9f6-caf7-4f26-9b59-b1299865a721_mp4-0001_jpg.rf.3ed8a7f1802b523ec0331173e713a9a4.jpg,train,sand,26,0.12043185763888964,0.15608508956704245,False,False
2be0c9f6-caf7-4f26-9b59-b1299865a721_mp4-0001_jpg.rf.3ed8a7f1802b523ec0331173e713a9a4.jpg,train,sand,11,0.0026231868055556218,0.4474420933710674,False,True
2be0c9f6-caf7-4f26-9b59-b1299865a721_mp4-0001_jpg.rf.43b844b10ac57a1a1ec7eb87821eb352.jpg,train,sand,22,0.029213640247395922,0.2681566707216765,False,False
2be0c9f6-caf7-4f26-9b59-b1299865a721_mp4-0001_jpg.rf.43b844b10ac57a1a1ec7eb87821eb352.jpg,train,sand,4,0.0010677083333333337,0.2550306852253353,False,False
2be0c9f6-caf7-4f26-9b59-b1299865a721_mp4-0001_jpg.rf.43b844b10ac57a1a1ec7eb87821eb352.jpg,train,sand,5,0.0010915798611111083,0.31528333055971625,False,False
2be0c9f6-caf7-4f26-9b59-b1299865a721_mp4-0001_jpg.rf.43b844b10ac57a1a1ec7eb87821eb352.jpg,train,sand,21,0.047693142361110885,0.20033189006815036,False,False
2be0c9f6-caf7-4f26-9b59-b1299865a721_mp4-0001_jpg.rf.43b844b10ac57a1a1ec7eb87821eb352.jpg,train,sand,27,0.14010633680555618,0.15027738791813022,False,False
2be0c9f6-caf7-4f26-9b59-b1299865a721_mp4-0001_jpg.rf.43b844b10ac57a1a1ec7eb87821eb352.jpg,train,sand,12,0.04013671874999991,0.12478692301566616,False,False
2be0c9f6-caf7-4f26-9b59-b1299865a721_mp4-0002_jpg.rf.4dfea425940bb2bde8d93defc59899de.jpg,train,sand,19,0.02974131233073063,0.22952621746896512,False,False
2be0c9f6-caf7-4f26-9b59-b1299865a721_mp4-0002_jpg.rf.4dfea425940bb2bde8d93defc59899de.jpg,train,sand,22,0.044984809027777795,0.21609688312742995,False,False
2be0c9f6-caf7-4f26-9b59-b1299865a721_mp4-0002_jpg.rf.4dfea425940bb2bde8d93defc59899de.jpg,train,sand,30,0.14111328124999822,0.16637806616154163,False,False
2be0c9f6-caf7-4f26-9b59-b1299865a721_mp4-0002_jpg.rf.4dfea425940bb2bde8d93defc59899de.jpg,train,sand,11,0.04190104166666653,0.11195385121626943,False,False
2be0c9f6-caf7-4f26-9b59-b1299865a721_mp4-0002_jpg.rf.98821ac14bb080a4620ac8dd3a65ea95.jpg,train,sand,20,0.028018663194443683,0.24892301519312604,False,False
2be0c9f6-caf7-4f26-9b59-b1299865a721_mp4-0002_jpg.rf.98821ac14bb080a4620ac8dd3a65ea95.jpg,train,sand,5,0.0019466145833333288,0.23609608232494309,False,False
2be0c9f6-caf7-4f26-9b59-b1299865a721_mp4-0002_jpg.rf.98821ac14bb080a4620ac8dd3a65ea95.jpg,train,sand,11,0.0014279513888889594,0.6064496310619535,False,True
2be0c9f6-caf7-4f26-9b59-b1299865a721_mp4-0002_jpg.rf.98821ac14bb080a4620ac8dd3a65ea95.jpg,train,sand,21,0.044053819444444864,0.20844250013389434,False,False
2be0c9f6-caf7-4f26-9b59-b1299865a721_mp4-0002_jpg.rf.98821ac14bb080a4620ac8dd3a65ea95.jpg,train,sand,21,0.04501736111111132,0.20619970550401365,False,False
2be0c9f6-caf7-4f26-9b59-b1299865a721_mp4-0002_jpg.rf.98821ac14bb080a4620ac8dd3a65ea95.jpg,train,sand,32,0.11889756944444407,0.19334023966403024,False,False
2be0c9f6-caf7-4f26-9b59-b1299865a721_mp4-0002_jpg.rf.98821ac14bb080a4620ac8dd3a65ea95.jpg,train,sand,9,0.0027907986111109784,0.354925353026303,False,False
2be0c9f6-caf7-4f26-9b59-b1299865a721_mp4-0003_jpg.rf.54b78678f35daa53a2b1eda1a459276f.jpg,train,sand,18,0.02752170138888843,0.22604433554905232,False,False
2be0c9f6-caf7-4f26-9b59-b1299865a721_mp4-0003_jpg.rf.54b78678f35daa53a2b1eda1a459276f.jpg,train,sand,4,0.002480468749999999,0.16732154803684232,False,False
2be0c9f6-caf7-4f26-9b59-b1299865a721_mp4-0003_jpg.rf.54b78678f35daa53a2b1eda1a459276f.jpg,train,sand,7,0.0024609374999999822,0.2939723678960667,False,False
2be0c9f6-caf7-4f26-9b59-b1299865a721_mp4-0003_jpg.rf.54b78678f35daa53a2b1eda1a459276f.jpg,train,sand,20,0.04493489583333332,0.1965607898661825,False,False
2be0c9f6-caf7-4f26-9b59-b1299865a721_mp4-0003_jpg.rf.54b78678f35daa53a2b1eda1a459276f.jpg,train,sand,28,0.11787543402777789,0.16990460172636787,False,False
2be0c9f6-caf7-4f26-9b59-b1299865a721_mp4-0003_jpg.rf.54b78678f35daa53a2b1eda1a459276f.jpg,train,sand,27,0.0313085937499995,0.31790015970562596,False,False
2be0c9f6-caf7-4f26-9b59-b1299865a721_mp4-0003_jpg.rf.54b78678f35daa53a2b1eda1a459276f.jpg,train,sand,7,0.006443142361111098,0.1816803421288778,False,False
2be0c9f6-caf7-4f26-9b59-b1299865a721_mp4-0003_jpg.rf.54b78678f35daa53a2b1eda1a459276f.jpg,train,sand,4,0.0015863715277777968,0.20922631238637535,False,False
2be0c9f6-caf7-4f26-9b59-b1299865a721_mp4-0003_jpg.rf.aa7f99d843383387a0ffbd24f5d9550b.jpg,train,sand,14,0.02964829845703143,0.16938966587861143,False,False
2be0c9f6-caf7-4f26-9b59-b1299865a721_mp4-0003_jpg.rf.aa7f99d843383387a0ffbd24f5d9550b.jpg,train,sand,5,0.0010004340277777746,0.3293324609693926,False,False
2be0c9f6-caf7-4f26-9b59-b1299865a721_mp4-0003_jpg.rf.aa7f99d843383387a0ffbd24f5d9550b.jpg,train,sand,5,0.0010503472222222199,0.32141217326661287,False,False
2be0c9f6-caf7-4f26-9b59-b1299865a721_mp4-0003_jpg.rf.aa7f99d843383387a0ffbd24f5d9550b.jpg,train,sand,21,0.047471788194444864,0.20079840636817725,False,False
2be0c9f6-caf7-4f26-9b59-b1299865a721_mp4-0003_jpg.rf.aa7f99d843383387a0ffbd24f5d9550b.jpg,train,sand,34,0.14067708333333329,0.18885391917852928,False,False
2be0c9f6-caf7-4f26-9b59-b1299865a721_mp4-0003_jpg.rf.aa7f99d843383387a0ffbd24f5d9550b.jpg,train,sand,10,0.04289496527777781,0.10059018394325123,False,False
2be0c9f6-caf7-4f26-9b59-b1299865a721_mp4-0004_jpg.rf.1d2c1945f06dc4da62d79c19a01523fe.jpg,train,sand,17,0.027934027777778425,0.21190485335129453,False,False
2be0c9f6-caf7-4f26-9b59-b1299865a721_mp4-0004_jpg.rf.1d2c1945f06dc4da62d79c19a01523fe.jpg,train,sand,5,0.003550347222222222,0.1748209003187664,False,False
2be0c9f6-caf7-4f26-9b59-b1299865a721_mp4-0004_jpg.rf.1d2c1945f06dc4da62d79c19a01523fe.jpg,train,sand,9,0.0015212673611110228,0.4807269815738841,False,True
2be0c9f6-caf7-4f26-9b59-b1299865a721_mp4-0004_jpg.rf.1d2c1945f06dc4da62d79c19a01523fe.jpg,train,sand,18,0.04847222222222225,0.17032751192350445,False,False
2be0c9f6-caf7-4f26-9b59-b1299865a721_mp4-0004_jpg.rf.1d2c1945f06dc4da62d79c19a01523fe.jpg,train,sand,27,0.11631076388888939,0.16493490428330804,False,False
2be0c9f6-caf7-4f26-9b59-b1299865a721_mp4-0004_jpg.rf.1d2c1945f06dc4da62d79c19a01523fe.jpg,train,sand,6,0.00306206597222225,0.22589298344935563,False,False
2be0c9f6-caf7-4f26-9b59-b1299865a721_mp4-0004_jpg.rf.f33d09518e3422efe196aa2431867acc.jpg,train,sand,14,0.029820700954861223,0.16889930966370215,False,False
2be0c9f6-caf7-4f26-9b59-b1299865a721_mp4-0004_jpg.rf.f33d09518e3422efe196aa2431867acc.jpg,train,sand,20,0.049420572916666794,0.187428172398242,False,False
2be0c9f6-caf7-4f26-9b59-b1299865a721_mp4-0004_jpg.rf.f33d09518e3422efe196aa2431867acc.jpg,train,sand,34,0.14154296874999872,0.18827537855891893,False,False
2be0c9f6-caf7-4f26-9b59-b1299865a721_mp4-0004_jpg.rf.f33d09518e3422efe196aa2431867acc.jpg,train,sand,16,0.0433289930555556,0.16013617364601587,False,False
2be0c9f6-caf7-4f26-9b59-b1299865a721_mp4-0004_jpg.rf.f33d09518e3422efe196aa2431867acc.jpg,train,sand,3,0.0010243055555555526,0.1952833664712361,False,False
2be0c9f6-caf7-4f26-9b59-b1299865a721_mp4-0005_jpg.rf.223a58adafabd4965514783a97f5910b.jpg,train,sand,18,0.027387152777778923,0.22659891470569352,False,False
2be0c9f6-caf7-4f26-9b59-b1299865a721_mp4-0005_jpg.rf.223a58adafabd4965514783a97f5910b.jpg,train,sand,21,0.04841145833333327,0.1988401008127684,False,False
2be0c9f6-caf7-4f26-9b59-b1299865a721_mp4-0005_jpg.rf.223a58adafabd4965514783a97f5910b.jpg,train,sand,32,0.1423611111111125,0.1766904417197536,False,False
2be0c9f6-caf7-4f26-9b59-b1299865a721_mp4-0005_jpg.rf.223a58adafabd4965514783a97f5910b.jpg,train,sand,12,0.04379991319444443,0.11945473901333672,False,False
2be0c9f6-caf7-4f26-9b59-b1299865a721_mp4-0005_jpg.rf.223a58adafabd4965514783a97f5910b.jpg,train,sand,9,0.00403862847222225,0.2950423243074182,False,False
2be0c9f6-caf7-4f26-9b59-b1299865a721_mp4-0005_jpg.rf.223a58adafabd4965514783a97f5910b.jpg,train,sand,3,0.0011458333333333355,0.18463723646899893,False,False
2be0c9f6-caf7-4f26-9b59-b1299865a721_mp4-0005_jpg.rf.223a58adafabd4965514783a97f5910b.jpg,train,sand,5,0.0011914062499999989,0.30178582014172856,False,False
2be0c9f6-caf7-4f26-9b59-b1299865a721_mp4-0005_jpg.rf.92f5d5204e03ed6d7586cc78fa302b05.jpg,train,sand,16,0.027426215277778,0.20127776667454594,False,False
2be0c9f6-caf7-4f26-9b59-b1299865a721_mp4-0005_jpg.rf.92f5d5204e03ed6d7586cc78fa302b05.jpg,train,sand,5,0.004680989583333343,0.15225092140633295,False,False
2be0c9f6-caf7-4f26-9b59-b1299865a721_mp4-0005_jpg.rf.92f5d5204e03ed6d7586cc78fa302b05.jpg,train,sand,6,0.0010460069444444553,0.3864939758404965,False,False
2be0c9f6-caf7-4f26-9b59-b1299865a721_mp4-0005_jpg.rf.92f5d5204e03ed6d7586cc78fa302b05.jpg,train,sand,14,0.051786024305555456,0.1281682672224004,False,False
2be0c9f6-caf7-4f26-9b59-b1299865a721_mp4-0005_jpg.rf.92f5d5204e03ed6d7586cc78fa302b05.jpg,train,sand,27,0.11830729166666565,0.16353728014944946,False,False
2be0c9f6-caf7-4f26-9b59-b1299865a721_mp4-0005_jpg.rf.92f5d5204e03ed6d7586cc78fa302b05.jpg,train,sand,7,0.002827690972222241,0.2742463334664658,False,False
2be0c9f6-caf7-4f26-9b59-b1299865a721_mp4-0007_jpg.rf.5c1fd70ea6bd65a01c69964bb20daf93.jpg,train,sand,17,0.027020399305555998,0.21545759243670817,False,False
2be0c9f6-caf7-4f26-9b59-b1299865a721_mp4-0007_jpg.rf.5c1fd70ea6bd65a01c69964bb20daf93.jpg,train,sand,5,0.004405381944444446,0.1569412051435861,False,False
2be0c9f6-caf7-4f26-9b59-b1299865a721_mp4-0007_jpg.rf.5c1fd70ea6bd65a01c69964bb20daf93.jpg,train,sand,7,0.0011697048611111205,0.4264014327112192,False,True
2be0c9f6-caf7-4f26-9b59-b1299865a721_mp4-0007_jpg.rf.5c1fd70ea6bd65a01c69964bb20daf93.jpg,train,sand,19,0.04989366319444466,0.1772105885950126,False,False
2be0c9f6-caf7-4f26-9b59-b1299865a721_mp4-0007_jpg.rf.5c1fd70ea6bd65a01c69964bb20daf93.jpg,train,sand,28,0.11875651041666568,0.169273151592787,False,False
2be0c9f6-caf7-4f26-9b59-b1299865a721_mp4-0007_jpg.rf.5c1fd70ea6bd65a01c69964bb20daf93.jpg,train,sand,6,0.0037456597222222388,0.2042423752709388,False,False
2be0c9f6-caf7-4f26-9b59-b1299865a721_mp4-0007_jpg.rf.60fe8d8acf8c9f972d7f6c1dd6685d36.jpg,train,sand,10,0.003301866319444846,0.36255927478933847,False,False
2be0c9f6-caf7-4f26-9b59-b1299865a721_mp4-0007_jpg.rf.60fe8d8acf8c9f972d7f6c1dd6685d36.jpg,train,sand,14,0.04702690972222201,0.1344973036477295,False,False
2be0c9f6-caf7-4f26-9b59-b1299865a721_mp4-0007_jpg.rf.60fe8d8acf8c9f972d7f6c1dd6685d36.jpg,train,sand,21,0.053140190972222,0.18978701794900057,False,False
2be0c9f6-caf7-4f26-9b59-b1299865a721_mp4-0007_jpg.rf.60fe8d8acf8c9f972d7f6c1dd6685d36.jpg,train,sand,55,0.16752789930555423,0.27994832976790823,False,False
2be0c9f6-caf7-4f26-9b59-b1299865a721_mp4-0007_jpg.rf.60fe8d8acf8c9f972d7f6c1dd6685d36.jpg,train,sand,6,0.001312934027777768,0.3449757447456427,False,False
2be0c9f6-caf7-4f26-9b59-b1299865a721_mp4-0008_jpg.rf.16c7b3f12069753da2e126092e38518d.jpg,train,sand,19,0.027172309027777786,0.2401314763799337,False,False
2be0c9f6-caf7-4f26-9b59-b1299865a721_mp4-0008_jpg.rf.16c7b3f12069753da2e126092e38518d.jpg,train,sand,7,0.004717881944444446,0.21231626615058277,False,False
2be0c9f6-caf7-4f26-9b59-b1299865a721_mp4-0008_jpg.rf.16c7b3f12069753da2e126092e38518d.jpg,train,sand,12,0.003964843749999947,0.3970333335883748,False,False
2be0c9f6-caf7-4f26-9b59-b1299865a721_mp4-0008_jpg.rf.16c7b3f12069753da2e126092e38518d.jpg,train,sand,16,0.0505989583333335,0.14818626680261845,False,False
2be0c9f6-caf7-4f26-9b59-b1299865a721_mp4-0008_jpg.rf.16c7b3f12069753da2e126092e38518d.jpg,train,sand,31,0.1207769097222231,0.18583542269097347,False,False
2be0c9f6-caf7-4f26-9b59-b1299865a721_mp4-0008_jpg.rf.16c7b3f12069753da2e126092e38518d.jpg,train,sand,7,0.0051540798611111605,0.2031333500308023,False,False
2be0c9f6-caf7-4f26-9b59-b1299865a721_mp4-0010_jpg.rf.650f61a40c4bcf230b7cd2e10ca2a883.jpg,train,sand,19,0.026848958333333783,0.24157313930971538,False,False
2be0c9f6-caf7-4f26-9b59-b1299865a721_mp4-0010_jpg.rf.650f61a40c4bcf230b7cd2e10ca2a883.jpg,train,sand,6,0.004157986111111109,0.1938512009253716,False,False
2be0c9f6-caf7-4f26-9b59-b1299865a721_mp4-0010_jpg.rf.650f61a40c4bcf230b7cd2e10ca2a883.jpg,train,sand,14,0.04885850694444449,0.13195222040343543,False,False
2be0c9f6-caf7-4f26-9b59-b1299865a721_mp4-0010_jpg.rf.650f61a40c4bcf230b7cd2e10ca2a883.jpg,train,sand,30,0.11988715277777828,0.18050685282204446,False,False
2be0c9f6-caf7-4f26-9b59-b1299865a721_mp4-0010_jpg.rf.650f61a40c4bcf230b7cd2e10ca2a883.jpg,train,sand,8,0.00569010416666671,0.22094727066644218,False,False
2be0c9f6-caf7-4f26-9b59-b1299865a721_mp4-0010_jpg.rf.6cbf10a43d8971007292b71e787b711f.jpg,train,sand,19,0.02638224609374973,0.24370053354967147,False,False
2be0c9f6-caf7-4f26-9b59-b1299865a721_mp4-0010_jpg.rf.6cbf10a43d8971007292b71e787b711f.jpg,train,sand,27,0.05664713541666622,0.2363379968942853,False,False
2be0c9f6-caf7-4f26-9b59-b1299865a721_mp4-0010_jpg.rf.6cbf10a43d8971007292b71e787b711f.jpg,train,sand,49,0.14834418402777594,0.2650449785327688,False,False
2be0c9f6-caf7-4f26-9b59-b1299865a721_mp4-0010_jpg.rf.6cbf10a43d8971007292b71e787b711f.jpg,train,sand,11,0.051013454861110974,0.10146332244967604,False,False
2be0c9f6-caf7-4f26-9b59-b1299865a721_mp4-0010_jpg.rf.6cbf10a43d8971007292b71e787b711f.jpg,train,sand,3,0.0011393229166666678,0.18516401995451018,False,False
2be0c9f6-caf7-4f26-9b59-b1299865a721_mp4-0011_jpg.rf.5e0703fe76834b3f8c833e4ce503e064.jpg,train,sand,22,0.027810329861112315,0.2748390086699703,False,False
2be0c9f6-caf7-4f26-9b59-b1299865a721_mp4-0011_jpg.rf.5e0703fe76834b3f8c833e4ce503e064.jpg,train,sand,6,0.004179687500000001,0.1933472978091327,False,False
2be0c9f6-caf7-4f26-9b59-b1299865a721_mp4-0011_jpg.rf.5e0703fe76834b3f8c833e4ce503e064.jpg,train,sand,17,0.04996310763888845,0.15844661388983913,False,False
2be0c9f6-caf7-4f26-9b59-b1299865a721_mp4-0011_jpg.rf.5e0703fe76834b3f8c833e4ce503e064.jpg,train,sand,26,0.12061414930555436,0.1559670944142525,False,False
2be0c9f6-caf7-4f26-9b59-b1299865a721_mp4-0011_jpg.rf.5e0703fe76834b3f8c833e4ce503e064.jpg,train,sand,11,0.0060828993055555,0.2938299993159967,False,False
2be0c9f6-caf7-4f26-9b59-b1299865a721_mp4-0011_jpg.rf.d1226802177262648ffdd2b9df4011d4.jpg,train,sand,16,0.02458512401909818,0.212589858844784,False,False
2be0c9f6-caf7-4f26-9b59-b1299865a721_mp4-0011_jpg.rf.d1226802177262648ffdd2b9df4011d4.jpg,train,sand,57,0.1534675723459209,0.30312747832888237,False,False
2be0c9f6-caf7-4f26-9b59-b1299865a721_mp4-0011_jpg.rf.d1226802177262648ffdd2b9df4011d4.jpg,train,sand,18,0.05745857452690961,0.15644217453197198,False,False
2be0c9f6-caf7-4f26-9b59-b1299865a721_mp4-0011_jpg.rf.d1226802177262648ffdd2b9df4011d4.jpg,train,sand,13,0.05262803819444439,0.11805748423865131,False,False
2be0c9f6-caf7-4f26-9b59-b1299865a721_mp4-0012_jpg.rf.bcd7a30e9e3d7998c5dcca4d1ad6f27f.jpg,train,sand,18,0.027684461805556282,0.2253788845666943,False,False
2be0c9f6-caf7-4f26-9b59-b1299865a721_mp4-0012_jpg.rf.bcd7a30e9e3d7998c5dcca4d1ad6f27f.jpg,train,sand,5,0.004181857638888883,0.1610809361200702,False,False
2be0c9f6-caf7-4f26-9b59-b1299865a721_mp4-0012_jpg.rf.bcd7a30e9e3d7998c5dcca4d1ad6f27f.jpg,train,sand,9,0.0010177951388888884,0.5877208336035055,False,True
2be0c9f6-caf7-4f26-9b59-b1299865a721_mp4-0012_jpg.rf.bcd7a30e9e3d7998c5dcca4d1ad6f27f.jpg,train,sand,13,0.007140247395833299,0.32051287896098707,False,False
2be0c9f6-caf7-4f26-9b59-b1299865a721_mp4-0012_jpg.rf.bcd7a30e9e3d7998c5dcca4d1ad6f27f.jpg,train,sand,18,0.049633246527777786,0.16832356705440651,False,False
2be0c9f6-caf7-4f26-9b59-b1299865a721_mp4-0012_jpg.rf.bcd7a30e9e3d7998c5dcca4d1ad6f27f.jpg,train,sand,24,0.12007161458333293,0.1442945170872526,False,False
2be0c9f6-caf7-4f26-9b59-b1299865a721_mp4-0012_jpg.rf.e2633c56cd25eab325b13e3cf0285304.jpg,train,sand,20,0.022566407777777187,0.2773687584034948,False,False
2be0c9f6-caf7-4f26-9b59-b1299865a721_mp4-0012_jpg.rf.e2633c56cd25eab325b13e3cf0285304.jpg,train,sand,14,0.05499565972222231,0.1243719919920734,False,False
2be0c9f6-caf7-4f26-9b59-b1299865a721_mp4-0012_jpg.rf.e2633c56cd25eab325b13e3cf0285304.jpg,train,sand,54,0.14823022768446137,0.2922026394679386,False,False
2be0c9f6-caf7-4f26-9b59-b1299865a721_mp4-0012_jpg.rf.e2633c56cd25eab325b13e3cf0285304.jpg,train,sand,13,0.055232204861111134,0.11524070982740645,False,False
2be0c9f6-caf7-4f26-9b59-b1299865a721_mp4-0013_jpg.rf.c29ea91432240aa33d22b27bf184d35c.jpg,train,sand,18,0.05523437499999995,0.15956092512274264,False,False
2be0c9f6-caf7-4f26-9b59-b1299865a721_mp4-0013_jpg.rf.c29ea91432240aa33d22b27bf184d35c.jpg,train,sand,43,0.14934461805555443,0.23181014036961484,False,False
2be0c9f6-caf7-4f26-9b59-b1299865a721_mp4-0013_jpg.rf.c29ea91432240aa33d22b27bf184d35c.jpg,train,sand,7,0.0034049479166666785,0.24992031872307524,False,False
2be0c9f6-caf7-4f26-9b59-b1299865a721_mp4-0013_jpg.rf.c29ea91432240aa33d22b27bf184d35c.jpg,train,sand,12,0.05702473958333343,0.10469076018859684,False,False
2be0c9f6-caf7-4f26-9b59-b1299865a721_mp4-0013_jpg.rf.c29ea91432240aa33d22b27bf184d35c.jpg,train,sand,11,0.019874131944444873,0.16255763169066334,False,False
2be0c9f6-caf7-4f26-9b59-b1299865a721_mp4-0013_jpg.rf.cf2b28651c7c46c0213f2bce2839fe93.jpg,train,sand,17,0.027884114583334174,0.21209442578956786,False,False
2be0c9f6-caf7-4f26-9b59-b1299865a721_mp4-0013_jpg.rf.cf2b28651c7c46c0213f2bce2839fe93.jpg,train,sand,5,0.004071180555555554,0.16325578711208485,False,False
2be0c9f6-caf7-4f26-9b59-b1299865a721_mp4-0013_jpg.rf.cf2b28651c7c46c0213f2bce2839fe93.jpg,train,sand,8,0.00100043402777783,0.5269319375510136,False,True
2be0c9f6-caf7-4f26-9b59-b1299865a721_mp4-0013_jpg.rf.cf2b28651c7c46c0213f2bce2839fe93.jpg,train,sand,17,0.05125217013888905,0.15644134978460356,False,False
2be0c9f6-caf7-4f26-9b59-b1299865a721_mp4-0013_jpg.rf.cf2b28651c7c46c0213f2bce2839fe93.jpg,train,sand,30,0.12048394097222115,0.1800592492411051,False,False
2be0c9f6-caf7-4f26-9b59-b1299865a721_mp4-0013_jpg.rf.cf2b28651c7c46c0213f2bce2839fe93.jpg,train,sand,8,0.007532552083333366,0.19203380092370526,False,False
2be0c9f6-caf7-4f26-9b59-b1299865a721_mp4-0014_jpg.rf.08b28d7d4a67e70b105af9bbc79155e5.jpg,train,sand,12,0.020032552083332433,0.17663300942774235,False,False
2be0c9f6-caf7-4f26-9b59-b1299865a721_mp4-0014_jpg.rf.08b28d7d4a67e70b105af9bbc79155e5.jpg,train,sand,16,0.05466162760416693,0.14257305832721257,False,False
2be0c9f6-caf7-4f26-9b59-b1299865a721_mp4-0014_jpg.rf.08b28d7d4a67e70b105af9bbc79155e5.jpg,train,sand,34,0.15556230838541474,0.17959138104698447,False,False
2be0c9f6-caf7-4f26-9b59-b1299865a721_mp4-0014_jpg.rf.08b28d7d4a67e70b105af9bbc79155e5.jpg,train,sand,15,0.05745442708333326,0.13037318412468962,False,False
2be0c9f6-caf7-4f26-9b59-b1299865a721_mp4-0014_jpg.rf.f7126bd97ee380c04646c06d370dd368.jpg,train,sand,17,0.027925347222222285,0.21193778595750246,False,False
2be0c9f6-caf7-4f26-9b59-b1299865a721_mp4-0014_jpg.rf.f7126bd97ee380c04646c06d370dd368.jpg,train,sand,4,0.004092881944444446,0.13025792180516718,False,False
2be0c9f6-caf7-4f26-9b59-b1299865a721_mp4-0014_jpg.rf.f7126bd97ee380c04646c06d370dd368.jpg,train,sand,14,0.051061197916666634,0.12907475181112,False,False
2be0c9f6-caf7-4f26-9b59-b1299865a721_mp4-0014_jpg.rf.f7126bd97ee380c04646c06d370dd368.jpg,train,sand,27,0.12104817708333293,0.16167519743919845,False,False
2be0c9f6-caf7-4f26-9b59-b1299865a721_mp4-0014_jpg.rf.f7126bd97ee380c04646c06d370dd368.jpg,train,sand,8,0.008116319444444464,0.18499891602515187,False,False
2be0c9f6-caf7-4f26-9b59-b1299865a721_mp4-0014_jpg.rf.f7126bd97ee380c04646c06d370dd368.jpg,train,sand,8,0.0020985243055555713,0.36382433799041886,False,False
2be0c9f6-caf7-4f26-9b59-b1299865a721_mp4-0015_jpg.rf.ef4e73451546b86ed0aa89648b28ccce.jpg,train,sand,16,0.020874638383247657,0.23071151171358487,False,False
2be0c9f6-caf7-4f26-9b59-b1299865a721_mp4-0015_jpg.rf.ef4e73451546b86ed0aa89648b28ccce.jpg,train,sand,21,0.05407335069444441,0.18814228595831903,False,False
2be0c9f6-caf7-4f26-9b59-b1299865a721_mp4-0015_jpg.rf.ef4e73451546b86ed0aa89648b28ccce.jpg,train,sand,35,0.1517361111111093,0.1871898655552453,False,False
2be0c9f6-caf7-4f26-9b59-b1299865a721_mp4-0015_jpg.rf.ef4e73451546b86ed0aa89648b28ccce.jpg,train,sand,8,0.00270182291666643,0.320641926422495,False,False
2be0c9f6-caf7-4f26-9b59-b1299865a721_mp4-0015_jpg.rf.ef4e73451546b86ed0aa89648b28ccce.jpg,train,sand,15,0.05860460069444429,0.12908749288125096,False,False
2be0c9f6-caf7-4f26-9b59-b1299865a721_mp4-0016_jpg.rf.a7b15dbcf11ddff8f14b21d1e0c41bed.jpg,train,sand,17,0.029084201388888786,0.20767255803186596,False,False
2be0c9f6-caf7-4f26-9b59-b1299865a721_mp4-0016_jpg.rf.a7b15dbcf11ddff8f14b21d1e0c41bed.jpg,train,sand,5,0.005180121527777776,0.14473007683388942,False,False
2be0c9f6-caf7-4f26-9b59-b1299865a721_mp4-0016_jpg.rf.a7b15dbcf11ddff8f14b21d1e0c41bed.jpg,train,sand,11,0.0015234374999999467,0.5871365639519964,False,True
2be0c9f6-caf7-4f26-9b59-b1299865a721_mp4-0016_jpg.rf.a7b15dbcf11ddff8f14b21d1e0c41bed.jpg,train,sand,11,0.05414930555555564,0.09848157874951914,False,False
2be0c9f6-caf7-4f26-9b59-b1299865a721_mp4-0016_jpg.rf.a7b15dbcf11ddff8f14b21d1e0c41bed.jpg,train,sand,28,0.11686631944444503,0.17063656918498454,False,False
2be0c9f6-caf7-4f26-9b59-b1299865a721_mp4-0016_jpg.rf.a7b15dbcf11ddff8f14b21d1e0c41bed.jpg,train,sand,12,0.009594184027777564,0.25523250706423556,False,False
2be0c9f6-caf7-4f26-9b59-b1299865a721_mp4-0017_jpg.rf.7b3b13f046ebc06788667b3bcf6a834c.jpg,train,sand,15,0.018346354166665968,0.23071463021700536,False,False
2be0c9f6-caf7-4f26-9b59-b1299865a721_mp4-0017_jpg.rf.7b3b13f046ebc06788667b3bcf6a834c.jpg,train,sand,20,0.053916427951388846,0.17944369458286502,False,False
2be0c9f6-caf7-4f26-9b59-b1299865a721_mp4-0017_jpg.rf.7b3b13f046ebc06788667b3bcf6a834c.jpg,train,sand,35,0.1485503472222227,0.1891864253463337,False,False
2be0c9f6-caf7-4f26-9b59-b1299865a721_mp4-0017_jpg.rf.7b3b13f046ebc06788667b3bcf6a834c.jpg,train,sand,15,0.05952256944444434,0.1280882188337239,False,False
2be0c9f6-caf7-4f26-9b59-b1299865a721_mp4-0018_jpg.rf.5ce3c2c0e8d62ea998012a467a87cdb9.jpg,train,sand,17,0.029167367942709355,0.20737627246491952,False,False
2be0c9f6-caf7-4f26-9b59-b1299865a721_mp4-0018_jpg.rf.5ce3c2c0e8d62ea998012a467a87cdb9.jpg,train,sand,4,0.00566406249999999,0.11072730647165338,False,False
2be0c9f6-caf7-4f26-9b59-b1299865a721_mp4-0018_jpg.rf.5ce3c2c0e8d62ea998012a467a87cdb9.jpg,train,sand,11,0.0016927083333332926,0.5570066518960233,False,True
2be0c9f6-caf7-4f26-9b59-b1299865a721_mp4-0018_jpg.rf.5ce3c2c0e8d62ea998012a467a87cdb9.jpg,train,sand,19,0.05377604166666661,0.17069387898469304,False,False
2be0c9f6-caf7-4f26-9b59-b1299865a721_mp4-0018_jpg.rf.5ce3c2c0e8d62ea998012a467a87cdb9.jpg,train,sand,26,0.11830078125000032,0.1574846770757626,False,False
2be0c9f6-caf7-4f26-9b59-b1299865a721_mp4-0018_jpg.rf.5ce3c2c0e8d62ea998012a467a87cdb9.jpg,train,sand,9,0.010818142361111116,0.1802706090227475,False,False
2be0c9f6-caf7-4f26-9b59-b1299865a721_mp4-0018_jpg.rf.ed8f520e9e3790d0167c608a94387a87.jpg,train,sand,13,0.018858506944444464,0.1972188680964795,False,False
2be0c9f6-caf7-4f26-9b59-b1299865a721_mp4-0018_jpg.rf.ed8f520e9e3790d0167c608a94387a87.jpg,train,sand,41,0.1471657986111108,0.22265844595482617,False,False
2be0c9f6-caf7-4f26-9b59-b1299865a721_mp4-0018_jpg.rf.ed8f520e9e3790d0167c608a94387a87.jpg,train,sand,28,0.05323350694444429,0.25282746784263715,False,False
2be0c9f6-caf7-4f26-9b59-b1299865a721_mp4-0018_jpg.rf.ed8f520e9e3790d0167c608a94387a87.jpg,train,sand,17,0.06219184027777813,0.1420172111701472,False,False
2be0c9f6-caf7-4f26-9b59-b1299865a721_mp4-0019_jpg.rf.2de861b68677783a33783a9e10fb8912.jpg,train,sand,18,0.026970486111111747,0.2283425678469844,False,False
2be0c9f6-caf7-4f26-9b59-b1299865a721_mp4-0019_jpg.rf.2de861b68677783a33783a9e10fb8912.jpg,train,sand,8,0.005995789930555551,0.21524126976518726,False,False
2be0c9f6-caf7-4f26-9b59-b1299865a721_mp4-0019_jpg.rf.2de861b68677783a33783a9e10fb8912.jpg,train,sand,17,0.053834635416666554,0.15264296588861326,False,False
2be0c9f6-caf7-4f26-9b59-b1299865a721_mp4-0019_jpg.rf.2de861b68677783a33783a9e10fb8912.jpg,train,sand,29,0.11724392361110958,0.1764459070340228,False,False
2be0c9f6-caf7-4f26-9b59-b1299865a721_mp4-0019_jpg.rf.2de861b68677783a33783a9e10fb8912.jpg,train,sand,8,0.011108940972222259,0.1581293260795117,False,False
2be0c9f6-caf7-4f26-9b59-b1299865a721_mp4-0019_jpg.rf.2de861b68677783a33783a9e10fb8912.jpg,train,sand,5,0.001618923611111045,0.25889018653925416,False,False
2be0c9f6-caf7-4f26-9b59-b1299865a721_mp4-0019_jpg.rf.9a0996dca0ec7f7d2e47745006ca3268.jpg,train,sand,17,0.06320963541666691,0.14086919775143522,False,False
2be0c9f6-caf7-4f26-9b59-b1299865a721_mp4-0019_jpg.rf.9a0996dca0ec7f7d2e47745006ca3268.jpg,train,sand,15,0.019025607638889497,0.22655870500138953,False,False
2be0c9f6-caf7-4f26-9b59-b1299865a721_mp4-0019_jpg.rf.9a0996dca0ec7f7d2e47745006ca3268.jpg,train,sand,25,0.05526258680555607,0.22155582170716717,False,False
2be0c9f6-caf7-4f26-9b59-b1299865a721_mp4-0019_jpg.rf.9a0996dca0ec7f7d2e47745006ca3268.jpg,train,sand,41,0.14475911458333357,0.22450171361002336,False,False
2be0c9f6-caf7-4f26-9b59-b1299865a721_mp4-0020_jpg.rf.6f683db5c2070f25b3299451334774ac.jpg,train,sand,14,0.020225352641058514,0.20508729029808107,False,False
2be0c9f6-caf7-4f26-9b59-b1299865a721_mp4-0020_jpg.rf.6f683db5c2070f25b3299451334774ac.jpg,train,sand,19,0.05748263237847251,0.16509884670100686,False,False
2be0c9f6-caf7-4f26-9b59-b1299865a721_mp4-0020_jpg.rf.6f683db5c2070f25b3299451334774ac.jpg,train,sand,48,0.1490683381358533,0.2590044912999615,False,False
2be0c9f6-caf7-4f26-9b59-b1299865a721_mp4-0020_jpg.rf.6f683db5c2070f25b3299451334774ac.jpg,train,sand,16,0.0652799479166668,0.13046344602089882,False,False
2be0c9f6-caf7-4f26-9b59-b1299865a721_mp4-0020_jpg.rf.7fc42a91611f8a9e1c7f9abba1d4d383.jpg,train,sand,27,0.027866753472222783,0.3369607677322844,False,False
2be0c9f6-caf7-4f26-9b59-b1299865a721_mp4-0020_jpg.rf.7fc42a91611f8a9e1c7f9abba1d4d383.jpg,train,sand,4,0.005208333333333343,0.11547005383792505,False,False
2be0c9f6-caf7-4f26-9b59-b1299865a721_mp4-0020_jpg.rf.7fc42a91611f8a9e1c7f9abba1d4d383.jpg,train,sand,17,0.05417534722222195,0.15216221873634606,False,False
2be0c9f6-caf7-4f26-9b59-b1299865a721_mp4-0020_jpg.rf.7fc42a91611f8a9e1c7f9abba1d4d383.jpg,train,sand,29,0.11680555555555472,0.1767766952966375,False,False
2be0c9f6-caf7-4f26-9b59-b1299865a721_mp4-0020_jpg.rf.7fc42a91611f8a9e1c7f9abba1d4d383.jpg,train,sand,10,0.011623263888888902,0.19323896987207775,False,False
2be0c9f6-caf7-4f26-9b59-b1299865a721_mp4-0020_jpg.rf.7fc42a91611f8a9e1c7f9abba1d4d383.jpg,train,sand,5,0.0011914062500000266,0.30178582014172506,False,False
2be0c9f6-caf7-4f26-9b59-b1299865a721_mp4-0021_jpg.rf.38e378a0d9cf0719bbd11bb6f34840ec.jpg,train,sand,20,0.027979600694444606,0.24909671609712392,False,False
2be0c9f6-caf7-4f26-9b59-b1299865a721_mp4-0021_jpg.rf.38e378a0d9cf0719bbd11bb6f34840ec.jpg,train,sand,6,0.004730902777777782,0.18173475984461473,False,False
2be0c9f6-caf7-4f26-9b59-b1299865a721_mp4-0021_jpg.rf.38e378a0d9cf0719bbd11bb6f34840ec.jpg,train,sand,8,0.0037782118055555425,0.2711474966926034,False,False
2be0c9f6-caf7-4f26-9b59-b1299865a721_mp4-0021_jpg.rf.38e378a0d9cf0719bbd11bb6f34840ec.jpg,train,sand,23,0.052207031249999813,0.2097114290759006,False,False
2be0c9f6-caf7-4f26-9b59-b1299865a721_mp4-0021_jpg.rf.38e378a0d9cf0719bbd11bb6f34840ec.jpg,train,sand,33,0.12133246527777786,0.19737138632231993,False,False
2be0c9f6-caf7-4f26-9b59-b1299865a721_mp4-0021_jpg.rf.38e378a0d9cf0719bbd11bb6f34840ec.jpg,train,sand,11,0.012263454861110912,0.2069402785556571,False,False
2be0c9f6-caf7-4f26-9b59-b1299865a721_mp4-0022_jpg.rf.45f8011731e75302e57b018789d38f15.jpg,train,sand,20,0.028769531250000036,0.24565316578613988,False,False
2be0c9f6-caf7-4f26-9b59-b1299865a721_mp4-0022_jpg.rf.45f8011731e75302e57b018789d38f15.jpg,train,sand,24,0.053509114583333295,0.21615043902014086,False,False
2be0c9f6-caf7-4f26-9b59-b1299865a721_mp4-0022_jpg.rf.45f8011731e75302e57b018789d38f15.jpg,train,sand,73,0.16209635416666401,0.3777417598335234,False,False
2be0c9f6-caf7-4f26-9b59-b1299865a721_mp4-0022_jpg.rf.45f8011731e75302e57b018789d38f15.jpg,train,sand,5,0.004153645833333337,0.16162704595880892,False,False
2be0c9f6-caf7-4f26-9b59-b1299865a721_mp4-0022_jpg.rf.45f8011731e75302e57b018789d38f15.jpg,train,sand,8,0.011937934027777652,0.15254014762342188,False,False
2be0c9f6-caf7-4f26-9b59-b1299865a721_mp4-0024_jpg.rf.b68469ed7dbc2761e9d97caa5e98626f.jpg,train,sand,12,0.017352430555555465,0.18978411157023245,False,False
2be0c9f6-caf7-4f26-9b59-b1299865a721_mp4-0024_jpg.rf.b68469ed7dbc2761e9d97caa5e98626f.jpg,train,sand,20,0.05653211805555558,0.17524318173532938,False,False
2be0c9f6-caf7-4f26-9b59-b1299865a721_mp4-0024_jpg.rf.b68469ed7dbc2761e9d97caa5e98626f.jpg,train,sand,47,0.14624565972222214,0.25604430911987774,False,False
2be0c9f6-caf7-4f26-9b59-b1299865a721_mp4-0024_jpg.rf.b68469ed7dbc2761e9d97caa5e98626f.jpg,train,sand,19,0.07172092013888909,0.14780510600125113,False,False
2be0c9f6-caf7-4f26-9b59-b1299865a721_mp4-0024_jpg.rf.ee27d997b44c966cedd87cd9ff9aad79.jpg,train,sand,18,0.028263888888887756,0.22305671869347882,False,False
2be0c9f6-caf7-4f26-9b59-b1299865a721_mp4-0024_jpg.rf.ee27d997b44c966cedd87cd9ff9aad79.jpg,train,sand,20,0.052918836805555536,0.18112717498074676,False,False
2be0c9f6-caf7-4f26-9b59-b1299865a721_mp4-0024_jpg.rf.ee27d997b44c966cedd87cd9ff9aad79.jpg,train,sand,31,0.12356336805555657,0.1837281015928256,False,False
2be0c9f6-caf7-4f26-9b59-b1299865a721_mp4-0024_jpg.rf.ee27d997b44c966cedd87cd9ff9aad79.jpg,train,sand,10,0.014092881944444358,0.17549261915501596,False,False
2be0c9f6-caf7-4f26-9b59-b1299865a721_mp4-0025_jpg.rf.98cc0a2c362f5bd72b5d42ee89284c0a.jpg,train,sand,12,0.017558593749999574,0.18866665225463358,False,False
2be0c9f6-caf7-4f26-9b59-b1299865a721_mp4-0025_jpg.rf.98cc0a2c362f5bd72b5d42ee89284c0a.jpg,train,sand,18,0.054654947916666585,0.1604044916857013,False,False
2be0c9f6-caf7-4f26-9b59-b1299865a721_mp4-0025_jpg.rf.98cc0a2c362f5bd72b5d42ee89284c0a.jpg,train,sand,36,0.15069227430555543,0.19320384699523233,False,False
2be0c9f6-caf7-4f26-9b59-b1299865a721_mp4-0025_jpg.rf.98cc0a2c362f5bd72b5d42ee89284c0a.jpg,train,sand,21,0.07275824652777807,0.16219480702836697,False,False
2be0c9f6-caf7-4f26-9b59-b1299865a721_mp4-0025_jpg.rf.e27a5ce69b6b94aeed1ee76ab4b607b9.jpg,train,sand,8,0.004824218749999998,0.2399580110217854,False,False
2be0c9f6-caf7-4f26-9b59-b1299865a721_mp4-0025_jpg.rf.e27a5ce69b6b94aeed1ee76ab4b607b9.jpg,train,sand,13,0.02806206597222216,0.16167478582006445,False,False
2be0c9f6-caf7-4f26-9b59-b1299865a721_mp4-0025_jpg.rf.e27a5ce69b6b94aeed1ee76ab4b607b9.jpg,train,sand,20,0.05417534722222239,0.1790143749839358,False,False
2be0c9f6-caf7-4f26-9b59-b1299865a721_mp4-0025_jpg.rf.e27a5ce69b6b94aeed1ee76ab4b607b9.jpg,train,sand,28,0.12157118055555571,0.1673021325929633,False,False
2be0c9f6-caf7-4f26-9b59-b1299865a721_mp4-0025_jpg.rf.e27a5ce69b6b94aeed1ee76ab4b607b9.jpg,train,sand,13,0.014683159722222339,0.22350762997316645,False,False
2be0c9f6-caf7-4f26-9b59-b1299865a721_mp4-0026_jpg.rf.5d82fc79ff130640b52c973c36e2cf33.jpg,train,sand,12,0.016901041666666394,0.19230176593926435,False,False
2be0c9f6-caf7-4f26-9b59-b1299865a721_mp4-0026_jpg.rf.5d82fc79ff130640b52c973c36e2cf33.jpg,train,sand,25,0.05357638888888894,0.2250153015607768,False,False
2be0c9f6-caf7-4f26-9b59-b1299865a721_mp4-0026_jpg.rf.5d82fc79ff130640b52c973c36e2cf33.jpg,train,sand,25,0.15144314236111178,0.13383631335842783,False,False
2be0c9f6-caf7-4f26-9b59-b1299865a721_mp4-0026_jpg.rf.5d82fc79ff130640b52c973c36e2cf33.jpg,train,sand,23,0.07276258680555525,0.17763663327048967,False,False
2be0c9f6-caf7-4f26-9b59-b1299865a721_mp4-0027_jpg.rf.63b4a21409bb8e60a72dd97f4fc5b5c2.jpg,train,sand,20,0.028888888888889852,0.24514516892272595,False,False
2be0c9f6-caf7-4f26-9b59-b1299865a721_mp4-0027_jpg.rf.63b4a21409bb8e60a72dd97f4fc5b5c2.jpg,train,sand,9,0.006116180555555545,0.23975138417901357,False,False
2be0c9f6-caf7-4f26-9b59-b1299865a721_mp4-0027_jpg.rf.63b4a21409bb8e60a72dd97f4fc5b5c2.jpg,train,sand,18,0.05582682291666674,0.15871201710386584,False,False
2be0c9f6-caf7-4f26-9b59-b1299865a721_mp4-0027_jpg.rf.63b4a21409bb8e60a72dd97f4fc5b5c2.jpg,train,sand,33,0.12186414930555678,0.19694035748785288,False,False
2be0c9f6-caf7-4f26-9b59-b1299865a721_mp4-0027_jpg.rf.63b4a21409bb8e60a72dd97f4fc5b5c2.jpg,train,sand,9,0.015301649305555554,0.15157659605996035,False,False
2be0c9f6-caf7-4f26-9b59-b1299865a721_mp4-0027_jpg.rf.b68eb4c264609fb7db889f82cfad18ed.jpg,train,sand,13,0.01927753441406299,0.19506366121900157,False,False
2be0c9f6-caf7-4f26-9b59-b1299865a721_mp4-0027_jpg.rf.b68eb4c264609fb7db889f82cfad18ed.jpg,train,sand,20,0.15131296006944517,0.10711509927923342,False,False
2be0c9f6-caf7-4f26-9b59-b1299865a721_mp4-0027_jpg.rf.b68eb4c264609fb7db889f82cfad18ed.jpg,train,sand,17,0.04900390624999995,0.1599898141215477,False,False
2be0c9f6-caf7-4f26-9b59-b1299865a721_mp4-0027_jpg.rf.b68eb4c264609fb7db889f82cfad18ed.jpg,train,sand,18,0.07750217013888916,0.13470209058331428,False,False
2be0c9f6-caf7-4f26-9b59-b1299865a721_mp4-0028_jpg.rf.9e235aea11a773451d49de11b913d31b.jpg,train,sand,14,0.01693576388888829,0.22412195552473982,False,False
2be0c9f6-caf7-4f26-9b59-b1299865a721_mp4-0028_jpg.rf.9e235aea11a773451d49de11b913d31b.jpg,train,sand,9,0.04424913194444435,0.08913512839106053,False,False
2be0c9f6-caf7-4f26-9b59-b1299865a721_mp4-0028_jpg.rf.9e235aea11a773451d49de11b913d31b.jpg,train,sand,26,0.1435373263888895,0.14297156935593516,False,False
2be0c9f6-caf7-4f26-9b59-b1299865a721_mp4-0028_jpg.rf.9e235aea11a773451d49de11b913d31b.jpg,train,sand,19,0.07896050347222228,0.14086639782628613,False,False
2be0c9f6-caf7-4f26-9b59-b1299865a721_mp4-0028_jpg.rf.eb994ffd337c7229787a3acd7086a842.jpg,train,sand,18,0.030120282567274614,0.2160736194349173,False,False
2be0c9f6-caf7-4f26-9b59-b1299865a721_mp4-0028_jpg.rf.eb994ffd337c7229787a3acd7086a842.jpg,train,sand,6,0.006195746527777768,0.1588046415746066,False,False
2be0c9f6-caf7-4f26-9b59-b1299865a721_mp4-0028_jpg.rf.eb994ffd337c7229787a3acd7086a842.jpg,train,sand,20,0.057398003472222126,0.17391633115264676,False,False
2be0c9f6-caf7-4f26-9b59-b1299865a721_mp4-0028_jpg.rf.eb994ffd337c7229787a3acd7086a842.jpg,train,sand,33,0.12331814236111072,0.1957758938580698,False,False
2be0c9f6-caf7-4f26-9b59-b1299865a721_mp4-0028_jpg.rf.eb994ffd337c7229787a3acd7086a842.jpg,train,sand,10,0.016675347222222303,0.16133229794181883,False,False
2be0c9f6-caf7-4f26-9b59-b1299865a721_mp4-0029_jpg.rf.601774c9eb483e7a2b6d61f707965ccf.jpg,train,sand,13,0.019412285323351597,0.19438546236686452,False,False
2be0c9f6-caf7-4f26-9b59-b1299865a721_mp4-0029_jpg.rf.601774c9eb483e7a2b6d61f707965ccf.jpg,train,sand,7,0.04457465277777778,0.06907371561527371,True,False
2be0c9f6-caf7-4f26-9b59-b1299865a721_mp4-0029_jpg.rf.601774c9eb483e7a2b6d61f707965ccf.jpg,train,sand,20,0.14328124999999936,0.11007636444730465,False,False
2be0c9f6-caf7-4f26-9b59-b1299865a721_mp4-0029_jpg.rf.601774c9eb483e7a2b6d61f707965ccf.jpg,train,sand,26,0.07989366319444491,0.19163549083423123,False,False
2be0c9f6-caf7-4f26-9b59-b1299865a721_mp4-0030_jpg.rf.f7f50ef34ed3071e5f35d4946ac44815.jpg,train,sand,11,0.017430555555555838,0.17357846085189446,False,False
2be0c9f6-caf7-4f26-9b59-b1299865a721_mp4-0030_jpg.rf.f7f50ef34ed3071e5f35d4946ac44815.jpg,train,sand,16,0.04701171874999999,0.15373603663715635,False,False
2be0c9f6-caf7-4f26-9b59-b1299865a721_mp4-0030_jpg.rf.f7f50ef34ed3071e5f35d4946ac44815.jpg,train,sand,26,0.13942057291666643,0.145067016430246,False,False
2be0c9f6-caf7-4f26-9b59-b1299865a721_mp4-0030_jpg.rf.f7f50ef34ed3071e5f35d4946ac44815.jpg,train,sand,22,0.08350694444444406,0.15860619520033029,False,False
2be0c9f6-caf7-4f26-9b59-b1299865a721_mp4-0030_jpg.rf.f7f50ef34ed3071e5f35d4946ac44815.jpg,train,sand,5,0.00159288194444418,0.260997875485962,False,False
2be0c9f6-caf7-4f26-9b59-b1299865a721_mp4-0031_jpg.rf.b3400ccf1cff118eb5a017300e89dece.jpg,train,sand,13,0.017873263888889213,0.202581685957014,False,False
2be0c9f6-caf7-4f26-9b59-b1299865a721_mp4-0031_jpg.rf.b3400ccf1cff118eb5a017300e89dece.jpg,train,sand,32,0.04888888888888876,0.301511344577764,False,False
2be0c9f6-caf7-4f26-9b59-b1299865a721_mp4-0031_jpg.rf.b3400ccf1cff118eb5a017300e89dece.jpg,train,sand,22,0.14013671875,0.12243496776568673,False,False
2be0c9f6-caf7-4f26-9b59-b1299865a721_mp4-0031_jpg.rf.b3400ccf1cff118eb5a017300e89dece.jpg,train,sand,27,0.0858311631944444,0.1919994690392396,False,False
2be0c9f6-caf7-4f26-9b59-b1299865a721_mp4-0031_jpg.rf.ef4b7042af4ae1df14f77bf616fe9fe6.jpg,train,sand,5,0.004433593749999999,0.1564410848213107,False,False
2be0c9f6-caf7-4f26-9b59-b1299865a721_mp4-0031_jpg.rf.ef4b7042af4ae1df14f77bf616fe9fe6.jpg,train,sand,21,0.030679953617621436,0.24977600093346367,False,False
2be0c9f6-caf7-4f26-9b59-b1299865a721_mp4-0031_jpg.rf.ef4b7042af4ae1df14f77bf616fe9fe6.jpg,train,sand,23,0.05478081597222251,0.20472569315129732,False,False
2be0c9f6-caf7-4f26-9b59-b1299865a721_mp4-0031_jpg.rf.ef4b7042af4ae1df14f77bf616fe9fe6.jpg,train,sand,33,0.12616753472222264,0.19355254845222214,False,False
2be0c9f6-caf7-4f26-9b59-b1299865a721_mp4-0031_jpg.rf.ef4b7042af4ae1df14f77bf616fe9fe6.jpg,train,sand,9,0.019262152777777652,0.13509798156784023,False,False
2be0c9f6-caf7-4f26-9b59-b1299865a721_mp4-0032_jpg.rf.045add0ba34a509372bc04112901d968.jpg,train,sand,6,0.003484058159722213,0.21177140353369248,False,False
2be0c9f6-caf7-4f26-9b59-b1299865a721_mp4-0032_jpg.rf.045add0ba34a509372bc04112901d968.jpg,train,sand,19,0.030081578461370384,0.22822438897673958,False,False
2be0c9f6-caf7-4f26-9b59-b1299865a721_mp4-0032_jpg.rf.045add0ba34a509372bc04112901d968.jpg,train,sand,18,0.05290798611111125,0.1630311726283177,False,False
2be0c9f6-caf7-4f26-9b59-b1299865a721_mp4-0032_jpg.rf.045add0ba34a509372bc04112901d968.jpg,train,sand,35,0.12623914930555458,0.20522476986958027,False,False
2be0c9f6-caf7-4f26-9b59-b1299865a721_mp4-0032_jpg.rf.045add0ba34a509372bc04112901d968.jpg,train,sand,8,0.020119357638888946,0.11750103559718676,False,False
2be0c9f6-caf7-4f26-9b59-b1299865a721_mp4-0032_jpg.rf.a314daee81bd8d588ad0d4f57fb07fcf.jpg,train,sand,36,0.050870225694444215,0.33252892715353805,False,False
2be0c9f6-caf7-4f26-9b59-b1299865a721_mp4-0032_jpg.rf.a314daee81bd8d588ad0d4f57fb07fcf.jpg,train,sand,22,0.14138454861110983,0.12189347789751735,False,False
2be0c9f6-caf7-4f26-9b59-b1299865a721_mp4-0032_jpg.rf.a314daee81bd8d588ad0d4f57fb07fcf.jpg,train,sand,23,0.0884852430555556,0.16108354348156068,False,False
2be0c9f6-caf7-4f26-9b59-b1299865a721_mp4-0032_jpg.rf.a314daee81bd8d588ad0d4f57fb07fcf.jpg,train,sand,7,0.01909722222222232,0.10552897060221698,False,False
2be0c9f6-caf7-4f26-9b59-b1299865a721_mp4-0033_jpg.rf.94ee9fa89ee52f504ce9925c13d2b22c.jpg,train,sand,12,0.030789808873697755,0.1424742935233706,False,False
2be0c9f6-caf7-4f26-9b59-b1299865a721_mp4-0033_jpg.rf.94ee9fa89ee52f504ce9925c13d2b22c.jpg,train,sand,4,0.002608506944444443,0.16316340328960088,False,False
2be0c9f6-caf7-4f26-9b59-b1299865a721_mp4-0033_jpg.rf.94ee9fa89ee52f504ce9925c13d2b22c.jpg,train,sand,20,0.04986762152777757,0.18658616173940623,False,False
2be0c9f6-caf7-4f26-9b59-b1299865a721_mp4-0033_jpg.rf.94ee9fa89ee52f504ce9925c13d2b22c.jpg,train,sand,32,0.12777994791666636,0.18649937793045027,False,False
2be0c9f6-caf7-4f26-9b59-b1299865a721_mp4-0033_jpg.rf.94ee9fa89ee52f504ce9925c13d2b22c.jpg,train,sand,9,0.021427951388888866,0.12808873772357354,False,False
2be0c9f6-caf7-4f26-9b59-b1299865a721_mp4-0033_jpg.rf.e6b67500f1c4f6b51e2525be0b964ff8.jpg,train,sand,11,0.05409505208333332,0.0985309513668756,False,False
2be0c9f6-caf7-4f26-9b59-b1299865a721_mp4-0033_jpg.rf.e6b67500f1c4f6b51e2525be0b964ff8.jpg,train,sand,29,0.1444965277777781,0.15893811387395976,False,False
2be0c9f6-caf7-4f26-9b59-b1299865a721_mp4-0033_jpg.rf.e6b67500f1c4f6b51e2525be0b964ff8.jpg,train,sand,17,0.08940755208333329,0.11844604989035933,False,False
2be0c9f6-caf7-4f26-9b59-b1299865a721_mp4-0033_jpg.rf.e6b67500f1c4f6b51e2525be0b964ff8.jpg,train,sand,9,0.01673394097222225,0.14494463858914727,False,False
2be0c9f6-caf7-4f26-9b59-b1299865a721_mp4-0034_jpg.rf.61046bb8e358526017a92cd7e23d2b30.jpg,train,sand,21,0.029522569444443647,0.2546249641933704,False,False
2be0c9f6-caf7-4f26-9b59-b1299865a721_mp4-0034_jpg.rf.61046bb8e358526017a92cd7e23d2b30.jpg,train,sand,8,0.0027083333333333126,0.3202563076101755,False,False
2be0c9f6-caf7-4f26-9b59-b1299865a721_mp4-0034_jpg.rf.61046bb8e358526017a92cd7e23d2b30.jpg,train,sand,6,0.002489149305555556,0.2505443071977969,False,False
2be0c9f6-caf7-4f26-9b59-b1299865a721_mp4-0034_jpg.rf.61046bb8e358526017a92cd7e23d2b30.jpg,train,sand,19,0.05037109375000015,0.17636876466254803,False,False
2be0c9f6-caf7-4f26-9b59-b1299865a721_mp4-0034_jpg.rf.61046bb8e358526017a92cd7e23d2b30.jpg,train,sand,34,0.1288172743055549,0.19735613296369398,False,False
2be0c9f6-caf7-4f26-9b59-b1299865a721_mp4-0034_jpg.rf.61046bb8e358526017a92cd7e23d2b30.jpg,train,sand,10,0.02295789930555525,0.1374968311642356,False,False
2be0c9f6-caf7-4f26-9b59-b1299865a721_mp4-0034_jpg.rf.abaeaebbaa34f861d5a9682445e7b6ed.jpg,train,sand,25,0.14570565104166633,0.13644592611821085,False,False
2be0c9f6-caf7-4f26-9b59-b1299865a721_mp4-0034_jpg.rf.abaeaebbaa34f861d5a9682445e7b6ed.jpg,train,sand,25,0.05365234374999983,0.22485596966638094,False,False
2be0c9f6-caf7-4f26-9b59-b1299865a721_mp4-0034_jpg.rf.abaeaebbaa34f861d5a9682445e7b6ed.jpg,train,sand,22,0.09023437500000009,0.1525792360723544,False,False
2be0c9f6-caf7-4f26-9b59-b1299865a721_mp4-0034_jpg.rf.abaeaebbaa34f861d5a9682445e7b6ed.jpg,train,sand,11,0.01806640625,0.1704965368242683,False,False
2be0c9f6-caf7-4f26-9b59-b1299865a721_mp4-0035_jpg.rf.fbbc2f43b00b7c70996ddf0eed710352.jpg,train,sand,21,0.028708767361111498,0.25820864838388635,False,False
2be0c9f6-caf7-4f26-9b59-b1299865a721_mp4-0035_jpg.rf.fbbc2f43b00b7c70996ddf0eed710352.jpg,train,sand,5,0.0026909722222222265,0.20080483222562454,False,False
2be0c9f6-caf7-4f26-9b59-b1299865a721_mp4-0035_jpg.rf.fbbc2f43b00b7c70996ddf0eed710352.jpg,train,sand,23,0.05229600694444447,0.20953295308396078,False,False
2be0c9f6-caf7-4f26-9b59-b1299865a721_mp4-0035_jpg.rf.fbbc2f43b00b7c70996ddf0eed710352.jpg,train,sand,38,0.1277669270833357,0.22147929599911223,False,False
2be0c9f6-caf7-4f26-9b59-b1299865a721_mp4-0035_jpg.rf.fbbc2f43b00b7c70996ddf0eed710352.jpg,train,sand,11,0.023815104166666323,0.14849957306434222,False,False
2be0c9f6-caf7-4f26-9b59-b1299865a721_mp4-0035_jpg.rf.fbbc2f43b00b7c70996ddf0eed710352.jpg,train,sand,10,0.002317708333333446,0.43274232240790494,False,True
2be0c9f6-caf7-4f26-9b59-b1299865a721_mp4-0036_jpg.rf.26457b08c73705699c838a9f692a32ab.jpg,train,sand,15,0.04902994791666648,0.14112998836435067,False,False
2be0c9f6-caf7-4f26-9b59-b1299865a721_mp4-0036_jpg.rf.26457b08c73705699c838a9f692a32ab.jpg,train,sand,23,0.14819878472222214,0.12446988190302034,False,False
2be0c9f6-caf7-4f26-9b59-b1299865a721_mp4-0036_jpg.rf.26457b08c73705699c838a9f692a32ab.jpg,train,sand,18,0.09297309027777789,0.12298513848557145,False,False
2be0c9f6-caf7-4f26-9b59-b1299865a721_mp4-0036_jpg.rf.26457b08c73705699c838a9f692a32ab.jpg,train,sand,6,0.0029166666666666785,0.23145502494313738,False,False
2be0c9f6-caf7-4f26-9b59-b1299865a721_mp4-0036_jpg.rf.26457b08c73705699c838a9f692a32ab.jpg,train,sand,6,0.015260416666666554,0.1011874886032331,False,False
2be0c9f6-caf7-4f26-9b59-b1299865a721_mp4-0037_jpg.rf.a16400343f61299132431ffed74900f3.jpg,train,sand,15,0.029343411458333968,0.18242935387977366,False,False
2be0c9f6-caf7-4f26-9b59-b1299865a721_mp4-0037_jpg.rf.a16400343f61299132431ffed74900f3.jpg,train,sand,5,0.002580295138888883,0.20506619579876573,False,False
2be0c9f6-caf7-4f26-9b59-b1299865a721_mp4-0037_jpg.rf.a16400343f61299132431ffed74900f3.jpg,train,sand,17,0.050470920138888875,0.157647494463572,False,False
2be0c9f6-caf7-4f26-9b59-b1299865a721_mp4-0037_jpg.rf.a16400343f61299132431ffed74900f3.jpg,train,sand,31,0.15339825983072863,0.1648960452598563,False,False
2be0c9f6-caf7-4f26-9b59-b1299865a721_mp4-0037_jpg.rf.a16400343f61299132431ffed74900f3.jpg,train,sand,12,0.02570312500000016,0.15593623511708962,False,False
2be0c9f6-caf7-4f26-9b59-b1299865a721_mp4-0038_jpg.rf.55579cca6e1370a4c06ef808441708b4.jpg,train,sand,7,0.05488932291666676,0.062246203156952486,True,False
2be0c9f6-caf7-4f26-9b59-b1299865a721_mp4-0038_jpg.rf.55579cca6e1370a4c06ef808441708b4.jpg,train,sand,25,0.10139756944444445,0.16356297411965798,False,False
2be0c9f6-caf7-4f26-9b59-b1299865a721_mp4-0038_jpg.rf.55579cca6e1370a4c06ef808441708b4.jpg,train,sand,32,0.16966579861111164,0.1618495842377576,False,False
2be0c9f6-caf7-4f26-9b59-b1299865a721_mp4-0038_jpg.rf.61afa88295b8f5d3c4d7cc6eb7644147.jpg,train,sand,16,0.008242187500000053,0.3671618084381397,False,False
2be0c9f6-caf7-4f26-9b59-b1299865a721_mp4-0038_jpg.rf.61afa88295b8f5d3c4d7cc6eb7644147.jpg,train,sand,23,0.029406395887587422,0.2794252825792867,False,False
2be0c9f6-caf7-4f26-9b59-b1299865a721_mp4-0038_jpg.rf.61afa88295b8f5d3c4d7cc6eb7644147.jpg,train,sand,6,0.0021625434027777793,0.2687989678139453,False,False
2be0c9f6-caf7-4f26-9b59-b1299865a721_mp4-0038_jpg.rf.61afa88295b8f5d3c4d7cc6eb7644147.jpg,train,sand,5,0.001202256944444452,0.30042088406305395,False,False
2be0c9f6-caf7-4f26-9b59-b1299865a721_mp4-0038_jpg.rf.61afa88295b8f5d3c4d7cc6eb7644147.jpg,train,sand,21,0.050260416666666696,0.19514840904912376,False,False
2be0c9f6-caf7-4f26-9b59-b1299865a721_mp4-0038_jpg.rf.61afa88295b8f5d3c4d7cc6eb7644147.jpg,train,sand,37,0.13669487847221973,0.20848958509932905,False,False
2be0c9f6-caf7-4f26-9b59-b1299865a721_mp4-0038_jpg.rf.61afa88295b8f5d3c4d7cc6eb7644147.jpg,train,sand,11,0.026219618055555838,0.1415266631816271,False,False
2be0c9f6-caf7-4f26-9b59-b1299865a721_mp4-0039_jpg.rf.a317d5918ec22cbcabb085c2b76258eb.jpg,train,sand,8,0.05192491319444448,0.07314099431023453,False,False
2be0c9f6-caf7-4f26-9b59-b1299865a721_mp4-0039_jpg.rf.a317d5918ec22cbcabb085c2b76258eb.jpg,train,sand,23,0.09906684027777768,0.15223778023394396,False,False
2be0c9f6-caf7-4f26-9b59-b1299865a721_mp4-0039_jpg.rf.a317d5918ec22cbcabb085c2b76258eb.jpg,train,sand,25,0.16737630208333343,0.12730685429236646,False,False
2be0c9f6-caf7-4f26-9b59-b1299865a721_mp4-0039_jpg.rf.d57fc8f7edc2b6a526dbf627d6525e3a.jpg,train,sand,22,0.02997758247829907,0.2647177971449481,False,False
2be0c9f6-caf7-4f26-9b59-b1299865a721_mp4-0039_jpg.rf.d57fc8f7edc2b6a526dbf627d6525e3a.jpg,train,sand,5,0.002029079861111109,0.23124864503144027,False,False
2be0c9f6-caf7-4f26-9b59-b1299865a721_mp4-0039_jpg.rf.d57fc8f7edc2b6a526dbf627d6525e3a.jpg,train,sand,5,0.0010481770833333237,0.3217447260438949,False,False
2be0c9f6-caf7-4f26-9b59-b1299865a721_mp4-0039_jpg.rf.d57fc8f7edc2b6a526dbf627d6525e3a.jpg,train,sand,20,0.05151692708333311,0.18357510414942912,False,False
2be0c9f6-caf7-4f26-9b59-b1299865a721_mp4-0039_jpg.rf.d57fc8f7edc2b6a526dbf627d6525e3a.jpg,train,sand,27,0.13785590277777615,0.15149902694919032,False,False
2be0c9f6-caf7-4f26-9b59-b1299865a721_mp4-0039_jpg.rf.d57fc8f7edc2b6a526dbf627d6525e3a.jpg,train,sand,12,0.027194010416666803,0.1516014582867076,False,False
2be0c9f6-caf7-4f26-9b59-b1299865a721_mp4-0040_jpg.rf.f84ef8628d0b7456720c0c53c6eeb412.jpg,train,sand,8,0.04976128472222219,0.07471416676971282,False,False
2be0c9f6-caf7-4f26-9b59-b1299865a721_mp4-0040_jpg.rf.f84ef8628d0b7456720c0c53c6eeb412.jpg,train,sand,22,0.14816840277777832,0.11907035372358764,False,False
2be0c9f6-caf7-4f26-9b59-b1299865a721_mp4-0040_jpg.rf.f84ef8628d0b7456720c0c53c6eeb412.jpg,train,sand,25,0.09716579861111097,0.16708676823167148,False,False
2be0c9f6-caf7-4f26-9b59-b1299865a721_mp4-0040_jpg.rf.f84ef8628d0b7456720c0c53c6eeb412.jpg,train,sand,6,0.015182291666666403,0.10144749970923755,False,False
2be0c9f6-caf7-4f26-9b59-b1299865a721_mp4-0041_jpg.rf.024208d504a66deee7b9ac9bd5b574fe.jpg,train,sand,22,0.05029513888888881,0.20437060828274337,False,False
2be0c9f6-caf7-4f26-9b59-b1299865a721_mp4-0041_jpg.rf.024208d504a66deee7b9ac9bd5b574fe.jpg,train,sand,20,0.14787977430555532,0.10835136047381021,False,False
2be0c9f6-caf7-4f26-9b59-b1299865a721_mp4-0041_jpg.rf.024208d504a66deee7b9ac9bd5b574fe.jpg,train,sand,18,0.0973502604166665,0.12018844295676068,False,False
2be0c9f6-caf7-4f26-9b59-b1299865a721_mp4-0041_jpg.rf.024208d504a66deee7b9ac9bd5b574fe.jpg,train,sand,10,0.015898437500000195,0.1652271990322022,False,False
2be0c9f6-caf7-4f26-9b59-b1299865a721_mp4-0042_jpg.rf.1f3125525f7beea1bbb7d6054734fb7b.jpg,train,sand,17,0.02899956597222353,0.20797538407981256,False,False
2be0c9f6-caf7-4f26-9b59-b1299865a721_mp4-0042_jpg.rf.1f3125525f7beea1bbb7d6054734fb7b.jpg,train,sand,27,0.05741861979166685,0.23474489279188968,False,False
2be0c9f6-caf7-4f26-9b59-b1299865a721_mp4-0042_jpg.rf.1f3125525f7beea1bbb7d6054734fb7b.jpg,train,sand,30,0.14977427423611278,0.16149586443182012,False,False
2be0c9f6-caf7-4f26-9b59-b1299865a721_mp4-0042_jpg.rf.1f3125525f7beea1bbb7d6054734fb7b.jpg,train,sand,10,0.03079861111111115,0.11871161042081552,False,False
2be0c9f6-caf7-4f26-9b59-b1299865a721_mp4-0042_jpg.rf.6e9d4ef273e04cf2eebbdfea67a65649.jpg,train,sand,22,0.1480316840277771,0.11912532639042012,False,False
2be0c9f6-caf7-4f26-9b59-b1299865a721_mp4-0042_jpg.rf.6e9d4ef273e04cf2eebbdfea67a65649.jpg,train,sand,11,0.05053168402777786,0.10194585248634115,False,False
2be0c9f6-caf7-4f26-9b59-b1299865a721_mp4-0042_jpg.rf.6e9d4ef273e04cf2eebbdfea67a65649.jpg,train,sand,18,0.09633029513888847,0.12082305768584731,False,False
2be0c9f6-caf7-4f26-9b59-b1299865a721_mp4-0042_jpg.rf.6e9d4ef273e04cf2eebbdfea67a65649.jpg,train,sand,9,0.015288628472221788,0.1516411287795795,False,False
2be0c9f6-caf7-4f26-9b59-b1299865a721_mp4-0043_jpg.rf.8e1c30815d8aada36849fe421d320157.jpg,train,sand,4,0.002291666666666664,0.1740776559556979,False,False
2be0c9f6-caf7-4f26-9b59-b1299865a721_mp4-0043_jpg.rf.8e1c30815d8aada36849fe421d320157.jpg,train,sand,15,0.02897135416666785,0.18359701840862763,False,False
2be0c9f6-caf7-4f26-9b59-b1299865a721_mp4-0043_jpg.rf.8e1c30815d8aada36849fe421d320157.jpg,train,sand,24,0.05541449652777786,0.2124018565330908,False,False
2be0c9f6-caf7-4f26-9b59-b1299865a721_mp4-0043_jpg.rf.8e1c30815d8aada36849fe421d320157.jpg,train,sand,14,0.14868550631076394,0.07564016721775856,False,False
2be0c9f6-caf7-4f26-9b59-b1299865a721_mp4-0043_jpg.rf.8e1c30815d8aada36849fe421d320157.jpg,train,sand,12,0.031916232638888875,0.13993752795125614,False,False
2be0c9f6-caf7-4f26-9b59-b1299865a721_mp4-0045_jpg.rf.7c9c5c167980db43f022197e54615a0f.jpg,train,sand,8,0.0026614583333333386,0.3230642588238743,False,False
2be0c9f6-caf7-4f26-9b59-b1299865a721_mp4-0045_jpg.rf.7c9c5c167980db43f022197e54615a0f.jpg,train,sand,16,0.028880208333332824,0.1961456063435724,False,False
2be0c9f6-caf7-4f26-9b59-b1299865a721_mp4-0045_jpg.rf.7c9c5c167980db43f022197e54615a0f.jpg,train,sand,18,0.05519531250000009,0.1596173768935243,False,False
2be0c9f6-caf7-4f26-9b59-b1299865a721_mp4-0045_jpg.rf.7c9c5c167980db43f022197e54615a0f.jpg,train,sand,21,0.13583116319444333,0.11870755157546549,False,False
2be0c9f6-caf7-4f26-9b59-b1299865a721_mp4-0045_jpg.rf.7c9c5c167980db43f022197e54615a0f.jpg,train,sand,12,0.03440104166666669,0.13478892574749418,False,False
2be0c9f6-caf7-4f26-9b59-b1299865a721_mp4-0046_jpg.rf.468c6996f8f4646a09437434c8e2a6ea.jpg,train,sand,20,0.04587890625000002,0.19452804868107043,False,False
2be0c9f6-caf7-4f26-9b59-b1299865a721_mp4-0046_jpg.rf.468c6996f8f4646a09437434c8e2a6ea.jpg,train,sand,24,0.1538780381944438,0.12746228035593393,False,False
2be0c9f6-caf7-4f26-9b59-b1299865a721_mp4-0046_jpg.rf.468c6996f8f4646a09437434c8e2a6ea.jpg,train,sand,19,0.09322265625000004,0.1296437625942652,False,False
2be0c9f6-caf7-4f26-9b59-b1299865a721_mp4-0046_jpg.rf.468c6996f8f4646a09437434c8e2a6ea.jpg,train,sand,5,0.015531684027777715,0.08358329610975304,False,False
2be0c9f6-caf7-4f26-9b59-b1299865a721_mp4-0046_jpg.rf.b15e165a1ed2d222af974ba21a21e5a1.jpg,train,sand,16,0.02808810763888836,0.19889208700459676,False,False
2be0c9f6-caf7-4f26-9b59-b1299865a721_mp4-0046_jpg.rf.b15e165a1ed2d222af974ba21a21e5a1.jpg,train,sand,8,0.002918836805555554,0.30849195491187975,False,False
2be0c9f6-caf7-4f26-9b59-b1299865a721_mp4-0046_jpg.rf.b15e165a1ed2d222af974ba21a21e5a1.jpg,train,sand,20,0.055648871527777644,0.1766284172633912,False,False
2be0c9f6-caf7-4f26-9b59-b1299865a721_mp4-0046_jpg.rf.b15e165a1ed2d222af974ba21a21e5a1.jpg,train,sand,32,0.1356293402777773,0.1810222323626455,False,False
2be0c9f6-caf7-4f26-9b59-b1299865a721_mp4-0046_jpg.rf.b15e165a1ed2d222af974ba21a21e5a1.jpg,train,sand,11,0.03608506944444456,0.1206389851340903,False,False
2be0c9f6-caf7-4f26-9b59-b1299865a721_mp4-0046_jpg.rf.b15e165a1ed2d222af974ba21a21e5a1.jpg,train,sand,10,0.004310763888888902,0.3173084550693179,False,False
2be0c9f6-caf7-4f26-9b59-b1299865a721_mp4-0047_jpg.rf.94a30c3d3ae86973624c59e7efb53e36.jpg,train,sand,19,0.028287760416666252,0.23534939218531123,False,False
2be0c9f6-caf7-4f26-9b59-b1299865a721_mp4-0047_jpg.rf.94a30c3d3ae86973624c59e7efb53e36.jpg,train,sand,4,0.00251519097222222,0.16616259695890565,False,False
2be0c9f6-caf7-4f26-9b59-b1299865a721_mp4-0047_jpg.rf.94a30c3d3ae86973624c59e7efb53e36.jpg,train,sand,21,0.05467013888888905,0.18711257210451682,False,False
2be0c9f6-caf7-4f26-9b59-b1299865a721_mp4-0047_jpg.rf.94a30c3d3ae86973624c59e7efb53e36.jpg,train,sand,28,0.13568576388888864,0.1583615164929793,False,False
2be0c9f6-caf7-4f26-9b59-b1299865a721_mp4-0047_jpg.rf.94a30c3d3ae86973624c59e7efb53e36.jpg,train,sand,11,0.03706814236111122,0.11902852083072017,False,False
2be0c9f6-caf7-4f26-9b59-b1299865a721_mp4-0047_jpg.rf.94a30c3d3ae86973624c59e7efb53e36.jpg,train,sand,10,0.006657986111111125,0.2553214605940824,False,False
2be0c9f6-caf7-4f26-9b59-b1299865a721_mp4-0048_jpg.rf.0e699cf057db5d55df562d25a7711f2f.jpg,train,sand,12,0.047612847222222254,0.11457185172165098,False,False
2be0c9f6-caf7-4f26-9b59-b1299865a721_mp4-0048_jpg.rf.0e699cf057db5d55df562d25a7711f2f.jpg,train,sand,26,0.1536740451388905,0.13817575585267425,False,False
2be0c9f6-caf7-4f26-9b59-b1299865a721_mp4-0048_jpg.rf.0e699cf057db5d55df562d25a7711f2f.jpg,train,sand,22,0.09572916666666664,0.14813555340812964,False,False
2be0c9f6-caf7-4f26-9b59-b1299865a721_mp4-0048_jpg.rf.0e699cf057db5d55df562d25a7711f2f.jpg,train,sand,7,0.0173958333333335,0.11056920413114807,False,False
2be0c9f6-caf7-4f26-9b59-b1299865a721_mp4-0049_jpg.rf.0c268fa6123d96c5dc08f1a94071efaa.jpg,train,sand,28,0.15276909722222154,0.14924474141658192,False,False
2be0c9f6-caf7-4f26-9b59-b1299865a721_mp4-0049_jpg.rf.0c268fa6123d96c5dc08f1a94071efaa.jpg,train,sand,19,0.046890190972222245,0.18279796760171796,False,False
2be0c9f6-caf7-4f26-9b59-b1299865a721_mp4-0049_jpg.rf.0c268fa6123d96c5dc08f1a94071efaa.jpg,train,sand,17,0.0956293402777777,0.11452811272110643,False,False
2be0c9f6-caf7-4f26-9b59-b1299865a721_mp4-0049_jpg.rf.0c268fa6123d96c5dc08f1a94071efaa.jpg,train,sand,10,0.016004774305556246,0.1646773939185201,False,False
2be0c9f6-caf7-4f26-9b59-b1299865a721_mp4-0049_jpg.rf.b12d718faca5eeaafb3f0bb8cfbb77b4.jpg,train,sand,5,0.0010134548611111134,0.3272099955018439,False,False
2be0c9f6-caf7-4f26-9b59-b1299865a721_mp4-0049_jpg.rf.b12d718faca5eeaafb3f0bb8cfbb77b4.jpg,train,sand,16,0.027486979166666536,0.20105516697508033,False,False
2be0c9f6-caf7-4f26-9b59-b1299865a721_mp4-0049_jpg.rf.b12d718faca5eeaafb3f0bb8cfbb77b4.jpg,train,sand,12,0.009418402777777835,0.2576032744446543,False,False
2be0c9f6-caf7-4f26-9b59-b1299865a721_mp4-0049_jpg.rf.b12d718faca5eeaafb3f0bb8cfbb77b4.jpg,train,sand,23,0.04769965277777799,0.2193961437215581,False,False
2be0c9f6-caf7-4f26-9b59-b1299865a721_mp4-0049_jpg.rf.b12d718faca5eeaafb3f0bb8cfbb77b4.jpg,train,sand,27,0.14047526041666636,0.15007992494572783,False,False
2be0c9f6-caf7-4f26-9b59-b1299865a721_mp4-0049_jpg.rf.b12d718faca5eeaafb3f0bb8cfbb77b4.jpg,train,sand,11,0.039850260416666616,0.11479840812712773,False,False
2be0c9f6-caf7-4f26-9b59-b1299865a721_mp4-0050_jpg.rf.af70034938ad66bc93612ad75de597cb.jpg,train,sand,17,0.02761718750000064,0.21311693409263463,False,False
2be0c9f6-caf7-4f26-9b59-b1299865a721_mp4-0050_jpg.rf.af70034938ad66bc93612ad75de597cb.jpg,train,sand,8,0.0012912326388888618,0.46381682852196365,False,True
2be0c9f6-caf7-4f26-9b59-b1299865a721_mp4-0050_jpg.rf.af70034938ad66bc93612ad75de597cb.jpg,train,sand,21,0.04574652777777799,0.20454976707546255,False,False
2be0c9f6-caf7-4f26-9b59-b1299865a721_mp4-0050_jpg.rf.af70034938ad66bc93612ad75de597cb.jpg,train,sand,29,0.14149088541666544,0.16061737666336856,False,False
2be0c9f6-caf7-4f26-9b59-b1299865a721_mp4-0050_jpg.rf.af70034938ad66bc93612ad75de597cb.jpg,train,sand,10,0.041729600694444424,0.10198508169351879,False,False
2be0c9f6-caf7-4f26-9b59-b1299865a721_mp4-0051_jpg.rf.8b24708dd9c4cd534e827b8386646171.jpg,train,sand,17,0.027693142361110645,0.2128244721268114,False,False
2be0c9f6-caf7-4f26-9b59-b1299865a721_mp4-0051_jpg.rf.8b24708dd9c4cd534e827b8386646171.jpg,train,sand,7,0.0010590277777777768,0.44812907976513616,False,True
2be0c9f6-caf7-4f26-9b59-b1299865a721_mp4-0051_jpg.rf.8b24708dd9c4cd534e827b8386646171.jpg,train,sand,20,0.04741970486111091,0.19134157081842473,False,False
2be0c9f6-caf7-4f26-9b59-b1299865a721_mp4-0051_jpg.rf.8b24708dd9c4cd534e827b8386646171.jpg,train,sand,33,0.1411414930555548,0.18299758096945376,False,False
2be0c9f6-caf7-4f26-9b59-b1299865a721_mp4-0051_jpg.rf.8b24708dd9c4cd534e827b8386646171.jpg,train,sand,13,0.04270399305555528,0.13105930845055558,False,False
2be0c9f6-caf7-4f26-9b59-b1299865a721_mp4-0051_jpg.rf.c1e4b0c5db6921a19b7bfdf54594e579.jpg,train,sand,7,0.043967013888888906,0.06954938873097959,True,False
2be0c9f6-caf7-4f26-9b59-b1299865a721_mp4-0051_jpg.rf.c1e4b0c5db6921a19b7bfdf54594e579.jpg,train,sand,29,0.15404947916666512,0.15393119586922827,False,False
2be0c9f6-caf7-4f26-9b59-b1299865a721_mp4-0051_jpg.rf.c1e4b0c5db6921a19b7bfdf54594e579.jpg,train,sand,22,0.09404947916666684,0.1494525212802832,False,False
2be0c9f6-caf7-4f26-9b59-b1299865a721_mp4-0051_jpg.rf.c1e4b0c5db6921a19b7bfdf54594e579.jpg,train,sand,11,0.017408854166665932,0.17368661617478215,False,False
2be0c9f6-caf7-4f26-9b59-b1299865a721_mp4-0052_jpg.rf.63b4cc3a8bf30df4c751aa5d8836f052.jpg,train,sand,19,0.09100043402777747,0.131217159353974,False,False
2be0c9f6-caf7-4f26-9b59-b1299865a721_mp4-0052_jpg.rf.63b4cc3a8bf30df4c751aa5d8836f052.jpg,train,sand,3,0.047504340277777765,0.028675656655163848,True,False
2be0c9f6-caf7-4f26-9b59-b1299865a721_mp4-0052_jpg.rf.63b4cc3a8bf30df4c751aa5d8836f052.jpg,train,sand,24,0.1520421006944428,0.128229536843603,False,False
2be0c9f6-caf7-4f26-9b59-b1299865a721_mp4-0052_jpg.rf.63b4cc3a8bf30df4c751aa5d8836f052.jpg,train,sand,8,0.015117187500000462,0.13555428474009096,False,False
2be0c9f6-caf7-4f26-9b59-b1299865a721_mp4-0052_jpg.rf.e94f0276a69cde5a941c6a02995d7830.jpg,train,sand,16,0.02935266710069495,0.19456062859185078,False,False
2be0c9f6-caf7-4f26-9b59-b1299865a721_mp4-0052_jpg.rf.e94f0276a69cde5a941c6a02995d7830.jpg,train,sand,23,0.04968532986111107,0.21496735355020372,False,False
2be0c9f6-caf7-4f26-9b59-b1299865a721_mp4-0052_jpg.rf.e94f0276a69cde5a941c6a02995d7830.jpg,train,sand,5,0.0011490885416666624,0.3072925419315016,False,False
2be0c9f6-caf7-4f26-9b59-b1299865a721_mp4-0052_jpg.rf.e94f0276a69cde5a941c6a02995d7830.jpg,train,sand,33,0.14660343841145895,0.1795562903911134,False,False
2be0c9f6-caf7-4f26-9b59-b1299865a721_mp4-0052_jpg.rf.e94f0276a69cde5a941c6a02995d7830.jpg,train,sand,11,0.043858506944444375,0.1094270083813202,False,False
2be0c9f6-caf7-4f26-9b59-b1299865a721_mp4-0052_jpg.rf.e94f0276a69cde5a941c6a02995d7830.jpg,train,sand,5,0.001174045138888885,0.30400895015524126,False,False
2be0c9f6-caf7-4f26-9b59-b1299865a721_mp4-0053_jpg.rf.6aaecf1fdb371d00032d0ba9ae319860.jpg,train,sand,18,0.0014756944444447306,0.9761870601838581,False,True
2be0c9f6-caf7-4f26-9b59-b1299865a721_mp4-0053_jpg.rf.6aaecf1fdb371d00032d0ba9ae319860.jpg,train,sand,11,0.045551215277777835,0.10737457644390429,False,False
2be0c9f6-caf7-4f26-9b59-b1299865a721_mp4-0053_jpg.rf.6aaecf1fdb371d00032d0ba9ae319860.jpg,train,sand,3,0.0011197916666666682,0.186771841909407,False,False
2be0c9f6-caf7-4f26-9b59-b1299865a721_mp4-0053_jpg.rf.6aaecf1fdb371d00032d0ba9ae319860.jpg,train,sand,14,0.02724826388888868,0.1766922007349891,False,False
2be0c9f6-caf7-4f26-9b59-b1299865a721_mp4-0053_jpg.rf.6aaecf1fdb371d00032d0ba9ae319860.jpg,train,sand,22,0.0491753472222225,0.20668441305996324,False,False
2be0c9f6-caf7-4f26-9b59-b1299865a721_mp4-0053_jpg.rf.6aaecf1fdb371d00032d0ba9ae319860.jpg,train,sand,30,0.14470703125000028,0.16429910604688835,False,False
2be0c9f6-caf7-4f26-9b59-b1299865a721_mp4-0054_jpg.rf.2ca01e867f540553ab356a613cc446e2.jpg,train,sand,24,0.027087673611110752,0.3037974683544324,False,False
2be0c9f6-caf7-4f26-9b59-b1299865a721_mp4-0054_jpg.rf.2ca01e867f540553ab356a613cc446e2.jpg,train,sand,18,0.052610677083333446,0.16349117767505675,False,False
2be0c9f6-caf7-4f26-9b59-b1299865a721_mp4-0054_jpg.rf.2ca01e867f540553ab356a613cc446e2.jpg,train,sand,45,0.14589626736110972,0.24544217223542872,False,False
2be0c9f6-caf7-4f26-9b59-b1299865a721_mp4-0054_jpg.rf.2ca01e867f540553ab356a613cc446e2.jpg,train,sand,10,0.0010980902777777413,0.628694613461942,False,True
2be0c9f6-caf7-4f26-9b59-b1299865a721_mp4-0054_jpg.rf.2ca01e867f540553ab356a613cc446e2.jpg,train,sand,12,0.04763020833333331,0.11455096921865762,False,False
2be0c9f6-caf7-4f26-9b59-b1299865a721_mp4-0054_jpg.rf.2ca01e867f540553ab356a613cc446e2.jpg,train,sand,7,0.0013650173611110539,0.39471871210422893,False,False
2be0c9f6-caf7-4f26-9b59-b1299865a721_mp4-0055_jpg.rf.113c61626f792ac1f433ec0722dc57d8.jpg,train,sand,13,0.04809895833333333,0.12349070767385817,False,False
2be0c9f6-caf7-4f26-9b59-b1299865a721_mp4-0055_jpg.rf.113c61626f792ac1f433ec0722dc57d8.jpg,train,sand,6,0.001540798611111116,0.31844693546056463,False,False
2be0c9f6-caf7-4f26-9b59-b1299865a721_mp4-0055_jpg.rf.113c61626f792ac1f433ec0722dc57d8.jpg,train,sand,23,0.057172032482639024,0.20039864593947856,False,False
2be0c9f6-caf7-4f26-9b59-b1299865a721_mp4-0055_jpg.rf.113c61626f792ac1f433ec0722dc57d8.jpg,train,sand,49,0.16074978298611242,0.2546124553377999,False,False
2be0c9f6-caf7-4f26-9b59-b1299865a721_mp4-0055_jpg.rf.113c61626f792ac1f433ec0722dc57d8.jpg,train,sand,7,0.0035308159722222676,0.24542526091865025,False,False
2be0c9f6-caf7-4f26-9b59-b1299865a721_mp4-0055_jpg.rf.974d545d5a2b8d3c8526409a795be4e3.jpg,train,sand,15,0.04709201388888884,0.14400460822119587,False,False
2be0c9f6-caf7-4f26-9b59-b1299865a721_mp4-0055_jpg.rf.974d545d5a2b8d3c8526409a795be4e3.jpg,train,sand,25,0.14996310763888943,0.13449512890328244,False,False
2be0c9f6-caf7-4f26-9b59-b1299865a721_mp4-0055_jpg.rf.974d545d5a2b8d3c8526409a795be4e3.jpg,train,sand,21,0.09401258680555546,0.1426872132352757,False,False
2be0c9f6-caf7-4f26-9b59-b1299865a721_mp4-0055_jpg.rf.974d545d5a2b8d3c8526409a795be4e3.jpg,train,sand,13,0.015208333333333712,0.21961464797983019,False,False
2be0c9f6-caf7-4f26-9b59-b1299865a721_mp4-0056_jpg.rf.adb13c12eb3b2e237bf73d611723fccf.jpg,train,sand,18,0.023472222222221006,0.24476773194919588,False,False
2be0c9f6-caf7-4f26-9b59-b1299865a721_mp4-0056_jpg.rf.adb13c12eb3b2e237bf73d611723fccf.jpg,train,sand,20,0.05891497983940974,0.17166268123882178,False,False
2be0c9f6-caf7-4f26-9b59-b1299865a721_mp4-0056_jpg.rf.adb13c12eb3b2e237bf73d611723fccf.jpg,train,sand,51,0.15963030911024134,0.2659324051336538,False,False
2be0c9f6-caf7-4f26-9b59-b1299865a721_mp4-0056_jpg.rf.adb13c12eb3b2e237bf73d611723fccf.jpg,train,sand,20,0.04431857638888892,0.19792281426708683,False,False
2be0c9f6-caf7-4f26-9b59-b1299865a721_mp4-0056_jpg.rf.be1d4b804c07679510ddc200060454a1.jpg,train,sand,11,0.05110677083333326,0.10137064906850018,False,False
2be0c9f6-caf7-4f26-9b59-b1299865a721_mp4-0056_jpg.rf.be1d4b804c07679510ddc200060454a1.jpg,train,sand,25,0.1517599826388878,0.13369653049223826,False,False
2be0c9f6-caf7-4f26-9b59-b1299865a721_mp4-0056_jpg.rf.be1d4b804c07679510ddc200060454a1.jpg,train,sand,16,0.0931879340277777,0.10919403221443286,False,False
2be0c9f6-caf7-4f26-9b59-b1299865a721_mp4-0056_jpg.rf.be1d4b804c07679510ddc200060454a1.jpg,train,sand,10,0.015527343749999645,0.16718995419184163,False,False
2be0c9f6-caf7-4f26-9b59-b1299865a721_mp4-0057_jpg.rf.38565cb6e1b5f9ab1025787256c569fa.jpg,train,sand,29,0.05022352430555577,0.26958962092886546,False,False
2be0c9f6-caf7-4f26-9b59-b1299865a721_mp4-0057_jpg.rf.38565cb6e1b5f9ab1025787256c569fa.jpg,train,sand,27,0.1512087673611111,0.14465519672053942,False,False
2be0c9f6-caf7-4f26-9b59-b1299865a721_mp4-0057_jpg.rf.38565cb6e1b5f9ab1025787256c569fa.jpg,train,sand,23,0.09277994791666666,0.1573111610600285,False,False
2be0c9f6-caf7-4f26-9b59-b1299865a721_mp4-0057_jpg.rf.38565cb6e1b5f9ab1025787256c569fa.jpg,train,sand,10,0.016414930555555873,0.16260700012185775,False,False
2be0c9f6-caf7-4f26-9b59-b1299865a721_mp4-0057_jpg.rf.f5d20789fb8b512f3d6220a725e77132.jpg,train,sand,5,0.002391493055555527,0.21300716142115378,False,False
2be0c9f6-caf7-4f26-9b59-b1299865a721_mp4-0057_jpg.rf.f5d20789fb8b512f3d6220a725e77132.jpg,train,sand,11,0.05215711805555545,0.10034474983362537,False,False
2be0c9f6-caf7-4f26-9b59-b1299865a721_mp4-0057_jpg.rf.f5d20789fb8b512f3d6220a725e77132.jpg,train,sand,17,0.02572059916449554,0.2208346124155936,False,False
2be0c9f6-caf7-4f26-9b59-b1299865a721_mp4-0057_jpg.rf.f5d20789fb8b512f3d6220a725e77132.jpg,train,sand,24,0.05844636252604141,0.20681939366412697,False,False
2be0c9f6-caf7-4f26-9b59-b1299865a721_mp4-0057_jpg.rf.f5d20789fb8b512f3d6220a725e77132.jpg,train,sand,31,0.14647464237630103,0.1687482327507243,False,False
2be0c9f6-caf7-4f26-9b59-b1299865a721_mp4-0058_jpg.rf.382e6548bda5b59c86a3f567c813faeb.jpg,train,sand,7,0.0014203559027777778,0.3869529949759475,False,False
2be0c9f6-caf7-4f26-9b59-b1299865a721_mp4-0058_jpg.rf.382e6548bda5b59c86a3f567c813faeb.jpg,train,sand,14,0.02378350879340374,0.18912495380531222,False,False
2be0c9f6-caf7-4f26-9b59-b1299865a721_mp4-0058_jpg.rf.382e6548bda5b59c86a3f567c813faeb.jpg,train,sand,13,0.053454861111111196,0.11714088807214416,False,False
2be0c9f6-caf7-4f26-9b59-b1299865a721_mp4-0058_jpg.rf.382e6548bda5b59c86a3f567c813faeb.jpg,train,sand,19,0.05607855902777792,0.1671529096293397,False,False
2be0c9f6-caf7-4f26-9b59-b1299865a721_mp4-0058_jpg.rf.382e6548bda5b59c86a3f567c813faeb.jpg,train,sand,53,0.15071397569444578,0.2844185179635722,False,False
2be0c9f6-caf7-4f26-9b59-b1299865a721_mp4-0058_jpg.rf.382e6548bda5b59c86a3f567c813faeb.jpg,train,sand,8,0.003752170138888955,0.27208680954057196,False,False
2be0c9f6-caf7-4f26-9b59-b1299865a721_mp4-0058_jpg.rf.5fa0bc5f197101db2139ccb0ace29aa1.jpg,train,sand,14,0.054763454861111116,0.12463539056995117,False,False
2be0c9f6-caf7-4f26-9b59-b1299865a721_mp4-0058_jpg.rf.5fa0bc5f197101db2139ccb0ace29aa1.jpg,train,sand,36,0.14946397569444514,0.19399609960991326,False,False
2be0c9f6-caf7-4f26-9b59-b1299865a721_mp4-0058_jpg.rf.5fa0bc5f197101db2139ccb0ace29aa1.jpg,train,sand,21,0.09388671874999988,0.14278282711427,False,False
2be0c9f6-caf7-4f26-9b59-b1299865a721_mp4-0058_jpg.rf.5fa0bc5f197101db2139ccb0ace29aa1.jpg,train,sand,10,0.014086371527777697,0.175533168919293,False,False
2be0c9f6-caf7-4f26-9b59-b1299865a721_mp4-0059_jpg.rf.b8388138bc3efe1678da5b78cd7350bb.jpg,train,sand,12,0.014490017361110663,0.20768520319796233,False,False
2be0c9f6-caf7-4f26-9b59-b1299865a721_mp4-0059_jpg.rf.b8388138bc3efe1678da5b78cd7350bb.jpg,train,sand,7,0.059346788194444444,0.05986296072385014,True,False
2be0c9f6-caf7-4f26-9b59-b1299865a721_mp4-0059_jpg.rf.b8388138bc3efe1678da5b78cd7350bb.jpg,train,sand,35,0.1488064236111093,0.1890235727093681,False,False
2be0c9f6-caf7-4f26-9b59-b1299865a721_mp4-0059_jpg.rf.b8388138bc3efe1678da5b78cd7350bb.jpg,train,sand,21,0.09278211805555525,0.14363024990524154,False,False
2be0c9f6-caf7-4f26-9b59-b1299865a721_mp4-0060_jpg.rf.d2fc9a4ee324058f51d7cdbd95eb4455.jpg,train,sand,14,0.0216026740473092,0.19844174707276627,False,False
2be0c9f6-caf7-4f26-9b59-b1299865a721_mp4-0060_jpg.rf.d2fc9a4ee324058f51d7cdbd95eb4455.jpg,train,sand,41,0.14865451388888928,0.22154072305290237,False,False
2be0c9f6-caf7-4f26-9b59-b1299865a721_mp4-0060_jpg.rf.d2fc9a4ee324058f51d7cdbd95eb4455.jpg,train,sand,20,0.05533345052083338,0.1771311253271974,False,False
2be0c9f6-caf7-4f26-9b59-b1299865a721_mp4-0060_jpg.rf.d2fc9a4ee324058f51d7cdbd95eb4455.jpg,train,sand,14,0.05638888888888882,0.12282592111012944,False,False
2be0c9f6-caf7-4f26-9b59-b1299865a721_mp4-0061_jpg.rf.a2f386082a895f147965c1949d625e82.jpg,train,sand,17,0.05888237847222233,0.14595366731724768,False,False
2be0c9f6-caf7-4f26-9b59-b1299865a721_mp4-0061_jpg.rf.a2f386082a895f147965c1949d625e82.jpg,train,sand,29,0.15237196180555657,0.15477621821035148,False,False
2be0c9f6-caf7-4f26-9b59-b1299865a721_mp4-0061_jpg.rf.a2f386082a895f147965c1949d625e82.jpg,train,sand,25,0.09513020833333341,0.16886496229373466,False,False
2be0c9f6-caf7-4f26-9b59-b1299865a721_mp4-0061_jpg.rf.a2f386082a895f147965c1949d625e82.jpg,train,sand,11,0.018309461805555483,0.1693610971432171,False,False
2be0c9f6-caf7-4f26-9b59-b1299865a721_mp4-0062_jpg.rf.035a31615d0c21948389cd1eb25df01c.jpg,train,sand,23,0.02771050347222115,0.28784877818213994,False,False
2be0c9f6-caf7-4f26-9b59-b1299865a721_mp4-0062_jpg.rf.035a31615d0c21948389cd1eb25df01c.jpg,train,sand,9,0.0029926215277780166,0.3427483511225619,False,False
2be0c9f6-caf7-4f26-9b59-b1299865a721_mp4-0062_jpg.rf.035a31615d0c21948389cd1eb25df01c.jpg,train,sand,20,0.05316406249999961,0.18070895660736505,False,False
2be0c9f6-caf7-4f26-9b59-b1299865a721_mp4-0062_jpg.rf.035a31615d0c21948389cd1eb25df01c.jpg,train,sand,35,0.14945746527777715,0.1886114269190892,False,False
2be0c9f6-caf7-4f26-9b59-b1299865a721_mp4-0062_jpg.rf.035a31615d0c21948389cd1eb25df01c.jpg,train,sand,16,0.05892144097222207,0.1373226151970007,False,False
2be0c9f6-caf7-4f26-9b59-b1299865a721_mp4-0062_jpg.rf.4db84b7db1386e84311bb28ae5681ffc.jpg,train,sand,4,0.061356336805555536,0.03364256053768364,True,False
2be0c9f6-caf7-4f26-9b59-b1299865a721_mp4-0062_jpg.rf.4db84b7db1386e84311bb28ae5681ffc.jpg,train,sand,15,0.09353298611111116,0.10218040549352572,False,False
2be0c9f6-caf7-4f26-9b59-b1299865a721_mp4-0062_jpg.rf.4db84b7db1386e84311bb28ae5681ffc.jpg,train,sand,27,0.1682682291666655,0.13712652316476998,False,False
2be0c9f6-caf7-4f26-9b59-b1299865a721_mp4-0063_jpg.rf.06d6c826d985396d08b94813ac69b6bf.jpg,train,sand,14,0.06271484375000003,0.11646666132465,False,False
2be0c9f6-caf7-4f26-9b59-b1299865a721_mp4-0063_jpg.rf.06d6c826d985396d08b94813ac69b6bf.jpg,train,sand,28,0.15162760416666554,0.14980546519031784,False,False
2be0c9f6-caf7-4f26-9b59-b1299865a721_mp4-0063_jpg.rf.06d6c826d985396d08b94813ac69b6bf.jpg,train,sand,19,0.09603515625000014,0.12773127283576438,False,False
2be0c9f6-caf7-4f26-9b59-b1299865a721_mp4-0063_jpg.rf.06d6c826d985396d08b94813ac69b6bf.jpg,train,sand,7,0.017795138888888395,0.10932163332202575,False,False
2be0c9f6-caf7-4f26-9b59-b1299865a721_mp4-0064_jpg.rf.ce29877f8f52463a43e3a77abd5c9682.jpg,train,sand,17,0.02093785590277797,0.2447606403277341,False,False
2be0c9f6-caf7-4f26-9b59-b1299865a721_mp4-0064_jpg.rf.ce29877f8f52463a43e3a77abd5c9682.jpg,train,sand,17,0.05275173611111139,0.15420175103752082,False,False
2be0c9f6-caf7-4f26-9b59-b1299865a721_mp4-0064_jpg.rf.ce29877f8f52463a43e3a77abd5c9682.jpg,train,sand,41,0.14712890625000163,0.22268635984723895,False,False
2be0c9f6-caf7-4f26-9b59-b1299865a721_mp4-0064_jpg.rf.ce29877f8f52463a43e3a77abd5c9682.jpg,train,sand,13,0.0617057291666665,0.10902833266139261,False,False
2be0c9f6-caf7-4f26-9b59-b1299865a721_mp4-0065_jpg.rf.2a87720ab22540d06d31bdcfd13d0493.jpg,train,sand,15,0.06295355902777788,0.12454889472722104,False,False
2be0c9f6-caf7-4f26-9b59-b1299865a721_mp4-0065_jpg.rf.2a87720ab22540d06d31bdcfd13d0493.jpg,train,sand,11,0.02020830078124991,0.16120798482310897,False,False
2be0c9f6-caf7-4f26-9b59-b1299865a721_mp4-0065_jpg.rf.2a87720ab22540d06d31bdcfd13d0493.jpg,train,sand,41,0.14627387152777693,0.22333626105190724,False,False
2be0c9f6-caf7-4f26-9b59-b1299865a721_mp4-0065_jpg.rf.2a87720ab22540d06d31bdcfd13d0493.jpg,train,sand,25,0.05560329861111102,0.22087598185390178,False,False
2be0c9f6-caf7-4f26-9b59-b1299865a721_mp4-0068_jpg.rf.61d1a02d8f3d2347f1c84c792e34f210.jpg,train,sand,13,0.018606770833332398,0.19854850007308272,False,False
2be0c9f6-caf7-4f26-9b59-b1299865a721_mp4-0068_jpg.rf.61d1a02d8f3d2347f1c84c792e34f210.jpg,train,sand,25,0.0529123263888891,0.22642289715703323,False,False
2be0c9f6-caf7-4f26-9b59-b1299865a721_mp4-0068_jpg.rf.61d1a02d8f3d2347f1c84c792e34f210.jpg,train,sand,46,0.148069661458333,0.2490482833698208,False,False
2be0c9f6-caf7-4f26-9b59-b1299865a721_mp4-0068_jpg.rf.61d1a02d8f3d2347f1c84c792e34f210.jpg,train,sand,15,0.06999565972222221,0.11811755975086055,False,False
2be0c9f6-caf7-4f26-9b59-b1299865a721_mp4-0068_jpg.rf.e5f578afb8e7a0e9100313464d40a361.jpg,train,sand,15,0.06029296874999979,0.12726725805353564,False,False
2be0c9f6-caf7-4f26-9b59-b1299865a721_mp4-0068_jpg.rf.e5f578afb8e7a0e9100313464d40a361.jpg,train,sand,30,0.15667317708333428,0.15790020439536723,False,False
2be0c9f6-caf7-4f26-9b59-b1299865a721_mp4-0068_jpg.rf.e5f578afb8e7a0e9100313464d40a361.jpg,train,sand,20,0.0893750000000002,0.13937366833451495,False,False
2be0c9f6-caf7-4f26-9b59-b1299865a721_mp4-0068_jpg.rf.e5f578afb8e7a0e9100313464d40a361.jpg,train,sand,7,0.014422743055555465,0.12143192210571976,False,False
2be0c9f6-caf7-4f26-9b59-b1299865a721_mp4-0069_jpg.rf.77d61389b3f9bb7706bcc00d81ff4991.jpg,train,sand,7,0.06072916666666664,0.05917770816372141,True,False
2be0c9f6-caf7-4f26-9b59-b1299865a721_mp4-0069_jpg.rf.77d61389b3f9bb7706bcc00d81ff4991.jpg,train,sand,22,0.09131184895833333,0.15167635207767866,False,False
2be0c9f6-caf7-4f26-9b59-b1299865a721_mp4-0069_jpg.rf.77d61389b3f9bb7706bcc00d81ff4991.jpg,train,sand,19,0.1691037326388889,0.09625776344919863,False,False
2be0c9f6-caf7-4f26-9b59-b1299865a721_mp4-0069_jpg.rf.9b728e01fdfa584eabbe418bedc77bae.jpg,train,sand,14,0.01797960069444393,0.2175187892050091,False,False
2be0c9f6-caf7-4f26-9b59-b1299865a721_mp4-0069_jpg.rf.9b728e01fdfa584eabbe418bedc77bae.jpg,train,sand,23,0.056011284722222276,0.20246447495487296,False,False
2be0c9f6-caf7-4f26-9b59-b1299865a721_mp4-0069_jpg.rf.9b728e01fdfa584eabbe418bedc77bae.jpg,train,sand,33,0.148836805555554,0.17820403458501594,False,False
2be0c9f6-caf7-4f26-9b59-b1299865a721_mp4-0069_jpg.rf.9b728e01fdfa584eabbe418bedc77bae.jpg,train,sand,17,0.07118055555555558,0.13274769760531513,False,False
2be0c9f6-caf7-4f26-9b59-b1299865a721_mp4-0071_jpg.rf.0d9f9b39154af51977ddeffb0731b863.jpg,train,sand,24,0.05914496527777802,0.20559432076376682,False,False
2be0c9f6-caf7-4f26-9b59-b1299865a721_mp4-0071_jpg.rf.0d9f9b39154af51977ddeffb0731b863.jpg,train,sand,38,0.15215711805555543,0.2029533490711419,False,False
2be0c9f6-caf7-4f26-9b59-b1299865a721_mp4-0071_jpg.rf.0d9f9b39154af51977ddeffb0731b863.jpg,train,sand,20,0.08725911458333324,0.14105333450299468,False,False
2be0c9f6-caf7-4f26-9b59-b1299865a721_mp4-0071_jpg.rf.0d9f9b39154af51977ddeffb0731b863.jpg,train,sand,7,0.015115017361110983,0.11861851355835686,False,False
2be0c9f6-caf7-4f26-9b59-b1299865a721_mp4-0072_jpg.rf.06aa14c7ca734a3735f2c15a61af6b9a.jpg,train,sand,15,0.019652777777777075,0.22291436185416552,False,False
2be0c9f6-caf7-4f26-9b59-b1299865a721_mp4-0072_jpg.rf.06aa14c7ca734a3735f2c15a61af6b9a.jpg,train,sand,13,0.04934678819444438,0.12191935861755945,False,False
2be0c9f6-caf7-4f26-9b59-b1299865a721_mp4-0072_jpg.rf.06aa14c7ca734a3735f2c15a61af6b9a.jpg,train,sand,24,0.1466840277777779,0.13055051548403437,False,False
2be0c9f6-caf7-4f26-9b59-b1299865a721_mp4-0072_jpg.rf.06aa14c7ca734a3735f2c15a61af6b9a.jpg,train,sand,20,0.07830295138888865,0.1489017124521301,False,False
2be0c9f6-caf7-4f26-9b59-b1299865a721_mp4-0072_jpg.rf.06aa14c7ca734a3735f2c15a61af6b9a.jpg,train,sand,6,0.0013281250000001243,0.3429971702850016,False,False
2be0c9f6-caf7-4f26-9b59-b1299865a721_mp4-0072_jpg.rf.06aa14c7ca734a3735f2c15a61af6b9a.jpg,train,sand,10,0.00477430555555558,0.3015113445777628,False,False
2be0c9f6-caf7-4f26-9b59-b1299865a721_mp4-0072_jpg.rf.2ef0e9f88d0dc04c098760f2ebe7fa4f.jpg,train,sand,11,0.059921875000000124,0.09361786888449687,False,False
2be0c9f6-caf7-4f26-9b59-b1299865a721_mp4-0072_jpg.rf.2ef0e9f88d0dc04c098760f2ebe7fa4f.jpg,train,sand,34,0.1606987847222232,0.17669789811381206,False,False
2be0c9f6-caf7-4f26-9b59-b1299865a721_mp4-0072_jpg.rf.2ef0e9f88d0dc04c098760f2ebe7fa4f.jpg,train,sand,22,0.08029748389756919,0.16174485500956567,False,False
2be0c9f6-caf7-4f26-9b59-b1299865a721_mp4-0073_jpg.rf.144821eba990c9b397e3b7aff56e233f.jpg,train,sand,11,0.019806857638888342,0.1628334624581544,False,False
2be0c9f6-caf7-4f26-9b59-b1299865a721_mp4-0073_jpg.rf.144821eba990c9b397e3b7aff56e233f.jpg,train,sand,9,0.04450086805555564,0.08888265743191062,False,False
2be0c9f6-caf7-4f26-9b59-b1299865a721_mp4-0073_jpg.rf.144821eba990c9b397e3b7aff56e233f.jpg,train,sand,24,0.14312065972222143,0.13216572407461358,False,False
2be0c9f6-caf7-4f26-9b59-b1299865a721_mp4-0073_jpg.rf.144821eba990c9b397e3b7aff56e233f.jpg,train,sand,21,0.0795030381944446,0.15516229500664513,False,False
2be0c9f6-caf7-4f26-9b59-b1299865a721_mp4-0073_jpg.rf.144821eba990c9b397e3b7aff56e233f.jpg,train,sand,6,0.0014800347222223564,0.32491821664431464,False,False
2be0c9f6-caf7-4f26-9b59-b1299865a721_mp4-0073_jpg.rf.57775593750413ffb9c3af3d4a797408.jpg,train,sand,10,0.061351996527777786,0.08410937629783273,False,False
2be0c9f6-caf7-4f26-9b59-b1299865a721_mp4-0073_jpg.rf.57775593750413ffb9c3af3d4a797408.jpg,train,sand,35,0.16991319444444386,0.17689406192629534,False,False
2be0c9f6-caf7-4f26-9b59-b1299865a721_mp4-0073_jpg.rf.57775593750413ffb9c3af3d4a797408.jpg,train,sand,16,0.0729014756944446,0.1234555405916773,False,False
2be0c9f6-caf7-4f26-9b59-b1299865a721_mp4-0073_jpg.rf.57775593750413ffb9c3af3d4a797408.jpg,train,sand,6,0.01475694444444442,0.10289915108550537,False,False
2be0c9f6-caf7-4f26-9b59-b1299865a721_mp4-0074_jpg.rf.7af35edb55074e11f90ba30789f18e14.jpg,train,sand,12,0.017419704861111107,0.18941728718148781,False,False
2be0c9f6-caf7-4f26-9b59-b1299865a721_mp4-0074_jpg.rf.7af35edb55074e11f90ba30789f18e14.jpg,train,sand,5,0.04470920138888884,0.0492640725064266,True,False
2be0c9f6-caf7-4f26-9b59-b1299865a721_mp4-0074_jpg.rf.7af35edb55074e11f90ba30789f18e14.jpg,train,sand,28,0.13917317708333243,0.15636481062056634,False,False
2be0c9f6-caf7-4f26-9b59-b1299865a721_mp4-0074_jpg.rf.7af35edb55074e11f90ba30789f18e14.jpg,train,sand,18,0.08087022569444402,0.13186724720038634,False,False
2be0c9f6-caf7-4f26-9b59-b1299865a721_mp4-0074_jpg.rf.808a0eb896b28567c0d453b4fed63fd4.jpg,train,sand,20,0.06298394097222226,0.1660251352026887,False,False
2be0c9f6-caf7-4f26-9b59-b1299865a721_mp4-0074_jpg.rf.808a0eb896b28567c0d453b4fed63fd4.jpg,train,sand,31,0.1850889756944447,0.1501171049952702,False,False
2be0c9f6-caf7-4f26-9b59-b1299865a721_mp4-0074_jpg.rf.808a0eb896b28567c0d453b4fed63fd4.jpg,train,sand,22,0.061447482638889106,0.1848968003245675,False,False
2be0c9f6-caf7-4f26-9b59-b1299865a721_mp4-0074_jpg.rf.808a0eb896b28567c0d453b4fed63fd4.jpg,train,sand,6,0.012695312499999778,0.11094003924504679,False,False
2be0c9f6-caf7-4f26-9b59-b1299865a721_mp4-0075_jpg.rf.5f39bd57df73ec839c9d51b52481c79e.jpg,train,sand,22,0.0669986979166668,0.177071335245672,False,False
2be0c9f6-caf7-4f26-9b59-b1299865a721_mp4-0075_jpg.rf.5f39bd57df73ec839c9d51b52481c79e.jpg,train,sand,58,0.17604709201388502,0.28798663170373845,False,False
2be0c9f6-caf7-4f26-9b59-b1299865a721_mp4-0075_jpg.rf.5f39bd57df73ec839c9d51b52481c79e.jpg,train,sand,24,0.059225260416666536,0.20545490539006453,False,False
2be0c9f6-caf7-4f26-9b59-b1299865a721_mp4-0075_jpg.rf.5f39bd57df73ec839c9d51b52481c79e.jpg,train,sand,9,0.014570312500000071,0.15533411192354893,False,False
2be0c9f6-caf7-4f26-9b59-b1299865a721_mp4-0075_jpg.rf.5f39bd57df73ec839c9d51b52481c79e.jpg,train,sand,7,0.00874348958333332,0.15596042290285622,False,False
2be0c9f6-caf7-4f26-9b59-b1299865a721_mp4-0075_jpg.rf.5f39bd57df73ec839c9d51b52481c79e.jpg,train,sand,5,0.0016471354166666709,0.25666350116967235,False,False
2be0c9f6-caf7-4f26-9b59-b1299865a721_mp4-0075_jpg.rf.8c169a3b3f7ff62e37db167c4b2ae991.jpg,train,sand,11,0.01756510416666668,0.17291237777539717,False,False
2be0c9f6-caf7-4f26-9b59-b1299865a721_mp4-0075_jpg.rf.8c169a3b3f7ff62e37db167c4b2ae991.jpg,train,sand,7,0.0501388888888889,0.06512825616191883,True,False
2be0c9f6-caf7-4f26-9b59-b1299865a721_mp4-0075_jpg.rf.8c169a3b3f7ff62e37db167c4b2ae991.jpg,train,sand,25,0.13905598958333343,0.13967025346345355,False,False
2be0c9f6-caf7-4f26-9b59-b1299865a721_mp4-0075_jpg.rf.8c169a3b3f7ff62e37db167c4b2ae991.jpg,train,sand,22,0.08421440972222172,0.15793858362181362,False,False
2be0c9f6-caf7-4f26-9b59-b1299865a721_mp4-0075_jpg.rf.8c169a3b3f7ff62e37db167c4b2ae991.jpg,train,sand,5,0.001436631944444322,0.2748248549646681,False,False
2be0c9f6-caf7-4f26-9b59-b1299865a721_mp4-0076_jpg.rf.5089945554efb85504211da9d0da503b.jpg,train,sand,30,0.06888454861111137,0.23813273990493253,False,False
2be0c9f6-caf7-4f26-9b59-b1299865a721_mp4-0076_jpg.rf.5089945554efb85504211da9d0da503b.jpg,train,sand,53,0.17910807291666586,0.2609017857360312,False,False
2be0c9f6-caf7-4f26-9b59-b1299865a721_mp4-0076_jpg.rf.5089945554efb85504211da9d0da503b.jpg,train,sand,22,0.0565407986111115,0.1927527018049817,False,False
2be0c9f6-caf7-4f26-9b59-b1299865a721_mp4-0076_jpg.rf.5089945554efb85504211da9d0da503b.jpg,train,sand,6,0.013561197916666767,0.10733985045154062,False,False
2be0c9f6-caf7-4f26-9b59-b1299865a721_mp4-0076_jpg.rf.fc5391644342b9f57a8419fbaef59a01.jpg,train,sand,12,0.01733289930555504,0.18989100878458956,False,False
2be0c9f6-caf7-4f26-9b59-b1299865a721_mp4-0076_jpg.rf.fc5391644342b9f57a8419fbaef59a01.jpg,train,sand,21,0.050349392361111134,0.19497590306430793,False,False
2be0c9f6-caf7-4f26-9b59-b1299865a721_mp4-0076_jpg.rf.fc5391644342b9f57a8419fbaef59a01.jpg,train,sand,22,0.14265190972222186,0.1213508013056176,False,False
2be0c9f6-caf7-4f26-9b59-b1299865a721_mp4-0076_jpg.rf.fc5391644342b9f57a8419fbaef59a01.jpg,train,sand,27,0.08826605902777818,0.18933271324879092,False,False
2be0c9f6-caf7-4f26-9b59-b1299865a721_mp4-0077_jpg.rf.3c1fd1bede79cb07a759a429595dc68f.jpg,train,sand,21,0.07123697916666694,0.1639174955524867,False,False
2be0c9f6-caf7-4f26-9b59-b1299865a721_mp4-0077_jpg.rf.3c1fd1bede79cb07a759a429595dc68f.jpg,train,sand,33,0.17397352430555557,0.1648280504117918,False,False
2be0c9f6-caf7-4f26-9b59-b1299865a721_mp4-0077_jpg.rf.3c1fd1bede79cb07a759a429595dc68f.jpg,train,sand,17,0.05723090277777776,0.14804453685654334,False,False
2be0c9f6-caf7-4f26-9b59-b1299865a721_mp4-0077_jpg.rf.3c1fd1bede79cb07a759a429595dc68f.jpg,train,sand,9,0.006312934027777772,0.2359856781433125,False,False
2be0c9f6-caf7-4f26-9b59-b1299865a721_mp4-0077_jpg.rf.3c1fd1bede79cb07a759a429595dc68f.jpg,train,sand,11,0.016627604166666643,0.17772012464618295,False,False
2be0c9f6-caf7-4f26-9b59-b1299865a721_mp4-0078_jpg.rf.3a929807afcc46c1b1201baffe7dddc4.jpg,train,sand,11,0.015757378472222694,0.1825616131541277,False,False
2be0c9f6-caf7-4f26-9b59-b1299865a721_mp4-0078_jpg.rf.3a929807afcc46c1b1201baffe7dddc4.jpg,train,sand,26,0.05266927083333339,0.23602252795900958,False,False
2be0c9f6-caf7-4f26-9b59-b1299865a721_mp4-0078_jpg.rf.3a929807afcc46c1b1201baffe7dddc4.jpg,train,sand,25,0.14555772569444425,0.13651524118024674,False,False
2be0c9f6-caf7-4f26-9b59-b1299865a721_mp4-0078_jpg.rf.3a929807afcc46c1b1201baffe7dddc4.jpg,train,sand,17,0.08930555555555575,0.11851366963829646,False,False
2be0c9f6-caf7-4f26-9b59-b1299865a721_mp4-0078_jpg.rf.dfb6793af1f0e11b444f88bf8ef3409c.jpg,train,sand,16,0.05657335069444436,0.1401434467291643,False,False
2be0c9f6-caf7-4f26-9b59-b1299865a721_mp4-0078_jpg.rf.dfb6793af1f0e11b444f88bf8ef3409c.jpg,train,sand,8,0.07080078125000011,0.06263682341490166,True,False
2be0c9f6-caf7-4f26-9b59-b1299865a721_mp4-0078_jpg.rf.dfb6793af1f0e11b444f88bf8ef3409c.jpg,train,sand,35,0.2026475694444443,0.16197802801374145,False,False
2be0c9f6-caf7-4f26-9b59-b1299865a721_mp4-0079_jpg.rf.b9c5c02d9843939a380d5cec6b27f6e3.jpg,train,sand,11,0.015210503472222303,0.18581452221810343,False,False
2be0c9f6-caf7-4f26-9b59-b1299865a721_mp4-0079_jpg.rf.b9c5c02d9843939a380d5cec6b27f6e3.jpg,train,sand,15,0.05219401041666666,0.1367853820348901,False,False
2be0c9f6-caf7-4f26-9b59-b1299865a721_mp4-0079_jpg.rf.b9c5c02d9843939a380d5cec6b27f6e3.jpg,train,sand,33,0.148355034722222,0.17849315156305204,False,False
2be0c9f6-caf7-4f26-9b59-b1299865a721_mp4-0079_jpg.rf.b9c5c02d9843939a380d5cec6b27f6e3.jpg,train,sand,20,0.09222873263888887,0.1372004822468226,False,False
2be0c9f6-caf7-4f26-9b59-b1299865a721_mp4-0080_jpg.rf.e5e00b60234f171a3aa98047c4ee8555.jpg,train,sand,20,0.050158420138888715,0.1860444992591341,False,False
2be0c9f6-caf7-4f26-9b59-b1299865a721_mp4-0080_jpg.rf.e5e00b60234f171a3aa98047c4ee8555.jpg,train,sand,30,0.1477734375000015,0.16258550689592075,False,False
2be0c9f6-caf7-4f26-9b59-b1299865a721_mp4-0080_jpg.rf.e5e00b60234f171a3aa98047c4ee8555.jpg,train,sand,16,0.09350911458333333,0.10900634373637685,False,False
2be0c9f6-caf7-4f26-9b59-b1299865a721_mp4-0080_jpg.rf.e5e00b60234f171a3aa98047c4ee8555.jpg,train,sand,8,0.017234815075955368,0.12695372133063001,False,False
2be0c9f6-caf7-4f26-9b59-b1299865a721_mp4-0080_jpg.rf.e5e00b60234f171a3aa98047c4ee8555.jpg,train,sand,5,0.002901475694444433,0.19338344762674525,False,False
2be0c9f6-caf7-4f26-9b59-b1299865a721_mp4-0081_jpg.rf.3811d7e562ce6ffd9128bbeed80f5c1a.jpg,train,sand,20,0.06902343750000006,0.15859535602326874,False,False
2be0c9f6-caf7-4f26-9b59-b1299865a721_mp4-0081_jpg.rf.3811d7e562ce6ffd9128bbeed80f5c1a.jpg,train,sand,32,0.17771484374999957,0.1581418769072093,False,False
2be0c9f6-caf7-4f26-9b59-b1299865a721_mp4-0081_jpg.rf.3811d7e562ce6ffd9128bbeed80f5c1a.jpg,train,sand,25,0.05305338541666682,0.2261216887448718,False,False
2be0c9f6-caf7-4f26-9b59-b1299865a721_mp4-0081_jpg.rf.3811d7e562ce6ffd9128bbeed80f5c1a.jpg,train,sand,3,0.0018272569444444421,0.1462110536485739,False,False
2be0c9f6-caf7-4f26-9b59-b1299865a721_mp4-0081_jpg.rf.3811d7e562ce6ffd9128bbeed80f5c1a.jpg,train,sand,7,0.009463975694444404,0.1499063377991726,False,False
2be0c9f6-caf7-4f26-9b59-b1299865a721_mp4-0081_jpg.rf.3811d7e562ce6ffd9128bbeed80f5c1a.jpg,train,sand,7,0.012365451388888893,0.1311450235388945,False,False
2be0c9f6-caf7-4f26-9b59-b1299865a721_mp4-0082_jpg.rf.4e6bceb486f0dfa56633214083a28f7a.jpg,train,sand,23,0.06906901041666669,0.1823244792362883,False,False
2be0c9f6-caf7-4f26-9b59-b1299865a721_mp4-0082_jpg.rf.4e6bceb486f0dfa56633214083a28f7a.jpg,train,sand,33,0.17974609374999773,0.16215971484145508,False,False
2be0c9f6-caf7-4f26-9b59-b1299865a721_mp4-0082_jpg.rf.4e6bceb486f0dfa56633214083a28f7a.jpg,train,sand,13,0.052250434027777626,0.118483306028183,False,False
2be0c9f6-caf7-4f26-9b59-b1299865a721_mp4-0082_jpg.rf.4e6bceb486f0dfa56633214083a28f7a.jpg,train,sand,10,0.006197916666666581,0.2646280620124834,False,False
2be0c9f6-caf7-4f26-9b59-b1299865a721_mp4-0082_jpg.rf.4e6bceb486f0dfa56633214083a28f7a.jpg,train,sand,9,0.01243272569444498,0.16815821789438906,False,False
2be0c9f6-caf7-4f26-9b59-b1299865a721_mp4-0082_jpg.rf.4e6bceb486f0dfa56633214083a28f7a.jpg,train,sand,7,0.002037760416666673,0.3230578077958316,False,False
2be0c9f6-caf7-4f26-9b59-b1299865a721_mp4-0082_jpg.rf.4e6bceb486f0dfa56633214083a28f7a.jpg,train,sand,4,0.001174045138888885,0.24320716012419302,False,False
2be0c9f6-caf7-4f26-9b59-b1299865a721_mp4-0083_jpg.rf.36d8bcfc1dcf00421491d35de8ca5f68.jpg,train,sand,18,0.0689236111111109,0.14283914964051436,False,False
2be0c9f6-caf7-4f26-9b59-b1299865a721_mp4-0083_jpg.rf.36d8bcfc1dcf00421491d35de8ca5f68.jpg,train,sand,27,0.17871961805555614,0.13305659732114614,False,False
2be0c9f6-caf7-4f26-9b59-b1299865a721_mp4-0083_jpg.rf.36d8bcfc1dcf00421491d35de8ca5f68.jpg,train,sand,18,0.05022569444444436,0.1673278738053812,False,False
2be0c9f6-caf7-4f26-9b59-b1299865a721_mp4-0083_jpg.rf.36d8bcfc1dcf00421491d35de8ca5f68.jpg,train,sand,4,0.00221137152777778,0.17720986599090413,False,False
2be0c9f6-caf7-4f26-9b59-b1299865a721_mp4-0083_jpg.rf.36d8bcfc1dcf00421491d35de8ca5f68.jpg,train,sand,8,0.009197048611111147,0.17378989012151216,False,False
2be0c9f6-caf7-4f26-9b59-b1299865a721_mp4-0083_jpg.rf.36d8bcfc1dcf00421491d35de8ca5f68.jpg,train,sand,5,0.009596354166666599,0.10633485251477874,False,False
2be0c9f6-caf7-4f26-9b59-b1299865a721_mp4-0083_jpg.rf.e1bb75c75d74792d4a548a5c4dad8c1d.jpg,train,sand,19,0.049036458333333366,0.17875278452338242,False,False
2be0c9f6-caf7-4f26-9b59-b1299865a721_mp4-0083_jpg.rf.e1bb75c75d74792d4a548a5c4dad8c1d.jpg,train,sand,21,0.1468554687500001,0.11416500379495251,False,False
2be0c9f6-caf7-4f26-9b59-b1299865a721_mp4-0083_jpg.rf.e1bb75c75d74792d4a548a5c4dad8c1d.jpg,train,sand,22,0.09898003472222205,0.14568258618504126,False,False
2be0c9f6-caf7-4f26-9b59-b1299865a721_mp4-0083_jpg.rf.e1bb75c75d74792d4a548a5c4dad8c1d.jpg,train,sand,4,0.0015928819444444436,0.20879830038875227,False,False
2be0c9f6-caf7-4f26-9b59-b1299865a721_mp4-0083_jpg.rf.e1bb75c75d74792d4a548a5c4dad8c1d.jpg,train,sand,10,0.01544704861111068,0.16762392512812432,False,False
2be0c9f6-caf7-4f26-9b59-b1299865a721_mp4-0084_jpg.rf.03797bb56c3cbbfac0ef7a81665bb1c1.jpg,train,sand,16,0.049861111111111134,0.1492786741724151,False,False
2be0c9f6-caf7-4f26-9b59-b1299865a721_mp4-0084_jpg.rf.03797bb56c3cbbfac0ef7a81665bb1c1.jpg,train,sand,23,0.14754774305555607,0.1247441859495852,False,False
2be0c9f6-caf7-4f26-9b59-b1299865a721_mp4-0084_jpg.rf.03797bb56c3cbbfac0ef7a81665bb1c1.jpg,train,sand,22,0.09774305555555562,0.14660152490610637,False,False
2be0c9f6-caf7-4f26-9b59-b1299865a721_mp4-0084_jpg.rf.03797bb56c3cbbfac0ef7a81665bb1c1.jpg,train,sand,9,0.015494791666666785,0.15062893357602958,False,False
2be0c9f6-caf7-4f26-9b59-b1299865a721_mp4-0085_jpg.rf.4494d72e373f1122ae3bb0fcc941899c.jpg,train,sand,14,0.05074435763888885,0.12947708660622714,False,False
2be0c9f6-caf7-4f26-9b59-b1299865a721_mp4-0085_jpg.rf.4494d72e373f1122ae3bb0fcc941899c.jpg,train,sand,21,0.14866970486111075,0.11346628026218124,False,False
2be0c9f6-caf7-4f26-9b59-b1299865a721_mp4-0085_jpg.rf.4494d72e373f1122ae3bb0fcc941899c.jpg,train,sand,25,0.09686631944444457,0.16734485788545858,False,False
2be0c9f6-caf7-4f26-9b59-b1299865a721_mp4-0085_jpg.rf.4494d72e373f1122ae3bb0fcc941899c.jpg,train,sand,9,0.015336371527777892,0.15140491077642254,False,False
2be0c9f6-caf7-4f26-9b59-b1299865a721_mp4-0085_jpg.rf.d7ebfb4f3436a5e213d939637199d94d.jpg,train,sand,19,0.049463975694444606,0.17797862757842098,False,False
2be0c9f6-caf7-4f26-9b59-b1299865a721_mp4-0085_jpg.rf.d7ebfb4f3436a5e213d939637199d94d.jpg,train,sand,4,0.0754427083333333,0.03033961870999627,True,False
2be0c9f6-caf7-4f26-9b59-b1299865a721_mp4-0085_jpg.rf.d7ebfb4f3436a5e213d939637199d94d.jpg,train,sand,26,0.2029427083333335,0.12023900802686843,False,False
2be0c9f6-caf7-4f26-9b59-b1299865a721_mp4-0086_jpg.rf.3e65dbea69646a4906c16f31d21c6db8.jpg,train,sand,13,0.07137803819444444,0.1013724193029648,False,False
2be0c9f6-caf7-4f26-9b59-b1299865a721_mp4-0086_jpg.rf.3e65dbea69646a4906c16f31d21c6db8.jpg,train,sand,39,0.18641493055555536,0.1881841418548186,False,False
2be0c9f6-caf7-4f26-9b59-b1299865a721_mp4-0086_jpg.rf.3e65dbea69646a4906c16f31d21c6db8.jpg,train,sand,26,0.04470269097222257,0.2561918306464979,False,False
2be0c9f6-caf7-4f26-9b59-b1299865a721_mp4-0086_jpg.rf.3e65dbea69646a4906c16f31d21c6db8.jpg,train,sand,5,0.002912326388888886,0.19302285912054584,False,False
2be0c9f6-caf7-4f26-9b59-b1299865a721_mp4-0086_jpg.rf.3e65dbea69646a4906c16f31d21c6db8.jpg,train,sand,8,0.012313368055555607,0.1501966751987113,False,False
2be0c9f6-caf7-4f26-9b59-b1299865a721_mp4-0086_jpg.rf.aef0abd2b135367befed224e1872ff1a.jpg,train,sand,9,0.015221354166666146,0.15197586589727818,False,False
2be0c9f6-caf7-4f26-9b59-b1299865a721_mp4-0086_jpg.rf.aef0abd2b135367befed224e1872ff1a.jpg,train,sand,7,0.04858940972222214,0.06615855195906452,True,False
2be0c9f6-caf7-4f26-9b59-b1299865a721_mp4-0086_jpg.rf.aef0abd2b135367befed224e1872ff1a.jpg,train,sand,24,0.14874348958333172,0.12964358182966512,False,False
2be0c9f6-caf7-4f26-9b59-b1299865a721_mp4-0086_jpg.rf.aef0abd2b135367befed224e1872ff1a.jpg,train,sand,22,0.09408203124999992,0.1494266639951403,False,False
2be0c9f6-caf7-4f26-9b59-b1299865a721_mp4-0087_jpg.rf.5dffc1b3f8ee629e5fb66ca0d8cbdd5c.jpg,train,sand,21,0.07247178819444411,0.16251504358712363,False,False
2be0c9f6-caf7-4f26-9b59-b1299865a721_mp4-0087_jpg.rf.5dffc1b3f8ee629e5fb66ca0d8cbdd5c.jpg,train,sand,34,0.1896874999999989,0.1626366137469164,False,False
2be0c9f6-caf7-4f26-9b59-b1299865a721_mp4-0087_jpg.rf.5dffc1b3f8ee629e5fb66ca0d8cbdd5c.jpg,train,sand,17,0.04591796874999954,0.16527849513391493,False,False
2be0c9f6-caf7-4f26-9b59-b1299865a721_mp4-0087_jpg.rf.5dffc1b3f8ee629e5fb66ca0d8cbdd5c.jpg,train,sand,9,0.012061631944443985,0.17072543818334232,False,False
2be0c9f6-caf7-4f26-9b59-b1299865a721_mp4-0087_jpg.rf.5dffc1b3f8ee629e5fb66ca0d8cbdd5c.jpg,train,sand,4,0.0030381944444444406,0.151185789203691,False,False
2be0c9f6-caf7-4f26-9b59-b1299865a721_mp4-0087_jpg.rf.9c23de1878c3d6562312549d17c5b70e.jpg,train,sand,12,0.046310763888888884,0.11617135003066598,False,False
2be0c9f6-caf7-4f26-9b59-b1299865a721_mp4-0087_jpg.rf.9c23de1878c3d6562312549d17c5b70e.jpg,train,sand,26,0.15243272569444333,0.13873722477984687,False,False
2be0c9f6-caf7-4f26-9b59-b1299865a721_mp4-0087_jpg.rf.9c23de1878c3d6562312549d17c5b70e.jpg,train,sand,21,0.09450086805555546,0.14231810698891126,False,False
2be0c9f6-caf7-4f26-9b59-b1299865a721_mp4-0087_jpg.rf.9c23de1878c3d6562312549d17c5b70e.jpg,train,sand,8,0.014861111111111214,0.13671718540493216,False,False
2be0c9f6-caf7-4f26-9b59-b1299865a721_mp4-0088_jpg.rf.8c07c1945f44ce4078e76771b52cad5b.jpg,train,sand,24,0.07279296874999996,0.1853212788335874,False,False
2be0c9f6-caf7-4f26-9b59-b1299865a721_mp4-0088_jpg.rf.8c07c1945f44ce4078e76771b52cad5b.jpg,train,sand,45,0.19406250000000114,0.21281413268968652,False,False
2be0c9f6-caf7-4f26-9b59-b1299865a721_mp4-0088_jpg.rf.8c07c1945f44ce4078e76771b52cad5b.jpg,train,sand,16,0.04218098958333316,0.1623006888712035,False,False
2be0c9f6-caf7-4f26-9b59-b1299865a721_mp4-0088_jpg.rf.8c07c1945f44ce4078e76771b52cad5b.jpg,train,sand,8,0.011657986111111018,0.15436078653581523,False,False
2be0c9f6-caf7-4f26-9b59-b1299865a721_mp4-0089_jpg.rf.8c46cde1c1291828e34a61dc63ce0323.jpg,train,sand,28,0.04723741319444441,0.2683945794838639,False,False
2be0c9f6-caf7-4f26-9b59-b1299865a721_mp4-0089_jpg.rf.8c46cde1c1291828e34a61dc63ce0323.jpg,train,sand,35,0.15045355902778113,0.18798602909055104,False,False
2be0c9f6-caf7-4f26-9b59-b1299865a721_mp4-0089_jpg.rf.8c46cde1c1291828e34a61dc63ce0323.jpg,train,sand,21,0.09335503472222184,0.1431888446663275,False,False
2be0c9f6-caf7-4f26-9b59-b1299865a721_mp4-0089_jpg.rf.8c46cde1c1291828e34a61dc63ce0323.jpg,train,sand,7,0.016267361111110823,0.11434001606734122,False,False
2be0c9f6-caf7-4f26-9b59-b1299865a721_mp4-0090_jpg.rf.d2aa2f43a8cf636bbcaa98c002e402f0.jpg,train,sand,14,0.01507812499999961,0.23752707932767061,False,False
2be0c9f6-caf7-4f26-9b59-b1299865a721_mp4-0090_jpg.rf.d2aa2f43a8cf636bbcaa98c002e402f0.jpg,train,sand,21,0.04840060763888898,0.19886238805639173,False,False
2be0c9f6-caf7-4f26-9b59-b1299865a721_mp4-0090_jpg.rf.d2aa2f43a8cf636bbcaa98c002e402f0.jpg,train,sand,28,0.15370008680555536,0.14879205350191235,False,False
2be0c9f6-caf7-4f26-9b59-b1299865a721_mp4-0090_jpg.rf.d2aa2f43a8cf636bbcaa98c002e402f0.jpg,train,sand,24,0.09584418402777772,0.16150542767947756,False,False
2be0c9f6-caf7-4f26-9b59-b1299865a721_mp4-0091_jpg.rf.19a8bad56dd7d065c1527922e628965b.jpg,train,sand,11,0.03615885416666664,0.12051583604940407,False,False
2be0c9f6-caf7-4f26-9b59-b1299865a721_mp4-0091_jpg.rf.19a8bad56dd7d065c1527922e628965b.jpg,train,sand,27,0.2175871223958339,0.12058851095518046,False,False
2be0c9f6-caf7-4f26-9b59-b1299865a721_mp4-0091_jpg.rf.19a8bad56dd7d065c1527922e628965b.jpg,train,sand,9,0.06410373263888891,0.07405589123247723,False,False
2be0c9f6-caf7-4f26-9b59-b1299865a721_mp4-0091_jpg.rf.9d077b1ddfad8976838ed34a3b86f41d.jpg,train,sand,11,0.014980468750000142,0.18723573776899305,False,False
2be0c9f6-caf7-4f26-9b59-b1299865a721_mp4-0091_jpg.rf.9d077b1ddfad8976838ed34a3b86f41d.jpg,train,sand,10,0.04922960069444443,0.093895678820765,False,False
2be0c9f6-caf7-4f26-9b59-b1299865a721_mp4-0091_jpg.rf.9d077b1ddfad8976838ed34a3b86f41d.jpg,train,sand,29,0.15423611111111057,0.15383803618662664,False,False
2be0c9f6-caf7-4f26-9b59-b1299865a721_mp4-0091_jpg.rf.9d077b1ddfad8976838ed34a3b86f41d.jpg,train,sand,19,0.09569227430555527,0.12795990981204436,False,False
2be0c9f6-caf7-4f26-9b59-b1299865a721_mp4-0092_jpg.rf.5858e35fea36c807ddcead2aa28d76a7.jpg,train,sand,14,0.04475694444444456,0.1378658121388714,False,False
2be0c9f6-caf7-4f26-9b59-b1299865a721_mp4-0092_jpg.rf.5858e35fea36c807ddcead2aa28d76a7.jpg,train,sand,26,0.15285373263888857,0.13854603020137485,False,False
2be0c9f6-caf7-4f26-9b59-b1299865a721_mp4-0092_jpg.rf.5858e35fea36c807ddcead2aa28d76a7.jpg,train,sand,18,0.09464409722222222,0.12189460973261852,False,False
2be0c9f6-caf7-4f26-9b59-b1299865a721_mp4-0092_jpg.rf.5858e35fea36c807ddcead2aa28d76a7.jpg,train,sand,5,0.015822482638888635,0.08281165288317723,False,False
2be0c9f6-caf7-4f26-9b59-b1299865a721_mp4-0093_jpg.rf.0393d1ee80170076ea6ccfb2d410db71.jpg,train,sand,23,0.06267578125000006,0.19139770262989658,False,False
2be0c9f6-caf7-4f26-9b59-b1299865a721_mp4-0093_jpg.rf.0393d1ee80170076ea6ccfb2d410db71.jpg,train,sand,41,0.1987760416666653,0.19158460165713262,False,False
2be0c9f6-caf7-4f26-9b59-b1299865a721_mp4-0093_jpg.rf.0393d1ee80170076ea6ccfb2d410db71.jpg,train,sand,15,0.03493923611111116,0.16718346377260573,False,False
2be0c9f6-caf7-4f26-9b59-b1299865a721_mp4-0093_jpg.rf.0393d1ee80170076ea6ccfb2d410db71.jpg,train,sand,5,0.011536458333333277,0.09698230816140159,False,False
2be0c9f6-caf7-4f26-9b59-b1299865a721_mp4-0093_jpg.rf.b7046161cc739a7d86e7f9fdb4084557.jpg,train,sand,15,0.04465060763888895,0.14788915753414905,False,False
2be0c9f6-caf7-4f26-9b59-b1299865a721_mp4-0093_jpg.rf.b7046161cc739a7d86e7f9fdb4084557.jpg,train,sand,27,0.15377170138888907,0.1434446373887738,False,False
2be0c9f6-caf7-4f26-9b59-b1299865a721_mp4-0093_jpg.rf.b7046161cc739a7d86e7f9fdb4084557.jpg,train,sand,19,0.0935590277777778,0.12941049949616854,False,False
2be0c9f6-caf7-4f26-9b59-b1299865a721_mp4-0093_jpg.rf.b7046161cc739a7d86e7f9fdb4084557.jpg,train,sand,8,0.016762152777777928,0.12873121026029438,False,False
2be0c9f6-caf7-4f26-9b59-b1299865a721_mp4-0094_jpg.rf.d52168d369163224bf03b4f4fc3baaa0.jpg,train,sand,23,0.06313151041666676,0.19070562746812522,False,False
2be0c9f6-caf7-4f26-9b59-b1299865a721_mp4-0094_jpg.rf.d52168d369163224bf03b4f4fc3baaa0.jpg,train,sand,48,0.199713541666668,0.2237671050521704,False,False
2be0c9f6-caf7-4f26-9b59-b1299865a721_mp4-0094_jpg.rf.d52168d369163224bf03b4f4fc3baaa0.jpg,train,sand,10,0.035677083333333304,0.11029709933472645,False,False
2be0c9f6-caf7-4f26-9b59-b1299865a721_mp4-0094_jpg.rf.d52168d369163224bf03b4f4fc3baaa0.jpg,train,sand,6,0.011599392361111294,0.11606262623517515,False,False
2be0c9f6-caf7-4f26-9b59-b1299865a721_mp4-0095_jpg.rf.14f7f3f4d8f9b185e423f7e74a041ea1.jpg,train,sand,12,0.014711371527777573,0.20611681688757344,False,False
2be0c9f6-caf7-4f26-9b59-b1299865a721_mp4-0095_jpg.rf.14f7f3f4d8f9b185e423f7e74a041ea1.jpg,train,sand,17,0.04955078124999979,0.15910448819584222,False,False
2be0c9f6-caf7-4f26-9b59-b1299865a721_mp4-0095_jpg.rf.14f7f3f4d8f9b185e423f7e74a041ea1.jpg,train,sand,26,0.14829861111111065,0.14065771849404649,False,False
2be0c9f6-caf7-4f26-9b59-b1299865a721_mp4-0095_jpg.rf.14f7f3f4d8f9b185e423f7e74a041ea1.jpg,train,sand,24,0.0939322916666665,0.16314078411665114,False,False
2be0c9f6-caf7-4f26-9b59-b1299865a721_mp4-0096_jpg.rf.5965731fdc85d1aee7f459faa0f38702.jpg,train,sand,14,0.01523654513888939,0.23628902321631573,False,False
2be0c9f6-caf7-4f26-9b59-b1299865a721_mp4-0096_jpg.rf.5965731fdc85d1aee7f459faa0f38702.jpg,train,sand,14,0.04755642361111112,0.13374643194782881,False,False
2be0c9f6-caf7-4f26-9b59-b1299865a721_mp4-0096_jpg.rf.5965731fdc85d1aee7f459faa0f38702.jpg,train,sand,27,0.15073350694444443,0.1448830650448313,False,False
2be0c9f6-caf7-4f26-9b59-b1299865a721_mp4-0096_jpg.rf.5965731fdc85d1aee7f459faa0f38702.jpg,train,sand,23,0.0939691840277781,0.15631255820255716,False,False
2be0c9f6-caf7-4f26-9b59-b1299865a721_mp4-0097_jpg.rf.946bfeb26fa675553cff547551050a2f.jpg,train,sand,10,0.048391927083333286,0.09470486821341992,False,False
2be0c9f6-caf7-4f26-9b59-b1299865a721_mp4-0097_jpg.rf.946bfeb26fa675553cff547551050a2f.jpg,train,sand,23,0.15059678819444322,0.12347491725567719,False,False
2be0c9f6-caf7-4f26-9b59-b1299865a721_mp4-0097_jpg.rf.946bfeb26fa675553cff547551050a2f.jpg,train,sand,20,0.09383246527777755,0.13602295172878703,False,False
2be0c9f6-caf7-4f26-9b59-b1299865a721_mp4-0097_jpg.rf.946bfeb26fa675553cff547551050a2f.jpg,train,sand,10,0.01513237847222193,0.16935778509375782,False,False
2be0c9f6-caf7-4f26-9b59-b1299865a721_mp4-0097_jpg.rf.d5d97a09ff83b403da754db39a3a2027.jpg,train,sand,8,0.05728732638888884,0.06963370007239063,True,False
2be0c9f6-caf7-4f26-9b59-b1299865a721_mp4-0097_jpg.rf.d5d97a09ff83b403da754db39a3a2027.jpg,train,sand,38,0.192135416666666,0.1806086914095454,False,False
2be0c9f6-caf7-4f26-9b59-b1299865a721_mp4-0097_jpg.rf.d5d97a09ff83b403da754db39a3a2027.jpg,train,sand,13,0.02776692708333317,0.1625317475826029,False,False
2be0c9f6-caf7-4f26-9b59-b1299865a721_mp4-0097_jpg.rf.d5d97a09ff83b403da754db39a3a2027.jpg,train,sand,9,0.011271701388889,0.17660643936259932,False,False
2be0c9f6-caf7-4f26-9b59-b1299865a721_mp4-0097_jpg.rf.d5d97a09ff83b403da754db39a3a2027.jpg,train,sand,7,0.002795138888888715,0.2758386421836938,False,False
2be0c9f6-caf7-4f26-9b59-b1299865a721_mp4-0097_jpg.rf.d5d97a09ff83b403da754db39a3a2027.jpg,train,sand,18,0.018070746527777626,0.27896082618951606,False,False
2be0c9f6-caf7-4f26-9b59-b1299865a721_mp4-0098_jpg.rf.404382325bff94b4f648b6833f31fa52.jpg,train,sand,8,0.055509982638888955,0.07073969840072292,True,False
2be0c9f6-caf7-4f26-9b59-b1299865a721_mp4-0098_jpg.rf.404382325bff94b4f648b6833f31fa52.jpg,train,sand,14,0.019270833333333126,0.21010507881568358,False,False
2be0c9f6-caf7-4f26-9b59-b1299865a721_mp4-0098_jpg.rf.404382325bff94b4f648b6833f31fa52.jpg,train,sand,33,0.19173177083333393,0.1570094024630359,False,False
2be0c9f6-caf7-4f26-9b59-b1299865a721_mp4-0098_jpg.rf.404382325bff94b4f648b6833f31fa52.jpg,train,sand,8,0.010874565972221362,0.15982428986862918,False,False
2be0c9f6-caf7-4f26-9b59-b1299865a721_mp4-0098_jpg.rf.404382325bff94b4f648b6833f31fa52.jpg,train,sand,5,0.0030013020833334902,0.1901401849935555,False,False
2be0c9f6-caf7-4f26-9b59-b1299865a721_mp4-0098_jpg.rf.404382325bff94b4f648b6833f31fa52.jpg,train,sand,11,0.023203125000000213,0.15044515564140598,False,False
2be0c9f6-caf7-4f26-9b59-b1299865a721_mp4-0098_jpg.rf.7235693a9562b35508014309a232d6b8.jpg,train,sand,13,0.014915364583333535,0.22176100350204012,False,False
2be0c9f6-caf7-4f26-9b59-b1299865a721_mp4-0098_jpg.rf.7235693a9562b35508014309a232d6b8.jpg,train,sand,26,0.1522960069444439,0.1387994842089345,False,False
2be0c9f6-caf7-4f26-9b59-b1299865a721_mp4-0098_jpg.rf.7235693a9562b35508014309a232d6b8.jpg,train,sand,9,0.05337022569444444,0.08116181535440177,False,False
2be0c9f6-caf7-4f26-9b59-b1299865a721_mp4-0098_jpg.rf.7235693a9562b35508014309a232d6b8.jpg,train,sand,24,0.0941210937500001,0.1629770759579979,False,False
2be0c9f6-caf7-4f26-9b59-b1299865a721_mp4-0099_jpg.rf.37ad81282b3da8a953e34d236bf056f3.jpg,train,sand,16,0.05230034722222232,0.1457560059757685,False,False
2be0c9f6-caf7-4f26-9b59-b1299865a721_mp4-0099_jpg.rf.37ad81282b3da8a953e34d236bf056f3.jpg,train,sand,12,0.012137586805555434,0.22692055349961726,False,False
2be0c9f6-caf7-4f26-9b59-b1299865a721_mp4-0099_jpg.rf.37ad81282b3da8a953e34d236bf056f3.jpg,train,sand,47,0.19109592013888843,0.22399117761856932,False,False
2be0c9f6-caf7-4f26-9b59-b1299865a721_mp4-0099_jpg.rf.37ad81282b3da8a953e34d236bf056f3.jpg,train,sand,12,0.019040798611111187,0.18117464909909306,False,False
2be0c9f6-caf7-4f26-9b59-b1299865a721_mp4-0099_jpg.rf.37ad81282b3da8a953e34d236bf056f3.jpg,train,sand,6,0.003391927083333135,0.21462818807669515,False,False
2be0c9f6-caf7-4f26-9b59-b1299865a721_mp4-0099_jpg.rf.37ad81282b3da8a953e34d236bf056f3.jpg,train,sand,11,0.010310329861111356,0.22569148171089312,False,False
2be0c9f6-caf7-4f26-9b59-b1299865a721_mp4-0099_jpg.rf.74dad1f63f126b4284bb1e3842d5696f.jpg,train,sand,9,0.05667496093750002,0.07875999090781415,False,False
2be0c9f6-caf7-4f26-9b59-b1299865a721_mp4-0099_jpg.rf.74dad1f63f126b4284bb1e3842d5696f.jpg,train,sand,33,0.148355034722222,0.17849315156305204,False,False
2be0c9f6-caf7-4f26-9b59-b1299865a721_mp4-0099_jpg.rf.74dad1f63f126b4284bb1e3842d5696f.jpg,train,sand,22,0.09295789930555554,0.15032745084297286,False,False
2be0c9f6-caf7-4f26-9b59-b1299865a721_mp4-0099_jpg.rf.74dad1f63f126b4284bb1e3842d5696f.jpg,train,sand,8,0.016657986111110912,0.12913307765906104,False,False
2be0c9f6-caf7-4f26-9b59-b1299865a721_mp4-0099_jpg.rf.74dad1f63f126b4284bb1e3842d5696f.jpg,train,sand,6,0.0011349826388887818,0.37103544846188125,False,False
2be0c9f6-caf7-4f26-9b59-b1299865a721_mp4-0100_jpg.rf.9303fedd8f3adeb231cc281221eb27a2.jpg,train,sand,7,0.05271484374999991,0.06351705313427361,True,False
2be0c9f6-caf7-4f26-9b59-b1299865a721_mp4-0100_jpg.rf.9303fedd8f3adeb231cc281221eb27a2.jpg,train,sand,14,0.017078993055555602,0.2231802025167679,False,False
2be0c9f6-caf7-4f26-9b59-b1299865a721_mp4-0100_jpg.rf.9303fedd8f3adeb231cc281221eb27a2.jpg,train,sand,40,0.19351562499999986,0.18943522384355033,False,False
2be0c9f6-caf7-4f26-9b59-b1299865a721_mp4-0100_jpg.rf.9303fedd8f3adeb231cc281221eb27a2.jpg,train,sand,9,0.011510416666666412,0.17476551841064084,False,False
2be0c9f6-caf7-4f26-9b59-b1299865a721_mp4-0100_jpg.rf.9303fedd8f3adeb231cc281221eb27a2.jpg,train,sand,6,0.0025368923611110983,0.24817554977731285,False,False
2be0c9f6-caf7-4f26-9b59-b1299865a721_mp4-0100_jpg.rf.9303fedd8f3adeb231cc281221eb27a2.jpg,train,sand,10,0.018858506944444464,0.15170682161267654,False,False
2be0c9f6-caf7-4f26-9b59-b1299865a721_mp4-0101_jpg.rf.010bd1b49391297484a734664af15c1a.jpg,train,sand,10,0.051814236111111134,0.09152383568178206,False,False
2be0c9f6-caf7-4f26-9b59-b1299865a721_mp4-0101_jpg.rf.010bd1b49391297484a734664af15c1a.jpg,train,sand,40,0.1927191840277782,0.1898262550180956,False,False
2be0c9f6-caf7-4f26-9b59-b1299865a721_mp4-0101_jpg.rf.010bd1b49391297484a734664af15c1a.jpg,train,sand,10,0.01805989583333334,0.15502478656928753,False,False
2be0c9f6-caf7-4f26-9b59-b1299865a721_mp4-0101_jpg.rf.010bd1b49391297484a734664af15c1a.jpg,train,sand,5,0.00244140625,0.21081851067789198,False,False
2be0c9f6-caf7-4f26-9b59-b1299865a721_mp4-0101_jpg.rf.010bd1b49391297484a734664af15c1a.jpg,train,sand,7,0.011631944444444375,0.13521679662509517,False,False
2be0c9f6-caf7-4f26-9b59-b1299865a721_mp4-0101_jpg.rf.010bd1b49391297484a734664af15c1a.jpg,train,sand,14,0.020920138888888773,0.20165292067048765,False,False
2be0c9f6-caf7-4f26-9b59-b1299865a721_mp4-0101_jpg.rf.499dbacbf9e412389af075a4edd5e1d2.jpg,train,sand,12,0.01451605902777775,0.20749882696849764,False,False
2be0c9f6-caf7-4f26-9b59-b1299865a721_mp4-0101_jpg.rf.499dbacbf9e412389af075a4edd5e1d2.jpg,train,sand,8,0.05940321180555552,0.0683823129369713,True,False
2be0c9f6-caf7-4f26-9b59-b1299865a721_mp4-0101_jpg.rf.499dbacbf9e412389af075a4edd5e1d2.jpg,train,sand,31,0.1508897569444434,0.1662610722304553,False,False
2be0c9f6-caf7-4f26-9b59-b1299865a721_mp4-0101_jpg.rf.499dbacbf9e412389af075a4edd5e1d2.jpg,train,sand,30,0.09408854166666636,0.2037565829296941,False,False
2be0c9f6-caf7-4f26-9b59-b1299865a721_mp4-0102_jpg.rf.b073380f8a26ace80104579ebeab35f0.jpg,train,sand,10,0.05262586805555547,0.09081532183730004,False,False
2be0c9f6-caf7-4f26-9b59-b1299865a721_mp4-0102_jpg.rf.b073380f8a26ace80104579ebeab35f0.jpg,train,sand,47,0.20698133680555664,0.2152241626293339,False,False
2be0c9f6-caf7-4f26-9b59-b1299865a721_mp4-0102_jpg.rf.b073380f8a26ace80104579ebeab35f0.jpg,train,sand,13,0.017322048611111196,0.2057796804180723,False,False
2be0c9f6-caf7-4f26-9b59-b1299865a721_mp4-0102_jpg.rf.b073380f8a26ace80104579ebeab35f0.jpg,train,sand,6,0.01167100694444434,0.1157059917810121,False,False
2be0c9f6-caf7-4f26-9b59-b1299865a721_mp4-0102_jpg.rf.ecd4bcd725b8cdb81d7f6c8357d6abdf.jpg,train,sand,17,0.06010742187500007,0.144458677185578,False,False
2be0c9f6-caf7-4f26-9b59-b1299865a721_mp4-0102_jpg.rf.ecd4bcd725b8cdb81d7f6c8357d6abdf.jpg,train,sand,28,0.15181640625000004,0.14971228559395822,False,False
2be0c9f6-caf7-4f26-9b59-b1299865a721_mp4-0102_jpg.rf.ecd4bcd725b8cdb81d7f6c8357d6abdf.jpg,train,sand,18,0.095661892361111,0.1212444265739672,False,False
2be0c9f6-caf7-4f26-9b59-b1299865a721_mp4-0102_jpg.rf.ecd4bcd725b8cdb81d7f6c8357d6abdf.jpg,train,sand,8,0.016688368055555625,0.12901547774608033,False,False
2be0c9f6-caf7-4f26-9b59-b1299865a721_mp4-0103_jpg.rf.0562e3ba1c5fff96fc2b7838b01daba7.jpg,train,sand,8,0.05407986111111107,0.07166893746324664,True,False
2be0c9f6-caf7-4f26-9b59-b1299865a721_mp4-0103_jpg.rf.0562e3ba1c5fff96fc2b7838b01daba7.jpg,train,sand,47,0.20769097222222221,0.2148561606597963,False,False
2be0c9f6-caf7-4f26-9b59-b1299865a721_mp4-0103_jpg.rf.0562e3ba1c5fff96fc2b7838b01daba7.jpg,train,sand,10,0.016488715277777732,0.16224277026833375,False,False
2be0c9f6-caf7-4f26-9b59-b1299865a721_mp4-0103_jpg.rf.0562e3ba1c5fff96fc2b7838b01daba7.jpg,train,sand,10,0.013556857638889142,0.17892838616703624,False,False
2be0c9f6-caf7-4f26-9b59-b1299865a721_mp4-0103_jpg.rf.0562e3ba1c5fff96fc2b7838b01daba7.jpg,train,sand,5,0.0031206597222221966,0.18646853515705114,False,False
2be0c9f6-caf7-4f26-9b59-b1299865a721_mp4-0103_jpg.rf.821177b7dd664d84327621f37d4e3931.jpg,train,sand,14,0.06158203125000017,0.11753299238620789,False,False
2be0c9f6-caf7-4f26-9b59-b1299865a721_mp4-0103_jpg.rf.821177b7dd664d84327621f37d4e3931.jpg,train,sand,13,0.014409722222222143,0.22561829371270317,False,False
2be0c9f6-caf7-4f26-9b59-b1299865a721_mp4-0103_jpg.rf.821177b7dd664d84327621f37d4e3931.jpg,train,sand,29,0.15040147569444606,0.15578681979779593,False,False
2be0c9f6-caf7-4f26-9b59-b1299865a721_mp4-0103_jpg.rf.821177b7dd664d84327621f37d4e3931.jpg,train,sand,20,0.09643663194444452,0.1341738066036172,False,False
2be0c9f6-caf7-4f26-9b59-b1299865a721_mp4-0104_jpg.rf.107e3f4db1615c84731369f29493bbec.jpg,train,sand,14,0.056679687500000187,0.12251043297329305,False,False
2be0c9f6-caf7-4f26-9b59-b1299865a721_mp4-0104_jpg.rf.107e3f4db1615c84731369f29493bbec.jpg,train,sand,36,0.20510850694444382,0.16560346777292337,False,False
2be0c9f6-caf7-4f26-9b59-b1299865a721_mp4-0104_jpg.rf.107e3f4db1615c84731369f29493bbec.jpg,train,sand,13,0.015358072916666687,0.21854141582540712,False,False
2be0c9f6-caf7-4f26-9b59-b1299865a721_mp4-0104_jpg.rf.107e3f4db1615c84731369f29493bbec.jpg,train,sand,5,0.0026671006944445352,0.2017014687752698,False,False
2be0c9f6-caf7-4f26-9b59-b1299865a721_mp4-0104_jpg.rf.107e3f4db1615c84731369f29493bbec.jpg,train,sand,8,0.011477864583333108,0.15556725955123415,False,False
2be0c9f6-caf7-4f26-9b59-b1299865a721_mp4-0104_jpg.rf.abf956a75562b4e760832de1cc748630.jpg,train,sand,20,0.06358723958333323,0.1652356572573507,False,False
2be0c9f6-caf7-4f26-9b59-b1299865a721_mp4-0104_jpg.rf.abf956a75562b4e760832de1cc748630.jpg,train,sand,44,0.14712239583333186,0.23898577132678442,False,False
2be0c9f6-caf7-4f26-9b59-b1299865a721_mp4-0104_jpg.rf.abf956a75562b4e760832de1cc748630.jpg,train,sand,16,0.09590928819444433,0.10763373509253253,False,False
2be0c9f6-caf7-4f26-9b59-b1299865a721_mp4-0105_jpg.rf.043dd05fe4f43c76335c6ecd4c4c8fd5.jpg,train,sand,12,0.05936631944444437,0.10260533587272175,False,False
2be0c9f6-caf7-4f26-9b59-b1299865a721_mp4-0105_jpg.rf.043dd05fe4f43c76335c6ecd4c4c8fd5.jpg,train,sand,45,0.21519965277777864,0.20209263814279058,False,False
2be0c9f6-caf7-4f26-9b59-b1299865a721_mp4-0105_jpg.rf.043dd05fe4f43c76335c6ecd4c4c8fd5.jpg,train,sand,9,0.014203559027777812,0.15732679005613084,False,False
2be0c9f6-caf7-4f26-9b59-b1299865a721_mp4-0105_jpg.rf.043dd05fe4f43c76335c6ecd4c4c8fd5.jpg,train,sand,7,0.012929687499999787,0.12825159898350735,False,False
2be0c9f6-caf7-4f26-9b59-b1299865a721_mp4-0105_jpg.rf.d7e8e596d83321002688079da0885e1a.jpg,train,sand,15,0.06576171875000014,0.12186063699987301,False,False
2be0c9f6-caf7-4f26-9b59-b1299865a721_mp4-0105_jpg.rf.d7e8e596d83321002688079da0885e1a.jpg,train,sand,11,0.014763454861111303,0.1886068437936359,False,False
2be0c9f6-caf7-4f26-9b59-b1299865a721_mp4-0105_jpg.rf.d7e8e596d83321002688079da0885e1a.jpg,train,sand,36,0.1508072916666663,0.19313015680749002,False,False
2be0c9f6-caf7-4f26-9b59-b1299865a721_mp4-0105_jpg.rf.d7e8e596d83321002688079da0885e1a.jpg,train,sand,25,0.09585503472222223,0.16822529822292343,False,False
2be0c9f6-caf7-4f26-9b59-b1299865a721_mp4-0105_jpg.rf.d7e8e596d83321002688079da0885e1a.jpg,train,sand,11,0.0027586046006944365,0.43632160655994173,False,True
2be0c9f6-caf7-4f26-9b59-b1299865a721_mp4-0107_jpg.rf.3c486991870da1cc84793144cb29bc56.jpg,train,sand,18,0.060403645833333464,0.15258073108978135,False,False
2be0c9f6-caf7-4f26-9b59-b1299865a721_mp4-0107_jpg.rf.3c486991870da1cc84793144cb29bc56.jpg,train,sand,35,0.20824218750000156,0.1597873699167163,False,False
2be0c9f6-caf7-4f26-9b59-b1299865a721_mp4-0107_jpg.rf.3c486991870da1cc84793144cb29bc56.jpg,train,sand,11,0.010371093750000115,0.22502935104181115,False,False
2be0c9f6-caf7-4f26-9b59-b1299865a721_mp4-0107_jpg.rf.3c486991870da1cc84793144cb29bc56.jpg,train,sand,6,0.0023459201388889017,0.25807943617160345,False,False
2be0c9f6-caf7-4f26-9b59-b1299865a721_mp4-0107_jpg.rf.3c486991870da1cc84793144cb29bc56.jpg,train,sand,8,0.011740451388889017,0.1538177138507448,False,False
2be0c9f6-caf7-4f26-9b59-b1299865a721_mp4-0108_jpg.rf.fedb7acd40ca2ebf218649bfe9067b19.jpg,train,sand,16,0.059969618055555785,0.13611723040282303,False,False
2be0c9f6-caf7-4f26-9b59-b1299865a721_mp4-0108_jpg.rf.fedb7acd40ca2ebf218649bfe9067b19.jpg,train,sand,36,0.20507378472222193,0.16561748681743613,False,False
2be0c9f6-caf7-4f26-9b59-b1299865a721_mp4-0108_jpg.rf.fedb7acd40ca2ebf218649bfe9067b19.jpg,train,sand,17,0.006243489583332984,0.4482228454149851,False,True
2be0c9f6-caf7-4f26-9b59-b1299865a721_mp4-0108_jpg.rf.fedb7acd40ca2ebf218649bfe9067b19.jpg,train,sand,6,0.0026540798611112137,0.24263476079564347,False,False
2be0c9f6-caf7-4f26-9b59-b1299865a721_mp4-0108_jpg.rf.fedb7acd40ca2ebf218649bfe9067b19.jpg,train,sand,7,0.010499131944444073,0.14232464388839533,False,False
2be0c9f6-caf7-4f26-9b59-b1299865a721_mp4-0108_jpg.rf.ff2d42fdd5b938e3db997304e214e029.jpg,train,sand,13,0.014691840277777146,0.2234415913751955,False,False
2be0c9f6-caf7-4f26-9b59-b1299865a721_mp4-0108_jpg.rf.ff2d42fdd5b938e3db997304e214e029.jpg,train,sand,21,0.05991536458333302,0.17873473230217826,False,False
2be0c9f6-caf7-4f26-9b59-b1299865a721_mp4-0108_jpg.rf.ff2d42fdd5b938e3db997304e214e029.jpg,train,sand,32,0.1570442708333335,0.16822777162758118,False,False
2be0c9f6-caf7-4f26-9b59-b1299865a721_mp4-0108_jpg.rf.ff2d42fdd5b938e3db997304e214e029.jpg,train,sand,22,0.0894292534722223,0.15326452400102503,False,False
2be0c9f6-caf7-4f26-9b59-b1299865a721_mp4-0109_jpg.rf.c676d9dbefa81bebcad4af03d900d796.jpg,train,sand,11,0.014446614583333073,0.1906638702837442,False,False
2be0c9f6-caf7-4f26-9b59-b1299865a721_mp4-0109_jpg.rf.c676d9dbefa81bebcad4af03d900d796.jpg,train,sand,36,0.15485819444444715,0.19058739222704563,False,False
2be0c9f6-caf7-4f26-9b59-b1299865a721_mp4-0109_jpg.rf.c676d9dbefa81bebcad4af03d900d796.jpg,train,sand,12,0.06201605902777785,0.10038941569317583,False,False
2be0c9f6-caf7-4f26-9b59-b1299865a721_mp4-0109_jpg.rf.c676d9dbefa81bebcad4af03d900d796.jpg,train,sand,22,0.08855034722222221,0.1540232592683569,False,False
2be0c9f6-caf7-4f26-9b59-b1299865a721_mp4-0111_jpg.rf.8fda76131094299d7dc0b4c83780d570.jpg,train,sand,8,0.06115234374999989,0.06739725308084345,True,False
2be0c9f6-caf7-4f26-9b59-b1299865a721_mp4-0111_jpg.rf.8fda76131094299d7dc0b4c83780d570.jpg,train,sand,37,0.15741992603515698,0.1942811362128351,False,False
2be0c9f6-caf7-4f26-9b59-b1299865a721_mp4-0111_jpg.rf.8fda76131094299d7dc0b4c83780d570.jpg,train,sand,23,0.08333116319444445,0.16599036373894996,False,False
2be0c9f6-caf7-4f26-9b59-b1299865a721_mp4-0111_jpg.rf.8fda76131094299d7dc0b4c83780d570.jpg,train,sand,8,0.014071180555556229,0.14050231556309853,False,False
2be0c9f6-caf7-4f26-9b59-b1299865a721_mp4-0113_jpg.rf.1f5e6209a180f53e4367f06b42068372.jpg,train,sand,11,0.06281032986111124,0.09143993542438461,False,False
2be0c9f6-caf7-4f26-9b59-b1299865a721_mp4-0113_jpg.rf.1f5e6209a180f53e4367f06b42068372.jpg,train,sand,31,0.209830729166665,0.14098922119188798,False,False
2be0c9f6-caf7-4f26-9b59-b1299865a721_mp4-0113_jpg.rf.1f5e6209a180f53e4367f06b42068372.jpg,train,sand,5,0.011972656249999991,0.09519924632959001,False,False
2be0c9f6-caf7-4f26-9b59-b1299865a721_mp4-0113_jpg.rf.e86474ab939ac4ea2ce8a7d1eb03199f.jpg,train,sand,13,0.06386935763888868,0.1071657088069677,False,False
2be0c9f6-caf7-4f26-9b59-b1299865a721_mp4-0113_jpg.rf.e86474ab939ac4ea2ce8a7d1eb03199f.jpg,train,sand,10,0.01335937499999984,0.18024602347862612,False,False
2be0c9f6-caf7-4f26-9b59-b1299865a721_mp4-0113_jpg.rf.e86474ab939ac4ea2ce8a7d1eb03199f.jpg,train,sand,30,0.18533637152777782,0.1451776256128467,False,False
2be0c9f6-caf7-4f26-9b59-b1299865a721_mp4-0113_jpg.rf.e86474ab939ac4ea2ce8a7d1eb03199f.jpg,train,sand,19,0.06279296874999973,0.15796353913441594,False,False
2be0c9f6-caf7-4f26-9b59-b1299865a721_mp4-0114_jpg.rf.090e24abec79047ba5b43e8612f40028.jpg,train,sand,27,0.06715314670138894,0.21706477021332968,False,False
2be0c9f6-caf7-4f26-9b59-b1299865a721_mp4-0114_jpg.rf.090e24abec79047ba5b43e8612f40028.jpg,train,sand,54,0.18180537424045085,0.2638451795022495,False,False
2be0c9f6-caf7-4f26-9b59-b1299865a721_mp4-0114_jpg.rf.090e24abec79047ba5b43e8612f40028.jpg,train,sand,22,0.062092013888888964,0.18393465855776425,False,False
2be0c9f6-caf7-4f26-9b59-b1299865a721_mp4-0114_jpg.rf.090e24abec79047ba5b43e8612f40028.jpg,train,sand,8,0.014190538194444713,0.1399101802624132,False,False
2be0c9f6-caf7-4f26-9b59-b1299865a721_mp4-0116_jpg.rf.3edc6b55b2a3817ded9db14121476cae.jpg,train,sand,7,0.012432725694444091,0.13078972502897396,False,False
2be0c9f6-caf7-4f26-9b59-b1299865a721_mp4-0116_jpg.rf.3edc6b55b2a3817ded9db14121476cae.jpg,train,sand,35,0.1756104862391492,0.17400093591810195,False,False
2be0c9f6-caf7-4f26-9b59-b1299865a721_mp4-0116_jpg.rf.3edc6b55b2a3817ded9db14121476cae.jpg,train,sand,18,0.0697070312500001,0.14203421463973823,False,False
2be0c9f6-caf7-4f26-9b59-b1299865a721_mp4-0116_jpg.rf.3edc6b55b2a3817ded9db14121476cae.jpg,train,sand,9,0.008272569444444544,0.20614891875811803,False,False
2be0c9f6-caf7-4f26-9b59-b1299865a721_mp4-0116_jpg.rf.3edc6b55b2a3817ded9db14121476cae.jpg,train,sand,4,0.0015147569444444453,0.21411509102887563,False,False
2be0c9f6-caf7-4f26-9b59-b1299865a721_mp4-0116_jpg.rf.3edc6b55b2a3817ded9db14121476cae.jpg,train,sand,16,0.056792534722222454,0.13987275182225747,False,False
2be0c9f6-caf7-4f26-9b59-b1299865a721_mp4-0116_jpg.rf.48b74cd3ce1cb505b485155ff66e6b37.jpg,train,sand,14,0.0642513020833333,0.11506568617812875,False,False
2be0c9f6-caf7-4f26-9b59-b1299865a721_mp4-0116_jpg.rf.48b74cd3ce1cb505b485155ff66e6b37.jpg,train,sand,32,0.2094357638888873,0.14567442696084118,False,False
2be0c9f6-caf7-4f26-9b59-b1299865a721_mp4-0116_jpg.rf.48b74cd3ce1cb505b485155ff66e6b37.jpg,train,sand,8,0.012515190972222534,0.14898069952026294,False,False
2be0c9f6-caf7-4f26-9b59-b1299865a721_mp4-0117_jpg.rf.6d845494bc50c16a17269e667672be26.jpg,train,sand,14,0.0703233506944444,0.10998590194545453,False,False
2be0c9f6-caf7-4f26-9b59-b1299865a721_mp4-0117_jpg.rf.6d845494bc50c16a17269e667672be26.jpg,train,sand,44,0.17515185576388603,0.21903023421285708,False,False
2be0c9f6-caf7-4f26-9b59-b1299865a721_mp4-0117_jpg.rf.6d845494bc50c16a17269e667672be26.jpg,train,sand,20,0.056764322916666554,0.17488438225738942,False,False
2be0c9f6-caf7-4f26-9b59-b1299865a721_mp4-0117_jpg.rf.6d845494bc50c16a17269e667672be26.jpg,train,sand,8,0.01255859374999968,0.14872303640884466,False,False
2be0c9f6-caf7-4f26-9b59-b1299865a721_mp4-0117_jpg.rf.6d845494bc50c16a17269e667672be26.jpg,train,sand,8,0.008684895833333317,0.17884073360395852,False,False
2be0c9f6-caf7-4f26-9b59-b1299865a721_mp4-0117_jpg.rf.c53fc81296b0a8204f19980e983081b7.jpg,train,sand,16,0.06768663194444446,0.12812305723079195,False,False
2be0c9f6-caf7-4f26-9b59-b1299865a721_mp4-0117_jpg.rf.c53fc81296b0a8204f19980e983081b7.jpg,train,sand,36,0.2068489583333335,0.16490529254088374,False,False
2be0c9f6-caf7-4f26-9b59-b1299865a721_mp4-0117_jpg.rf.c53fc81296b0a8204f19980e983081b7.jpg,train,sand,8,0.012337239583333215,0.15005129583188195,False,False
2be0c9f6-caf7-4f26-9b59-b1299865a721_mp4-0118_jpg.rf.2e524aa481faaaa39764d42f5e4b17b5.jpg,train,sand,14,0.0674565972222223,0.11229866239911787,False,False
2be0c9f6-caf7-4f26-9b59-b1299865a721_mp4-0118_jpg.rf.2e524aa481faaaa39764d42f5e4b17b5.jpg,train,sand,37,0.20437282986111072,0.17050962821974552,False,False
2be0c9f6-caf7-4f26-9b59-b1299865a721_mp4-0118_jpg.rf.2e524aa481faaaa39764d42f5e4b17b5.jpg,train,sand,5,0.011686197916666918,0.0963589698356135,False,False
2be0c9f6-caf7-4f26-9b59-b1299865a721_mp4-0119_jpg.rf.efffa165412bbe7b485aa80b5bc47a27.jpg,train,sand,19,0.0660264756944442,0.15404702138855325,False,False
2be0c9f6-caf7-4f26-9b59-b1299865a721_mp4-0119_jpg.rf.efffa165412bbe7b485aa80b5bc47a27.jpg,train,sand,34,0.20644748263888957,0.15589525038809116,False,False
2be0c9f6-caf7-4f26-9b59-b1299865a721_mp4-0119_jpg.rf.efffa165412bbe7b485aa80b5bc47a27.jpg,train,sand,8,0.01230034722222273,0.1502761513530658,False,False
2be0c9f6-caf7-4f26-9b59-b1299865a721_mp4-0120_jpg.rf.327d9e0c0391913a7b11ae0aff3e2d62.jpg,train,sand,12,0.06423828124999997,0.09863772621947885,False,False
2be0c9f6-caf7-4f26-9b59-b1299865a721_mp4-0120_jpg.rf.327d9e0c0391913a7b11ae0aff3e2d62.jpg,train,sand,27,0.21177083333333346,0.12223327668909345,False,False
2be0c9f6-caf7-4f26-9b59-b1299865a721_mp4-0120_jpg.rf.327d9e0c0391913a7b11ae0aff3e2d62.jpg,train,sand,9,0.012154947916666714,0.17006882881512206,False,False
2be0c9f6-caf7-4f26-9b59-b1299865a721_mp4-0120_jpg.rf.d2c0e410209a7474ab2cef6851299e44.jpg,train,sand,25,0.06883246527777764,0.19851901383088405,False,False
2be0c9f6-caf7-4f26-9b59-b1299865a721_mp4-0120_jpg.rf.d2c0e410209a7474ab2cef6851299e44.jpg,train,sand,30,0.1808463541666665,0.14696879669297974,False,False
2be0c9f6-caf7-4f26-9b59-b1299865a721_mp4-0120_jpg.rf.d2c0e410209a7474ab2cef6851299e44.jpg,train,sand,17,0.05511718749999983,0.15085654595175083,False,False
2be0c9f6-caf7-4f26-9b59-b1299865a721_mp4-0120_jpg.rf.d2c0e410209a7474ab2cef6851299e44.jpg,train,sand,4,0.0019205729166666616,0.19015307541661158,False,False
2be0c9f6-caf7-4f26-9b59-b1299865a721_mp4-0120_jpg.rf.d2c0e410209a7474ab2cef6851299e44.jpg,train,sand,9,0.00867404513888892,0.20132162774612322,False,False
2be0c9f6-caf7-4f26-9b59-b1299865a721_mp4-0120_jpg.rf.d2c0e410209a7474ab2cef6851299e44.jpg,train,sand,7,0.013192274305555252,0.12696878571061007,False,False
2be0c9f6-caf7-4f26-9b59-b1299865a721_mp4-0121_jpg.rf.c4ab8aa8a1d67fcfe99e2e6848bea889.jpg,train,sand,15,0.0643055555555554,0.12323264623139545,False,False
2be0c9f6-caf7-4f26-9b59-b1299865a721_mp4-0121_jpg.rf.c4ab8aa8a1d67fcfe99e2e6848bea889.jpg,train,sand,34,0.21029296875000103,0.15446329809002685,False,False
2be0c9f6-caf7-4f26-9b59-b1299865a721_mp4-0121_jpg.rf.c4ab8aa8a1d67fcfe99e2e6848bea889.jpg,train,sand,7,0.011827256944444198,0.13409567993096258,False,False
2be0c9f6-caf7-4f26-9b59-b1299865a721_mp4-0121_jpg.rf.da78d13ff3214573b074af7e043b7648.jpg,train,sand,16,0.051321614583333286,0.14713926755858506,False,False
2be0c9f6-caf7-4f26-9b59-b1299865a721_mp4-0121_jpg.rf.da78d13ff3214573b074af7e043b7648.jpg,train,sand,19,0.06930989583333336,0.1503539148332352,False,False
2be0c9f6-caf7-4f26-9b59-b1299865a721_mp4-0121_jpg.rf.da78d13ff3214573b074af7e043b7648.jpg,train,sand,31,0.17998480902777558,0.15223080034614006,False,False
2be0c9f6-caf7-4f26-9b59-b1299865a721_mp4-0121_jpg.rf.da78d13ff3214573b074af7e043b7648.jpg,train,sand,5,0.002272135416666668,0.2185302996876322,False,False
2be0c9f6-caf7-4f26-9b59-b1299865a721_mp4-0121_jpg.rf.da78d13ff3214573b074af7e043b7648.jpg,train,sand,12,0.008515624999999916,0.2709141845914399,False,False
2be0c9f6-caf7-4f26-9b59-b1299865a721_mp4-0121_jpg.rf.da78d13ff3214573b074af7e043b7648.jpg,train,sand,10,0.009405381944445068,0.21481793839053062,False,False
2be0c9f6-caf7-4f26-9b59-b1299865a721_mp4-0122_jpg.rf.b1b5d6f1d5afc88156ad36778fb81fd9.jpg,train,sand,17,0.06441840277777766,0.1395412817173772,False,False
2be0c9f6-caf7-4f26-9b59-b1299865a721_mp4-0122_jpg.rf.b1b5d6f1d5afc88156ad36778fb81fd9.jpg,train,sand,34,0.2116796875000002,0.15395652034803736,False,False
2be0c9f6-caf7-4f26-9b59-b1299865a721_mp4-0122_jpg.rf.b1b5d6f1d5afc88156ad36778fb81fd9.jpg,train,sand,7,0.012076822916666785,0.13270291214996596,False,False
2be0c9f6-caf7-4f26-9b59-b1299865a721_mp4-0123_jpg.rf.5537ccc803dcabedfe98ff7d629dd4c7.jpg,train,sand,16,0.06541015625000002,0.13033352819737712,False,False
2be0c9f6-caf7-4f26-9b59-b1299865a721_mp4-0123_jpg.rf.5537ccc803dcabedfe98ff7d629dd4c7.jpg,train,sand,30,0.20684678819444446,0.13742179799405782,False,False
2be0c9f6-caf7-4f26-9b59-b1299865a721_mp4-0123_jpg.rf.5537ccc803dcabedfe98ff7d629dd4c7.jpg,train,sand,9,0.013934461805555465,0.1588386445348363,False,False
2be0c9f6-caf7-4f26-9b59-b1299865a721_mp4-0123_jpg.rf.e31929fcd11a0ac4f02f96a11e7600d7.jpg,train,sand,10,0.06947916666666665,0.07903718467733489,False,False
2be0c9f6-caf7-4f26-9b59-b1299865a721_mp4-0123_jpg.rf.e31929fcd11a0ac4f02f96a11e7600d7.jpg,train,sand,35,0.17647352430555863,0.17357494147534241,False,False
2be0c9f6-caf7-4f26-9b59-b1299865a721_mp4-0123_jpg.rf.e31929fcd11a0ac4f02f96a11e7600d7.jpg,train,sand,20,0.047404513888889,0.1913722264609249,False,False
2be0c9f6-caf7-4f26-9b59-b1299865a721_mp4-0123_jpg.rf.e31929fcd11a0ac4f02f96a11e7600d7.jpg,train,sand,4,0.0031770833333333304,0.14784425419091465,False,False
2be0c9f6-caf7-4f26-9b59-b1299865a721_mp4-0123_jpg.rf.e31929fcd11a0ac4f02f96a11e7600d7.jpg,train,sand,10,0.010286458333333304,0.20541200750444055,False,False
2be0c9f6-caf7-4f26-9b59-b1299865a721_mp4-0123_jpg.rf.e31929fcd11a0ac4f02f96a11e7600d7.jpg,train,sand,7,0.012246093749999964,0.13178258210247804,False,False
2be0c9f6-caf7-4f26-9b59-b1299865a721_mp4-0124_jpg.rf.90680df2b481bcf97a04352f0b1e2adb.jpg,train,sand,19,0.07190104166666655,0.14761985433272537,False,False
2be0c9f6-caf7-4f26-9b59-b1299865a721_mp4-0124_jpg.rf.90680df2b481bcf97a04352f0b1e2adb.jpg,train,sand,32,0.1889127604166676,0.15338330588608062,False,False
2be0c9f6-caf7-4f26-9b59-b1299865a721_mp4-0124_jpg.rf.90680df2b481bcf97a04352f0b1e2adb.jpg,train,sand,14,0.0469900173611113,0.13455009091873618,False,False
2be0c9f6-caf7-4f26-9b59-b1299865a721_mp4-0124_jpg.rf.90680df2b481bcf97a04352f0b1e2adb.jpg,train,sand,4,0.0029101562500000004,0.15447585236359793,False,False
2be0c9f6-caf7-4f26-9b59-b1299865a721_mp4-0124_jpg.rf.90680df2b481bcf97a04352f0b1e2adb.jpg,train,sand,7,0.01238064236111125,0.13106454177400254,False,False
2be0c9f6-caf7-4f26-9b59-b1299865a721_mp4-0124_jpg.rf.a3bdcbf807bd9fb82779238fb738b6ba.jpg,train,sand,13,0.06734375000000004,0.10436466101946905,False,False
2be0c9f6-caf7-4f26-9b59-b1299865a721_mp4-0124_jpg.rf.a3bdcbf807bd9fb82779238fb738b6ba.jpg,train,sand,23,0.20661675347222275,0.10541534440783543,False,False
2be0c9f6-caf7-4f26-9b59-b1299865a721_mp4-0124_jpg.rf.a3bdcbf807bd9fb82779238fb738b6ba.jpg,train,sand,8,0.011319444444443771,0.1566520899975961,False,False
2be0c9f6-caf7-4f26-9b59-b1299865a721_mp4-0127_jpg.rf.ed711136e911be675c3f43bdff65e2e5.jpg,train,sand,13,0.06583333333333341,0.10555509290001497,False,False
2be0c9f6-caf7-4f26-9b59-b1299865a721_mp4-0127_jpg.rf.ed711136e911be675c3f43bdff65e2e5.jpg,train,sand,52,0.19696397569444457,0.24410052042011088,False,False
2be0c9f6-caf7-4f26-9b59-b1299865a721_mp4-0127_jpg.rf.ed711136e911be675c3f43bdff65e2e5.jpg,train,sand,17,0.035642361111110965,0.18759637886659197,False,False
2be0c9f6-caf7-4f26-9b59-b1299865a721_mp4-0127_jpg.rf.ed711136e911be675c3f43bdff65e2e5.jpg,train,sand,4,0.0016145833333333325,0.2073903389460851,False,False
2be0c9f6-caf7-4f26-9b59-b1299865a721_mp4-0127_jpg.rf.ed711136e911be675c3f43bdff65e2e5.jpg,train,sand,7,0.010212673611111,0.14430689307172934,False,False
2be0c9f6-caf7-4f26-9b59-b1299865a721_mp4-0127_jpg.rf.ed711136e911be675c3f43bdff65e2e5.jpg,train,sand,6,0.002033420138888964,0.27720205961894934,False,False
2be0c9f6-caf7-4f26-9b59-b1299865a721_mp4-0128_jpg.rf.128bcf3c296ceb2cd156948c4593f433.jpg,train,sand,19,0.060798611111110956,0.16053344824943272,False,False
2be0c9f6-caf7-4f26-9b59-b1299865a721_mp4-0128_jpg.rf.128bcf3c296ceb2cd156948c4593f433.jpg,train,sand,49,0.19688151041666657,0.23006596537346055,False,False
2be0c9f6-caf7-4f26-9b59-b1299865a721_mp4-0128_jpg.rf.128bcf3c296ceb2cd156948c4593f433.jpg,train,sand,17,0.03828993055555574,0.18099450699400776,False,False
2be0c9f6-caf7-4f26-9b59-b1299865a721_mp4-0128_jpg.rf.128bcf3c296ceb2cd156948c4593f433.jpg,train,sand,5,0.011497395833333535,0.09714691757234925,False,False
2be0c9f6-caf7-4f26-9b59-b1299865a721_mp4-0128_jpg.rf.128bcf3c296ceb2cd156948c4593f433.jpg,train,sand,6,0.0027842881944446507,0.23689337755722784,False,False
2be0c9f6-caf7-4f26-9b59-b1299865a721_mp4-0128_jpg.rf.943e735920be82cac9e9cc595ed2c266.jpg,train,sand,14,0.06463758680555576,0.11472134532871603,False,False
2be0c9f6-caf7-4f26-9b59-b1299865a721_mp4-0128_jpg.rf.943e735920be82cac9e9cc595ed2c266.jpg,train,sand,32,0.20476128472222221,0.14732783879160974,False,False
2be0c9f6-caf7-4f26-9b59-b1299865a721_mp4-0128_jpg.rf.943e735920be82cac9e9cc595ed2c266.jpg,train,sand,6,0.01239366319444457,0.1122820073220622,False,False
2be0c9f6-caf7-4f26-9b59-b1299865a721_mp4-0129_jpg.rf.a99f3b61d381322037d7d45c85ba9ad3.jpg,train,sand,20,0.06091579861111085,0.16881995772453387,False,False
2be0c9f6-caf7-4f26-9b59-b1299865a721_mp4-0129_jpg.rf.a99f3b61d381322037d7d45c85ba9ad3.jpg,train,sand,10,0.01323133680555555,0.18111603429195539,False,False
2be0c9f6-caf7-4f26-9b59-b1299865a721_mp4-0129_jpg.rf.a99f3b61d381322037d7d45c85ba9ad3.jpg,train,sand,41,0.19356179408854146,0.1941479458468167,False,False
2be0c9f6-caf7-4f26-9b59-b1299865a721_mp4-0129_jpg.rf.a99f3b61d381322037d7d45c85ba9ad3.jpg,train,sand,17,0.033962673611110716,0.19217936244103642,False,False
2be0c9f6-caf7-4f26-9b59-b1299865a721_mp4-0129_jpg.rf.a99f3b61d381322037d7d45c85ba9ad3.jpg,train,sand,6,0.011577690972222499,0.11617135003066459,False,False
2be0c9f6-caf7-4f26-9b59-b1299865a721_mp4-0130_jpg.rf.d19ad79fddd6696667e185b21ff572fe.jpg,train,sand,10,0.06660590277777778,0.0807239496908741,False,False
2be0c9f6-caf7-4f26-9b59-b1299865a721_mp4-0130_jpg.rf.d19ad79fddd6696667e185b21ff572fe.jpg,train,sand,36,0.20072265624999908,0.16740293407601337,False,False
2be0c9f6-caf7-4f26-9b59-b1299865a721_mp4-0130_jpg.rf.d19ad79fddd6696667e185b21ff572fe.jpg,train,sand,7,0.012371961805555554,0.1311105132036085,False,False
2be0c9f6-caf7-4f26-9b59-b1299865a721_mp4-0130_jpg.rf.e5bfc167b6f6cd07347e91c3a22f4161.jpg,train,sand,20,0.06230468750000018,0.1669276952787112,False,False
2be0c9f6-caf7-4f26-9b59-b1299865a721_mp4-0130_jpg.rf.e5bfc167b6f6cd07347e91c3a22f4161.jpg,train,sand,50,0.19724826388888772,0.23454283605406892,False,False
2be0c9f6-caf7-4f26-9b59-b1299865a721_mp4-0130_jpg.rf.e5bfc167b6f6cd07347e91c3a22f4161.jpg,train,sand,11,0.0373285590277781,0.11861260253312585,False,False
2be0c9f6-caf7-4f26-9b59-b1299865a721_mp4-0130_jpg.rf.e5bfc167b6f6cd07347e91c3a22f4161.jpg,train,sand,4,0.002825520833333317,0.15677236033392455,False,False
2be0c9f6-caf7-4f26-9b59-b1299865a721_mp4-0130_jpg.rf.e5bfc167b6f6cd07347e91c3a22f4161.jpg,train,sand,7,0.011427951388888857,0.13641829285935833,False,False
2be0c9f6-caf7-4f26-9b59-b1299865a721_mp4-0131_jpg.rf.10465a5d496f2903f39e996c80530250.jpg,train,sand,16,0.06417317708333337,0.13158366385364365,False,False
2be0c9f6-caf7-4f26-9b59-b1299865a721_mp4-0131_jpg.rf.10465a5d496f2903f39e996c80530250.jpg,train,sand,42,0.20103298611111242,0.19515262223411559,False,False
2be0c9f6-caf7-4f26-9b59-b1299865a721_mp4-0131_jpg.rf.10465a5d496f2903f39e996c80530250.jpg,train,sand,15,0.03514322916666668,0.1666975394402327,False,False
2be0c9f6-caf7-4f26-9b59-b1299865a721_mp4-0131_jpg.rf.10465a5d496f2903f39e996c80530250.jpg,train,sand,6,0.0029730902777778123,0.2292482159702597,False,False
2be0c9f6-caf7-4f26-9b59-b1299865a721_mp4-0131_jpg.rf.10465a5d496f2903f39e996c80530250.jpg,train,sand,6,0.013046874999999902,0.10943513103291697,False,False
2be0c9f6-caf7-4f26-9b59-b1299865a721_mp4-0133_jpg.rf.261735b9eb0ce4feacdc1da04d023f79.jpg,train,sand,9,0.05623697916666659,0.07906609320204701,False,False
2be0c9f6-caf7-4f26-9b59-b1299865a721_mp4-0133_jpg.rf.261735b9eb0ce4feacdc1da04d023f79.jpg,train,sand,29,0.19269532118055555,0.1376325561112383,False,False
2be0c9f6-caf7-4f26-9b59-b1299865a721_mp4-0133_jpg.rf.261735b9eb0ce4feacdc1da04d023f79.jpg,train,sand,11,0.0280425347222224,0.13684937384627377,False,False
2be0c9f6-caf7-4f26-9b59-b1299865a721_mp4-0133_jpg.rf.261735b9eb0ce4feacdc1da04d023f79.jpg,train,sand,15,0.01769965277777774,0.2348916877060758,False,False
2be0c9f6-caf7-4f26-9b59-b1299865a721_mp4-0133_jpg.rf.261735b9eb0ce4feacdc1da04d023f79.jpg,train,sand,7,0.010861545138889372,0.13993005245628512,False,False
2be0c9f6-caf7-4f26-9b59-b1299865a721_mp4-0133_jpg.rf.7e08b12d1fda20c61e51c84eeaae0609.jpg,train,sand,15,0.06596571180555544,0.1216720695522568,False,False
2be0c9f6-caf7-4f26-9b59-b1299865a721_mp4-0133_jpg.rf.7e08b12d1fda20c61e51c84eeaae0609.jpg,train,sand,29,0.19882595486111043,0.13549404931781783,False,False
2be0c9f6-caf7-4f26-9b59-b1299865a721_mp4-0133_jpg.rf.7e08b12d1fda20c61e51c84eeaae0609.jpg,train,sand,6,0.010670572916666732,0.1210085742654607,False,False
2be0c9f6-caf7-4f26-9b59-b1299865a721_mp4-0134_jpg.rf.f6b62b6a7a973c5f78ebe9110716fa33.jpg,train,sand,6,0.05488932291666665,0.05335388842024504,True,False
2be0c9f6-caf7-4f26-9b59-b1299865a721_mp4-0134_jpg.rf.f6b62b6a7a973c5f78ebe9110716fa33.jpg,train,sand,18,0.014986979166666692,0.30631919775334043,False,False
2be0c9f6-caf7-4f26-9b59-b1299865a721_mp4-0134_jpg.rf.f6b62b6a7a973c5f78ebe9110716fa33.jpg,train,sand,37,0.1957463411458349,0.17422627851565659,False,False
2be0c9f6-caf7-4f26-9b59-b1299865a721_mp4-0134_jpg.rf.f6b62b6a7a973c5f78ebe9110716fa33.jpg,train,sand,8,0.011690538194444322,0.15414572937495577,False,False
2be0c9f6-caf7-4f26-9b59-b1299865a721_mp4-0134_jpg.rf.f6b62b6a7a973c5f78ebe9110716fa33.jpg,train,sand,12,0.023632812500000044,0.16262312563634818,False,False
2be0c9f6-caf7-4f26-9b59-b1299865a721_mp4-0135_jpg.rf.63f681845e691ec57a811af9ac9979cb.jpg,train,sand,6,0.0529253472222222,0.05433481028758661,True,False
2be0c9f6-caf7-4f26-9b59-b1299865a721_mp4-0135_jpg.rf.63f681845e691ec57a811af9ac9979cb.jpg,train,sand,39,0.19189236111111008,0.18547890629686775,False,False
2be0c9f6-caf7-4f26-9b59-b1299865a721_mp4-0135_jpg.rf.63f681845e691ec57a811af9ac9979cb.jpg,train,sand,10,0.020681423611111027,0.14486669343481512,False,False
2be0c9f6-caf7-4f26-9b59-b1299865a721_mp4-0135_jpg.rf.63f681845e691ec57a811af9ac9979cb.jpg,train,sand,11,0.01973090277777778,0.16314657821505787,False,False
2be0c9f6-caf7-4f26-9b59-b1299865a721_mp4-0135_jpg.rf.63f681845e691ec57a811af9ac9979cb.jpg,train,sand,7,0.012358940972222676,0.1311795611395099,False,False
2be0c9f6-caf7-4f26-9b59-b1299865a721_mp4-0135_jpg.rf.80ad38e309c62aa5f0f8628a5de6f9ba.jpg,train,sand,11,0.06587239583333326,0.08928936164765662,False,False
2be0c9f6-caf7-4f26-9b59-b1299865a721_mp4-0135_jpg.rf.80ad38e309c62aa5f0f8628a5de6f9ba.jpg,train,sand,30,0.1996419270833325,0.139879522361671,False,False
2be0c9f6-caf7-4f26-9b59-b1299865a721_mp4-0135_jpg.rf.80ad38e309c62aa5f0f8628a5de6f9ba.jpg,train,sand,7,0.012975260416666634,0.12802617226991,False,False
2be0c9f6-caf7-4f26-9b59-b1299865a721_mp4-0136_jpg.rf.e01812a9c6c7d96bdaf68b40a3d1ca87.jpg,train,sand,14,0.06220486111111101,0.11694310908271324,False,False
2be0c9f6-caf7-4f26-9b59-b1299865a721_mp4-0136_jpg.rf.e01812a9c6c7d96bdaf68b40a3d1ca87.jpg,train,sand,24,0.20275607638888893,0.11104092351886344,False,False
2be0c9f6-caf7-4f26-9b59-b1299865a721_mp4-0136_jpg.rf.e01812a9c6c7d96bdaf68b40a3d1ca87.jpg,train,sand,5,0.011427951388888857,0.09744163775668452,False,False
2be0c9f6-caf7-4f26-9b59-b1299865a721_mp4-0137_jpg.rf.25e931eb3236a8cde8bc064348ef42d7.jpg,train,sand,6,0.053174913194444395,0.054207155470468,True,False
2be0c9f6-caf7-4f26-9b59-b1299865a721_mp4-0137_jpg.rf.25e931eb3236a8cde8bc064348ef42d7.jpg,train,sand,38,0.19500957652777728,0.17927279504770538,False,False
2be0c9f6-caf7-4f26-9b59-b1299865a721_mp4-0137_jpg.rf.25e931eb3236a8cde8bc064348ef42d7.jpg,train,sand,9,0.01763237847222221,0.14120361729949255,False,False
2be0c9f6-caf7-4f26-9b59-b1299865a721_mp4-0137_jpg.rf.25e931eb3236a8cde8bc064348ef42d7.jpg,train,sand,21,0.018546006944444304,0.3212571840893891,False,False
2be0c9f6-caf7-4f26-9b59-b1299865a721_mp4-0137_jpg.rf.25e931eb3236a8cde8bc064348ef42d7.jpg,train,sand,5,0.011675347222222188,0.09640373590996253,False,False
2be0c9f6-caf7-4f26-9b59-b1299865a721_mp4-0138_jpg.rf.2a80e6c7e4ab23535d0d2f869c2bb1bf.jpg,train,sand,7,0.054435763888889044,0.06250498305761198,True,False
2be0c9f6-caf7-4f26-9b59-b1299865a721_mp4-0138_jpg.rf.2a80e6c7e4ab23535d0d2f869c2bb1bf.jpg,train,sand,54,0.20538628472221987,0.24823716514394864,False,False
2be0c9f6-caf7-4f26-9b59-b1299865a721_mp4-0138_jpg.rf.2a80e6c7e4ab23535d0d2f869c2bb1bf.jpg,train,sand,9,0.016091579861110983,0.1478093576321927,False,False
2be0c9f6-caf7-4f26-9b59-b1299865a721_mp4-0138_jpg.rf.2a80e6c7e4ab23535d0d2f869c2bb1bf.jpg,train,sand,6,0.011121961805555358,0.11852755159795181,False,False
2be0c9f6-caf7-4f26-9b59-b1299865a721_mp4-0139_jpg.rf.b3504ad029a7efc2a7dd128b70952d39.jpg,train,sand,16,0.05812934027777783,0.13825506420765815,False,False
2be0c9f6-caf7-4f26-9b59-b1299865a721_mp4-0139_jpg.rf.b3504ad029a7efc2a7dd128b70952d39.jpg,train,sand,32,0.2073958333333339,0.14638909551643803,False,False
2be0c9f6-caf7-4f26-9b59-b1299865a721_mp4-0139_jpg.rf.b3504ad029a7efc2a7dd128b70952d39.jpg,train,sand,10,0.011625434027777715,0.19322093291214062,False,False
2be0c9f6-caf7-4f26-9b59-b1299865a721_mp4-0140_jpg.rf.4b85aa5fe29ac286f0ff09d56e86095d.jpg,train,sand,15,0.05875651041666696,0.12892051277806169,False,False
2be0c9f6-caf7-4f26-9b59-b1299865a721_mp4-0140_jpg.rf.4b85aa5fe29ac286f0ff09d56e86095d.jpg,train,sand,47,0.21331597222222243,0.21200442862586358,False,False
2be0c9f6-caf7-4f26-9b59-b1299865a721_mp4-0140_jpg.rf.4b85aa5fe29ac286f0ff09d56e86095d.jpg,train,sand,11,0.014144965277777644,0.19268615248617818,False,False
2be0c9f6-caf7-4f26-9b59-b1299865a721_mp4-0140_jpg.rf.4b85aa5fe29ac286f0ff09d56e86095d.jpg,train,sand,10,0.0015013020833333224,0.5376810357570558,False,True
2be0c9f6-caf7-4f26-9b59-b1299865a721_mp4-0140_jpg.rf.4b85aa5fe29ac286f0ff09d56e86095d.jpg,train,sand,9,0.01219835069444386,0.16976599946373425,False,False
2be0c9f6-caf7-4f26-9b59-b1299865a721_mp4-0140_jpg.rf.7dfd441a8c2ff7ebba301d602b85b55c.jpg,train,sand,10,0.01118272569444434,0.19700848287538197,False,False
2be0c9f6-caf7-4f26-9b59-b1299865a721_mp4-0140_jpg.rf.7dfd441a8c2ff7ebba301d602b85b55c.jpg,train,sand,15,0.055568576388889124,0.1325669871888248,False,False
2be0c9f6-caf7-4f26-9b59-b1299865a721_mp4-0140_jpg.rf.7dfd441a8c2ff7ebba301d602b85b55c.jpg,train,sand,28,0.21055338541666657,0.12712637978133776,False,False
2be0c9f6-caf7-4f26-9b59-b1299865a721_mp4-0141_jpg.rf.000bbbb1aaca2b21d95064c97729d4d9.jpg,train,sand,19,0.06123480902777789,0.15996065717520616,False,False
2be0c9f6-caf7-4f26-9b59-b1299865a721_mp4-0141_jpg.rf.000bbbb1aaca2b21d95064c97729d4d9.jpg,train,sand,35,0.20502604166666671,0.16103574746220042,False,False
2be0c9f6-caf7-4f26-9b59-b1299865a721_mp4-0141_jpg.rf.000bbbb1aaca2b21d95064c97729d4d9.jpg,train,sand,9,0.01281032986111108,0.16566131928966463,False,False
2be0c9f6-caf7-4f26-9b59-b1299865a721_mp4-0141_jpg.rf.000bbbb1aaca2b21d95064c97729d4d9.jpg,train,sand,13,0.0029750672743055206,0.496539405079951,False,True
2be0c9f6-caf7-4f26-9b59-b1299865a721_mp4-0141_jpg.rf.000bbbb1aaca2b21d95064c97729d4d9.jpg,train,sand,7,0.0027821180555553937,0.27648337693668557,False,False
2be0c9f6-caf7-4f26-9b59-b1299865a721_mp4-0141_jpg.rf.000bbbb1aaca2b21d95064c97729d4d9.jpg,train,sand,8,0.013567708333333428,0.1430854587177921,False,False
2be0c9f6-caf7-4f26-9b59-b1299865a721_mp4-0144_jpg.rf.845ebf43a3521807d1c1f163c5820559.jpg,train,sand,19,0.062233072916666465,0.15867252784214356,False,False
2be0c9f6-caf7-4f26-9b59-b1299865a721_mp4-0144_jpg.rf.845ebf43a3521807d1c1f163c5820559.jpg,train,sand,42,0.21695410156250006,0.18785558899989838,False,False
2be0c9f6-caf7-4f26-9b59-b1299865a721_mp4-0144_jpg.rf.845ebf43a3521807d1c1f163c5820559.jpg,train,sand,7,0.013441840277777839,0.12578458966204129,False,False
2be0c9f6-caf7-4f26-9b59-b1299865a721_mp4-0147_jpg.rf.edb140fac52920ddf99c6a35bd182dcc.jpg,train,sand,13,0.06319444444444444,0.10773645092141683,False,False
2be0c9f6-caf7-4f26-9b59-b1299865a721_mp4-0147_jpg.rf.edb140fac52920ddf99c6a35bd182dcc.jpg,train,sand,35,0.21646841224175528,0.15672184695111685,False,False
2be0c9f6-caf7-4f26-9b59-b1299865a721_mp4-0147_jpg.rf.edb140fac52920ddf99c6a35bd182dcc.jpg,train,sand,5,0.012196180555555491,0.09432283473806836,False,False
2be0c9f6-caf7-4f26-9b59-b1299865a721_mp4-0149_jpg.rf.f49aee2e3c33098828b1b8699bf96443.jpg,train,sand,21,0.062183159722222214,0.17544527005977523,False,False
2be0c9f6-caf7-4f26-9b59-b1299865a721_mp4-0149_jpg.rf.f49aee2e3c33098828b1b8699bf96443.jpg,train,sand,38,0.21113998433376757,0.17228882801361864,False,False
2be0c9f6-caf7-4f26-9b59-b1299865a721_mp4-0149_jpg.rf.f49aee2e3c33098828b1b8699bf96443.jpg,train,sand,8,0.011903211805555536,0.15276246896220147,False,False
2be0c9f6-caf7-4f26-9b59-b1299865a721_mp4-0153_jpg.rf.b10935bf0feca7c1f06ec0bcdeeb22b4.jpg,train,sand,19,0.06434461805555536,0.1560472968471048,False,False
2be0c9f6-caf7-4f26-9b59-b1299865a721_mp4-0153_jpg.rf.b10935bf0feca7c1f06ec0bcdeeb22b4.jpg,train,sand,32,0.21056857638888715,0.1452820503800462,False,False
2be0c9f6-caf7-4f26-9b59-b1299865a721_mp4-0153_jpg.rf.b10935bf0feca7c1f06ec0bcdeeb22b4.jpg,train,sand,9,0.012549913194444429,0.16737126983994835,False,False
2be0c9f6-caf7-4f26-9b59-b1299865a721_mp4-0155_jpg.rf.966f4e0d8f1f20c294f755de1ea01cbd.jpg,train,sand,16,0.06452907986111134,0.13122029478800457,False,False
2be0c9f6-caf7-4f26-9b59-b1299865a721_mp4-0155_jpg.rf.966f4e0d8f1f20c294f755de1ea01cbd.jpg,train,sand,30,0.21121093750000064,0.13599464735601782,False,False
2be0c9f6-caf7-4f26-9b59-b1299865a721_mp4-0155_jpg.rf.966f4e0d8f1f20c294f755de1ea01cbd.jpg,train,sand,6,0.011584201388888937,0.1161387008145924,False,False
2be0c9f6-caf7-4f26-9b59-b1299865a721_mp4-0156_jpg.rf.2fbf937d083a651f9dcbaafddb1ed47a.jpg,train,sand,17,0.06583984375000007,0.1380267582927755,False,False
2be0c9f6-caf7-4f26-9b59-b1299865a721_mp4-0156_jpg.rf.2fbf937d083a651f9dcbaafddb1ed47a.jpg,train,sand,33,0.20782986111111157,0.15080603750277782,False,False
2be0c9f6-caf7-4f26-9b59-b1299865a721_mp4-0156_jpg.rf.2fbf937d083a651f9dcbaafddb1ed47a.jpg,train,sand,9,0.011976996527778283,0.17132759172255072,False,False
2be0c9f6-caf7-4f26-9b59-b1299865a721_mp4-0157_jpg.rf.0b33caa869c130a7dcc64fe483e3018e.jpg,train,sand,11,0.06741102430555546,0.08826448359607544,False,False
2be0c9f6-caf7-4f26-9b59-b1299865a721_mp4-0157_jpg.rf.0b33caa869c130a7dcc64fe483e3018e.jpg,train,sand,29,0.20858289930555696,0.13228707399991374,False,False
2be0c9f6-caf7-4f26-9b59-b1299865a721_mp4-0157_jpg.rf.0b33caa869c130a7dcc64fe483e3018e.jpg,train,sand,11,0.012738715277778034,0.20304328555556445,False,False
2be0c9f6-caf7-4f26-9b59-b1299865a721_mp4-0159_jpg.rf.db26b3a830cd50860554a822b8356c61.jpg,train,sand,13,0.06527343749999992,0.10600683609320016,False,False
2be0c9f6-caf7-4f26-9b59-b1299865a721_mp4-0159_jpg.rf.db26b3a830cd50860554a822b8356c61.jpg,train,sand,36,0.20635199652777736,0.16510374555121513,False,False
2be0c9f6-caf7-4f26-9b59-b1299865a721_mp4-0159_jpg.rf.db26b3a830cd50860554a822b8356c61.jpg,train,sand,8,0.012421874999999805,0.14953924109121297,False,False
2be0c9f6-caf7-4f26-9b59-b1299865a721_mp4-0161_jpg.rf.8f5ed6293b45bb22344598b509e84a6a.jpg,train,sand,12,0.06543402777777763,0.09773231400267983,False,False
2be0c9f6-caf7-4f26-9b59-b1299865a721_mp4-0161_jpg.rf.8f5ed6293b45bb22344598b509e84a6a.jpg,train,sand,28,0.20651041666666536,0.1283647598037673,False,False
2be0c9f6-caf7-4f26-9b59-b1299865a721_mp4-0161_jpg.rf.8f5ed6293b45bb22344598b509e84a6a.jpg,train,sand,6,0.011618923611111054,0.11596503537042864,False,False
2be0c9f6-caf7-4f26-9b59-b1299865a721_mp4-0162_jpg.rf.221f3abc99ff120fae488f600b537fd5.jpg,train,sand,15,0.06743489583333329,0.12033935410640396,False,False
2be0c9f6-caf7-4f26-9b59-b1299865a721_mp4-0162_jpg.rf.221f3abc99ff120fae488f600b537fd5.jpg,train,sand,32,0.20280598958333318,0.1480363444927174,False,False
2be0c9f6-caf7-4f26-9b59-b1299865a721_mp4-0162_jpg.rf.221f3abc99ff120fae488f600b537fd5.jpg,train,sand,6,0.01249131944444426,0.11184223973038297,False,False
2be0c9f6-caf7-4f26-9b59-b1299865a721_mp4-0164_jpg.rf.5ca16e4664c61fe6a8f272fde9ffdf1a.jpg,train,sand,13,0.0660351562499999,0.10539366571298801,False,False
2be0c9f6-caf7-4f26-9b59-b1299865a721_mp4-0164_jpg.rf.5ca16e4664c61fe6a8f272fde9ffdf1a.jpg,train,sand,26,0.20048611111111203,0.12097342169457953,False,False
2be0c9f6-caf7-4f26-9b59-b1299865a721_mp4-0164_jpg.rf.5ca16e4664c61fe6a8f272fde9ffdf1a.jpg,train,sand,5,0.01318359375,0.09072184232530289,False,False
2be0c9f6-caf7-4f26-9b59-b1299865a721_mp4-0166_jpg.rf.3c0fc89a7802d39586e2ae0dfdfe6bff.jpg,train,sand,13,0.06732421875000005,0.10437979839876678,False,False
2be0c9f6-caf7-4f26-9b59-b1299865a721_mp4-0166_jpg.rf.3c0fc89a7802d39586e2ae0dfdfe6bff.jpg,train,sand,33,0.19850260416666643,0.15430841066460604,False,False
2be0c9f6-caf7-4f26-9b59-b1299865a721_mp4-0166_jpg.rf.3c0fc89a7802d39586e2ae0dfdfe6bff.jpg,train,sand,7,0.01285807291666674,0.12860825940889473,False,False
2be0c9f6-caf7-4f26-9b59-b1299865a721_mp4-0167_jpg.rf.8ef2ae93d5598c7e49cdcda032269d50.jpg,train,sand,15,0.06376953124999996,0.12374948760083877,False,False
2be0c9f6-caf7-4f26-9b59-b1299865a721_mp4-0167_jpg.rf.8ef2ae93d5598c7e49cdcda032269d50.jpg,train,sand,29,0.20179904513888847,0.1344922338474438,False,False
2be0c9f6-caf7-4f26-9b59-b1299865a721_mp4-0167_jpg.rf.8ef2ae93d5598c7e49cdcda032269d50.jpg,train,sand,5,0.011775173611111356,0.09599422516111523,False,False
2be0c9f6-caf7-4f26-9b59-b1299865a721_mp4-0168_jpg.rf.1a74208ebbccff79450e3265437953f6.jpg,train,sand,16,0.06217447916666652,0.13368191780619434,False,False
2be0c9f6-caf7-4f26-9b59-b1299865a721_mp4-0168_jpg.rf.1a74208ebbccff79450e3265437953f6.jpg,train,sand,33,0.2020898437500005,0.1529327360795022,False,False
2be0c9f6-caf7-4f26-9b59-b1299865a721_mp4-0168_jpg.rf.1a74208ebbccff79450e3265437953f6.jpg,train,sand,7,0.012198350694444082,0.13204022180512542,False,False
2be0c9f6-caf7-4f26-9b59-b1299865a721_mp4-0169_jpg.rf.3bf49c0640cf733d6df17ec3f35f8de5.jpg,train,sand,16,0.0593467881944445,0.1368296245116574,False,False
2be0c9f6-caf7-4f26-9b59-b1299865a721_mp4-0169_jpg.rf.3bf49c0640cf733d6df17ec3f35f8de5.jpg,train,sand,31,0.2068250868055559,0.14200997429743448,False,False
2be0c9f6-caf7-4f26-9b59-b1299865a721_mp4-0171_jpg.rf.0a136648995d603d34ac120f78d9684a.jpg,train,sand,11,0.011291232638888538,0.21566554640688018,False,False
2be0c9f6-caf7-4f26-9b59-b1299865a721_mp4-0171_jpg.rf.0a136648995d603d34ac120f78d9684a.jpg,train,sand,16,0.05565755208333334,0.14129171433523702,False,False
2be0c9f6-caf7-4f26-9b59-b1299865a721_mp4-0171_jpg.rf.0a136648995d603d34ac120f78d9684a.jpg,train,sand,38,0.21092664930555394,0.1723759340124907,False,False
2be0c9f6-caf7-4f26-9b59-b1299865a721_mp4-0172_jpg.rf.841ce8daa179578ffab496080e30cb3f.jpg,train,sand,12,0.011239149305555252,0.2358160108294345,False,False
2be0c9f6-caf7-4f26-9b59-b1299865a721_mp4-0172_jpg.rf.841ce8daa179578ffab496080e30cb3f.jpg,train,sand,17,0.052688802083333375,0.15429381653092758,False,False
2be0c9f6-caf7-4f26-9b59-b1299865a721_mp4-0172_jpg.rf.841ce8daa179578ffab496080e30cb3f.jpg,train,sand,28,0.21307508680555554,0.1263718830628218,False,False
2f4b2f2f-9d1c-4a87-b5eb-75cd2824d881_jpg.rf.5e526e9dd311437b90f79db3ce16cc36.jpg,test,gravel,14,0.01440107219617115,0.09116024672628338,False,False
2f4b2f2f-9d1c-4a87-b5eb-75cd2824d881_jpg.rf.5e526e9dd311437b90f79db3ce16cc36.jpg,test,gravel,55,0.035583663051974135,0.22783069394624403,False,False
2f4b2f2f-9d1c-4a87-b5eb-75cd2824d881_jpg.rf.5e526e9dd311437b90f79db3ce16cc36.jpg,test,gravel,11,0.0014486249511527771,0.22583412882197493,False,False
2f4b2f2f-9d1c-4a87-b5eb-75cd2824d881_jpg.rf.5e526e9dd311437b90f79db3ce16cc36.jpg,test,gravel,15,0.006240535853849094,0.14837310586195984,False,False
4a7f29af-8d1c-4a3b-90e6-b9cf771fd1c2_mp4-0000_jpg.rf.61f70bd881d319157bacaf2ca57ddf43.jpg,train,sand,23,0.06647280092592567,0.12390058308419141,False,False
4a7f29af-8d1c-4a3b-90e6-b9cf771fd1c2_mp4-0000_jpg.rf.61f70bd881d319157bacaf2ca57ddf43.jpg,train,gravel,23,0.21580729166666668,0.06876418219632677,True,False
4a7f29af-8d1c-4a3b-90e6-b9cf771fd1c2_mp4-0001_jpg.rf.4ae44aba5bed72000c47a4db53e3ddcf.jpg,train,sand,21,0.06594232253086396,0.11358073603313845,False,False
4a7f29af-8d1c-4a3b-90e6-b9cf771fd1c2_mp4-0001_jpg.rf.4ae44aba5bed72000c47a4db53e3ddcf.jpg,train,gravel,23,0.2225839120370363,0.06770932028063316,True,False
4a7f29af-8d1c-4a3b-90e6-b9cf771fd1c2_mp4-0002_jpg.rf.0622c2b32eb9c7c04f9a95cda88897b6.jpg,train,sand,23,0.06626832561728335,0.12409158758686599,False,False
4a7f29af-8d1c-4a3b-90e6-b9cf771fd1c2_mp4-0002_jpg.rf.0622c2b32eb9c7c04f9a95cda88897b6.jpg,train,gravel,23,0.2313233024691348,0.06641797764384873,True,False
4a7f29af-8d1c-4a3b-90e6-b9cf771fd1c2_mp4-0003_jpg.rf.812a67f6c93154b14505ec4e8c1334bc.jpg,train,sand,24,0.06492766203703759,0.1308169028811459,False,False
4a7f29af-8d1c-4a3b-90e6-b9cf771fd1c2_mp4-0003_jpg.rf.812a67f6c93154b14505ec4e8c1334bc.jpg,train,gravel,18,0.23376253858024665,0.05170738220064216,True,False
4a7f29af-8d1c-4a3b-90e6-b9cf771fd1c2_mp4-0005_jpg.rf.4029568a13b4cefffa50c3fa306ce847.jpg,train,sand,24,0.06477141203703685,0.13097459458639965,False,False
4a7f29af-8d1c-4a3b-90e6-b9cf771fd1c2_mp4-0005_jpg.rf.4029568a13b4cefffa50c3fa306ce847.jpg,train,gravel,46,0.18984567901234506,0.14663072329211452,False,False
4a7f29af-8d1c-4a3b-90e6-b9cf771fd1c2_mp4-0007_jpg.rf.f9a6061547e45afbd3f1886f601d0103.jpg,train,sand,23,0.06622010030864178,0.12413676470032133,False,False
4a7f29af-8d1c-4a3b-90e6-b9cf771fd1c2_mp4-0007_jpg.rf.f9a6061547e45afbd3f1886f601d0103.jpg,train,sand,9,0.00636766975308678,0.1566461578915545,False,False
4a7f29af-8d1c-4a3b-90e6-b9cf771fd1c2_mp4-0007_jpg.rf.f9a6061547e45afbd3f1886f601d0103.jpg,train,gravel,30,0.24055073302469232,0.08495430981768216,False,False
4a7f29af-8d1c-4a3b-90e6-b9cf771fd1c2_mp4-0008_jpg.rf.cc498e65908d010a757e52ebda8e959c.jpg,train,sand,21,0.0693084490740743,0.11078825143089961,False,False
4a7f29af-8d1c-4a3b-90e6-b9cf771fd1c2_mp4-0008_jpg.rf.cc498e65908d010a757e52ebda8e959c.jpg,train,gravel,19,0.22331790123456852,0.05584179059334123,True,False
4a7f29af-8d1c-4a3b-90e6-b9cf771fd1c2_mp4-0008_jpg.rf.cc498e65908d010a757e52ebda8e959c.jpg,train,sand,18,0.001036844135802184,0.7763959670648632,False,True
4a7f29af-8d1c-4a3b-90e6-b9cf771fd1c2_mp4-0010_jpg.rf.6c6bb2358201c2a22860891629c7318a.jpg,train,sand,27,0.07717110339506128,0.13499071970701965,False,False
4a7f29af-8d1c-4a3b-90e6-b9cf771fd1c2_mp4-0010_jpg.rf.6c6bb2358201c2a22860891629c7318a.jpg,train,sand,10,0.0014226466049382935,0.3682298471593265,False,False
4a7f29af-8d1c-4a3b-90e6-b9cf771fd1c2_mp4-0010_jpg.rf.6c6bb2358201c2a22860891629c7318a.jpg,train,gravel,21,0.21535397376543308,0.06285073391567181,True,False
4a7f29af-8d1c-4a3b-90e6-b9cf771fd1c2_mp4-0011_jpg.rf.4932565fa45f1bc65f059cb14172f01a.jpg,train,sand,21,0.07660493827160497,0.10538005352486063,False,False
4a7f29af-8d1c-4a3b-90e6-b9cf771fd1c2_mp4-0011_jpg.rf.4932565fa45f1bc65f059cb14172f01a.jpg,train,gravel,29,0.21547839506172828,0.08676880881679158,False,False
4a7f29af-8d1c-4a3b-90e6-b9cf771fd1c2_mp4-0011_jpg.rf.4932565fa45f1bc65f059cb14172f01a.jpg,train,sand,20,0.0019155092592599843,0.6346808159752567,False,True
4a7f29af-8d1c-4a3b-90e6-b9cf771fd1c2_mp4-0012_jpg.rf.1b970aa78c26fc9366aca7e8fa449e11.jpg,train,sand,21,0.07802372685185244,0.10441753893140591,False,False
4a7f29af-8d1c-4a3b-90e6-b9cf771fd1c2_mp4-0012_jpg.rf.1b970aa78c26fc9366aca7e8fa449e11.jpg,train,gravel,40,0.22825327932098638,0.11628373748342967,False,False
4a7f29af-8d1c-4a3b-90e6-b9cf771fd1c2_mp4-0012_jpg.rf.1b970aa78c26fc9366aca7e8fa449e11.jpg,train,sand,7,0.0014911265432095977,0.25177250044298577,False,False
4a7f29af-8d1c-4a3b-90e6-b9cf771fd1c2_mp4-0015_jpg.rf.99ad5342f8d9c59ba0f3efca3cc6b2a0.jpg,train,sand,24,0.0819974922839517,0.11640682927972106,False,False
4a7f29af-8d1c-4a3b-90e6-b9cf771fd1c2_mp4-0015_jpg.rf.99ad5342f8d9c59ba0f3efca3cc6b2a0.jpg,train,gravel,18,0.22836612654320998,0.05231475139640129,True,False
4a7f29af-8d1c-4a3b-90e6-b9cf771fd1c2_mp4-0015_jpg.rf.99ad5342f8d9c59ba0f3efca3cc6b2a0.jpg,train,sand,21,0.0022993827160497915,0.6082486686816128,False,True
4a7f29af-8d1c-4a3b-90e6-b9cf771fd1c2_mp4-0018_jpg.rf.085d6610b2ede4488a10e91f49780db8.jpg,train,sand,29,0.08365837191357972,0.13925499987567166,False,False
4a7f29af-8d1c-4a3b-90e6-b9cf771fd1c2_mp4-0018_jpg.rf.085d6610b2ede4488a10e91f49780db8.jpg,train,gravel,31,0.25108410493827193,0.08592500919329464,False,False
4a7f29af-8d1c-4a3b-90e6-b9cf771fd1c2_mp4-0018_jpg.rf.085d6610b2ede4488a10e91f49780db8.jpg,train,sand,10,0.002227044753086105,0.294308653235742,False,False
4a7f29af-8d1c-4a3b-90e6-b9cf771fd1c2_mp4-0018_jpg.rf.085d6610b2ede4488a10e91f49780db8.jpg,train,sand,14,0.0025356867283949924,0.3861426213221296,False,False
4a7f29af-8d1c-4a3b-90e6-b9cf771fd1c2_mp4-0019_jpg.rf.54d4cb985b60a005e5f4cee516b7c7c4.jpg,train,sand,34,0.08707065913387346,0.1600333529733138,False,False
4a7f29af-8d1c-4a3b-90e6-b9cf771fd1c2_mp4-0019_jpg.rf.54d4cb985b60a005e5f4cee516b7c7c4.jpg,train,gravel,29,0.25291570216049397,0.08008987297988818,False,False
4a7f29af-8d1c-4a3b-90e6-b9cf771fd1c2_mp4-0019_jpg.rf.54d4cb985b60a005e5f4cee516b7c7c4.jpg,train,sand,17,0.0028742283950617953,0.4404085961282087,False,True
4a7f29af-8d1c-4a3b-90e6-b9cf771fd1c2_mp4-0020_jpg.rf.316be383423a8375b7e2dee583b70f07.jpg,train,sand,9,0.003406635802468916,0.21416434032283393,False,False
4a7f29af-8d1c-4a3b-90e6-b9cf771fd1c2_mp4-0020_jpg.rf.316be383423a8375b7e2dee583b70f07.jpg,train,sand,17,0.007235725308641916,0.27757183040501693,False,False
4a7f29af-8d1c-4a3b-90e6-b9cf771fd1c2_mp4-0020_jpg.rf.316be383423a8375b7e2dee583b70f07.jpg,train,sand,29,0.08545621141975257,0.13778238051147515,False,False
4a7f29af-8d1c-4a3b-90e6-b9cf771fd1c2_mp4-0020_jpg.rf.316be383423a8375b7e2dee583b70f07.jpg,train,gravel,32,0.2573717206790125,0.08760664903917352,False,False
4a7f29af-8d1c-4a3b-90e6-b9cf771fd1c2_mp4-0021_jpg.rf.93c2e2ce78eddbad8d739c27c6c83641.jpg,train,sand,41,0.08776716820987751,0.19221413307572632,False,False
4a7f29af-8d1c-4a3b-90e6-b9cf771fd1c2_mp4-0021_jpg.rf.93c2e2ce78eddbad8d739c27c6c83641.jpg,train,sand,12,0.004068287037036988,0.2613021337856069,False,False
4a7f29af-8d1c-4a3b-90e6-b9cf771fd1c2_mp4-0021_jpg.rf.93c2e2ce78eddbad8d739c27c6c83641.jpg,train,sand,16,0.005903742283950741,0.28921698255157957,False,False
4a7f29af-8d1c-4a3b-90e6-b9cf771fd1c2_mp4-0021_jpg.rf.93c2e2ce78eddbad8d739c27c6c83641.jpg,train,gravel,24,0.26609085648148056,0.06461952622883804,True,False
4a7f29af-8d1c-4a3b-90e6-b9cf771fd1c2_mp4-0022_jpg.rf.b23799f21d7703926584ba538c3b82b9.jpg,train,sand,27,0.08773437500000014,0.12660369308359154,False,False
4a7f29af-8d1c-4a3b-90e6-b9cf771fd1c2_mp4-0022_jpg.rf.b23799f21d7703926584ba538c3b82b9.jpg,train,sand,11,0.004259259259259185,0.23409554595865792,False,False
4a7f29af-8d1c-4a3b-90e6-b9cf771fd1c2_mp4-0022_jpg.rf.b23799f21d7703926584ba538c3b82b9.jpg,train,sand,10,0.003981481481481475,0.22011272658140615,False,False
4a7f29af-8d1c-4a3b-90e6-b9cf771fd1c2_mp4-0022_jpg.rf.b23799f21d7703926584ba538c3b82b9.jpg,train,gravel,22,0.2665364583333343,0.05918503013492088,True,False
4a7f29af-8d1c-4a3b-90e6-b9cf771fd1c2_mp4-0023_jpg.rf.0ae11d88024723a89b989f82ca56b68d.jpg,train,sand,10,0.003750000000000031,0.2268046058132563,False,False
4a7f29af-8d1c-4a3b-90e6-b9cf771fd1c2_mp4-0023_jpg.rf.0ae11d88024723a89b989f82ca56b68d.jpg,train,sand,36,0.08671006944444581,0.16979904265447013,False,False
4a7f29af-8d1c-4a3b-90e6-b9cf771fd1c2_mp4-0023_jpg.rf.0ae11d88024723a89b989f82ca56b68d.jpg,train,sand,11,0.003632330246913895,0.2534939070538588,False,False
4a7f29af-8d1c-4a3b-90e6-b9cf771fd1c2_mp4-0023_jpg.rf.0ae11d88024723a89b989f82ca56b68d.jpg,train,gravel,21,0.2636545138888886,0.05680272789478927,True,False
4a7f29af-8d1c-4a3b-90e6-b9cf771fd1c2_mp4-0024_jpg.rf.d41e32c8582986548fcdd5f693b64ca3.jpg,train,sand,31,0.08427276234567938,0.14831517295298757,False,False
4a7f29af-8d1c-4a3b-90e6-b9cf771fd1c2_mp4-0024_jpg.rf.d41e32c8582986548fcdd5f693b64ca3.jpg,train,sand,8,0.003120177469136065,0.19891514116539705,False,False
4a7f29af-8d1c-4a3b-90e6-b9cf771fd1c2_mp4-0024_jpg.rf.d41e32c8582986548fcdd5f693b64ca3.jpg,train,sand,8,0.004190779320987659,0.17163667570333033,False,False
4a7f29af-8d1c-4a3b-90e6-b9cf771fd1c2_mp4-0024_jpg.rf.d41e32c8582986548fcdd5f693b64ca3.jpg,train,gravel,30,0.27435378086419693,0.0795487360441544,False,False
4a7f29af-8d1c-4a3b-90e6-b9cf771fd1c2_mp4-0025_jpg.rf.23cac51403d12409baf1c884e52b9352.jpg,train,sand,45,0.0800945216049378,0.22084044392694938,False,False
4a7f29af-8d1c-4a3b-90e6-b9cf771fd1c2_mp4-0025_jpg.rf.23cac51403d12409baf1c884e52b9352.jpg,train,sand,12,0.0038233024691356476,0.2695438460894351,False,False
4a7f29af-8d1c-4a3b-90e6-b9cf771fd1c2_mp4-0025_jpg.rf.23cac51403d12409baf1c884e52b9352.jpg,train,gravel,29,0.2882793209876535,0.07501683830859045,False,False
4a7f29af-8d1c-4a3b-90e6-b9cf771fd1c2_mp4-0026_jpg.rf.442a738cddbb8c411bbc379d36cd23c7.jpg,train,sand,9,0.0031944444444444997,0.2211629342323438,False,False
4a7f29af-8d1c-4a3b-90e6-b9cf771fd1c2_mp4-0026_jpg.rf.442a738cddbb8c411bbc379d36cd23c7.jpg,train,sand,22,0.07994502314814778,0.10806734157686039,False,False
4a7f29af-8d1c-4a3b-90e6-b9cf771fd1c2_mp4-0026_jpg.rf.442a738cddbb8c411bbc379d36cd23c7.jpg,train,gravel,27,0.29063175154320975,0.0695600263901821,True,False
4a7f29af-8d1c-4a3b-90e6-b9cf771fd1c2_mp4-0026_jpg.rf.442a738cddbb8c411bbc379d36cd23c7.jpg,train,gravel,6,0.0010291280864197574,0.25976703570649085,False,False
4a7f29af-8d1c-4a3b-90e6-b9cf771fd1c2_mp4-0027_jpg.rf.128e7defd237d1ce5a807abc6683b63a.jpg,train,sand,35,0.07977237654320923,0.17211125945555714,False,False
4a7f29af-8d1c-4a3b-90e6-b9cf771fd1c2_mp4-0027_jpg.rf.128e7defd237d1ce5a807abc6683b63a.jpg,train,sand,10,0.003159722222222161,0.2470831055537028,False,False
4a7f29af-8d1c-4a3b-90e6-b9cf771fd1c2_mp4-0027_jpg.rf.128e7defd237d1ce5a807abc6683b63a.jpg,train,gravel,40,0.29164062499999943,0.10287349264388115,False,False
4a7f29af-8d1c-4a3b-90e6-b9cf771fd1c2_mp4-0028_jpg.rf.ad554ae1f5377c54ecb9e1af848014f5.jpg,train,sand,16,0.006029388122106294,0.28618763497581917,False,False
4a7f29af-8d1c-4a3b-90e6-b9cf771fd1c2_mp4-0028_jpg.rf.ad554ae1f5377c54ecb9e1af848014f5.jpg,train,sand,27,0.08369020061728438,0.12962655023651076,False,False
4a7f29af-8d1c-4a3b-90e6-b9cf771fd1c2_mp4-0028_jpg.rf.ad554ae1f5377c54ecb9e1af848014f5.jpg,train,gravel,43,0.2954031635802483,0.10988246366576439,False,False
4a7f29af-8d1c-4a3b-90e6-b9cf771fd1c2_mp4-0032_jpg.rf.51d947991fe6bb574941dc63b42a9b24.jpg,train,sand,26,0.08023051697530903,0.127488513173022,False,False
4a7f29af-8d1c-4a3b-90e6-b9cf771fd1c2_mp4-0032_jpg.rf.51d947991fe6bb574941dc63b42a9b24.jpg,train,sand,10,0.004287229938271242,0.21211877734665768,False,False
4a7f29af-8d1c-4a3b-90e6-b9cf771fd1c2_mp4-0032_jpg.rf.51d947991fe6bb574941dc63b42a9b24.jpg,train,gravel,28,0.2829648919753085,0.07310704960835511,False,False
4a7f29af-8d1c-4a3b-90e6-b9cf771fd1c2_mp4-0034_jpg.rf.59a382a2021cfe94f2c1d99dbdc9dafe.jpg,train,sand,27,0.07377314814814806,0.13806452700756422,False,False
4a7f29af-8d1c-4a3b-90e6-b9cf771fd1c2_mp4-0034_jpg.rf.59a382a2021cfe94f2c1d99dbdc9dafe.jpg,train,sand,7,0.0011487268518518556,0.28685152105251677,False,False
4a7f29af-8d1c-4a3b-90e6-b9cf771fd1c2_mp4-0034_jpg.rf.59a382a2021cfe94f2c1d99dbdc9dafe.jpg,train,sand,16,0.005312500000000053,0.30488637358668086,False,False
4a7f29af-8d1c-4a3b-90e6-b9cf771fd1c2_mp4-0034_jpg.rf.59a382a2021cfe94f2c1d99dbdc9dafe.jpg,train,gravel,10,0.0034403935185185197,0.2367900466922195,False,False
4a7f29af-8d1c-4a3b-90e6-b9cf771fd1c2_mp4-0034_jpg.rf.59a382a2021cfe94f2c1d99dbdc9dafe.jpg,train,gravel,33,0.2821248070987652,0.08629006693626301,False,False
4a7f29af-8d1c-4a3b-90e6-b9cf771fd1c2_mp4-0035_jpg.rf.f95331c3a7483c6de60d64027fd8d552.jpg,train,sand,22,0.07561824845678977,0.11111607125458954,False,False
4a7f29af-8d1c-4a3b-90e6-b9cf771fd1c2_mp4-0035_jpg.rf.f95331c3a7483c6de60d64027fd8d552.jpg,train,sand,8,0.0016560570987655954,0.2730359524562915,False,False
4a7f29af-8d1c-4a3b-90e6-b9cf771fd1c2_mp4-0035_jpg.rf.f95331c3a7483c6de60d64027fd8d552.jpg,train,sand,16,0.005279706790123129,0.3058317599597512,False,False
4a7f29af-8d1c-4a3b-90e6-b9cf771fd1c2_mp4-0035_jpg.rf.f95331c3a7483c6de60d64027fd8d552.jpg,train,gravel,9,0.003700810185185144,0.2054762389029795,False,False
4a7f29af-8d1c-4a3b-90e6-b9cf771fd1c2_mp4-0035_jpg.rf.f95331c3a7483c6de60d64027fd8d552.jpg,train,gravel,28,0.2859915123456789,0.0727191782785218,True,False
4a7f29af-8d1c-4a3b-90e6-b9cf771fd1c2_mp4-0036_jpg.rf.1acc351b5514b36770b23799e98e9564.jpg,train,sand,25,0.07066840277777686,0.13061554726631322,False,False
4a7f29af-8d1c-4a3b-90e6-b9cf771fd1c2_mp4-0036_jpg.rf.1acc351b5514b36770b23799e98e9564.jpg,train,sand,9,0.0010927854938269643,0.3781312343114448,False,False
4a7f29af-8d1c-4a3b-90e6-b9cf771fd1c2_mp4-0036_jpg.rf.1acc351b5514b36770b23799e98e9564.jpg,train,sand,20,0.006396604938271544,0.3473143558235956,False,False
4a7f29af-8d1c-4a3b-90e6-b9cf771fd1c2_mp4-0036_jpg.rf.1acc351b5514b36770b23799e98e9564.jpg,train,gravel,12,0.004034529320987634,0.2623930402626819,False,False
4a7f29af-8d1c-4a3b-90e6-b9cf771fd1c2_mp4-0036_jpg.rf.1acc351b5514b36770b23799e98e9564.jpg,train,gravel,45,0.29834104938271544,0.11442568233332642,False,False
4a7f29af-8d1c-4a3b-90e6-b9cf771fd1c2_mp4-0037_jpg.rf.e92bbc93cecc78b183ca26a334bf9304.jpg,train,sand,23,0.07426022376543173,0.11722418252369192,False,False
4a7f29af-8d1c-4a3b-90e6-b9cf771fd1c2_mp4-0037_jpg.rf.e92bbc93cecc78b183ca26a334bf9304.jpg,train,sand,19,0.004989390432099228,0.3735918208916538,False,False
4a7f29af-8d1c-4a3b-90e6-b9cf771fd1c2_mp4-0037_jpg.rf.e92bbc93cecc78b183ca26a334bf9304.jpg,train,gravel,12,0.0037895447530864046,0.2707417485835218,False,False
4a7f29af-8d1c-4a3b-90e6-b9cf771fd1c2_mp4-0037_jpg.rf.e92bbc93cecc78b183ca26a334bf9304.jpg,train,gravel,25,0.3104562114197522,0.062317114467974714,True,False
4a7f29af-8d1c-4a3b-90e6-b9cf771fd1c2_mp4-0038_jpg.rf.04e5c1902270a9a7d71474dd6b6b9c2f.jpg,train,sand,26,0.07546778549382704,0.13144983592540416,False,False
4a7f29af-8d1c-4a3b-90e6-b9cf771fd1c2_mp4-0038_jpg.rf.04e5c1902270a9a7d71474dd6b6b9c2f.jpg,train,sand,11,0.005114776234567575,0.21362243909085413,False,False
4a7f29af-8d1c-4a3b-90e6-b9cf771fd1c2_mp4-0038_jpg.rf.04e5c1902270a9a7d71474dd6b6b9c2f.jpg,train,gravel,8,0.0027970679012345734,0.2100902925755559,False,False
4a7f29af-8d1c-4a3b-90e6-b9cf771fd1c2_mp4-0038_jpg.rf.04e5c1902270a9a7d71474dd6b6b9c2f.jpg,train,gravel,24,0.305961612654321,0.06026224053788474,True,False
4a7f29af-8d1c-4a3b-90e6-b9cf771fd1c2_mp4-0039_jpg.rf.0772b5190874db6f0368465482344e70.jpg,train,sand,31,0.07914744675347318,0.15304203882409925,False,False
4a7f29af-8d1c-4a3b-90e6-b9cf771fd1c2_mp4-0039_jpg.rf.0772b5190874db6f0368465482344e70.jpg,train,gravel,7,0.0020283564814814747,0.21587055172541494,False,False
4a7f29af-8d1c-4a3b-90e6-b9cf771fd1c2_mp4-0039_jpg.rf.0772b5190874db6f0368465482344e70.jpg,train,gravel,30,0.3067505787037037,0.07523086631426167,False,False
4a7f29af-8d1c-4a3b-90e6-b9cf771fd1c2_mp4-0039_jpg.rf.0772b5190874db6f0368465482344e70.jpg,train,sand,16,0.004237075617283814,0.34139281673063665,False,False
4a7f29af-8d1c-4a3b-90e6-b9cf771fd1c2_mp4-0040_jpg.rf.f438a78be17ba3ddbebc0a398c0ac751.jpg,train,sand,11,0.006170910493827453,0.19448475544378657,False,False
4a7f29af-8d1c-4a3b-90e6-b9cf771fd1c2_mp4-0040_jpg.rf.f438a78be17ba3ddbebc0a398c0ac751.jpg,train,sand,30,0.07612461419753025,0.15101712773983797,False,False
4a7f29af-8d1c-4a3b-90e6-b9cf771fd1c2_mp4-0040_jpg.rf.f438a78be17ba3ddbebc0a398c0ac751.jpg,train,gravel,10,0.0016668036265432284,0.34019293117247623,False,False
4a7f29af-8d1c-4a3b-90e6-b9cf771fd1c2_mp4-0040_jpg.rf.f438a78be17ba3ddbebc0a398c0ac751.jpg,train,gravel,31,0.303048804012346,0.07821191330523998,False,False
4a7f29af-8d1c-4a3b-90e6-b9cf771fd1c2_mp4-0041_jpg.rf.7b314d67b7173cd2e8725a214b6a3951.jpg,train,sand,37,0.07866949814814994,0.1832171139341538,False,False
4a7f29af-8d1c-4a3b-90e6-b9cf771fd1c2_mp4-0041_jpg.rf.7b314d67b7173cd2e8725a214b6a3951.jpg,train,gravel,27,0.2814091435185184,0.07069068101159219,True,False
4a7f29af-8d1c-4a3b-90e6-b9cf771fd1c2_mp4-0041_jpg.rf.7b314d67b7173cd2e8725a214b6a3951.jpg,train,sand,13,0.004259259259259185,0.27665837249659575,False,False
4a7f29af-8d1c-4a3b-90e6-b9cf771fd1c2_mp4-0041_jpg.rf.7b314d67b7173cd2e8725a214b6a3951.jpg,train,gravel,5,0.0022569444444444503,0.14617633655117135,False,False
4a7f29af-8d1c-4a3b-90e6-b9cf771fd1c2_mp4-0042_jpg.rf.c4157de8acebad6987f7701b1e30a9e9.jpg,train,sand,16,0.0700212191358025,0.08397937772174308,False,False
4a7f29af-8d1c-4a3b-90e6-b9cf771fd1c2_mp4-0042_jpg.rf.c4157de8acebad6987f7701b1e30a9e9.jpg,train,sand,11,0.004242862654320945,0.23454744262420651,False,False
4a7f29af-8d1c-4a3b-90e6-b9cf771fd1c2_mp4-0042_jpg.rf.c4157de8acebad6987f7701b1e30a9e9.jpg,train,gravel,27,0.2860117669753093,0.0701195817910171,True,False
4a7f29af-8d1c-4a3b-90e6-b9cf771fd1c2_mp4-0042_jpg.rf.c4157de8acebad6987f7701b1e30a9e9.jpg,train,gravel,8,0.0025684799382716395,0.21923980221427042,False,False
4a7f29af-8d1c-4a3b-90e6-b9cf771fd1c2_mp4-0045_jpg.rf.a71fe78b4ac22532fa3298b36d7b9704.jpg,train,sand,26,0.07438560956790141,0.13240256187333663,False,False
4a7f29af-8d1c-4a3b-90e6-b9cf771fd1c2_mp4-0045_jpg.rf.a71fe78b4ac22532fa3298b36d7b9704.jpg,train,sand,7,0.002164351851851931,0.2089785019092824,False,False
4a7f29af-8d1c-4a3b-90e6-b9cf771fd1c2_mp4-0045_jpg.rf.a71fe78b4ac22532fa3298b36d7b9704.jpg,train,gravel,25,0.3392939814814815,0.059610042877805386,True,False
4a7f29af-8d1c-4a3b-90e6-b9cf771fd1c2_mp4-0045_jpg.rf.a71fe78b4ac22532fa3298b36d7b9704.jpg,train,gravel,7,0.0025636574074074103,0.19201517371694088,False,False
4a7f29af-8d1c-4a3b-90e6-b9cf771fd1c2_mp4-0046_jpg.rf.4ec809496db8fea2dc29a2b7aad8e547.jpg,train,sand,27,0.07396797839506064,0.13788257744779114,False,False
4a7f29af-8d1c-4a3b-90e6-b9cf771fd1c2_mp4-0046_jpg.rf.4ec809496db8fea2dc29a2b7aad8e547.jpg,train,sand,16,0.0040190972222218235,0.3505284159470973,False,False
4a7f29af-8d1c-4a3b-90e6-b9cf771fd1c2_mp4-0046_jpg.rf.4ec809496db8fea2dc29a2b7aad8e547.jpg,train,gravel,43,0.3659955205951002,0.09871839233241642,False,False
5079fbab-a649-4a32-b4de-6ffd03974c2b_mp4-0000_jpg.rf.85f5626cf6b7e24cd779e990ac7e61ee.jpg,test,gravel,9,0.0034773084852430802,0.19872828253148303,False,False
5079fbab-a649-4a32-b4de-6ffd03974c2b_mp4-0000_jpg.rf.85f5626cf6b7e24cd779e990ac7e61ee.jpg,test,gravel,22,0.2766486273871527,0.054462453344689715,True,False
5079fbab-a649-4a32-b4de-6ffd03974c2b_mp4-0000_jpg.rf.85f5626cf6b7e24cd779e990ac7e61ee.jpg,test,gravel,9,0.0064697265625,0.14569287935358963,False,False
5079fbab-a649-4a32-b4de-6ffd03974c2b_mp4-0001_jpg.rf.a7687d304ba73502041f21f77b5cf57c.jpg,test,gravel,11,0.00328148735894096,0.2500322893123728,False,False
5079fbab-a649-4a32-b4de-6ffd03974c2b_mp4-0001_jpg.rf.a7687d304ba73502041f21f77b5cf57c.jpg,test,gravel,17,0.27701822916666696,0.04205653870803293,True,False
5079fbab-a649-4a32-b4de-6ffd03974c2b_mp4-0001_jpg.rf.a7687d304ba73502041f21f77b5cf57c.jpg,test,gravel,9,0.005783928765191071,0.1540883560066651,False,False
5d14519a-5463-48e4-be39-5ac0f51b2859_jpg.rf.907a50e15248cfffca6b3bd3a142bc22.jpg,test,sand,16,0.00611316100823045,0.16409446854360185,False,False
5d14519a-5463-48e4-be39-5ac0f51b2859_jpg.rf.907a50e15248cfffca6b3bd3a142bc22.jpg,test,sand,40,0.03857510288065846,0.16331020389540726,False,False
5d14519a-5463-48e4-be39-5ac0f51b2859_jpg.rf.907a50e15248cfffca6b3bd3a142bc22.jpg,test,sand,97,0.2656407536008212,0.15091460059242753,False,False
5d81688a-7f52-42a4-b81d-822c2d2319a3_mp4-0000_jpg.rf.76551e5cc2427edc0804f7c5d8a2e0f4.jpg,train,gravel,21,0.014768518518518903,0.24000391846330646,False,False
5d81688a-7f52-42a4-b81d-822c2d2319a3_mp4-0000_jpg.rf.76551e5cc2427edc0804f7c5d8a2e0f4.jpg,train,gravel,43,0.09385223765432205,0.19494569241557394,False,False
5d81688a-7f52-42a4-b81d-822c2d2319a3_mp4-0000_jpg.rf.76551e5cc2427edc0804f7c5d8a2e0f4.jpg,train,gravel,8,0.0030603780864197905,0.20084912717709988,False,False
5d81688a-7f52-42a4-b81d-822c2d2319a3_mp4-0002_jpg.rf.9000cbfca1d2465a4d324e556cb94761.jpg,train,gravel,8,0.005782214506172778,0.14612024479271216,False,False
5d81688a-7f52-42a4-b81d-822c2d2319a3_mp4-0002_jpg.rf.9000cbfca1d2465a4d324e556cb94761.jpg,train,gravel,8,0.0013281250000001243,0.3048863735866681,False,False
5d81688a-7f52-42a4-b81d-822c2d2319a3_mp4-0002_jpg.rf.9000cbfca1d2465a4d324e556cb94761.jpg,train,gravel,42,0.09699845679012231,0.1872985354692113,False,False
5d81688a-7f52-42a4-b81d-822c2d2319a3_mp4-0002_jpg.rf.9000cbfca1d2465a4d324e556cb94761.jpg,train,gravel,8,0.002947530864197523,0.20465780403866063,False,False
5d81688a-7f52-42a4-b81d-822c2d2319a3_mp4-0004_jpg.rf.f060697417d76985910d9a79c4e2e95c.jpg,train,gravel,9,0.003002507716049374,0.22812240783965312,False,False
5d81688a-7f52-42a4-b81d-822c2d2319a3_mp4-0004_jpg.rf.f060697417d76985910d9a79c4e2e95c.jpg,train,gravel,11,0.003900163966049419,0.24463509248921575,False,False
5d81688a-7f52-42a4-b81d-822c2d2319a3_mp4-0004_jpg.rf.f060697417d76985910d9a79c4e2e95c.jpg,train,gravel,6,0.0013522376543209091,0.22661687238015596,False,False
5d81688a-7f52-42a4-b81d-822c2d2319a3_mp4-0004_jpg.rf.f060697417d76985910d9a79c4e2e95c.jpg,train,gravel,37,0.09523630401234584,0.16652059779036243,False,False
5d81688a-7f52-42a4-b81d-822c2d2319a3_mp4-0005_jpg.rf.4495f29d2008f5f4141085778f6497b4.jpg,train,gravel,12,0.005314621913580453,0.2286191273335254,False,False
5d81688a-7f52-42a4-b81d-822c2d2319a3_mp4-0005_jpg.rf.4495f29d2008f5f4141085778f6497b4.jpg,train,gravel,6,0.0013175154320987925,0.22958361953801193,False,False
5d81688a-7f52-42a4-b81d-822c2d2319a3_mp4-0005_jpg.rf.4495f29d2008f5f4141085778f6497b4.jpg,train,gravel,47,0.09374775077160358,0.2131988869890855,False,False
5d81688a-7f52-42a4-b81d-822c2d2319a3_mp4-0005_jpg.rf.4495f29d2008f5f4141085778f6497b4.jpg,train,gravel,9,0.002803819444444411,0.23606684260939154,False,False
5d81688a-7f52-42a4-b81d-822c2d2319a3_mp4-0006_jpg.rf.ceb01e59e632d243d2a430d4041db494.jpg,train,gravel,10,0.0023389274691357764,0.2871832634470969,False,False
5d81688a-7f52-42a4-b81d-822c2d2319a3_mp4-0006_jpg.rf.ceb01e59e632d243d2a430d4041db494.jpg,train,gravel,10,0.006479909336419176,0.1725373163893083,False,False
5d81688a-7f52-42a4-b81d-822c2d2319a3_mp4-0006_jpg.rf.ceb01e59e632d243d2a430d4041db494.jpg,train,gravel,6,0.0012692901234567788,0.2339043526756362,False,False
5d81688a-7f52-42a4-b81d-822c2d2319a3_mp4-0006_jpg.rf.ceb01e59e632d243d2a430d4041db494.jpg,train,gravel,42,0.09450327932098901,0.1897550551244546,False,False
5d81688a-7f52-42a4-b81d-822c2d2319a3_mp4-0007_jpg.rf.89a1beaa25229823d16718a850e49f24.jpg,train,gravel,6,0.0013069058641974607,0.23051362511859577,False,False
5d81688a-7f52-42a4-b81d-822c2d2319a3_mp4-0007_jpg.rf.89a1beaa25229823d16718a850e49f24.jpg,train,gravel,42,0.09687885802469065,0.1874141115856994,False,False
5d81688a-7f52-42a4-b81d-822c2d2319a3_mp4-0007_jpg.rf.89a1beaa25229823d16718a850e49f24.jpg,train,gravel,9,0.0076099537037035425,0.14329103039491137,False,False
5d81688a-7f52-42a4-b81d-822c2d2319a3_mp4-0008_jpg.rf.9363faedcf88c32199e2155ee91f483b.jpg,train,gravel,8,0.0017582947530865312,0.2649791181911144,False,False
5d81688a-7f52-42a4-b81d-822c2d2319a3_mp4-0008_jpg.rf.9363faedcf88c32199e2155ee91f483b.jpg,train,gravel,44,0.10140914351851738,0.19190293751995177,False,False
5d81688a-7f52-42a4-b81d-822c2d2319a3_mp4-0008_jpg.rf.9363faedcf88c32199e2155ee91f483b.jpg,train,gravel,11,0.009312307098764627,0.1583184553323177,False,False
5d81688a-7f52-42a4-b81d-822c2d2319a3_mp4-0010_jpg.rf.2ed1dbbf1d65af4173b5fc00d9f630cf.jpg,train,gravel,15,0.013967013888889213,0.1762815985541662,False,False
5d81688a-7f52-42a4-b81d-822c2d2319a3_mp4-0010_jpg.rf.2ed1dbbf1d65af4173b5fc00d9f630cf.jpg,train,gravel,10,0.0019598765432098375,0.3137279025690824,False,False
5d81688a-7f52-42a4-b81d-822c2d2319a3_mp4-0010_jpg.rf.2ed1dbbf1d65af4173b5fc00d9f630cf.jpg,train,gravel,36,0.09663001543209848,0.1608473758143112,False,False
5d81688a-7f52-42a4-b81d-822c2d2319a3_mp4-0011_jpg.rf.4c26afaf43ef534211ca5ed98c757dbc.jpg,train,gravel,20,0.01777006172839446,0.20837855928271004,False,False
5d81688a-7f52-42a4-b81d-822c2d2319a3_mp4-0011_jpg.rf.4c26afaf43ef534211ca5ed98c757dbc.jpg,train,gravel,10,0.002281057098765249,0.2908033634511643,False,False
5d81688a-7f52-42a4-b81d-822c2d2319a3_mp4-0011_jpg.rf.4c26afaf43ef534211ca5ed98c757dbc.jpg,train,gravel,36,0.10085262345678947,0.15744410496420858,False,False
5d81688a-7f52-42a4-b81d-822c2d2319a3_mp4-0013_jpg.rf.0105f5b70ccf22406342118711037183.jpg,train,gravel,9,0.0021595293209877298,0.26898648542901626,False,False
5d81688a-7f52-42a4-b81d-822c2d2319a3_mp4-0013_jpg.rf.0105f5b70ccf22406342118711037183.jpg,train,gravel,31,0.10221836419753094,0.13466810039365162,False,False
5d81688a-7f52-42a4-b81d-822c2d2319a3_mp4-0013_jpg.rf.0105f5b70ccf22406342118711037183.jpg,train,gravel,21,0.019849537037037734,0.20701966780270264,False,False
5d81688a-7f52-42a4-b81d-822c2d2319a3_mp4-0014_jpg.rf.b2280777c686d49642251ee3a77a183a.jpg,train,gravel,19,0.01880497685185034,0.19243528302936252,False,False
5d81688a-7f52-42a4-b81d-822c2d2319a3_mp4-0014_jpg.rf.b2280777c686d49642251ee3a77a183a.jpg,train,gravel,37,0.10883969907407387,0.15576703794269892,False,False
5d81688a-7f52-42a4-b81d-822c2d2319a3_mp4-0015_jpg.rf.9de4f1e4ad19362686fad40466c2dfdf.jpg,train,gravel,18,0.018749999999999822,0.18257418583505625,False,False
5d81688a-7f52-42a4-b81d-822c2d2319a3_mp4-0015_jpg.rf.9de4f1e4ad19362686fad40466c2dfdf.jpg,train,gravel,9,0.0025221836419753174,0.2488981454468537,False,False
5d81688a-7f52-42a4-b81d-822c2d2319a3_mp4-0015_jpg.rf.9de4f1e4ad19362686fad40466c2dfdf.jpg,train,gravel,30,0.10829185956790166,0.12661665983471107,False,False
5d81688a-7f52-42a4-b81d-822c2d2319a3_mp4-0017_jpg.rf.993fd18bd74a412c1d9d59072d196954.jpg,train,gravel,12,0.0024836033950617065,0.33443184685997795,False,False
5d81688a-7f52-42a4-b81d-822c2d2319a3_mp4-0017_jpg.rf.993fd18bd74a412c1d9d59072d196954.jpg,train,gravel,32,0.11197434413580254,0.13281839205508922,False,False
5d81688a-7f52-42a4-b81d-822c2d2319a3_mp4-0017_jpg.rf.993fd18bd74a412c1d9d59072d196954.jpg,train,gravel,23,0.01612172067901252,0.25158783818591557,False,False
5d81688a-7f52-42a4-b81d-822c2d2319a3_mp4-0019_jpg.rf.f42e54b8031ccdd8ba113081865d516a.jpg,train,gravel,48,0.10255883487654405,0.2081719458660059,False,False
5d81688a-7f52-42a4-b81d-822c2d2319a3_mp4-0019_jpg.rf.f42e54b8031ccdd8ba113081865d516a.jpg,train,gravel,14,0.013849344135802522,0.16522696889456923,False,False
5d81688a-7f52-42a4-b81d-822c2d2319a3_mp4-0020_jpg.rf.3d45a99ba5b55c89fa3bff0a15b62c71.jpg,train,gravel,32,0.10379629629629639,0.1379515401001294,False,False
5d81688a-7f52-42a4-b81d-822c2d2319a3_mp4-0020_jpg.rf.3d45a99ba5b55c89fa3bff0a15b62c71.jpg,train,gravel,16,0.013445216049382758,0.1916476920722343,False,False
6459c886-45a3-4065-82bc-2ed15b2875b0_mp4-0001_jpg.rf.53ee81dce767b3f61430daf9a5f99bbe.jpg,valid,sand,37,0.05420355902777718,0.3310903972982147,False,False
6459c886-45a3-4065-82bc-2ed15b2875b0_mp4-0001_jpg.rf.53ee81dce767b3f61430daf9a5f99bbe.jpg,valid,sand,14,0.11801649305555562,0.08490151613153221,False,False
6459c886-45a3-4065-82bc-2ed15b2875b0_mp4-0001_jpg.rf.53ee81dce767b3f61430daf9a5f99bbe.jpg,valid,sand,8,0.020848524305555838,0.1154279783894092,False,False
6459c886-45a3-4065-82bc-2ed15b2875b0_mp4-0001_jpg.rf.53ee81dce767b3f61430daf9a5f99bbe.jpg,valid,sand,12,0.009266493055555491,0.2597061932098839,False,False
6459c886-45a3-4065-82bc-2ed15b2875b0_mp4-0001_jpg.rf.53ee81dce767b3f61430daf9a5f99bbe.jpg,valid,sand,7,0.01161024305555558,0.13534310846639278,False,False
6459c886-45a3-4065-82bc-2ed15b2875b0_mp4-0003_jpg.rf.2ce7617900d24b70c86942142f8ccb40.jpg,valid,sand,25,0.12245876736111094,0.14883457425338426,False,False
6459c886-45a3-4065-82bc-2ed15b2875b0_mp4-0003_jpg.rf.2ce7617900d24b70c86942142f8ccb40.jpg,valid,sand,49,0.13342773437499922,0.27946780686971034,False,False
6459c886-45a3-4065-82bc-2ed15b2875b0_mp4-0003_jpg.rf.2ce7617900d24b70c86942142f8ccb40.jpg,valid,sand,5,0.0200737847222221,0.073521462209381,False,False
6459c886-45a3-4065-82bc-2ed15b2875b0_mp4-0003_jpg.rf.2ce7617900d24b70c86942142f8ccb40.jpg,valid,sand,15,0.017165798611111227,0.23851627332788983,False,False
6459c886-45a3-4065-82bc-2ed15b2875b0_mp4-0004_jpg.rf.4efd88794fb42629e2013ca1396653df.jpg,valid,sand,27,0.07457465277777775,0.20598087885464192,False,False
6459c886-45a3-4065-82bc-2ed15b2875b0_mp4-0004_jpg.rf.4efd88794fb42629e2013ca1396653df.jpg,valid,sand,16,0.12284722222222233,0.09510340687309478,False,False
6459c886-45a3-4065-82bc-2ed15b2875b0_mp4-0004_jpg.rf.4efd88794fb42629e2013ca1396653df.jpg,valid,sand,5,0.019370659722222294,0.0748439260369216,False,False
6459c886-45a3-4065-82bc-2ed15b2875b0_mp4-0004_jpg.rf.4efd88794fb42629e2013ca1396653df.jpg,valid,sand,6,0.007777777777777772,0.14173667737846027,False,False
6459c886-45a3-4065-82bc-2ed15b2875b0_mp4-0004_jpg.rf.4efd88794fb42629e2013ca1396653df.jpg,valid,sand,8,0.008658854166666785,0.1791094651358568,False,False
6459c886-45a3-4065-82bc-2ed15b2875b0_mp4-0004_jpg.rf.4efd88794fb42629e2013ca1396653df.jpg,valid,sand,14,0.014125434027777661,0.24540640743209388,False,False
6459c886-45a3-4065-82bc-2ed15b2875b0_mp4-0005_jpg.rf.3eccc9a6aab88b4f6bfed6a21d1d5387.jpg,valid,sand,15,0.1275802951388888,0.08748996049548238,False,False
6459c886-45a3-4065-82bc-2ed15b2875b0_mp4-0005_jpg.rf.3eccc9a6aab88b4f6bfed6a21d1d5387.jpg,valid,sand,39,0.13102519846354266,0.22446361684724914,False,False
6459c886-45a3-4065-82bc-2ed15b2875b0_mp4-0005_jpg.rf.3eccc9a6aab88b4f6bfed6a21d1d5387.jpg,valid,sand,7,0.006106770833333441,0.18661690879115309,False,False
6459c886-45a3-4065-82bc-2ed15b2875b0_mp4-0006_jpg.rf.08c7d17139fc55d82177e4d0a38ac474.jpg,valid,sand,12,0.13322482638888888,0.06849319531313047,True,False
6459c886-45a3-4065-82bc-2ed15b2875b0_mp4-0006_jpg.rf.08c7d17139fc55d82177e4d0a38ac474.jpg,valid,sand,41,0.14590711805555756,0.22361677492562995,False,False
6459c886-45a3-4065-82bc-2ed15b2875b0_mp4-0006_jpg.rf.08c7d17139fc55d82177e4d0a38ac474.jpg,valid,sand,8,0.0026974826388888595,0.3208997808480895,False,False
6459c886-45a3-4065-82bc-2ed15b2875b0_mp4-0006_jpg.rf.08c7d17139fc55d82177e4d0a38ac474.jpg,valid,sand,11,0.004939236111111356,0.3260780417008056,False,False
6459c886-45a3-4065-82bc-2ed15b2875b0_mp4-0007_jpg.rf.5ceb0cec03e05324b291ecbd1e34a88c.jpg,valid,sand,11,0.12924045138888884,0.06374589377389636,True,False
6459c886-45a3-4065-82bc-2ed15b2875b0_mp4-0007_jpg.rf.5ceb0cec03e05324b291ecbd1e34a88c.jpg,valid,sand,34,0.11511067708333389,0.20877566487967697,False,False
6459c886-45a3-4065-82bc-2ed15b2875b0_mp4-0007_jpg.rf.5ceb0cec03e05324b291ecbd1e34a88c.jpg,valid,sand,15,0.008190104166667211,0.34530694163708664,False,False
6459c886-45a3-4065-82bc-2ed15b2875b0_mp4-0007_jpg.rf.5ceb0cec03e05324b291ecbd1e34a88c.jpg,valid,sand,7,0.0039778645833333515,0.23122341194226728,False,False
6459c886-45a3-4065-82bc-2ed15b2875b0_mp4-0008_jpg.rf.39185efe1a9ecf0f4d629264e5f53586.jpg,valid,sand,18,0.12714843750000004,0.10516609640992376,False,False
6459c886-45a3-4065-82bc-2ed15b2875b0_mp4-0008_jpg.rf.39185efe1a9ecf0f4d629264e5f53586.jpg,valid,sand,59,0.10580251736111013,0.3778877153355326,False,False
6459c886-45a3-4065-82bc-2ed15b2875b0_mp4-0008_jpg.rf.39185efe1a9ecf0f4d629264e5f53586.jpg,valid,sand,7,0.015868055555555483,0.1157697102897342,False,False
6459c886-45a3-4065-82bc-2ed15b2875b0_mp4-0008_jpg.rf.39185efe1a9ecf0f4d629264e5f53586.jpg,valid,sand,8,0.008400607638888946,0.18184166495445198,False,False
6459c886-45a3-4065-82bc-2ed15b2875b0_mp4-0009_jpg.rf.71c2cc61030fd6062b1e778ba321af0c.jpg,valid,sand,20,0.12333116319444426,0.11864579330277605,False,False
6459c886-45a3-4065-82bc-2ed15b2875b0_mp4-0009_jpg.rf.71c2cc61030fd6062b1e778ba321af0c.jpg,valid,sand,29,0.12141059027777779,0.1733917681191714,False,False
6459c886-45a3-4065-82bc-2ed15b2875b0_mp4-0009_jpg.rf.71c2cc61030fd6062b1e778ba321af0c.jpg,valid,sand,9,0.0027300347222222188,0.3588535002730052,False,False
6459c886-45a3-4065-82bc-2ed15b2875b0_mp4-0009_jpg.rf.71c2cc61030fd6062b1e778ba321af0c.jpg,valid,sand,9,0.008973524305555536,0.1979337033122264,False,False
6459c886-45a3-4065-82bc-2ed15b2875b0_mp4-0010_jpg.rf.6fd8481a5f394a8dce124329db91c409.jpg,valid,sand,7,0.014205729166666625,0.12235593422879898,False,False
6459c886-45a3-4065-82bc-2ed15b2875b0_mp4-0010_jpg.rf.6fd8481a5f394a8dce124329db91c409.jpg,valid,sand,10,0.12021701388888872,0.060086346033934625,True,False
6459c886-45a3-4065-82bc-2ed15b2875b0_mp4-0010_jpg.rf.6fd8481a5f394a8dce124329db91c409.jpg,valid,sand,9,0.1285655381944445,0.05229244953637108,True,False
6459c886-45a3-4065-82bc-2ed15b2875b0_mp4-0011_jpg.rf.454d2b5d85c3861c68f64bda6bccb601.jpg,valid,sand,18,0.1216775173611111,0.10750436486121731,False,False
6459c886-45a3-4065-82bc-2ed15b2875b0_mp4-0011_jpg.rf.454d2b5d85c3861c68f64bda6bccb601.jpg,valid,sand,34,0.1305078168402778,0.1960737329722788,False,False
6459c886-45a3-4065-82bc-2ed15b2875b0_mp4-0011_jpg.rf.454d2b5d85c3861c68f64bda6bccb601.jpg,valid,sand,16,0.004166666666666652,0.5163977794943232,False,True
6459c886-45a3-4065-82bc-2ed15b2875b0_mp4-0011_jpg.rf.454d2b5d85c3861c68f64bda6bccb601.jpg,valid,sand,9,0.007599826388888786,0.21507970711155952,False,False
6459c886-45a3-4065-82bc-2ed15b2875b0_mp4-0012_jpg.rf.98295bc37e2e1dfb3ca85dcb301904dd.jpg,valid,sand,18,0.11973958333333345,0.10837082921441263,False,False
6459c886-45a3-4065-82bc-2ed15b2875b0_mp4-0012_jpg.rf.98295bc37e2e1dfb3ca85dcb301904dd.jpg,valid,sand,39,0.123741319444445,0.23097554385474797,False,False
6459c886-45a3-4065-82bc-2ed15b2875b0_mp4-0012_jpg.rf.98295bc37e2e1dfb3ca85dcb301904dd.jpg,valid,sand,11,0.006236979166666767,0.2901778784012134,False,False
6459c886-45a3-4065-82bc-2ed15b2875b0_mp4-0012_jpg.rf.98295bc37e2e1dfb3ca85dcb301904dd.jpg,valid,sand,10,0.002940538194444453,0.3841893751976487,False,False
6459c886-45a3-4065-82bc-2ed15b2875b0_mp4-0013_jpg.rf.b1102e9646996f5bd124202d0bd977e8.jpg,valid,sand,16,0.1197243923611111,0.09633573706330804,False,False
6459c886-45a3-4065-82bc-2ed15b2875b0_mp4-0013_jpg.rf.b1102e9646996f5bd124202d0bd977e8.jpg,valid,sand,39,0.14815731572916668,0.21108716111304401,False,False
6459c886-45a3-4065-82bc-2ed15b2875b0_mp4-0013_jpg.rf.b1102e9646996f5bd124202d0bd977e8.jpg,valid,sand,6,0.0030186631944444653,0.22751114871443073,False,False
6459c886-45a3-4065-82bc-2ed15b2875b0_mp4-0013_jpg.rf.b1102e9646996f5bd124202d0bd977e8.jpg,valid,sand,18,0.006497395833333197,0.4652234578473741,False,True
6459c886-45a3-4065-82bc-2ed15b2875b0_mp4-0016_jpg.rf.5b4c36bdf2259305c1a9ae3b6c8985e3.jpg,valid,sand,20,0.1277170138888889,0.11659082633012074,False,False
6459c886-45a3-4065-82bc-2ed15b2875b0_mp4-0016_jpg.rf.5b4c36bdf2259305c1a9ae3b6c8985e3.jpg,valid,sand,43,0.1713749475455728,0.21639815355133177,False,False
6459c886-45a3-4065-82bc-2ed15b2875b0_mp4-0016_jpg.rf.5b4c36bdf2259305c1a9ae3b6c8985e3.jpg,valid,sand,8,0.006015624999999858,0.21488612374010396,False,False
6459c886-45a3-4065-82bc-2ed15b2875b0_mp4-0017_jpg.rf.585b1d7589635fab26423e046f767929.jpg,valid,sand,14,0.04858289930555593,0.13232596928673848,False,False
6459c886-45a3-4065-82bc-2ed15b2875b0_mp4-0017_jpg.rf.585b1d7589635fab26423e046f767929.jpg,valid,sand,20,0.13254123263888873,0.1144493302811383,False,False
6459c886-45a3-4065-82bc-2ed15b2875b0_mp4-0017_jpg.rf.585b1d7589635fab26423e046f767929.jpg,valid,sand,13,0.012137586805555545,0.24583059962458423,False,False
6459c886-45a3-4065-82bc-2ed15b2875b0_mp4-0017_jpg.rf.585b1d7589635fab26423e046f767929.jpg,valid,sand,5,0.0020963541666666613,0.2275078775966453,False,False
6459c886-45a3-4065-82bc-2ed15b2875b0_mp4-0017_jpg.rf.585b1d7589635fab26423e046f767929.jpg,valid,sand,23,0.15269531249999968,0.12262351078496933,False,False
6459c886-45a3-4065-82bc-2ed15b2875b0_mp4-0017_jpg.rf.585b1d7589635fab26423e046f767929.jpg,valid,sand,6,0.005722656250000013,0.16523847695440533,False,False
6459c886-45a3-4065-82bc-2ed15b2875b0_mp4-0018_jpg.rf.8f799cd668fb343d8c1e50a5766df881.jpg,valid,sand,22,0.12429470486111105,0.13000352545332167,False,False
6459c886-45a3-4065-82bc-2ed15b2875b0_mp4-0018_jpg.rf.8f799cd668fb343d8c1e50a5766df881.jpg,valid,sand,6,0.02229817708333348,0.0837096127698184,False,False
6459c886-45a3-4065-82bc-2ed15b2875b0_mp4-0018_jpg.rf.8f799cd668fb343d8c1e50a5766df881.jpg,valid,sand,36,0.15381727430555436,0.1912311812752828,False,False
6459c886-45a3-4065-82bc-2ed15b2875b0_mp4-0018_jpg.rf.8f799cd668fb343d8c1e50a5766df881.jpg,valid,sand,5,0.002113715277777775,0.22657162721472204,False,False
6459c886-45a3-4065-82bc-2ed15b2875b0_mp4-0018_jpg.rf.8f799cd668fb343d8c1e50a5766df881.jpg,valid,sand,7,0.004774305555555691,0.21105794120443153,False,False
6459c886-45a3-4065-82bc-2ed15b2875b0_mp4-0019_jpg.rf.dd1d3bc3e19a5c80cfab827da654197f.jpg,valid,sand,23,0.11568359375000026,0.14088044436393404,False,False
6459c886-45a3-4065-82bc-2ed15b2875b0_mp4-0019_jpg.rf.dd1d3bc3e19a5c80cfab827da654197f.jpg,valid,sand,31,0.1728927951388899,0.155321654729695,False,False
6459c886-45a3-4065-82bc-2ed15b2875b0_mp4-0019_jpg.rf.dd1d3bc3e19a5c80cfab827da654197f.jpg,valid,sand,6,0.0019748263888888784,0.281284338563098,False,False
6459c886-45a3-4065-82bc-2ed15b2875b0_mp4-0019_jpg.rf.dd1d3bc3e19a5c80cfab827da654197f.jpg,valid,sand,10,0.005190972222222201,0.2891574659831207,False,False
6459c886-45a3-4065-82bc-2ed15b2875b0_mp4-0021_jpg.rf.c67a3c99ba35af6506a71914682e1d19.jpg,valid,sand,8,0.025696614583333055,0.10397065842190698,False,False
6459c886-45a3-4065-82bc-2ed15b2875b0_mp4-0021_jpg.rf.c67a3c99ba35af6506a71914682e1d19.jpg,valid,sand,12,0.010453559027777726,0.2445163592647755,False,False
6459c886-45a3-4065-82bc-2ed15b2875b0_mp4-0021_jpg.rf.c67a3c99ba35af6506a71914682e1d19.jpg,valid,sand,25,0.11363064236111109,0.15450802472171216,False,False
6459c886-45a3-4065-82bc-2ed15b2875b0_mp4-0021_jpg.rf.c67a3c99ba35af6506a71914682e1d19.jpg,valid,sand,30,0.1275802951388889,0.17497992099096468,False,False
6459c886-45a3-4065-82bc-2ed15b2875b0_mp4-0021_jpg.rf.c67a3c99ba35af6506a71914682e1d19.jpg,valid,sand,8,0.004772135416666656,0.2412639146024814,False,False
6459c886-45a3-4065-82bc-2ed15b2875b0_mp4-0021_jpg.rf.c67a3c99ba35af6506a71914682e1d19.jpg,valid,sand,5,0.0038411458333331705,0.16807316136320716,False,False
6459c886-45a3-4065-82bc-2ed15b2875b0_mp4-0022_jpg.rf.42032d459ad6305b37fcf24e2cb18076.jpg,valid,sand,38,0.1656792534722218,0.19449493443428645,False,False
6459c886-45a3-4065-82bc-2ed15b2875b0_mp4-0022_jpg.rf.42032d459ad6305b37fcf24e2cb18076.jpg,valid,sand,7,0.0044335937500000755,0.2190175187498331,False,False
6459c886-45a3-4065-82bc-2ed15b2875b0_mp4-0022_jpg.rf.42032d459ad6305b37fcf24e2cb18076.jpg,valid,sand,10,0.005470920138888946,0.28166220509443296,False,False
6459c886-45a3-4065-82bc-2ed15b2875b0_mp4-0025_jpg.rf.ba3c4bbcb392f4027fc027906b75ecf6.jpg,valid,sand,23,0.1248263888888892,0.1356230151018362,False,False
6459c886-45a3-4065-82bc-2ed15b2875b0_mp4-0025_jpg.rf.ba3c4bbcb392f4027fc027906b75ecf6.jpg,valid,sand,14,0.029529079861110752,0.16973126230512053,False,False
6459c886-45a3-4065-82bc-2ed15b2875b0_mp4-0025_jpg.rf.ba3c4bbcb392f4027fc027906b75ecf6.jpg,valid,sand,10,0.0075151909722221966,0.24031935629873769,False,False
6459c886-45a3-4065-82bc-2ed15b2875b0_mp4-0025_jpg.rf.ba3c4bbcb392f4027fc027906b75ecf6.jpg,valid,sand,13,0.004431423611110041,0.40684640355091284,False,True
6459c886-45a3-4065-82bc-2ed15b2875b0_mp4-0025_jpg.rf.ba3c4bbcb392f4027fc027906b75ecf6.jpg,valid,sand,9,0.0024240451388888307,0.3808297965366859,False,False
6459c886-45a3-4065-82bc-2ed15b2875b0_mp4-0027_jpg.rf.37a79ca8ccf7c9a1260ec9c3f5a4c913.jpg,valid,sand,30,0.13382595486111182,0.17084797748478286,False,False
6459c886-45a3-4065-82bc-2ed15b2875b0_mp4-0027_jpg.rf.37a79ca8ccf7c9a1260ec9c3f5a4c913.jpg,valid,sand,10,0.028639322916666377,0.12310548103347632,False,False
6459c886-45a3-4065-82bc-2ed15b2875b0_mp4-0027_jpg.rf.37a79ca8ccf7c9a1260ec9c3f5a4c913.jpg,valid,sand,13,0.010965711805555611,0.2586328592190114,False,False
6459c886-45a3-4065-82bc-2ed15b2875b0_mp4-0027_jpg.rf.37a79ca8ccf7c9a1260ec9c3f5a4c913.jpg,valid,sand,11,0.0026063368055551095,0.4488861225754633,False,True
6459c886-45a3-4065-82bc-2ed15b2875b0_mp4-0028_jpg.rf.2d1e5f2ec8d688fe63e051f7433d36fa.jpg,valid,sand,40,0.1737630208333334,0.19991255738003688,False,False
6459c886-45a3-4065-82bc-2ed15b2875b0_mp4-0028_jpg.rf.2d1e5f2ec8d688fe63e051f7433d36fa.jpg,valid,sand,8,0.004008246527777981,0.2632519137892342,False,False
6459c886-45a3-4065-82bc-2ed15b2875b0_mp4-0029_jpg.rf.b8cc677b71bb1adc13964af2a524e703.jpg,valid,sand,10,0.02791449652777711,0.1246935137149914,False,False
6459c886-45a3-4065-82bc-2ed15b2875b0_mp4-0029_jpg.rf.b8cc677b71bb1adc13964af2a524e703.jpg,valid,sand,11,0.009898003472222194,0.2303443938842554,False,False
6459c886-45a3-4065-82bc-2ed15b2875b0_mp4-0029_jpg.rf.b8cc677b71bb1adc13964af2a524e703.jpg,valid,sand,21,0.13913411458333425,0.1172900693445621,False,False
6459c886-45a3-4065-82bc-2ed15b2875b0_mp4-0029_jpg.rf.b8cc677b71bb1adc13964af2a524e703.jpg,valid,sand,7,0.002879774305555749,0.27175502066838214,False,False
6459c886-45a3-4065-82bc-2ed15b2875b0_mp4-0031_jpg.rf.beb1338020cd85dd0f0ea37d14c4e7ae.jpg,valid,sand,11,0.02822482638888868,0.13640673320253094,False,False
6459c886-45a3-4065-82bc-2ed15b2875b0_mp4-0031_jpg.rf.beb1338020cd85dd0f0ea37d14c4e7ae.jpg,valid,sand,14,0.011790364583333268,0.2686106210602351,False,False
6459c886-45a3-4065-82bc-2ed15b2875b0_mp4-0031_jpg.rf.beb1338020cd85dd0f0ea37d14c4e7ae.jpg,valid,sand,21,0.13956380208333385,0.11710937446877806,False,False
6459c886-45a3-4065-82bc-2ed15b2875b0_mp4-0031_jpg.rf.beb1338020cd85dd0f0ea37d14c4e7ae.jpg,valid,sand,7,0.0037196180555558733,0.23911544498979406,False,False
6459c886-45a3-4065-82bc-2ed15b2875b0_mp4-0032_jpg.rf.65eab879a4755e4a7dcc04989f425fd8.jpg,valid,sand,9,0.02835937500000041,0.11134044285378002,False,False
6459c886-45a3-4065-82bc-2ed15b2875b0_mp4-0032_jpg.rf.65eab879a4755e4a7dcc04989f425fd8.jpg,valid,sand,21,0.1356835937500005,0.11877208718550167,False,False
6459c886-45a3-4065-82bc-2ed15b2875b0_mp4-0032_jpg.rf.65eab879a4755e4a7dcc04989f425fd8.jpg,valid,sand,16,0.009624565972222221,0.3397724551928526,False,False
6459c886-45a3-4065-82bc-2ed15b2875b0_mp4-0032_jpg.rf.65eab879a4755e4a7dcc04989f425fd8.jpg,valid,sand,8,0.003802083333333428,0.270294951359791,False,False
6459c886-45a3-4065-82bc-2ed15b2875b0_mp4-0033_jpg.rf.3a4fe5d13c77a207920c29a43066c623.jpg,valid,sand,11,0.009641927083333335,0.23338316563786474,False,False
6459c886-45a3-4065-82bc-2ed15b2875b0_mp4-0033_jpg.rf.3a4fe5d13c77a207920c29a43066c623.jpg,valid,sand,10,0.029069010416667318,0.12219224354365477,False,False
6459c886-45a3-4065-82bc-2ed15b2875b0_mp4-0033_jpg.rf.3a4fe5d13c77a207920c29a43066c623.jpg,valid,sand,24,0.13660373263888914,0.1352815968933111,False,False
6459c886-45a3-4065-82bc-2ed15b2875b0_mp4-0033_jpg.rf.3a4fe5d13c77a207920c29a43066c623.jpg,valid,sand,13,0.005041232638888005,0.3814465974057599,False,False
6459c886-45a3-4065-82bc-2ed15b2875b0_mp4-0034_jpg.rf.d91c04608de298b90e33387233420e05.jpg,valid,sand,12,0.010334201388888797,0.24592435915173602,False,False
6459c886-45a3-4065-82bc-2ed15b2875b0_mp4-0034_jpg.rf.d91c04608de298b90e33387233420e05.jpg,valid,sand,27,0.1686597829861114,0.13696725694342204,False,False
6459c886-45a3-4065-82bc-2ed15b2875b0_mp4-0034_jpg.rf.d91c04608de298b90e33387233420e05.jpg,valid,sand,6,0.0037586805555553937,0.20388829980917983,False,False
6459c886-45a3-4065-82bc-2ed15b2875b0_mp4-0036_jpg.rf.3d937d9c82e4cfbffa9611ad7c3dfe23.jpg,valid,sand,12,0.011278211805555605,0.23540727790832378,False,False
6459c886-45a3-4065-82bc-2ed15b2875b0_mp4-0036_jpg.rf.3d937d9c82e4cfbffa9611ad7c3dfe23.jpg,valid,sand,32,0.17115017361111118,0.16114620003623484,False,False
6459c886-45a3-4065-82bc-2ed15b2875b0_mp4-0036_jpg.rf.3d937d9c82e4cfbffa9611ad7c3dfe23.jpg,valid,sand,8,0.004368489583333357,0.2521640072205109,False,False
6459c886-45a3-4065-82bc-2ed15b2875b0_mp4-0037_jpg.rf.aa334ccbce7bdd786b3be95ac71f1078.jpg,valid,sand,20,0.1373719618055551,0.11241899748161363,False,False
6459c886-45a3-4065-82bc-2ed15b2875b0_mp4-0037_jpg.rf.aa334ccbce7bdd786b3be95ac71f1078.jpg,valid,sand,11,0.005737847222222037,0.30253592827485554,False,False
6459c886-45a3-4065-82bc-2ed15b2875b0_mp4-0037_jpg.rf.aa334ccbce7bdd786b3be95ac71f1078.jpg,valid,sand,10,0.01695095486111109,0.16001536221219406,False,False
6459c886-45a3-4065-82bc-2ed15b2875b0_mp4-0037_jpg.rf.aa334ccbce7bdd786b3be95ac71f1078.jpg,valid,sand,12,0.03231770833333325,0.13906560518810412,False,False
6459c886-45a3-4065-82bc-2ed15b2875b0_mp4-0038_jpg.rf.083c468f9daea52e428a05cb435d9118.jpg,valid,sand,21,0.13927083333333456,0.11723248482132449,False,False
6459c886-45a3-4065-82bc-2ed15b2875b0_mp4-0038_jpg.rf.083c468f9daea52e428a05cb435d9118.jpg,valid,sand,20,0.07487087673611104,0.15227629407796792,False,False
6459c886-45a3-4065-82bc-2ed15b2875b0_mp4-0039_jpg.rf.d178b941430881ee8df5d0f086cc0332.jpg,valid,sand,22,0.1378363715277784,0.12345239718777543,False,False
6459c886-45a3-4065-82bc-2ed15b2875b0_mp4-0039_jpg.rf.d178b941430881ee8df5d0f086cc0332.jpg,valid,sand,26,0.0792078993055565,0.19246327115260103,False,False
6459c886-45a3-4065-82bc-2ed15b2875b0_mp4-0039_jpg.rf.d178b941430881ee8df5d0f086cc0332.jpg,valid,sand,7,0.0016037326388884665,0.3641588078679441,False,False
6459c886-45a3-4065-82bc-2ed15b2875b0_mp4-0039_jpg.rf.d178b941430881ee8df5d0f086cc0332.jpg,valid,sand,8,0.0024262152777771995,0.33836394755029114,False,False
6459c886-45a3-4065-82bc-2ed15b2875b0_mp4-0041_jpg.rf.f375479729346cd809c2509bd6f23a0c.jpg,valid,sand,20,0.1370399305555554,0.11255510393605496,False,False
6459c886-45a3-4065-82bc-2ed15b2875b0_mp4-0041_jpg.rf.f375479729346cd809c2509bd6f23a0c.jpg,valid,sand,30,0.08459201388888893,0.21488956916726018,False,False
6459c886-45a3-4065-82bc-2ed15b2875b0_mp4-0041_jpg.rf.f375479729346cd809c2509bd6f23a0c.jpg,valid,sand,13,0.005221354166666359,0.37480945560819084,False,False
6459c886-45a3-4065-82bc-2ed15b2875b0_mp4-0042_jpg.rf.d180876fdde0f3d552ba675013a519cf.jpg,valid,sand,20,0.13599826388888925,0.11298533460795489,False,False
6459c886-45a3-4065-82bc-2ed15b2875b0_mp4-0042_jpg.rf.d180876fdde0f3d552ba675013a519cf.jpg,valid,sand,19,0.0769386545138877,0.14270528918867112,False,False
6459c886-45a3-4065-82bc-2ed15b2875b0_mp4-0042_jpg.rf.d180876fdde0f3d552ba675013a519cf.jpg,valid,sand,8,0.0055360243055551095,0.22400089600538506,False,False
6459c886-45a3-4065-82bc-2ed15b2875b0_mp4-0043_jpg.rf.d477ccbcbbad1175da643baa74979555.jpg,valid,sand,18,0.1355490451388892,0.10185516025990551,False,False
6459c886-45a3-4065-82bc-2ed15b2875b0_mp4-0043_jpg.rf.d477ccbcbbad1175da643baa74979555.jpg,valid,sand,14,0.016386718749999973,0.22784567983766138,False,False
6459c886-45a3-4065-82bc-2ed15b2875b0_mp4-0043_jpg.rf.d477ccbcbbad1175da643baa74979555.jpg,valid,sand,20,0.07959201388888859,0.14769099333570687,False,False
6459c886-45a3-4065-82bc-2ed15b2875b0_mp4-0043_jpg.rf.d477ccbcbbad1175da643baa74979555.jpg,valid,sand,12,0.004737413194445317,0.363219683811568,False,False
6459c886-45a3-4065-82bc-2ed15b2875b0_mp4-0044_jpg.rf.bbf56897c506d95f4f96af5c4db83766.jpg,valid,sand,18,0.13622395833333334,0.10160252940763928,False,False
6459c886-45a3-4065-82bc-2ed15b2875b0_mp4-0044_jpg.rf.bbf56897c506d95f4f96af5c4db83766.jpg,valid,sand,23,0.07820203993055586,0.17134741529728056,False,False
6459c886-45a3-4065-82bc-2ed15b2875b0_mp4-0044_jpg.rf.bbf56897c506d95f4f96af5c4db83766.jpg,valid,sand,16,0.011265190972222339,0.3140577146349826,False,False
6459c886-45a3-4065-82bc-2ed15b2875b0_mp4-0044_jpg.rf.bbf56897c506d95f4f96af5c4db83766.jpg,valid,sand,9,0.003318142361111054,0.32550207734280573,False,False
6459c886-45a3-4065-82bc-2ed15b2875b0_mp4-0045_jpg.rf.041cc6fce199002b546833abe29c0046.jpg,valid,sand,18,0.13608506944444487,0.10165436413043338,False,False
6459c886-45a3-4065-82bc-2ed15b2875b0_mp4-0045_jpg.rf.041cc6fce199002b546833abe29c0046.jpg,valid,sand,11,0.004780815972221575,0.33143657653753855,False,False
6459c886-45a3-4065-82bc-2ed15b2875b0_mp4-0045_jpg.rf.041cc6fce199002b546833abe29c0046.jpg,valid,sand,27,0.09872395833333325,0.17902399598071544,False,False
6459c886-45a3-4065-82bc-2ed15b2875b0_mp4-0046_jpg.rf.70a870254f6a2b35760ae23b72c1465b.jpg,valid,sand,60,0.21818576388888644,0.2676065923019947,False,False
6459c886-45a3-4065-82bc-2ed15b2875b0_mp4-0046_jpg.rf.70a870254f6a2b35760ae23b72c1465b.jpg,valid,sand,8,0.004110243055555518,0.2599650695405143,False,False
68935cd9-3fa0-403f-ba48-4764b89115a0_jpg.rf.cba60b875e151d124bab08a28944bf6a.jpg,test,gravel,8,0.0022190072016461393,0.1361813099296376,False,False
68935cd9-3fa0-403f-ba48-4764b89115a0_jpg.rf.cba60b875e151d124bab08a28944bf6a.jpg,test,gravel,40,0.0071940907921819175,0.37816289175894696,False,False
68935cd9-3fa0-403f-ba48-4764b89115a0_jpg.rf.cba60b875e151d124bab08a28944bf6a.jpg,test,gravel,132,0.15245113168724167,0.27109123814636144,False,False
6f40fbbd-891e-434b-a1ec-365668a5ae66_mp4-0019_jpg.rf.67467d461ce67785fded46e756ab65f3.jpg,train,gravel,32,0.0425742669753113,0.21539910393106723,False,False
6f40fbbd-891e-434b-a1ec-365668a5ae66_mp4-0019_jpg.rf.67467d461ce67785fded46e756ab65f3.jpg,train,gravel,45,0.1045958719135811,0.193251442822745,False,False
6f40fbbd-891e-434b-a1ec-365668a5ae66_mp4-0019_jpg.rf.67467d461ce67785fded46e756ab65f3.jpg,train,gravel,29,0.08361448688271578,0.1392915390481233,False,False
6f40fbbd-891e-434b-a1ec-365668a5ae66_mp4-0020_jpg.rf.daa7a449a82f04caea62a9098b374f1f.jpg,train,gravel,82,0.1507233796296319,0.2933533446346627,False,False
6f40fbbd-891e-434b-a1ec-365668a5ae66_mp4-0020_jpg.rf.daa7a449a82f04caea62a9098b374f1f.jpg,train,gravel,48,0.07727786217206756,0.23981767672175444,False,False
6f40fbbd-891e-434b-a1ec-365668a5ae66_mp4-0021_jpg.rf.47250fc945f51b6b8f403647b2c44be9.jpg,train,gravel,121,0.22887442129629676,0.35128066340904174,False,False
6f40fbbd-891e-434b-a1ec-365668a5ae66_mp4-0023_jpg.rf.f931e0becf05deb4411ca3e6e2770b07.jpg,train,gravel,36,0.04412712191357926,0.23802205644689028,False,False
6f40fbbd-891e-434b-a1ec-365668a5ae66_mp4-0023_jpg.rf.f931e0becf05deb4411ca3e6e2770b07.jpg,train,gravel,46,0.10196952160493922,0.20007376479684055,False,False
6f40fbbd-891e-434b-a1ec-365668a5ae66_mp4-0023_jpg.rf.f931e0becf05deb4411ca3e6e2770b07.jpg,train,gravel,30,0.07932213300540125,0.14794202749452065,False,False
6f40fbbd-891e-434b-a1ec-365668a5ae66_mp4-0023_jpg.rf.f931e0becf05deb4411ca3e6e2770b07.jpg,train,gravel,4,0.0011892361111109917,0.16109922488805525,False,False
6f40fbbd-891e-434b-a1ec-365668a5ae66_mp4-0025_jpg.rf.34fbaa7814d4e29abbb352f6231501d1.jpg,train,gravel,26,0.043197337962963545,0.17374501761258643,False,False
6f40fbbd-891e-434b-a1ec-365668a5ae66_mp4-0025_jpg.rf.34fbaa7814d4e29abbb352f6231501d1.jpg,train,gravel,46,0.09994502314815001,0.20208996505385418,False,False
6f40fbbd-891e-434b-a1ec-365668a5ae66_mp4-0025_jpg.rf.34fbaa7814d4e29abbb352f6231501d1.jpg,train,gravel,9,0.0022868441358023794,0.26139166209394243,False,False
6f40fbbd-891e-434b-a1ec-365668a5ae66_mp4-0025_jpg.rf.34fbaa7814d4e29abbb352f6231501d1.jpg,train,gravel,36,0.0755516975308641,0.1819063630962165,False,False
6f40fbbd-891e-434b-a1ec-365668a5ae66_mp4-0025_jpg.rf.34fbaa7814d4e29abbb352f6231501d1.jpg,train,gravel,5,0.0010455246913581018,0.21476838979377094,False,False
6f40fbbd-891e-434b-a1ec-365668a5ae66_mp4-0026_jpg.rf.38978c62f627fa74eae593503daeca83.jpg,train,gravel,74,0.1523225308641969,0.2633401931771654,False,False
6f40fbbd-891e-434b-a1ec-365668a5ae66_mp4-0026_jpg.rf.38978c62f627fa74eae593503daeca83.jpg,train,gravel,10,0.0032079475308641747,0.24521886354905298,False,False
6f40fbbd-891e-434b-a1ec-365668a5ae66_mp4-0026_jpg.rf.38978c62f627fa74eae593503daeca83.jpg,train,gravel,34,0.07595582561728387,0.17134280654346817,False,False
6f40fbbd-891e-434b-a1ec-365668a5ae66_mp4-0029_jpg.rf.0a2cb430b008a99e3d1679f8ed6c0187.jpg,train,gravel,36,0.043484760802469324,0.23977365393982522,False,False
6f40fbbd-891e-434b-a1ec-365668a5ae66_mp4-0029_jpg.rf.0a2cb430b008a99e3d1679f8ed6c0187.jpg,train,gravel,8,0.0022849151234569653,0.23244620196676893,False,False
6f40fbbd-891e-434b-a1ec-365668a5ae66_mp4-0029_jpg.rf.0a2cb430b008a99e3d1679f8ed6c0187.jpg,train,gravel,40,0.09893036265432009,0.17662927826692476,False,False
6f40fbbd-891e-434b-a1ec-365668a5ae66_mp4-0029_jpg.rf.0a2cb430b008a99e3d1679f8ed6c0187.jpg,train,gravel,11,0.006856674382716088,0.18450299734034267,False,False
6f40fbbd-891e-434b-a1ec-365668a5ae66_mp4-0029_jpg.rf.0a2cb430b008a99e3d1679f8ed6c0187.jpg,train,gravel,40,0.07537133487654346,0.2023598698449557,False,False
6f40fbbd-891e-434b-a1ec-365668a5ae66_mp4-0030_jpg.rf.6a4e498bf035c0effcf652bd54c67e4a.jpg,train,gravel,32,0.041579861111110006,0.2179595811851102,False,False
6f40fbbd-891e-434b-a1ec-365668a5ae66_mp4-0030_jpg.rf.6a4e498bf035c0effcf652bd54c67e4a.jpg,train,gravel,6,0.0021431327160494895,0.18000900067505177,False,False
6f40fbbd-891e-434b-a1ec-365668a5ae66_mp4-0030_jpg.rf.6a4e498bf035c0effcf652bd54c67e4a.jpg,train,gravel,45,0.09765432098765459,0.200001975337906,False,False
6f40fbbd-891e-434b-a1ec-365668a5ae66_mp4-0030_jpg.rf.6a4e498bf035c0effcf652bd54c67e4a.jpg,train,gravel,12,0.008076774691358035,0.18545125027565434,False,False
6f40fbbd-891e-434b-a1ec-365668a5ae66_mp4-0030_jpg.rf.6a4e498bf035c0effcf652bd54c67e4a.jpg,train,gravel,43,0.07096257716049514,0.22419259784521872,False,False
6f40fbbd-891e-434b-a1ec-365668a5ae66_mp4-0031_jpg.rf.6f2766a0c200c280be7e038035404a5c.jpg,train,gravel,37,0.039939236111113274,0.25713982887450815,False,False
6f40fbbd-891e-434b-a1ec-365668a5ae66_mp4-0031_jpg.rf.6f2766a0c200c280be7e038035404a5c.jpg,train,gravel,50,0.09536361882715916,0.22487757343180723,False,False
6f40fbbd-891e-434b-a1ec-365668a5ae66_mp4-0031_jpg.rf.6f2766a0c200c280be7e038035404a5c.jpg,train,gravel,14,0.009982316743827102,0.19461659333571452,False,False
6f40fbbd-891e-434b-a1ec-365668a5ae66_mp4-0031_jpg.rf.6f2766a0c200c280be7e038035404a5c.jpg,train,gravel,43,0.0804793595679012,0.21052016575064145,False,False
6f40fbbd-891e-434b-a1ec-365668a5ae66_mp4-0031_jpg.rf.6f2766a0c200c280be7e038035404a5c.jpg,train,gravel,4,0.0012528935185185386,0.15695328637258882,False,False
6f40fbbd-891e-434b-a1ec-365668a5ae66_mp4-0033_jpg.rf.76e9f1748d45c32cde80ab02632f0fa9.jpg,train,gravel,31,0.04620273919752904,0.20030663507073204,False,False
6f40fbbd-891e-434b-a1ec-365668a5ae66_mp4-0033_jpg.rf.76e9f1748d45c32cde80ab02632f0fa9.jpg,train,gravel,37,0.09865644290123399,0.16360874046813795,False,False
6f40fbbd-891e-434b-a1ec-365668a5ae66_mp4-0033_jpg.rf.76e9f1748d45c32cde80ab02632f0fa9.jpg,train,gravel,15,0.016031057098765178,0.16454234489072617,False,False
6f40fbbd-891e-434b-a1ec-365668a5ae66_mp4-0033_jpg.rf.76e9f1748d45c32cde80ab02632f0fa9.jpg,train,gravel,41,0.0729957561728396,0.2107669710879361,False,False
6f40fbbd-891e-434b-a1ec-365668a5ae66_mp4-0034_jpg.rf.4cee857cad3d31117219cb2284c214df.jpg,train,gravel,23,0.03706500771605015,0.16592556003396594,False,False
6f40fbbd-891e-434b-a1ec-365668a5ae66_mp4-0034_jpg.rf.4cee857cad3d31117219cb2284c214df.jpg,train,gravel,42,0.09804494598765601,0.18629628225478279,False,False
6f40fbbd-891e-434b-a1ec-365668a5ae66_mp4-0034_jpg.rf.4cee857cad3d31117219cb2284c214df.jpg,train,gravel,15,0.018623649691358102,0.1526603893251305,False,False
6f40fbbd-891e-434b-a1ec-365668a5ae66_mp4-0034_jpg.rf.4cee857cad3d31117219cb2284c214df.jpg,train,gravel,31,0.07826292438271665,0.1539044444341612,False,False
6f40fbbd-891e-434b-a1ec-365668a5ae66_mp4-0035_jpg.rf.e91d7872f5c0577472bb4caeb599d9b3.jpg,train,gravel,39,0.09297839506172778,0.1776401322829686,False,False
6f40fbbd-891e-434b-a1ec-365668a5ae66_mp4-0035_jpg.rf.e91d7872f5c0577472bb4caeb599d9b3.jpg,train,gravel,24,0.02158179012345629,0.2269002700981481,False,False
6f40fbbd-891e-434b-a1ec-365668a5ae66_mp4-0035_jpg.rf.e91d7872f5c0577472bb4caeb599d9b3.jpg,train,gravel,67,0.11393325617283878,0.275687485003588,False,False
6f40fbbd-891e-434b-a1ec-365668a5ae66_mp4-0036_jpg.rf.7c20c7b91f239afa40aea5a64d92bb71.jpg,train,gravel,76,0.147673611111113,0.27468165054089677,False,False
6f40fbbd-891e-434b-a1ec-365668a5ae66_mp4-0036_jpg.rf.7c20c7b91f239afa40aea5a64d92bb71.jpg,train,gravel,19,0.025292245370370336,0.16593095445360226,False,False
6f40fbbd-891e-434b-a1ec-365668a5ae66_mp4-0036_jpg.rf.7c20c7b91f239afa40aea5a64d92bb71.jpg,train,gravel,31,0.07627700617283928,0.15589506877954493,False,False
6f40fbbd-891e-434b-a1ec-365668a5ae66_mp4-0037_jpg.rf.ced76ca9b54ca7e4a8c44b7eff4f569d.jpg,train,gravel,134,0.18886766975308333,0.428246173308505,False,True
6f40fbbd-891e-434b-a1ec-365668a5ae66_mp4-0037_jpg.rf.ced76ca9b54ca7e4a8c44b7eff4f569d.jpg,train,gravel,22,0.029118439429011822,0.17906311552562362,False,False
6f40fbbd-891e-434b-a1ec-365668a5ae66_mp4-0038_jpg.rf.7ade8b8402b3797dec8432781d8e06d9.jpg,train,gravel,133,0.21198543595679098,0.4012048110585664,False,False
6f40fbbd-891e-434b-a1ec-365668a5ae66_mp4-0038_jpg.rf.7ade8b8402b3797dec8432781d8e06d9.jpg,train,gravel,10,0.0014486882716049365,0.36490518258441357,False,False
6f40fbbd-891e-434b-a1ec-365668a5ae66_mp4-0038_jpg.rf.7ade8b8402b3797dec8432781d8e06d9.jpg,train,gravel,18,0.033322723765432105,0.13695243620340852,False,False
6f40fbbd-891e-434b-a1ec-365668a5ae66_mp4-0039_jpg.rf.d18816f4cf811210cdc8736dc696965b.jpg,train,gravel,11,0.0023292824074074847,0.31655495468791955,False,False
6f40fbbd-891e-434b-a1ec-365668a5ae66_mp4-0039_jpg.rf.d18816f4cf811210cdc8736dc696965b.jpg,train,gravel,19,0.03757137345678996,0.13614213871001107,False,False
6f40fbbd-891e-434b-a1ec-365668a5ae66_mp4-0039_jpg.rf.d18816f4cf811210cdc8736dc696965b.jpg,train,gravel,91,0.21501543209876672,0.2725675059286494,False,False
6f40fbbd-891e-434b-a1ec-365668a5ae66_mp4-0040_jpg.rf.5383ffa84007b489fff44eef2f5a8f25.jpg,train,gravel,8,0.002200038580246755,0.23688760776177314,False,False
6f40fbbd-891e-434b-a1ec-365668a5ae66_mp4-0040_jpg.rf.5383ffa84007b489fff44eef2f5a8f25.jpg,train,gravel,81,0.21302662037037123,0.24374492595174693,False,False
6f40fbbd-891e-434b-a1ec-365668a5ae66_mp4-0040_jpg.rf.5383ffa84007b489fff44eef2f5a8f25.jpg,train,gravel,16,0.0414216820987654,0.10918767555661632,False,False
6f40fbbd-891e-434b-a1ec-365668a5ae66_mp4-0041_jpg.rf.aaeac167e8d2500845e817fff25ca4bd.jpg,train,gravel,10,0.002185570987654595,0.2970879555111347,False,False
6f40fbbd-891e-434b-a1ec-365668a5ae66_mp4-0041_jpg.rf.aaeac167e8d2500845e817fff25ca4bd.jpg,train,gravel,17,0.04644193672839525,0.10956233104550528,False,False
6f40fbbd-891e-434b-a1ec-365668a5ae66_mp4-0041_jpg.rf.aaeac167e8d2500845e817fff25ca4bd.jpg,train,gravel,66,0.2065239197530886,0.20170945664485856,False,False
6f40fbbd-891e-434b-a1ec-365668a5ae66_mp4-0043_jpg.rf.042bc0ed99d93a91d176926d06fce138.jpg,train,gravel,70,0.20142361111110674,0.21662588736597252,False,False
6f40fbbd-891e-434b-a1ec-365668a5ae66_mp4-0043_jpg.rf.042bc0ed99d93a91d176926d06fce138.jpg,train,gravel,19,0.05325713734567872,0.11434895370532762,False,False
6f40fbbd-891e-434b-a1ec-365668a5ae66_mp4-0043_jpg.rf.042bc0ed99d93a91d176926d06fce138.jpg,train,gravel,6,0.0011564429012345667,0.2450511001840594,False,False
6f40fbbd-891e-434b-a1ec-365668a5ae66_mp4-0044_jpg.rf.c83f54d20d9163951235283fc9ca78ac.jpg,train,gravel,11,0.0025443672839506326,0.3028797843376544,False,False
6f40fbbd-891e-434b-a1ec-365668a5ae66_mp4-0044_jpg.rf.c83f54d20d9163951235283fc9ca78ac.jpg,train,gravel,73,0.19455246913580382,0.22986454535045014,False,False
6f40fbbd-891e-434b-a1ec-365668a5ae66_mp4-0044_jpg.rf.c83f54d20d9163951235283fc9ca78ac.jpg,train,gravel,19,0.05816743827160464,0.10941607603319367,False,False
6f40fbbd-891e-434b-a1ec-365668a5ae66_mp4-0047_jpg.rf.8f713fbf96978090cb826bd0f7be3392.jpg,train,gravel,23,0.020399305555556246,0.2236596536301012,False,False
6f40fbbd-891e-434b-a1ec-365668a5ae66_mp4-0047_jpg.rf.8f713fbf96978090cb826bd0f7be3392.jpg,train,gravel,16,0.006885609567901241,0.26780352520678485,False,False
6f40fbbd-891e-434b-a1ec-365668a5ae66_mp4-0047_jpg.rf.8f713fbf96978090cb826bd0f7be3392.jpg,train,gravel,47,0.17060185185185262,0.15804235444424766,False,False
6f40fbbd-891e-434b-a1ec-365668a5ae66_mp4-0047_jpg.rf.8f713fbf96978090cb826bd0f7be3392.jpg,train,gravel,29,0.07831018518518507,0.14393167383066777,False,False
6f40fbbd-891e-434b-a1ec-365668a5ae66_mp4-0048_jpg.rf.a5505d17ed6a669e22b0cabae5c8e22a.jpg,train,gravel,15,0.009365354938271564,0.21527650889777403,False,False
6f40fbbd-891e-434b-a1ec-365668a5ae66_mp4-0048_jpg.rf.a5505d17ed6a669e22b0cabae5c8e22a.jpg,train,gravel,72,0.18821566358024455,0.2305006308818474,False,False
6f40fbbd-891e-434b-a1ec-365668a5ae66_mp4-0048_jpg.rf.a5505d17ed6a669e22b0cabae5c8e22a.jpg,train,gravel,26,0.088153935185185,0.1216242008163106,False,False
6f40fbbd-891e-434b-a1ec-365668a5ae66_mp4-0049_jpg.rf.259cc9769ea8b554acc1ad962545b526.jpg,train,gravel,13,0.010951967592592649,0.17253006298382054,False,False
6f40fbbd-891e-434b-a1ec-365668a5ae66_mp4-0049_jpg.rf.259cc9769ea8b554acc1ad962545b526.jpg,train,gravel,76,0.1954050925925941,0.2387883622216868,False,False
6f40fbbd-891e-434b-a1ec-365668a5ae66_mp4-0049_jpg.rf.259cc9769ea8b554acc1ad962545b526.jpg,train,gravel,30,0.0821489197530858,0.14537436470279563,False,False
6f40fbbd-891e-434b-a1ec-365668a5ae66_mp4-0051_jpg.rf.a97878591d42f5e1770c0cc83bfca866.jpg,train,gravel,17,0.011560570987654284,0.21959719203093803,False,False
6f40fbbd-891e-434b-a1ec-365668a5ae66_mp4-0051_jpg.rf.a97878591d42f5e1770c0cc83bfca866.jpg,train,gravel,62,0.19456404320987453,0.19522161522378703,False,False
6f40fbbd-891e-434b-a1ec-365668a5ae66_mp4-0051_jpg.rf.a97878591d42f5e1770c0cc83bfca866.jpg,train,gravel,19,0.015951003086419835,0.20894265311150084,False,False
6f40fbbd-891e-434b-a1ec-365668a5ae66_mp4-0052_jpg.rf.7b536d7298926b73b87c60fdc3e5662e.jpg,train,gravel,15,0.008197337962962903,0.23010303252483902,False,False
6f40fbbd-891e-434b-a1ec-365668a5ae66_mp4-0052_jpg.rf.7b536d7298926b73b87c60fdc3e5662e.jpg,train,gravel,41,0.19826195987654316,0.12788854983172526,False,False
6f40fbbd-891e-434b-a1ec-365668a5ae66_mp4-0053_jpg.rf.593540f59576b78a065c4a769636a70e.jpg,train,gravel,9,0.00658854166666667,0.1539981007018036,False,False
6f40fbbd-891e-434b-a1ec-365668a5ae66_mp4-0053_jpg.rf.593540f59576b78a065c4a769636a70e.jpg,train,gravel,57,0.2002054398148143,0.17693119976032434,False,False
6f40fbbd-891e-434b-a1ec-365668a5ae66_mp4-0055_jpg.rf.d20801bde4cd8f7f1051335a06324bc3.jpg,train,gravel,14,0.011883680555555498,0.17836927813714756,False,False
6f40fbbd-891e-434b-a1ec-365668a5ae66_mp4-0055_jpg.rf.d20801bde4cd8f7f1051335a06324bc3.jpg,train,gravel,43,0.18579282407407227,0.13855477297988184,False,False
6f40fbbd-891e-434b-a1ec-365668a5ae66_mp4-0056_jpg.rf.21bd23da35044f9815eee9e9ef3e87d1.jpg,train,gravel,19,0.001952160493827182,0.5972598827888317,False,True
6f40fbbd-891e-434b-a1ec-365668a5ae66_mp4-0056_jpg.rf.21bd23da35044f9815eee9e9ef3e87d1.jpg,train,gravel,40,0.11871045524691581,0.16124379447719311,False,False
6f40fbbd-891e-434b-a1ec-365668a5ae66_mp4-0057_jpg.rf.c78b918ef493cb73e07ad6877888d605.jpg,train,gravel,34,0.013065441743827066,0.4131277537573715,False,True
6f40fbbd-891e-434b-a1ec-365668a5ae66_mp4-0057_jpg.rf.c78b918ef493cb73e07ad6877888d605.jpg,train,gravel,56,0.12800443672839457,0.21739173023550887,False,False
6f40fbbd-891e-434b-a1ec-365668a5ae66_mp4-0058_jpg.rf.0873c208e1f9e4073fda6a56a6683fae.jpg,train,gravel,27,0.012922694830246995,0.32987904107437915,False,False
6f40fbbd-891e-434b-a1ec-365668a5ae66_mp4-0058_jpg.rf.0873c208e1f9e4073fda6a56a6683fae.jpg,train,gravel,52,0.1300752314814808,0.20025046972870408,False,False
6f40fbbd-891e-434b-a1ec-365668a5ae66_mp4-0060_jpg.rf.8946390dd3aabee807b652eec0b5cfdc.jpg,train,gravel,17,0.008067129629629688,0.2628796132394257,False,False
6f40fbbd-891e-434b-a1ec-365668a5ae66_mp4-0060_jpg.rf.8946390dd3aabee807b652eec0b5cfdc.jpg,train,gravel,44,0.12868923611111072,0.17035271854745226,False,False
6f40fbbd-891e-434b-a1ec-365668a5ae66_mp4-0061_jpg.rf.a9ff766070b2c4159ad65b8490bdc767.jpg,train,gravel,20,0.006005015432098804,0.35845978116449156,False,False
6f40fbbd-891e-434b-a1ec-365668a5ae66_mp4-0061_jpg.rf.a9ff766070b2c4159ad65b8490bdc767.jpg,train,gravel,55,0.13557773919753302,0.20746077658273804,False,False
6f40fbbd-891e-434b-a1ec-365668a5ae66_mp4-0062_jpg.rf.b7c2d14b1b29328eb7434c87b382ea72.jpg,train,gravel,12,0.004835069444444423,0.23968860708479245,False,False
6f40fbbd-891e-434b-a1ec-365668a5ae66_mp4-0062_jpg.rf.b7c2d14b1b29328eb7434c87b382ea72.jpg,train,gravel,50,0.1357108410493808,0.18850819583118025,False,False
8f435cb5-02c7-452a-a971-cef315681c19_mp4-0000_jpg.rf.33731a56caa33a68399ba03df41fea34.jpg,train,gravel,8,0.0038435570987654516,0.17922179469543256,False,False
8f435cb5-02c7-452a-a971-cef315681c19_mp4-0000_jpg.rf.33731a56caa33a68399ba03df41fea34.jpg,train,gravel,27,0.008885030864197674,0.3978339092712456,False,False
8f435cb5-02c7-452a-a971-cef315681c19_mp4-0000_jpg.rf.33731a56caa33a68399ba03df41fea34.jpg,train,gravel,6,0.0017891589506171535,0.19701273099094274,False,False
8f435cb5-02c7-452a-a971-cef315681c19_mp4-0000_jpg.rf.33731a56caa33a68399ba03df41fea34.jpg,train,gravel,19,0.07195312500000028,0.09837761151975462,False,False
8f435cb5-02c7-452a-a971-cef315681c19_mp4-0000_jpg.rf.33731a56caa33a68399ba03df41fea34.jpg,train,gravel,13,0.0185956790123456,0.13240513710559074,False,False
8f435cb5-02c7-452a-a971-cef315681c19_mp4-0000_jpg.rf.33731a56caa33a68399ba03df41fea34.jpg,train,gravel,5,0.0028086419753088343,0.1310356045902353,False,False
8f435cb5-02c7-452a-a971-cef315681c19_mp4-0002_jpg.rf.a59cbe814996139ae04ac43ad8ca85d9.jpg,train,gravel,8,0.003816550925925921,0.17985476970459832,False,False
8f435cb5-02c7-452a-a971-cef315681c19_mp4-0002_jpg.rf.a59cbe814996139ae04ac43ad8ca85d9.jpg,train,gravel,21,0.07553915605709882,0.10612085345998759,False,False
8f435cb5-02c7-452a-a971-cef315681c19_mp4-0002_jpg.rf.a59cbe814996139ae04ac43ad8ca85d9.jpg,train,gravel,35,0.07563657407407476,0.17675415156188948,False,False
8f435cb5-02c7-452a-a971-cef315681c19_mp4-0002_jpg.rf.a59cbe814996139ae04ac43ad8ca85d9.jpg,train,gravel,13,0.017156635802469178,0.13784619724495625,False,False
8f435cb5-02c7-452a-a971-cef315681c19_mp4-0003_jpg.rf.910cbfcc3793e1e125e159593b93ca4f.jpg,train,gravel,73,0.14974271797839656,0.2620097832292107,False,False
8f435cb5-02c7-452a-a971-cef315681c19_mp4-0003_jpg.rf.910cbfcc3793e1e125e159593b93ca4f.jpg,train,gravel,17,0.07853298611111104,0.08425396914510397,False,False
8f435cb5-02c7-452a-a971-cef315681c19_mp4-0003_jpg.rf.910cbfcc3793e1e125e159593b93ca4f.jpg,train,gravel,26,0.01857445987654316,0.2649614883339373,False,False
8f435cb5-02c7-452a-a971-cef315681c19_mp4-0004_jpg.rf.e27af9dfd65b7863b87d07b8e281fc13.jpg,train,gravel,17,0.08180362654320983,0.08255248410767806,False,False
8f435cb5-02c7-452a-a971-cef315681c19_mp4-0004_jpg.rf.e27af9dfd65b7863b87d07b8e281fc13.jpg,train,gravel,8,0.0037721836419753046,0.18090937650037114,False,False
8f435cb5-02c7-452a-a971-cef315681c19_mp4-0004_jpg.rf.e27af9dfd65b7863b87d07b8e281fc13.jpg,train,gravel,34,0.1436053240740751,0.12461236827277493,False,False
8f435cb5-02c7-452a-a971-cef315681c19_mp4-0005_jpg.rf.448d025dd2d1a8744def9bf962600211.jpg,train,gravel,19,0.08240740740740726,0.09192591871629688,False,False
8f435cb5-02c7-452a-a971-cef315681c19_mp4-0005_jpg.rf.448d025dd2d1a8744def9bf962600211.jpg,train,gravel,8,0.0034259259259259156,0.1898315991505001,False,False
8f435cb5-02c7-452a-a971-cef315681c19_mp4-0005_jpg.rf.448d025dd2d1a8744def9bf962600211.jpg,train,gravel,40,0.13674093364197581,0.1502374572026764,False,False
8f435cb5-02c7-452a-a971-cef315681c19_mp4-0006_jpg.rf.d9113ad3f8d741d4094a8cfa264e8bff.jpg,train,gravel,67,0.12990354938271764,0.2581854698962572,False,False
8f435cb5-02c7-452a-a971-cef315681c19_mp4-0006_jpg.rf.d9113ad3f8d741d4094a8cfa264e8bff.jpg,train,gravel,28,0.08485339506172807,0.13350296868607445,False,False
8f435cb5-02c7-452a-a971-cef315681c19_mp4-0006_jpg.rf.d9113ad3f8d741d4094a8cfa264e8bff.jpg,train,gravel,7,0.002775848765432097,0.18453028098503774,False,False
8f435cb5-02c7-452a-a971-cef315681c19_mp4-0010_jpg.rf.08c139ad78d9f897976dc3be5623ad52.jpg,train,gravel,69,0.16812210648148174,0.2337244695940895,False,False
8f435cb5-02c7-452a-a971-cef315681c19_mp4-0010_jpg.rf.08c139ad78d9f897976dc3be5623ad52.jpg,train,gravel,25,0.0908940972222223,0.11517008092280695,False,False
8f435cb5-02c7-452a-a971-cef315681c19_mp4-0011_jpg.rf.306b5a7a8cb14a503f90acebc3c17573.jpg,train,gravel,63,0.1540538194444423,0.2229316949166531,False,False
8f435cb5-02c7-452a-a971-cef315681c19_mp4-0011_jpg.rf.306b5a7a8cb14a503f90acebc3c17573.jpg,train,gravel,27,0.09064718364197555,0.12455297636230546,False,False
8f435cb5-02c7-452a-a971-cef315681c19_mp4-0012_jpg.rf.30fdb80cfa98c4c8fd2c76a8227a5130.jpg,train,gravel,22,0.08672550154321002,0.10375684904563491,False,False
8f435cb5-02c7-452a-a971-cef315681c19_mp4-0012_jpg.rf.30fdb80cfa98c4c8fd2c76a8227a5130.jpg,train,gravel,23,0.1673119212962959,0.07809655854613705,False,False
8f435cb5-02c7-452a-a971-cef315681c19_mp4-0013_jpg.rf.c27ffbaa7235f9b59130a05df8dff545.jpg,train,gravel,21,0.08722029320987645,0.098759305486696,False,False
8f435cb5-02c7-452a-a971-cef315681c19_mp4-0013_jpg.rf.c27ffbaa7235f9b59130a05df8dff545.jpg,train,gravel,37,0.17941936728395103,0.12132060495769215,False,False
8f435cb5-02c7-452a-a971-cef315681c19_mp4-0014_jpg.rf.d268fabc2e49ab675dc6b287f826ded6.jpg,train,gravel,25,0.08701099537037038,0.11771192007631383,False,False
8f435cb5-02c7-452a-a971-cef315681c19_mp4-0014_jpg.rf.d268fabc2e49ab675dc6b287f826ded6.jpg,train,gravel,31,0.1895283564814818,0.09889904526785531,False,False
8f435cb5-02c7-452a-a971-cef315681c19_mp4-0015_jpg.rf.430e8f131e028ec65dd3ec32fffc43af.jpg,train,gravel,20,0.07703703703703724,0.10008009612817934,False,False
8f435cb5-02c7-452a-a971-cef315681c19_mp4-0015_jpg.rf.430e8f131e028ec65dd3ec32fffc43af.jpg,train,gravel,36,0.1745408950617282,0.11967995162212283,False,False
8f435cb5-02c7-452a-a971-cef315681c19_mp4-0016_jpg.rf.65a6e5ed7a0287a398b5bbb9953538d8.jpg,train,gravel,22,0.07563464506172801,0.11110402634399112,False,False
8f435cb5-02c7-452a-a971-cef315681c19_mp4-0016_jpg.rf.65a6e5ed7a0287a398b5bbb9953538d8.jpg,train,gravel,53,0.17752989969136124,0.1747059191158184,False,False
8f435cb5-02c7-452a-a971-cef315681c19_mp4-0017_jpg.rf.f2a6079a3577059b72b8da07fbb917ba.jpg,train,gravel,74,0.22965048707561841,0.21446949929073467,False,False
8f435cb5-02c7-452a-a971-cef315681c19_mp4-0017_jpg.rf.f2a6079a3577059b72b8da07fbb917ba.jpg,train,gravel,41,0.0704600694444446,0.21452594653455634,False,False
8f435cb5-02c7-452a-a971-cef315681c19_mp4-0018_jpg.rf.8dfbeceee17c873b3d3ac8dcf9ba6dfa.jpg,train,gravel,83,0.23573688271605064,0.23742794182661253,False,False
8f435cb5-02c7-452a-a971-cef315681c19_mp4-0018_jpg.rf.8dfbeceee17c873b3d3ac8dcf9ba6dfa.jpg,train,gravel,30,0.07720389660493776,0.14995783028951343,False,False
8f435cb5-02c7-452a-a971-cef315681c19_mp4-0018_jpg.rf.8dfbeceee17c873b3d3ac8dcf9ba6dfa.jpg,train,gravel,5,0.00689236111111112,0.0836476022047492,False,False
8f435cb5-02c7-452a-a971-cef315681c19_mp4-0021_jpg.rf.481a433872d13672f4e471c0371138d7.jpg,train,gravel,65,0.2454726080246914,0.1822129929931589,False,False
8f435cb5-02c7-452a-a971-cef315681c19_mp4-0021_jpg.rf.481a433872d13672f4e471c0371138d7.jpg,train,gravel,8,0.009823495370370305,0.1121048670990476,False,False
8f435cb5-02c7-452a-a971-cef315681c19_mp4-0021_jpg.rf.481a433872d13672f4e471c0371138d7.jpg,train,gravel,6,0.005302854938271609,0.11443631920481623,False,False
8f435cb5-02c7-452a-a971-cef315681c19_mp4-0024_jpg.rf.03fa57ee716dfbe9f2b20e3c6e209fa1.jpg,train,gravel,75,0.22916184413580254,0.21759935951221804,False,False
8f435cb5-02c7-452a-a971-cef315681c19_mp4-0024_jpg.rf.03fa57ee716dfbe9f2b20e3c6e209fa1.jpg,train,gravel,9,0.01721739969135805,0.09526343391833828,False,False
8f435cb5-02c7-452a-a971-cef315681c19_mp4-0025_jpg.rf.9f6227ea25a14f1fe5812867fed5c5d8.jpg,train,gravel,88,0.2560185185185233,0.2415541402091859,False,False
8f435cb5-02c7-452a-a971-cef315681c19_mp4-0025_jpg.rf.9f6227ea25a14f1fe5812867fed5c5d8.jpg,train,gravel,14,0.017086226851851904,0.14875530240752763,False,False
8f435cb5-02c7-452a-a971-cef315681c19_mp4-0026_jpg.rf.1c3a7f81bd63cfa969e425e79a516855.jpg,train,gravel,14,0.016688850308641978,0.15051588261540283,False,False
8f435cb5-02c7-452a-a971-cef315681c19_mp4-0026_jpg.rf.1c3a7f81bd63cfa969e425e79a516855.jpg,train,gravel,77,0.2580160108024714,0.21054013670547292,False,False
8f435cb5-02c7-452a-a971-cef315681c19_mp4-0026_jpg.rf.1c3a7f81bd63cfa969e425e79a516855.jpg,train,gravel,8,0.009375000000000355,0.11475506210984722,False,False
8f435cb5-02c7-452a-a971-cef315681c19_mp4-0026_jpg.rf.1c3a7f81bd63cfa969e425e79a516855.jpg,train,gravel,7,0.0032021604938271553,0.17180824278583573,False,False
8f435cb5-02c7-452a-a971-cef315681c19_mp4-0027_jpg.rf.51ce7156ca03d03fb302fb085e35542d.jpg,train,gravel,9,0.005610532407407415,0.16688141571420922,False,False
8f435cb5-02c7-452a-a971-cef315681c19_mp4-0027_jpg.rf.51ce7156ca03d03fb302fb085e35542d.jpg,train,gravel,10,0.01641589506172836,0.10840148207519458,False,False
8f435cb5-02c7-452a-a971-cef315681c19_mp4-0027_jpg.rf.51ce7156ca03d03fb302fb085e35542d.jpg,train,gravel,38,0.2507966820987644,0.10538776802612058,False,False
9056e676-f14d-410c-9dc7-c5686b3fca04_jpg.rf.6fc669c89bf6cb1267ccf00e86958e00.jpg,test,gravel,8,0.0012062206916764462,0.1799912818834198,False,False
9056e676-f14d-410c-9dc7-c5686b3fca04_jpg.rf.6fc669c89bf6cb1267ccf00e86958e00.jpg,test,gravel,10,0.004845642829230168,0.11225331376673432,False,False
9056e676-f14d-410c-9dc7-c5686b3fca04_jpg.rf.6fc669c89bf6cb1267ccf00e86958e00.jpg,test,gravel,103,0.2027699418718285,0.17873528882207146,False,False
9056e676-f14d-410c-9dc7-c5686b3fca04_jpg.rf.6fc669c89bf6cb1267ccf00e86958e00.jpg,test,gravel,14,0.0010230436694023126,0.342023399738007,False,False
9056e676-f14d-410c-9dc7-c5686b3fca04_jpg.rf.6fc669c89bf6cb1267ccf00e86958e00.jpg,test,gravel,14,0.0013503199491982087,0.2977039272610037,False,False
9056e676-f14d-410c-9dc7-c5686b3fca04_jpg.rf.6fc669c89bf6cb1267ccf00e86958e00.jpg,test,gravel,9,0.001548761723329406,0.17870021544971482,False,False
9056e676-f14d-410c-9dc7-c5686b3fca04_jpg.rf.6fc669c89bf6cb1267ccf00e86958e00.jpg,test,gravel,46,0.008260673114498296,0.39548041689174135,False,False
9056e676-f14d-410c-9dc7-c5686b3fca04_jpg.rf.6fc669c89bf6cb1267ccf00e86958e00.jpg,test,gravel,11,0.0013060521688159077,0.2378413125354291,False,False
9056e676-f14d-410c-9dc7-c5686b3fca04_jpg.rf.6fc669c89bf6cb1267ccf00e86958e00.jpg,test,gravel,13,0.00111463218053931,0.30426530538553026,False,False
9056e676-f14d-410c-9dc7-c5686b3fca04_jpg.rf.6fc669c89bf6cb1267ccf00e86958e00.jpg,test,gravel,27,0.0016076836654939086,0.5261848438861653,False,True
9056e676-f14d-410c-9dc7-c5686b3fca04_jpg.rf.6fc669c89bf6cb1267ccf00e86958e00.jpg,test,gravel,25,0.0012801020906604288,0.5459999152608167,False,True
9056e676-f14d-410c-9dc7-c5686b3fca04_jpg.rf.6fc669c89bf6cb1267ccf00e86958e00.jpg,test,gravel,13,0.01883761967565456,0.07401252319010951,False,False
9056e676-f14d-410c-9dc7-c5686b3fca04_jpg.rf.6fc669c89bf6cb1267ccf00e86958e00.jpg,test,gravel,14,0.002875879249707225,0.2039940884202259,False,False
9056e676-f14d-410c-9dc7-c5686b3fca04_jpg.rf.6fc669c89bf6cb1267ccf00e86958e00.jpg,test,gravel,9,0.002169121238765115,0.1509994850180676,False,False
96ecd4fe-5910-4cd4-8a24-11ed20aab3b7_mp4-0000_jpg.rf.1d969246aa15d18710ab4221b7611b9e.jpg,valid,gravel,10,0.029322916666666643,0.1216620638723181,False,False
96ecd4fe-5910-4cd4-8a24-11ed20aab3b7_mp4-0000_jpg.rf.1d969246aa15d18710ab4221b7611b9e.jpg,valid,gravel,8,0.006918402777777721,0.20037605799425054,False,False
96ecd4fe-5910-4cd4-8a24-11ed20aab3b7_mp4-0000_jpg.rf.1d969246aa15d18710ab4221b7611b9e.jpg,valid,gravel,13,0.025505642361111303,0.16958365139879325,False,False
96ecd4fe-5910-4cd4-8a24-11ed20aab3b7_mp4-0001_jpg.rf.a505cc4cb7b4f149d85f630fadbd9bfa.jpg,valid,gravel,8,0.006490885416666647,0.20686964934985796,False,False
96ecd4fe-5910-4cd4-8a24-11ed20aab3b7_mp4-0001_jpg.rf.a505cc4cb7b4f149d85f630fadbd9bfa.jpg,valid,gravel,11,0.03143663194444446,0.12925086032890232,False,False
96ecd4fe-5910-4cd4-8a24-11ed20aab3b7_mp4-0001_jpg.rf.a505cc4cb7b4f149d85f630fadbd9bfa.jpg,valid,gravel,20,0.026877170138888573,0.2541540227082419,False,False
96ecd4fe-5910-4cd4-8a24-11ed20aab3b7_mp4-0003_jpg.rf.534f8ccd573ae9aa55be6b50626de8e7.jpg,valid,gravel,13,0.03647135416666658,0.14181630657363378,False,False
96ecd4fe-5910-4cd4-8a24-11ed20aab3b7_mp4-0003_jpg.rf.534f8ccd573ae9aa55be6b50626de8e7.jpg,valid,gravel,8,0.007224392361111109,0.19608667721310039,False,False
96ecd4fe-5910-4cd4-8a24-11ed20aab3b7_mp4-0003_jpg.rf.534f8ccd573ae9aa55be6b50626de8e7.jpg,valid,gravel,20,0.026449652777778,0.25619979076171523,False,False
96ecd4fe-5910-4cd4-8a24-11ed20aab3b7_mp4-0004_jpg.rf.ac4537d4e1b504b7db24a8c9a8bc5279.jpg,valid,gravel,9,0.006751302083333299,0.2281957237367221,False,False
96ecd4fe-5910-4cd4-8a24-11ed20aab3b7_mp4-0004_jpg.rf.ac4537d4e1b504b7db24a8c9a8bc5279.jpg,valid,gravel,13,0.03600694444444441,0.14272793440459416,False,False
96ecd4fe-5910-4cd4-8a24-11ed20aab3b7_mp4-0004_jpg.rf.ac4537d4e1b504b7db24a8c9a8bc5279.jpg,valid,gravel,13,0.02122612847222216,0.1858945770695498,False,False
96ecd4fe-5910-4cd4-8a24-11ed20aab3b7_mp4-0005_jpg.rf.d7e708f96e1a3d1c85d7a929f9384225.jpg,valid,gravel,9,0.00796006944444444,0.21015650812243705,False,False
96ecd4fe-5910-4cd4-8a24-11ed20aab3b7_mp4-0005_jpg.rf.d7e708f96e1a3d1c85d7a929f9384225.jpg,valid,gravel,11,0.036534288194444375,0.11989501396978276,False,False
96ecd4fe-5910-4cd4-8a24-11ed20aab3b7_mp4-0005_jpg.rf.d7e708f96e1a3d1c85d7a929f9384225.jpg,valid,gravel,16,0.04876953125000005,0.15094003786136745,False,False
96ecd4fe-5910-4cd4-8a24-11ed20aab3b7_mp4-0007_jpg.rf.df5a877d30b6e42012335fcea95a5422.jpg,valid,gravel,9,0.0035525173611111183,0.3145814917734382,False,False
96ecd4fe-5910-4cd4-8a24-11ed20aab3b7_mp4-0007_jpg.rf.df5a877d30b6e42012335fcea95a5422.jpg,valid,gravel,12,0.037154947916666736,0.1296975225105141,False,False
96ecd4fe-5910-4cd4-8a24-11ed20aab3b7_mp4-0007_jpg.rf.df5a877d30b6e42012335fcea95a5422.jpg,valid,gravel,19,0.04391710069444432,0.18888415731636027,False,False
96ecd4fe-5910-4cd4-8a24-11ed20aab3b7_mp4-0008_jpg.rf.baf26b1e0b008efb221e31beea65557c.jpg,valid,gravel,5,0.0025390624999999944,0.20672455764868097,False,False
96ecd4fe-5910-4cd4-8a24-11ed20aab3b7_mp4-0008_jpg.rf.baf26b1e0b008efb221e31beea65557c.jpg,valid,gravel,14,0.03882812499999999,0.14801767859562862,False,False
96ecd4fe-5910-4cd4-8a24-11ed20aab3b7_mp4-0008_jpg.rf.baf26b1e0b008efb221e31beea65557c.jpg,valid,gravel,17,0.04518880208333309,0.16660662607728172,False,False
96ecd4fe-5910-4cd4-8a24-11ed20aab3b7_mp4-0009_jpg.rf.f758cc58a61f7a44f5197fd64761b10b.jpg,valid,gravel,7,0.0050737847222221966,0.20473438320094373,False,False
96ecd4fe-5910-4cd4-8a24-11ed20aab3b7_mp4-0009_jpg.rf.f758cc58a61f7a44f5197fd64761b10b.jpg,valid,gravel,14,0.03940538194444443,0.14692950911116673,False,False
96ecd4fe-5910-4cd4-8a24-11ed20aab3b7_mp4-0009_jpg.rf.f758cc58a61f7a44f5197fd64761b10b.jpg,valid,gravel,13,0.05468967013888881,0.11581090701605617,False,False
96ecd4fe-5910-4cd4-8a24-11ed20aab3b7_mp4-0011_jpg.rf.c9917fbb3a19f831ccd91ae24d5780b4.jpg,valid,gravel,11,0.04074435763888873,0.11353184880204395,False,False
96ecd4fe-5910-4cd4-8a24-11ed20aab3b7_mp4-0011_jpg.rf.c9917fbb3a19f831ccd91ae24d5780b4.jpg,valid,gravel,8,0.007198350694444466,0.1964410510152278,False,False
96ecd4fe-5910-4cd4-8a24-11ed20aab3b7_mp4-0011_jpg.rf.c9917fbb3a19f831ccd91ae24d5780b4.jpg,valid,gravel,13,0.05191623263888889,0.11886405172771099,False,False
96ecd4fe-5910-4cd4-8a24-11ed20aab3b7_mp4-0014_jpg.rf.f76ca03d1cde7e5c7606f1e680c38ae8.jpg,valid,gravel,9,0.007033420138888968,0.22357229851383165,False,False
96ecd4fe-5910-4cd4-8a24-11ed20aab3b7_mp4-0014_jpg.rf.f76ca03d1cde7e5c7606f1e680c38ae8.jpg,valid,gravel,12,0.043706597222222365,0.11958219221578945,False,False
96ecd4fe-5910-4cd4-8a24-11ed20aab3b7_mp4-0014_jpg.rf.f76ca03d1cde7e5c7606f1e680c38ae8.jpg,valid,gravel,13,0.040555555555555456,0.13448595689788498,False,False
96ecd4fe-5910-4cd4-8a24-11ed20aab3b7_mp4-0015_jpg.rf.21b7bf1e2296aad43949d73749af763c.jpg,valid,gravel,9,0.006883680555555605,0.2259908824283206,False,False
96ecd4fe-5910-4cd4-8a24-11ed20aab3b7_mp4-0015_jpg.rf.21b7bf1e2296aad43949d73749af763c.jpg,valid,gravel,12,0.04483072916666664,0.11807341036516203,False,False
96ecd4fe-5910-4cd4-8a24-11ed20aab3b7_mp4-0015_jpg.rf.21b7bf1e2296aad43949d73749af763c.jpg,valid,gravel,14,0.057569444444444784,0.12156002453825752,False,False
96ecd4fe-5910-4cd4-8a24-11ed20aab3b7_mp4-0016_jpg.rf.f2d8481ce7965c293169eb7413e55a7f.jpg,valid,gravel,13,0.006955295138888817,0.32474639090948715,False,False
96ecd4fe-5910-4cd4-8a24-11ed20aab3b7_mp4-0016_jpg.rf.f2d8481ce7965c293169eb7413e55a7f.jpg,valid,gravel,11,0.04397352430555568,0.10928380577563519,False,False
96ecd4fe-5910-4cd4-8a24-11ed20aab3b7_mp4-0016_jpg.rf.f2d8481ce7965c293169eb7413e55a7f.jpg,valid,gravel,16,0.053005642361111605,0.14478304101731992,False,False
96ecd4fe-5910-4cd4-8a24-11ed20aab3b7_mp4-0017_jpg.rf.ab588d3d110678feba632e1554033b30.jpg,valid,gravel,7,0.0075282118055555736,0.1680780062965828,False,False
96ecd4fe-5910-4cd4-8a24-11ed20aab3b7_mp4-0017_jpg.rf.ab588d3d110678feba632e1554033b30.jpg,valid,gravel,49,0.028222656249999645,0.6076533543068688,False,True
96ecd4fe-5910-4cd4-8a24-11ed20aab3b7_mp4-0017_jpg.rf.ab588d3d110678feba632e1554033b30.jpg,valid,gravel,15,0.047419704861111134,0.1435061781138182,False,False
96ecd4fe-5910-4cd4-8a24-11ed20aab3b7_mp4-0018_jpg.rf.dba977b451a5fe06fa9cf3369b4f1b99.jpg,valid,gravel,6,0.007322048611111132,0.14608099189979482,False,False
96ecd4fe-5910-4cd4-8a24-11ed20aab3b7_mp4-0018_jpg.rf.dba977b451a5fe06fa9cf3369b4f1b99.jpg,valid,gravel,8,0.047029079861111045,0.07685382882778984,False,False
96ecd4fe-5910-4cd4-8a24-11ed20aab3b7_mp4-0018_jpg.rf.dba977b451a5fe06fa9cf3369b4f1b99.jpg,valid,gravel,18,0.05892795138888829,0.15447940787279235,False,False
96ecd4fe-5910-4cd4-8a24-11ed20aab3b7_mp4-0019_jpg.rf.08d59f16bf297c1cc580bf3960684da4.jpg,valid,gravel,13,0.04814670138888899,0.12342946478627852,False,False
96ecd4fe-5910-4cd4-8a24-11ed20aab3b7_mp4-0019_jpg.rf.08d59f16bf297c1cc580bf3960684da4.jpg,valid,gravel,8,0.008205295138888846,0.18399314638294395,False,False
96ecd4fe-5910-4cd4-8a24-11ed20aab3b7_mp4-0019_jpg.rf.08d59f16bf297c1cc580bf3960684da4.jpg,valid,gravel,11,0.0446245659722222,0.10848368905612939,False,False
96ecd4fe-5910-4cd4-8a24-11ed20aab3b7_mp4-0020_jpg.rf.34cf7303f21f5b8666cafb1970dc1931.jpg,valid,gravel,15,0.007239583333333299,0.36727658015579473,False,False
96ecd4fe-5910-4cd4-8a24-11ed20aab3b7_mp4-0020_jpg.rf.34cf7303f21f5b8666cafb1970dc1931.jpg,valid,gravel,13,0.04908203124999999,0.12224774339936827,False,False
96ecd4fe-5910-4cd4-8a24-11ed20aab3b7_mp4-0020_jpg.rf.34cf7303f21f5b8666cafb1970dc1931.jpg,valid,gravel,14,0.04521267361111114,0.1371692309057208,False,False
96ecd4fe-5910-4cd4-8a24-11ed20aab3b7_mp4-0021_jpg.rf.45f8e5868e9258b23d32b3181aacfeb0.jpg,valid,gravel,6,0.008255208333333375,0.13757705039341622,False,False
96ecd4fe-5910-4cd4-8a24-11ed20aab3b7_mp4-0021_jpg.rf.45f8e5868e9258b23d32b3181aacfeb0.jpg,valid,gravel,10,0.04869791666666656,0.09440686400617021,False,False
96ecd4fe-5910-4cd4-8a24-11ed20aab3b7_mp4-0021_jpg.rf.45f8e5868e9258b23d32b3181aacfeb0.jpg,valid,gravel,13,0.04068142361111127,0.13427774639211135,False,False
96ecd4fe-5910-4cd4-8a24-11ed20aab3b7_mp4-0022_jpg.rf.923e3ca033848d49c57b33e632eab0d5.jpg,valid,gravel,8,0.006777343749999998,0.2024505648002996,False,False
96ecd4fe-5910-4cd4-8a24-11ed20aab3b7_mp4-0022_jpg.rf.923e3ca033848d49c57b33e632eab0d5.jpg,valid,gravel,12,0.050036892361111196,0.11176217477275674,False,False
96ecd4fe-5910-4cd4-8a24-11ed20aab3b7_mp4-0022_jpg.rf.923e3ca033848d49c57b33e632eab0d5.jpg,valid,gravel,26,0.04560329861111079,0.2536494832258203,False,False
96ecd4fe-5910-4cd4-8a24-11ed20aab3b7_mp4-0024_jpg.rf.a7dce0ee5008482c2213f520266ca538.jpg,valid,gravel,8,0.0072352430555555625,0.1959395864436098,False,False
96ecd4fe-5910-4cd4-8a24-11ed20aab3b7_mp4-0024_jpg.rf.a7dce0ee5008482c2213f520266ca538.jpg,valid,gravel,12,0.05165364583333332,0.10999919792543937,False,False
96ecd4fe-5910-4cd4-8a24-11ed20aab3b7_mp4-0024_jpg.rf.a7dce0ee5008482c2213f520266ca538.jpg,valid,gravel,14,0.04671875000000014,0.13494015079212252,False,False
96ecd4fe-5910-4cd4-8a24-11ed20aab3b7_mp4-0025_jpg.rf.6c885142635d507bf60de7eea240ea0f.jpg,valid,gravel,9,0.00721571180555558,0.22073016221458733,False,False
96ecd4fe-5910-4cd4-8a24-11ed20aab3b7_mp4-0025_jpg.rf.6c885142635d507bf60de7eea240ea0f.jpg,valid,gravel,12,0.05378906249999993,0.10779361112725916,False,False
96ecd4fe-5910-4cd4-8a24-11ed20aab3b7_mp4-0025_jpg.rf.6c885142635d507bf60de7eea240ea0f.jpg,valid,gravel,11,0.03923828125000006,0.11569017017364867,False,False
96ecd4fe-5910-4cd4-8a24-11ed20aab3b7_mp4-0028_jpg.rf.e12313c9e1439e94eb253dc9309a00a4.jpg,valid,gravel,13,0.059741753472222214,0.1108059629374697,False,False
96ecd4fe-5910-4cd4-8a24-11ed20aab3b7_mp4-0028_jpg.rf.e12313c9e1439e94eb253dc9309a00a4.jpg,valid,gravel,7,0.007389322916666663,0.16965024052915634,False,False
96ecd4fe-5910-4cd4-8a24-11ed20aab3b7_mp4-0028_jpg.rf.e12313c9e1439e94eb253dc9309a00a4.jpg,valid,gravel,15,0.05458984375000009,0.13375009404306784,False,False
96ecd4fe-5910-4cd4-8a24-11ed20aab3b7_mp4-0029_jpg.rf.f4a3c27fe8e724f17ba49af327437082.jpg,valid,gravel,13,0.061019965277777866,0.10963927039966348,False,False
96ecd4fe-5910-4cd4-8a24-11ed20aab3b7_mp4-0029_jpg.rf.f4a3c27fe8e724f17ba49af327437082.jpg,valid,gravel,10,0.0071701388888888995,0.24603391565256127,False,False
96ecd4fe-5910-4cd4-8a24-11ed20aab3b7_mp4-0029_jpg.rf.f4a3c27fe8e724f17ba49af327437082.jpg,valid,gravel,18,0.05875217013888934,0.15471032957879863,False,False
96ecd4fe-5910-4cd4-8a24-11ed20aab3b7_mp4-0030_jpg.rf.929d67ff9af9494120bc7f32bbbaa112.jpg,valid,gravel,15,0.062135416666666665,0.12536618617892728,False,False
96ecd4fe-5910-4cd4-8a24-11ed20aab3b7_mp4-0030_jpg.rf.929d67ff9af9494120bc7f32bbbaa112.jpg,valid,gravel,6,0.008079427083333368,0.13906560518810365,False,False
96ecd4fe-5910-4cd4-8a24-11ed20aab3b7_mp4-0030_jpg.rf.929d67ff9af9494120bc7f32bbbaa112.jpg,valid,gravel,17,0.051644965277778176,0.15584529275391096,False,False
96ecd4fe-5910-4cd4-8a24-11ed20aab3b7_mp4-0031_jpg.rf.a6e963ff44562049f917eefae1ff580e.jpg,valid,gravel,7,0.007784288194444433,0.16529029299695344,False,False
96ecd4fe-5910-4cd4-8a24-11ed20aab3b7_mp4-0031_jpg.rf.a6e963ff44562049f917eefae1ff580e.jpg,valid,gravel,20,0.056807725694444144,0.17481756107878607,False,False
96ecd4fe-5910-4cd4-8a24-11ed20aab3b7_mp4-0032_jpg.rf.e3df293c6c24f70fc8f4c8db3d7c57f8.jpg,valid,gravel,6,0.007951388888888883,0.14018079405479938,False,False
96ecd4fe-5910-4cd4-8a24-11ed20aab3b7_mp4-0032_jpg.rf.e3df293c6c24f70fc8f4c8db3d7c57f8.jpg,valid,gravel,11,0.0637326388888888,0.09077588616546572,False,False
96ecd4fe-5910-4cd4-8a24-11ed20aab3b7_mp4-0032_jpg.rf.e3df293c6c24f70fc8f4c8db3d7c57f8.jpg,valid,gravel,12,0.05896267361111107,0.10295594392457426,False,False
96ecd4fe-5910-4cd4-8a24-11ed20aab3b7_mp4-0033_jpg.rf.c5c90c0304222af8071c0ba9e2b6caa3.jpg,valid,gravel,14,0.06440494791666673,0.11492835263096655,False,False
96ecd4fe-5910-4cd4-8a24-11ed20aab3b7_mp4-0033_jpg.rf.c5c90c0304222af8071c0ba9e2b6caa3.jpg,valid,gravel,12,0.05990234375000014,0.10214523247056408,False,False
96ecd4fe-5910-4cd4-8a24-11ed20aab3b7_mp4-0033_jpg.rf.c5c90c0304222af8071c0ba9e2b6caa3.jpg,valid,gravel,6,0.007699652777777788,0.14245393250497862,False,False
96ecd4fe-5910-4cd4-8a24-11ed20aab3b7_mp4-0034_jpg.rf.6649a20c18a820e2a236e03aafa108db.jpg,valid,gravel,11,0.06480902777777786,0.09001889851288042,False,False
96ecd4fe-5910-4cd4-8a24-11ed20aab3b7_mp4-0034_jpg.rf.6649a20c18a820e2a236e03aafa108db.jpg,valid,gravel,9,0.0077994791666666785,0.2123090323294821,False,False
96ecd4fe-5910-4cd4-8a24-11ed20aab3b7_mp4-0034_jpg.rf.6649a20c18a820e2a236e03aafa108db.jpg,valid,gravel,12,0.06326388888888856,0.099394434288386,False,False
96ecd4fe-5910-4cd4-8a24-11ed20aab3b7_mp4-0035_jpg.rf.904f3379ae783f6f7d64cae0c8a90bf1.jpg,valid,gravel,12,0.0665538194444445,0.09690663572737372,False,False
96ecd4fe-5910-4cd4-8a24-11ed20aab3b7_mp4-0035_jpg.rf.904f3379ae783f6f7d64cae0c8a90bf1.jpg,valid,gravel,16,0.061927083333332966,0.1339486781868385,False,False
96ecd4fe-5910-4cd4-8a24-11ed20aab3b7_mp4-0035_jpg.rf.904f3379ae783f6f7d64cae0c8a90bf1.jpg,valid,gravel,6,0.007556423611111085,0.14379767520982262,False,False
96ecd4fe-5910-4cd4-8a24-11ed20aab3b7_mp4-0037_jpg.rf.57f91c06f8b36fe8b3860fabe81bcb46.jpg,valid,gravel,16,0.06853081597222244,0.1273314820111511,False,False
96ecd4fe-5910-4cd4-8a24-11ed20aab3b7_mp4-0037_jpg.rf.57f91c06f8b36fe8b3860fabe81bcb46.jpg,valid,gravel,8,0.004785978270399338,0.24091474883454778,False,False
96ecd4fe-5910-4cd4-8a24-11ed20aab3b7_mp4-0037_jpg.rf.57f91c06f8b36fe8b3860fabe81bcb46.jpg,valid,gravel,21,0.057521701388889124,0.1824156922961814,False,False
96ecd4fe-5910-4cd4-8a24-11ed20aab3b7_mp4-0038_jpg.rf.5e068034852d51abed37d8cfadd0c55b.jpg,valid,gravel,10,0.007042100694444442,0.24826051230968052,False,False
96ecd4fe-5910-4cd4-8a24-11ed20aab3b7_mp4-0038_jpg.rf.5e068034852d51abed37d8cfadd0c55b.jpg,valid,gravel,14,0.06425998263888921,0.11505791409529766,False,False
96ecd4fe-5910-4cd4-8a24-11ed20aab3b7_mp4-0038_jpg.rf.5e068034852d51abed37d8cfadd0c55b.jpg,valid,gravel,13,0.06747612847222229,0.10426223652194465,False,False
96ecd4fe-5910-4cd4-8a24-11ed20aab3b7_mp4-0039_jpg.rf.e9933a02e54f617cd131629e44755444.jpg,valid,gravel,25,0.06712239583333357,0.20103193203575312,False,False
96ecd4fe-5910-4cd4-8a24-11ed20aab3b7_mp4-0039_jpg.rf.e9933a02e54f617cd131629e44755444.jpg,valid,gravel,19,0.07004123263888906,0.14956689344838867,False,False
96ecd4fe-5910-4cd4-8a24-11ed20aab3b7_mp4-0039_jpg.rf.e9933a02e54f617cd131629e44755444.jpg,valid,gravel,8,0.008383246527777721,0.18202985818976594,False,False
96ecd4fe-5910-4cd4-8a24-11ed20aab3b7_mp4-0040_jpg.rf.5a15059a6bb512fa36b2b00000a4dc97.jpg,valid,gravel,11,0.06801649305555535,0.08787074931559957,False,False
96ecd4fe-5910-4cd4-8a24-11ed20aab3b7_mp4-0040_jpg.rf.5a15059a6bb512fa36b2b00000a4dc97.jpg,valid,gravel,8,0.005366753472222263,0.2275060376548927,False,False
96ecd4fe-5910-4cd4-8a24-11ed20aab3b7_mp4-0040_jpg.rf.5a15059a6bb512fa36b2b00000a4dc97.jpg,valid,gravel,17,0.0671657986111116,0.13665753807988343,False,False
96ecd4fe-5910-4cd4-8a24-11ed20aab3b7_mp4-0041_jpg.rf.f4180c5cdc446daa93df4e7215a0fd77.jpg,valid,gravel,15,0.0670355902777775,0.12069722988284402,False,False
96ecd4fe-5910-4cd4-8a24-11ed20aab3b7_mp4-0041_jpg.rf.f4180c5cdc446daa93df4e7215a0fd77.jpg,valid,gravel,8,0.008170572916666674,0.1843836867987602,False,False
96ecd4fe-5910-4cd4-8a24-11ed20aab3b7_mp4-0041_jpg.rf.f4180c5cdc446daa93df4e7215a0fd77.jpg,valid,gravel,21,0.07159288194444491,0.163509554325933,False,False
96ecd4fe-5910-4cd4-8a24-11ed20aab3b7_mp4-0042_jpg.rf.dc97cc448ff178f3e98d2113b3de6b77.jpg,valid,gravel,16,0.06789496527777783,0.12792633563990058,False,False
96ecd4fe-5910-4cd4-8a24-11ed20aab3b7_mp4-0042_jpg.rf.dc97cc448ff178f3e98d2113b3de6b77.jpg,valid,gravel,18,0.07284722222222229,0.1389391922462486,False,False
96ecd4fe-5910-4cd4-8a24-11ed20aab3b7_mp4-0042_jpg.rf.dc97cc448ff178f3e98d2113b3de6b77.jpg,valid,gravel,7,0.008170572916666674,0.16133572594891515,False,False
96ecd4fe-5910-4cd4-8a24-11ed20aab3b7_mp4-0043_jpg.rf.4109ebdd447622033a4b5ade25f83a21.jpg,valid,gravel,12,0.06775607638888903,0.09604303692297253,False,False
96ecd4fe-5910-4cd4-8a24-11ed20aab3b7_mp4-0043_jpg.rf.4109ebdd447622033a4b5ade25f83a21.jpg,valid,gravel,19,0.07512586805555532,0.1444167648711561,False,False
96ecd4fe-5910-4cd4-8a24-11ed20aab3b7_mp4-0043_jpg.rf.4109ebdd447622033a4b5ade25f83a21.jpg,valid,gravel,8,0.008250868055555527,0.18348430810387525,False,False
96ecd4fe-5910-4cd4-8a24-11ed20aab3b7_mp4-0044_jpg.rf.4c7871ba225f6127db6479a10d756f0f.jpg,valid,gravel,17,0.06965060763888897,0.1341977483989162,False,False
96ecd4fe-5910-4cd4-8a24-11ed20aab3b7_mp4-0044_jpg.rf.4c7871ba225f6127db6479a10d756f0f.jpg,valid,gravel,19,0.07684461805555554,0.14279257830139852,False,False
96ecd4fe-5910-4cd4-8a24-11ed20aab3b7_mp4-0044_jpg.rf.4c7871ba225f6127db6479a10d756f0f.jpg,valid,gravel,6,0.008311631944444398,0.1371092834697094,False,False
96ecd4fe-5910-4cd4-8a24-11ed20aab3b7_mp4-0045_jpg.rf.bd966dcd5bc73281f5afda2a2295c1c3.jpg,valid,gravel,29,0.07887586805555635,0.21512192952047318,False,False
96ecd4fe-5910-4cd4-8a24-11ed20aab3b7_mp4-0045_jpg.rf.bd966dcd5bc73281f5afda2a2295c1c3.jpg,valid,gravel,14,0.06855251736111101,0.11139741026197239,False,False
96ecd4fe-5910-4cd4-8a24-11ed20aab3b7_mp4-0045_jpg.rf.bd966dcd5bc73281f5afda2a2295c1c3.jpg,valid,gravel,7,0.00730902777777781,0.1705795625900024,False,False
96ecd4fe-5910-4cd4-8a24-11ed20aab3b7_mp4-0047_jpg.rf.4c70a0b82dea11dd7b472d081bc80c2e.jpg,valid,gravel,18,0.07173177083333315,0.14001529880364608,False,False
96ecd4fe-5910-4cd4-8a24-11ed20aab3b7_mp4-0047_jpg.rf.4c70a0b82dea11dd7b472d081bc80c2e.jpg,valid,gravel,7,0.007536892361111158,0.1679811871604975,False,False
96ecd4fe-5910-4cd4-8a24-11ed20aab3b7_mp4-0047_jpg.rf.4c70a0b82dea11dd7b472d081bc80c2e.jpg,valid,gravel,19,0.07940972222222253,0.14046739394810093,False,False
96ecd4fe-5910-4cd4-8a24-11ed20aab3b7_mp4-0050_jpg.rf.238b5fa25f392b4ab2751b478c326d02.jpg,valid,gravel,25,0.093344184027778,0.17047281766813507,False,False
96ecd4fe-5910-4cd4-8a24-11ed20aab3b7_mp4-0050_jpg.rf.238b5fa25f392b4ab2751b478c326d02.jpg,valid,gravel,6,0.006193576388888927,0.15883246055381114,False,False
96ecd4fe-5910-4cd4-8a24-11ed20aab3b7_mp4-0050_jpg.rf.238b5fa25f392b4ab2751b478c326d02.jpg,valid,gravel,16,0.07169921875000007,0.12448629270461836,False,False
96ecd4fe-5910-4cd4-8a24-11ed20aab3b7_mp4-0051_jpg.rf.52c96c0187476a9529aeee335d96439a.jpg,valid,gravel,9,0.006482204861111118,0.23288413087439747,False,False
96ecd4fe-5910-4cd4-8a24-11ed20aab3b7_mp4-0051_jpg.rf.52c96c0187476a9529aeee335d96439a.jpg,valid,gravel,23,0.10105034722222239,0.15073624542868777,False,False
96ecd4fe-5910-4cd4-8a24-11ed20aab3b7_mp4-0051_jpg.rf.52c96c0187476a9529aeee335d96439a.jpg,valid,gravel,14,0.07254340277777782,0.10828987109993587,False,False
96ecd4fe-5910-4cd4-8a24-11ed20aab3b7_mp4-0055_jpg.rf.9605ecdfd61cd15b16f4b07a41b3a974.jpg,valid,gravel,6,0.005963541666666683,0.16186683836550755,False,False
96ecd4fe-5910-4cd4-8a24-11ed20aab3b7_mp4-0055_jpg.rf.9605ecdfd61cd15b16f4b07a41b3a974.jpg,valid,gravel,27,0.11018229166666771,0.16945977533721215,False,False
96ecd4fe-5910-4cd4-8a24-11ed20aab3b7_mp4-0055_jpg.rf.9605ecdfd61cd15b16f4b07a41b3a974.jpg,valid,gravel,13,0.06518880208333333,0.10607562875583598,False,False
96ecd4fe-5910-4cd4-8a24-11ed20aab3b7_mp4-0056_jpg.rf.30ef2f04d0ba2ca2d3548fbea68949df.jpg,valid,gravel,18,0.05562065972222219,0.15900588553510522,False,False
96ecd4fe-5910-4cd4-8a24-11ed20aab3b7_mp4-0057_jpg.rf.b2bc985b278b99933111c7de76e6a0e1.jpg,valid,gravel,38,0.12725043402777736,0.22192831873946675,False,False
96ecd4fe-5910-4cd4-8a24-11ed20aab3b7_mp4-0057_jpg.rf.b2bc985b278b99933111c7de76e6a0e1.jpg,valid,gravel,9,0.04124348958333324,0.09232590434147082,False,False
96ecd4fe-5910-4cd4-8a24-11ed20aab3b7_mp4-0061_jpg.rf.678db25d1eee874cdb7bb821f05dc96b.jpg,valid,gravel,7,0.004364149305555565,0.2207531973544612,False,False
96ecd4fe-5910-4cd4-8a24-11ed20aab3b7_mp4-0061_jpg.rf.678db25d1eee874cdb7bb821f05dc96b.jpg,valid,gravel,15,0.08693576388888857,0.10598655704658096,False,False
b029e315-2e53-4152-a536-1adea99e32f7_mp4-0001_jpg.rf.4a42b26a6d5fcc57d34032c980b506d7.jpg,valid,gravel,9,0.0030063657407407296,0.22797598779386238,False,False
b029e315-2e53-4152-a536-1adea99e32f7_mp4-0001_jpg.rf.4a42b26a6d5fcc57d34032c980b506d7.jpg,valid,gravel,17,0.009622878086419817,0.2406932621966669,False,False
b029e315-2e53-4152-a536-1adea99e32f7_mp4-0001_jpg.rf.4a42b26a6d5fcc57d34032c980b506d7.jpg,valid,gravel,67,0.24885802469135854,0.18653764151730895,False,False
b029e315-2e53-4152-a536-1adea99e32f7_mp4-0001_jpg.rf.4a42b26a6d5fcc57d34032c980b506d7.jpg,valid,gravel,13,0.01640335648148117,0.14097577614482087,False,False
b029e315-2e53-4152-a536-1adea99e32f7_mp4-0002_jpg.rf.8562bcccbf7ed450032928e73d53d3f2.jpg,valid,gravel,7,0.003073881172839507,0.17535655549856854,False,False
b029e315-2e53-4152-a536-1adea99e32f7_mp4-0002_jpg.rf.8562bcccbf7ed450032928e73d53d3f2.jpg,valid,gravel,15,0.008869598765430808,0.2212110288146923,False,False
b029e315-2e53-4152-a536-1adea99e32f7_mp4-0002_jpg.rf.8562bcccbf7ed450032928e73d53d3f2.jpg,valid,gravel,56,0.2500356867283937,0.15554445420633145,False,False
b029e315-2e53-4152-a536-1adea99e32f7_mp4-0002_jpg.rf.8562bcccbf7ed450032928e73d53d3f2.jpg,valid,gravel,17,0.0167476851851851,0.18244796792447376,False,False
b029e315-2e53-4152-a536-1adea99e32f7_mp4-0003_jpg.rf.d345dc5393412b9b2762e9f24c2b7cc5.jpg,valid,gravel,13,0.008459683641974358,0.19630609981606734,False,False
b029e315-2e53-4152-a536-1adea99e32f7_mp4-0003_jpg.rf.d345dc5393412b9b2762e9f24c2b7cc5.jpg,valid,gravel,59,0.2508690200617245,0.16360478388886368,False,False
b029e315-2e53-4152-a536-1adea99e32f7_mp4-0003_jpg.rf.d345dc5393412b9b2762e9f24c2b7cc5.jpg,valid,gravel,12,0.016679205246913575,0.12905091054420428,False,False
b029e315-2e53-4152-a536-1adea99e32f7_mp4-0005_jpg.rf.c0cf3d5a70a50c686e549a437d81c507.jpg,valid,gravel,13,0.008016010802469609,0.20166554713428916,False,False
b029e315-2e53-4152-a536-1adea99e32f7_mp4-0005_jpg.rf.c0cf3d5a70a50c686e549a437d81c507.jpg,valid,gravel,63,0.24923514660493495,0.17526831450926755,False,False
b029e315-2e53-4152-a536-1adea99e32f7_mp4-0005_jpg.rf.c0cf3d5a70a50c686e549a437d81c507.jpg,valid,gravel,10,0.01626929012345668,0.10888879747610998,False,False
b029e315-2e53-4152-a536-1adea99e32f7_mp4-0005_jpg.rf.c0cf3d5a70a50c686e549a437d81c507.jpg,valid,gravel,6,0.0045553626543209935,0.1234688137013031,False,False
b029e315-2e53-4152-a536-1adea99e32f7_mp4-0006_jpg.rf.2826ab7767d6a44bf9b2c80d2a63a7cb.jpg,valid,gravel,15,0.008331404320987446,0.2282441509698721,False,False
b029e315-2e53-4152-a536-1adea99e32f7_mp4-0006_jpg.rf.2826ab7767d6a44bf9b2c80d2a63a7cb.jpg,valid,gravel,56,0.2485619212962984,0.15600489731733705,False,False
b029e315-2e53-4152-a536-1adea99e32f7_mp4-0006_jpg.rf.2826ab7767d6a44bf9b2c80d2a63a7cb.jpg,valid,gravel,12,0.016324266975308532,0.130446342047675,False,False
b029e315-2e53-4152-a536-1adea99e32f7_mp4-0006_jpg.rf.2826ab7767d6a44bf9b2c80d2a63a7cb.jpg,valid,gravel,6,0.004228395061728396,0.1281536486575141,False,False
b029e315-2e53-4152-a536-1adea99e32f7_mp4-0007_jpg.rf.385daab6d72deababf255a6be886bfb3.jpg,valid,gravel,14,0.008242669753086851,0.2141714560595863,False,False
b029e315-2e53-4152-a536-1adea99e32f7_mp4-0007_jpg.rf.385daab6d72deababf255a6be886bfb3.jpg,valid,gravel,64,0.24715084876543258,0.1787995512311503,False,False
b029e315-2e53-4152-a536-1adea99e32f7_mp4-0007_jpg.rf.385daab6d72deababf255a6be886bfb3.jpg,valid,gravel,21,0.01715084876543216,0.22271219057124023,False,False
b029e315-2e53-4152-a536-1adea99e32f7_mp4-0009_jpg.rf.67dd7190ce2a667a587dd293ca4f865b.jpg,valid,gravel,68,0.24532118055555507,0.19068164648603705,False,False
b029e315-2e53-4152-a536-1adea99e32f7_mp4-0009_jpg.rf.67dd7190ce2a667a587dd293ca4f865b.jpg,valid,gravel,13,0.01627025462962961,0.14155124092978366,False,False
b029e315-2e53-4152-a536-1adea99e32f7_mp4-0009_jpg.rf.67dd7190ce2a667a587dd293ca4f865b.jpg,valid,gravel,8,0.005083912037037036,0.15583265740050245,False,False
b029e315-2e53-4152-a536-1adea99e32f7_mp4-0010_jpg.rf.20c39a0619fb2c1c832861235c8fd20b.jpg,valid,gravel,13,0.007204861111111072,0.21271496725865416,False,False
b029e315-2e53-4152-a536-1adea99e32f7_mp4-0010_jpg.rf.20c39a0619fb2c1c832861235c8fd20b.jpg,valid,gravel,9,0.005097595968364177,0.17507627898630332,False,False
b029e315-2e53-4152-a536-1adea99e32f7_mp4-0010_jpg.rf.20c39a0619fb2c1c832861235c8fd20b.jpg,valid,gravel,68,0.24404513888889134,0.19117950621875987,False,False
b029e315-2e53-4152-a536-1adea99e32f7_mp4-0010_jpg.rf.20c39a0619fb2c1c832861235c8fd20b.jpg,valid,gravel,14,0.016341628086419924,0.15210653671903734,False,False
b029e315-2e53-4152-a536-1adea99e32f7_mp4-0011_jpg.rf.34d70b2b31c437706f543b913d4782e9.jpg,valid,gravel,16,0.00783950617283935,0.25098232205526594,False,False
b029e315-2e53-4152-a536-1adea99e32f7_mp4-0011_jpg.rf.34d70b2b31c437706f543b913d4782e9.jpg,valid,gravel,10,0.001630015432098772,0.34401045807689,False,False
b029e315-2e53-4152-a536-1adea99e32f7_mp4-0011_jpg.rf.34d70b2b31c437706f543b913d4782e9.jpg,valid,gravel,59,0.24081886574074218,0.16698377001186276,False,False
b029e315-2e53-4152-a536-1adea99e32f7_mp4-0011_jpg.rf.34d70b2b31c437706f543b913d4782e9.jpg,valid,gravel,13,0.01574942129629653,0.14387275357205445,False,False
b029e315-2e53-4152-a536-1adea99e32f7_mp4-0012_jpg.rf.943f92f13805433c2cbbeb57974b8830.jpg,valid,gravel,10,0.0076340663580252155,0.15896061642502654,False,False
b029e315-2e53-4152-a536-1adea99e32f7_mp4-0012_jpg.rf.943f92f13805433c2cbbeb57974b8830.jpg,valid,gravel,70,0.24120273919752933,0.1979586237402122,False,False
b029e315-2e53-4152-a536-1adea99e32f7_mp4-0012_jpg.rf.943f92f13805433c2cbbeb57974b8830.jpg,valid,gravel,13,0.015612461419753254,0.14450243545302688,False,False
b029e315-2e53-4152-a536-1adea99e32f7_mp4-0012_jpg.rf.943f92f13805433c2cbbeb57974b8830.jpg,valid,gravel,8,0.005063657407407385,0.15614401167176567,False,False
b029e315-2e53-4152-a536-1adea99e32f7_mp4-0013_jpg.rf.8308caee917ec8175e9200298f358658.jpg,valid,gravel,8,0.002550154320987659,0.2200261296544366,False,False
b029e315-2e53-4152-a536-1adea99e32f7_mp4-0013_jpg.rf.8308caee917ec8175e9200298f358658.jpg,valid,gravel,12,0.004886188271604919,0.2384315110713616,False,False
b029e315-2e53-4152-a536-1adea99e32f7_mp4-0013_jpg.rf.8308caee917ec8175e9200298f358658.jpg,valid,gravel,16,0.0038339120370370905,0.3588941786189058,False,False
b029e315-2e53-4152-a536-1adea99e32f7_mp4-0013_jpg.rf.8308caee917ec8175e9200298f358658.jpg,valid,gravel,70,0.24719232253086432,0.1955456028381898,False,False
b029e315-2e53-4152-a536-1adea99e32f7_mp4-0013_jpg.rf.8308caee917ec8175e9200298f358658.jpg,valid,gravel,15,0.015084876543210113,0.16962422738696142,False,False
b029e315-2e53-4152-a536-1adea99e32f7_mp4-0014_jpg.rf.582847bb6f201b85d7a5c87216a7acaf.jpg,valid,gravel,15,0.012427662037037157,0.18688052498052377,False,False
b029e315-2e53-4152-a536-1adea99e32f7_mp4-0014_jpg.rf.582847bb6f201b85d7a5c87216a7acaf.jpg,valid,gravel,14,0.0040586419753081415,0.3052145041378819,False,False
b029e315-2e53-4152-a536-1adea99e32f7_mp4-0014_jpg.rf.582847bb6f201b85d7a5c87216a7acaf.jpg,valid,gravel,7,0.0032725694444444425,0.16994997617015364,False,False
b029e315-2e53-4152-a536-1adea99e32f7_mp4-0014_jpg.rf.582847bb6f201b85d7a5c87216a7acaf.jpg,valid,gravel,17,0.00549804687499994,0.31842870148171387,False,False
b029e315-2e53-4152-a536-1adea99e32f7_mp4-0014_jpg.rf.582847bb6f201b85d7a5c87216a7acaf.jpg,valid,gravel,48,0.25148630401234584,0.13293874416599052,False,False
b029e315-2e53-4152-a536-1adea99e32f7_mp4-0015_jpg.rf.0c0bbfc5cd727794a3cd6709cb8c5132.jpg,valid,gravel,10,0.004034529320987634,0.21866086688556827,False,False
b029e315-2e53-4152-a536-1adea99e32f7_mp4-0015_jpg.rf.0c0bbfc5cd727794a3cd6709cb8c5132.jpg,valid,gravel,9,0.0040432098765434965,0.19658341274872657,False,False
b029e315-2e53-4152-a536-1adea99e32f7_mp4-0015_jpg.rf.0c0bbfc5cd727794a3cd6709cb8c5132.jpg,valid,gravel,15,0.0044965277777777035,0.3106848830006026,False,False
b029e315-2e53-4152-a536-1adea99e32f7_mp4-0015_jpg.rf.0c0bbfc5cd727794a3cd6709cb8c5132.jpg,valid,gravel,57,0.25729263117283985,0.15607332586038766,False,False
b029e315-2e53-4152-a536-1adea99e32f7_mp4-0015_jpg.rf.0c0bbfc5cd727794a3cd6709cb8c5132.jpg,valid,gravel,10,0.0018701774691356476,0.3211634342844953,False,False
b029e315-2e53-4152-a536-1adea99e32f7_mp4-0015_jpg.rf.0c0bbfc5cd727794a3cd6709cb8c5132.jpg,valid,gravel,15,0.008462577160493812,0.22646831137386694,False,False
b029e315-2e53-4152-a536-1adea99e32f7_mp4-0016_jpg.rf.31d2b050ad995b091efacf7a48451c8a.jpg,valid,gravel,11,0.004114583333333144,0.23817559423593682,False,False
b029e315-2e53-4152-a536-1adea99e32f7_mp4-0016_jpg.rf.31d2b050ad995b091efacf7a48451c8a.jpg,valid,gravel,8,0.004012345679012347,0.1754116038614058,False,False
b029e315-2e53-4152-a536-1adea99e32f7_mp4-0016_jpg.rf.31d2b050ad995b091efacf7a48451c8a.jpg,valid,gravel,15,0.00470196759259256,0.30382181012510107,False,False
b029e315-2e53-4152-a536-1adea99e32f7_mp4-0016_jpg.rf.31d2b050ad995b091efacf7a48451c8a.jpg,valid,gravel,52,0.2556047453703716,0.1428520216841227,False,False
b029e315-2e53-4152-a536-1adea99e32f7_mp4-0016_jpg.rf.31d2b050ad995b091efacf7a48451c8a.jpg,valid,gravel,9,0.002256944444444464,0.2631174057921076,False,False
b029e315-2e53-4152-a536-1adea99e32f7_mp4-0016_jpg.rf.31d2b050ad995b091efacf7a48451c8a.jpg,valid,gravel,16,0.008108603395061698,0.24678255528781987,False,False
b029e315-2e53-4152-a536-1adea99e32f7_mp4-0019_jpg.rf.c5010ac5d30a8a7751eb0708a51e284f.jpg,valid,gravel,10,0.004333526234567897,0.21098267217723699,False,False
b029e315-2e53-4152-a536-1adea99e32f7_mp4-0019_jpg.rf.c5010ac5d30a8a7751eb0708a51e284f.jpg,valid,gravel,15,0.004966242283950706,0.29562748654042925,False,False
b029e315-2e53-4152-a536-1adea99e32f7_mp4-0019_jpg.rf.c5010ac5d30a8a7751eb0708a51e284f.jpg,valid,gravel,49,0.2597945601851812,0.13352068662130365,False,False
b029e315-2e53-4152-a536-1adea99e32f7_mp4-0019_jpg.rf.c5010ac5d30a8a7751eb0708a51e284f.jpg,valid,gravel,12,0.004878472222222818,0.23861999450874286,False,False
b029e315-2e53-4152-a536-1adea99e32f7_mp4-0022_jpg.rf.1be0f083dc2fef2a8a0751d3b607d999.jpg,valid,gravel,12,0.004643132716049381,0.24459253654247276,False,False
b029e315-2e53-4152-a536-1adea99e32f7_mp4-0022_jpg.rf.1be0f083dc2fef2a8a0751d3b607d999.jpg,valid,gravel,16,0.00527006172839517,0.3061114927173492,False,False
b029e315-2e53-4152-a536-1adea99e32f7_mp4-0022_jpg.rf.1be0f083dc2fef2a8a0751d3b607d999.jpg,valid,gravel,47,0.2696768904321001,0.12570237857312544,False,False
b029e315-2e53-4152-a536-1adea99e32f7_mp4-0022_jpg.rf.1be0f083dc2fef2a8a0751d3b607d999.jpg,valid,gravel,10,0.005513117283951097,0.18705481322075687,False,False
b029e315-2e53-4152-a536-1adea99e32f7_mp4-0023_jpg.rf.02e19cbbcd291500315944e3eae321f8.jpg,valid,gravel,11,0.004433834876543197,0.22944068528005135,False,False
b029e315-2e53-4152-a536-1adea99e32f7_mp4-0023_jpg.rf.02e19cbbcd291500315944e3eae321f8.jpg,valid,gravel,11,0.005407986111111152,0.20775065654569286,False,False
b029e315-2e53-4152-a536-1adea99e32f7_mp4-0023_jpg.rf.02e19cbbcd291500315944e3eae321f8.jpg,valid,gravel,42,0.2654967206790122,0.11321063161159796,False,False
b029e315-2e53-4152-a536-1adea99e32f7_mp4-0023_jpg.rf.02e19cbbcd291500315944e3eae321f8.jpg,valid,gravel,10,0.004930555555556104,0.19779694303229786,False,False
b029e315-2e53-4152-a536-1adea99e32f7_mp4-0024_jpg.rf.5f8218262f482ac00b2708eaa0524546.jpg,valid,gravel,10,0.004464699074074097,0.20786023188463845,False,False
b029e315-2e53-4152-a536-1adea99e32f7_mp4-0024_jpg.rf.5f8218262f482ac00b2708eaa0524546.jpg,valid,gravel,13,0.0046990740740741055,0.26339329200375916,False,False
b029e315-2e53-4152-a536-1adea99e32f7_mp4-0024_jpg.rf.5f8218262f482ac00b2708eaa0524546.jpg,valid,gravel,44,0.2620235339506145,0.11938507323942246,False,False
b029e315-2e53-4152-a536-1adea99e32f7_mp4-0024_jpg.rf.5f8218262f482ac00b2708eaa0524546.jpg,valid,gravel,10,0.004309413580247057,0.21157210918704167,False,False
b029e315-2e53-4152-a536-1adea99e32f7_mp4-0026_jpg.rf.bbe707d16a5f25a1fb91fea7cee0649f.jpg,valid,gravel,10,0.004265046296296315,0.21266970502955626,False,False
b029e315-2e53-4152-a536-1adea99e32f7_mp4-0026_jpg.rf.bbe707d16a5f25a1fb91fea7cee0649f.jpg,valid,gravel,12,0.005333719135802384,0.22820947833869099,False,False
b029e315-2e53-4152-a536-1adea99e32f7_mp4-0026_jpg.rf.bbe707d16a5f25a1fb91fea7cee0649f.jpg,valid,gravel,40,0.26156539351851826,0.1086268917710313,False,False
b029e315-2e53-4152-a536-1adea99e32f7_mp4-0026_jpg.rf.bbe707d16a5f25a1fb91fea7cee0649f.jpg,valid,gravel,10,0.0041811342592597,0.2147931598059362,False,False
b029e315-2e53-4152-a536-1adea99e32f7_mp4-0027_jpg.rf.9b5811359a5ea098142ab1c3aac42512.jpg,valid,gravel,10,0.004414544753086447,0.20903766309573876,False,False
b029e315-2e53-4152-a536-1adea99e32f7_mp4-0027_jpg.rf.9b5811359a5ea098142ab1c3aac42512.jpg,valid,gravel,14,0.005384837962962963,0.26497763500634436,False,False
b029e315-2e53-4152-a536-1adea99e32f7_mp4-0027_jpg.rf.9b5811359a5ea098142ab1c3aac42512.jpg,valid,gravel,55,0.265407021604938,0.14827706768746943,False,False
b029e315-2e53-4152-a536-1adea99e32f7_mp4-0027_jpg.rf.9b5811359a5ea098142ab1c3aac42512.jpg,valid,gravel,13,0.004226948302469502,0.277713753159006,False,False
b029e315-2e53-4152-a536-1adea99e32f7_mp4-0028_jpg.rf.a52052f5317a6d7b593f8f72ea108703.jpg,valid,gravel,11,0.004224537037037013,0.2350556137438792,False,False
b029e315-2e53-4152-a536-1adea99e32f7_mp4-0028_jpg.rf.a52052f5317a6d7b593f8f72ea108703.jpg,valid,gravel,12,0.005121527777777635,0.23288900389583603,False,False
b029e315-2e53-4152-a536-1adea99e32f7_mp4-0028_jpg.rf.a52052f5317a6d7b593f8f72ea108703.jpg,valid,gravel,42,0.26595100308642117,0.11311390029881246,False,False
b029e315-2e53-4152-a536-1adea99e32f7_mp4-0028_jpg.rf.a52052f5317a6d7b593f8f72ea108703.jpg,valid,gravel,11,0.004874614197530214,0.2188215370053567,False,False
b029e315-2e53-4152-a536-1adea99e32f7_mp4-0030_jpg.rf.8511303dac73368f2d55a24ac6ac2e14.jpg,valid,gravel,12,0.004348958333333264,0.2527296094426274,False,False
b029e315-2e53-4152-a536-1adea99e32f7_mp4-0030_jpg.rf.8511303dac73368f2d55a24ac6ac2e14.jpg,valid,gravel,15,0.005365547839506268,0.28441449549726705,False,False
b029e315-2e53-4152-a536-1adea99e32f7_mp4-0030_jpg.rf.8511303dac73368f2d55a24ac6ac2e14.jpg,valid,gravel,43,0.27749324845678913,0.11337302867744863,False,False
bbf45eda-4ffb-4bf1-9b29-a4e91475c8ec_mp4-0001_jpg.rf.fed03ea46a27eecff20bcc65391d4c2a.jpg,test,sand,8,0.050626024787808754,0.06172777029583865,True,False
bbf45eda-4ffb-4bf1-9b29-a4e91475c8ec_mp4-0001_jpg.rf.fed03ea46a27eecff20bcc65391d4c2a.jpg,test,sand,6,0.0014979986496914677,0.26913678240974415,False,False
bbf45eda-4ffb-4bf1-9b29-a4e91475c8ec_mp4-0001_jpg.rf.fed03ea46a27eecff20bcc65391d4c2a.jpg,test,sand,11,0.002976405767747714,0.35004520503727415,False,False
bbf45eda-4ffb-4bf1-9b29-a4e91475c8ec_mp4-0001_jpg.rf.fed03ea46a27eecff20bcc65391d4c2a.jpg,test,sand,54,0.11370397497106666,0.2780247460187563,False,False
bbf45eda-4ffb-4bf1-9b29-a4e91475c8ec_mp4-0001_jpg.rf.fed03ea46a27eecff20bcc65391d4c2a.jpg,test,sand,13,0.006566177179784027,0.2785252483662954,False,False
bbf45eda-4ffb-4bf1-9b29-a4e91475c8ec_mp4-0003_jpg.rf.b78cb84122d3c12d99d7a353449dabd6.jpg,test,sand,5,0.0022997444058643346,0.18101215356399372,False,False
bbf45eda-4ffb-4bf1-9b29-a4e91475c8ec_mp4-0003_jpg.rf.b78cb84122d3c12d99d7a353449dabd6.jpg,test,sand,17,0.06216543692129628,0.11837280604987455,False,False
bbf45eda-4ffb-4bf1-9b29-a4e91475c8ec_mp4-0003_jpg.rf.b78cb84122d3c12d99d7a353449dabd6.jpg,test,sand,11,0.001989293981480955,0.42817441928889427,False,True
bbf45eda-4ffb-4bf1-9b29-a4e91475c8ec_mp4-0003_jpg.rf.b78cb84122d3c12d99d7a353449dabd6.jpg,test,sand,42,0.18650233892747003,0.16884362419975202,False,False
bbf45eda-4ffb-4bf1-9b29-a4e91475c8ec_mp4-0005_jpg.rf.f1a263c6281ebfe8bf510de2d85fbf15.jpg,test,sand,10,0.07819130979938282,0.06208665645964874,True,False
bbf45eda-4ffb-4bf1-9b29-a4e91475c8ec_mp4-0005_jpg.rf.f1a263c6281ebfe8bf510de2d85fbf15.jpg,test,sand,26,0.12761019483024683,0.12635958144721565,False,False
bbf45eda-4ffb-4bf1-9b29-a4e91475c8ec_mp4-0005_jpg.rf.f1a263c6281ebfe8bf510de2d85fbf15.jpg,test,sand,8,0.002488124517746826,0.27843988658624147,False,False
bbf45eda-4ffb-4bf1-9b29-a4e91475c8ec_mp4-0005_jpg.rf.f1a263c6281ebfe8bf510de2d85fbf15.jpg,test,sand,7,0.0019425757137350175,0.27573162427771125,False,False
bbf45eda-4ffb-4bf1-9b29-a4e91475c8ec_mp4-0006_jpg.rf.667665cdb383d9ed3f5a97dc0e370f91.jpg,test,sand,22,0.0865523726851849,0.12982571063308165,False,False
bbf45eda-4ffb-4bf1-9b29-a4e91475c8ec_mp4-0006_jpg.rf.667665cdb383d9ed3f5a97dc0e370f91.jpg,test,sand,26,0.19369243103780853,0.10256390306166666,False,False
bbf45eda-4ffb-4bf1-9b29-a4e91475c8ec_mp4-0007_jpg.rf.eb989daf8b22bd32af61a8d0ba684f39.jpg,test,sand,7,0.0052686149691359985,0.16742770563222584,False,False
bbf45eda-4ffb-4bf1-9b29-a4e91475c8ec_mp4-0007_jpg.rf.eb989daf8b22bd32af61a8d0ba684f39.jpg,test,sand,16,0.036316671489197594,0.14576205431927694,False,False
bbf45eda-4ffb-4bf1-9b29-a4e91475c8ec_mp4-0007_jpg.rf.eb989daf8b22bd32af61a8d0ba684f39.jpg,test,sand,20,0.08425865644290109,0.11961902201352738,False,False
bbf45eda-4ffb-4bf1-9b29-a4e91475c8ec_mp4-0007_jpg.rf.eb989daf8b22bd32af61a8d0ba684f39.jpg,test,sand,21,0.15823175877700635,0.09165369615595717,False,False
bbf45eda-4ffb-4bf1-9b29-a4e91475c8ec_mp4-0009_jpg.rf.1886859faf4f712c7cd8e95ba7bc4042.jpg,test,sand,20,0.11339427806712932,0.10311264849397142,False,False
bbf45eda-4ffb-4bf1-9b29-a4e91475c8ec_mp4-0009_jpg.rf.1886859faf4f712c7cd8e95ba7bc4042.jpg,test,sand,30,0.1822575125988628,0.12199893848141645,False,False
bbf45eda-4ffb-4bf1-9b29-a4e91475c8ec_mp4-0010_jpg.rf.f5480140c6582d3d460b95ef75fb73a9.jpg,test,sand,46,0.1801305700231497,0.1881662095868063,False,False
bbf45eda-4ffb-4bf1-9b29-a4e91475c8ec_mp4-0010_jpg.rf.f5480140c6582d3d460b95ef75fb73a9.jpg,test,sand,36,0.10459315923996937,0.19325394884079725,False,False
bbf45eda-4ffb-4bf1-9b29-a4e91475c8ec_mp4-0011_jpg.rf.0eb047f5a787b55124c9220e74e3f882.jpg,test,sand,21,0.04316315827546313,0.1754850823875568,False,False
bbf45eda-4ffb-4bf1-9b29-a4e91475c8ec_mp4-0011_jpg.rf.0eb047f5a787b55124c9220e74e3f882.jpg,test,sand,49,0.14160156249999822,0.22606825071296022,False,False
bbf45eda-4ffb-4bf1-9b29-a4e91475c8ec_mp4-0011_jpg.rf.0eb047f5a787b55124c9220e74e3f882.jpg,test,sand,47,0.11562017746913611,0.2399708880501433,False,False
bbf45eda-4ffb-4bf1-9b29-a4e91475c8ec_mp4-0014_jpg.rf.7069e414c47281e1135e8b1e5dd2544a.jpg,test,sand,17,0.041742018711419804,0.14445737330687622,False,False
bbf45eda-4ffb-4bf1-9b29-a4e91475c8ec_mp4-0014_jpg.rf.7069e414c47281e1135e8b1e5dd2544a.jpg,test,sand,25,0.14149908371913567,0.1153827037343541,False,False
bbf45eda-4ffb-4bf1-9b29-a4e91475c8ec_mp4-0014_jpg.rf.7069e414c47281e1135e8b1e5dd2544a.jpg,test,sand,13,0.1318705994405862,0.06215082225185356,True,False
bbf45eda-4ffb-4bf1-9b29-a4e91475c8ec_mp4-0015_jpg.rf.d44f6326221a985a6ed87476023a7f18.jpg,test,sand,21,0.04169831452546302,0.1785408347268713,False,False
bbf45eda-4ffb-4bf1-9b29-a4e91475c8ec_mp4-0015_jpg.rf.d44f6326221a985a6ed87476023a7f18.jpg,test,sand,43,0.12972457320601904,0.2072692361436754,False,False
bbf45eda-4ffb-4bf1-9b29-a4e91475c8ec_mp4-0015_jpg.rf.d44f6326221a985a6ed87476023a7f18.jpg,test,sand,21,0.151098934220679,0.09379206781917761,False,False
bbf45eda-4ffb-4bf1-9b29-a4e91475c8ec_mp4-0016_jpg.rf.7c6d1e09a36ca405400b41be1c1a0fbe.jpg,test,sand,21,0.04165461033950635,0.17863447305551194,False,False
bbf45eda-4ffb-4bf1-9b29-a4e91475c8ec_mp4-0016_jpg.rf.7c6d1e09a36ca405400b41be1c1a0fbe.jpg,test,sand,43,0.17044180410879495,0.18082476564075242,False,False
bbf45eda-4ffb-4bf1-9b29-a4e91475c8ec_mp4-0016_jpg.rf.7c6d1e09a36ca405400b41be1c1a0fbe.jpg,test,sand,15,0.13086238908179038,0.07198820641831143,True,False
bbf45eda-4ffb-4bf1-9b29-a4e91475c8ec_mp4-0017_jpg.rf.4b1e479cf86297cec8c9d55f247c3e16.jpg,test,sand,15,0.04255883487654322,0.12623329272673892,False,False
bbf45eda-4ffb-4bf1-9b29-a4e91475c8ec_mp4-0017_jpg.rf.4b1e479cf86297cec8c9d55f247c3e16.jpg,test,sand,19,0.11438892505787024,0.09753020298915412,False,False
bbf45eda-4ffb-4bf1-9b29-a4e91475c8ec_mp4-0017_jpg.rf.4b1e479cf86297cec8c9d55f247c3e16.jpg,test,sand,25,0.18624764901620416,0.10057085112399358,False,False
bbf45eda-4ffb-4bf1-9b29-a4e91475c8ec_mp4-0018_jpg.rf.c863fb52f0a3d2f87e701f8350bf6740.jpg,test,sand,22,0.04380515769675908,0.18248937061007375,False,False
bbf45eda-4ffb-4bf1-9b29-a4e91475c8ec_mp4-0018_jpg.rf.c863fb52f0a3d2f87e701f8350bf6740.jpg,test,sand,18,0.17223668981481488,0.07529864940533763,False,False
bbf45eda-4ffb-4bf1-9b29-a4e91475c8ec_mp4-0018_jpg.rf.c863fb52f0a3d2f87e701f8350bf6740.jpg,test,sand,15,0.12356077594521553,0.07408468901037163,False,False
bbf45eda-4ffb-4bf1-9b29-a4e91475c8ec_mp4-0019_jpg.rf.086c2910862bd82b5fef41220e95b434.jpg,test,sand,29,0.1856719593942895,0.11684290719200947,False,False
bbf45eda-4ffb-4bf1-9b29-a4e91475c8ec_mp4-0019_jpg.rf.086c2910862bd82b5fef41220e95b434.jpg,test,sand,9,0.004210672260802628,0.24079324884649053,False,False
bbf45eda-4ffb-4bf1-9b29-a4e91475c8ec_mp4-0019_jpg.rf.086c2910862bd82b5fef41220e95b434.jpg,test,sand,21,0.1557119864004628,0.09239230219405847,False,False
bbf45eda-4ffb-4bf1-9b29-a4e91475c8ec_mp4-0020_jpg.rf.3a1e3f8425b9ebb8cc28870b7d51dac1.jpg,test,sand,18,0.04227701822916663,0.15198399186257472,False,False
bbf45eda-4ffb-4bf1-9b29-a4e91475c8ec_mp4-0020_jpg.rf.3a1e3f8425b9ebb8cc28870b7d51dac1.jpg,test,sand,22,0.12351405767746826,0.10867809139038331,False,False
bbf45eda-4ffb-4bf1-9b29-a4e91475c8ec_mp4-0020_jpg.rf.3a1e3f8425b9ebb8cc28870b7d51dac1.jpg,test,sand,26,0.15768168885030853,0.11367376201607783,False,False
bbf45eda-4ffb-4bf1-9b29-a4e91475c8ec_mp4-0024_jpg.rf.5bf15d578871f14886086b027afd7593.jpg,test,sand,7,0.0024338710455246992,0.246335370077225,False,False
bbf45eda-4ffb-4bf1-9b29-a4e91475c8ec_mp4-0024_jpg.rf.5bf15d578871f14886086b027afd7593.jpg,test,sand,38,0.1261754918981488,0.1857263868299117,False,False
bbf45eda-4ffb-4bf1-9b29-a4e91475c8ec_mp4-0024_jpg.rf.5bf15d578871f14886086b027afd7593.jpg,test,sand,5,0.0072021484375,0.10228606865536927,False,False
bbf45eda-4ffb-4bf1-9b29-a4e91475c8ec_mp4-0024_jpg.rf.5bf15d578871f14886086b027afd7593.jpg,test,sand,30,0.1486997251157407,0.13506526917856831,False,False
bbf45eda-4ffb-4bf1-9b29-a4e91475c8ec_mp4-0026_jpg.rf.8fd3bebdab2ba1b58d35905abcd08d48.jpg,test,sand,51,0.07029290846836389,0.33395806502391967,False,False
bbf45eda-4ffb-4bf1-9b29-a4e91475c8ec_mp4-0026_jpg.rf.8fd3bebdab2ba1b58d35905abcd08d48.jpg,test,sand,41,0.09595630787037068,0.22978655210888985,False,False
bbf45eda-4ffb-4bf1-9b29-a4e91475c8ec_mp4-0026_jpg.rf.8fd3bebdab2ba1b58d35905abcd08d48.jpg,test,sand,8,0.003764588155864196,0.22636473398971715,False,False
bbf45eda-4ffb-4bf1-9b29-a4e91475c8ec_mp4-0026_jpg.rf.8fd3bebdab2ba1b58d35905abcd08d48.jpg,test,sand,16,0.009269808545524949,0.288510827882131,False,False
bbf45eda-4ffb-4bf1-9b29-a4e91475c8ec_mp4-0026_jpg.rf.8fd3bebdab2ba1b58d35905abcd08d48.jpg,test,sand,9,0.004365897472993652,0.23647392489591854,False,False
bbf45eda-4ffb-4bf1-9b29-a4e91475c8ec_mp4-0026_jpg.rf.8fd3bebdab2ba1b58d35905abcd08d48.jpg,test,sand,28,0.016208224826389284,0.38182804320696756,False,False
bbf45eda-4ffb-4bf1-9b29-a4e91475c8ec_mp4-0026_jpg.rf.8fd3bebdab2ba1b58d35905abcd08d48.jpg,test,sand,14,0.003820348668980955,0.393236707952454,False,False
bbf45eda-4ffb-4bf1-9b29-a4e91475c8ec_mp4-0027_jpg.rf.5555ddfde94ed3ca48999e6337b2a237.jpg,test,sand,38,0.10799605758101638,0.2007507434564373,False,False
bbf45eda-4ffb-4bf1-9b29-a4e91475c8ec_mp4-0027_jpg.rf.5555ddfde94ed3ca48999e6337b2a237.jpg,test,sand,8,0.005738811728395077,0.18333969940564204,False,False
bbf45eda-4ffb-4bf1-9b29-a4e91475c8ec_mp4-0027_jpg.rf.5555ddfde94ed3ca48999e6337b2a237.jpg,test,sand,39,0.06949266975308666,0.2568458927647428,False,False
bbf45eda-4ffb-4bf1-9b29-a4e91475c8ec_mp4-0027_jpg.rf.5555ddfde94ed3ca48999e6337b2a237.jpg,test,sand,51,0.023096908757715084,0.5826003796781826,False,True
bbf45eda-4ffb-4bf1-9b29-a4e91475c8ec_mp4-0027_jpg.rf.5555ddfde94ed3ca48999e6337b2a237.jpg,test,sand,12,0.005589614679783139,0.2786556333261067,False,False
bbf45eda-4ffb-4bf1-9b29-a4e91475c8ec_mp4-0030_jpg.rf.526ff9e7bae3a4c5c1f9e72fca6fdce6.jpg,test,sand,11,0.009330090181326689,0.19770938308923722,False,False
bbf45eda-4ffb-4bf1-9b29-a4e91475c8ec_mp4-0030_jpg.rf.526ff9e7bae3a4c5c1f9e72fca6fdce6.jpg,test,sand,8,0.003279320987654308,0.24253562503633344,False,False
bbf45eda-4ffb-4bf1-9b29-a4e91475c8ec_mp4-0030_jpg.rf.526ff9e7bae3a4c5c1f9e72fca6fdce6.jpg,test,sand,26,0.02600700472608075,0.279901803160342,False,False
bbf45eda-4ffb-4bf1-9b29-a4e91475c8ec_mp4-0030_jpg.rf.526ff9e7bae3a4c5c1f9e72fca6fdce6.jpg,test,sand,8,0.003984616126542662,0.22002612965445195,False,False
bbf45eda-4ffb-4bf1-9b29-a4e91475c8ec_mp4-0030_jpg.rf.526ff9e7bae3a4c5c1f9e72fca6fdce6.jpg,test,sand,11,0.0047607421875,0.27677883056867897,False,False
bbf45eda-4ffb-4bf1-9b29-a4e91475c8ec_mp4-0030_jpg.rf.526ff9e7bae3a4c5c1f9e72fca6fdce6.jpg,test,sand,30,0.03128767602237659,0.294450379456608,False,False
bbf45eda-4ffb-4bf1-9b29-a4e91475c8ec_mp4-0030_jpg.rf.526ff9e7bae3a4c5c1f9e72fca6fdce6.jpg,test,sand,6,0.001223717206790098,0.29777500019128217,False,False
bbf45eda-4ffb-4bf1-9b29-a4e91475c8ec_mp4-0031_jpg.rf.584eb2ade757b1c12ddb72aa3a3f3566.jpg,test,sand,21,0.03906852816358075,0.18445196498749578,False,False
bbf45eda-4ffb-4bf1-9b29-a4e91475c8ec_mp4-0031_jpg.rf.584eb2ade757b1c12ddb72aa3a3f3566.jpg,test,sand,6,0.0022093219521604757,0.22161505654593627,False,False
bbf45eda-4ffb-4bf1-9b29-a4e91475c8ec_mp4-0031_jpg.rf.584eb2ade757b1c12ddb72aa3a3f3566.jpg,test,sand,18,0.013521170910493652,0.268746533119508,False,False
bbf45eda-4ffb-4bf1-9b29-a4e91475c8ec_mp4-0031_jpg.rf.584eb2ade757b1c12ddb72aa3a3f3566.jpg,test,sand,12,0.0032687717013892836,0.36439001493939954,False,False
bbf45eda-4ffb-4bf1-9b29-a4e91475c8ec_mp4-0031_jpg.rf.584eb2ade757b1c12ddb72aa3a3f3566.jpg,test,sand,32,0.03337794174382713,0.3040869052515381,False,False
bbf45eda-4ffb-4bf1-9b29-a4e91475c8ec_mp4-0031_jpg.rf.584eb2ade757b1c12ddb72aa3a3f3566.jpg,test,sand,5,0.0013864776234567833,0.23312620206007903,False,False
bbf45eda-4ffb-4bf1-9b29-a4e91475c8ec_mp4-0032_jpg.rf.1c2a92369ddbfedfacd9a7f2fa19f846.jpg,test,sand,33,0.04541769145447461,0.2688307407087516,False,False
bbf45eda-4ffb-4bf1-9b29-a4e91475c8ec_mp4-0032_jpg.rf.1c2a92369ddbfedfacd9a7f2fa19f846.jpg,test,sand,15,0.01760223765432123,0.1962839709713288,False,False
bbf45eda-4ffb-4bf1-9b29-a4e91475c8ec_mp4-0032_jpg.rf.1c2a92369ddbfedfacd9a7f2fa19f846.jpg,test,sand,12,0.005155586902006348,0.29014808383387125,False,False
bbf45eda-4ffb-4bf1-9b29-a4e91475c8ec_mp4-0032_jpg.rf.1c2a92369ddbfedfacd9a7f2fa19f846.jpg,test,sand,42,0.031254521122685563,0.4124491210419581,False,True
bbf45eda-4ffb-4bf1-9b29-a4e91475c8ec_mp4-0032_jpg.rf.1c2a92369ddbfedfacd9a7f2fa19f846.jpg,test,sand,7,0.002524293499228447,0.24188315916277833,False,False
bbf45eda-4ffb-4bf1-9b29-a4e91475c8ec_mp4-0032_jpg.rf.1c2a92369ddbfedfacd9a7f2fa19f846.jpg,test,sand,7,0.0011182243441358042,0.3634218921558152,False,False
bbf45eda-4ffb-4bf1-9b29-a4e91475c8ec_mp4-0033_jpg.rf.48ee2f87714b0470410fa52c2fd5dead.jpg,test,sand,7,0.001042872299382741,0.3763223313993247,False,False
bbf45eda-4ffb-4bf1-9b29-a4e91475c8ec_mp4-0033_jpg.rf.48ee2f87714b0470410fa52c2fd5dead.jpg,test,sand,40,0.032025372540508634,0.38805243476222917,False,False
bbf45eda-4ffb-4bf1-9b29-a4e91475c8ec_mp4-0033_jpg.rf.48ee2f87714b0470410fa52c2fd5dead.jpg,test,sand,9,0.008813175154321229,0.16643851232744228,False,False
bbf45eda-4ffb-4bf1-9b29-a4e91475c8ec_mp4-0033_jpg.rf.48ee2f87714b0470410fa52c2fd5dead.jpg,test,sand,8,0.004329728491512336,0.21107518171385728,False,False
bbf45eda-4ffb-4bf1-9b29-a4e91475c8ec_mp4-0033_jpg.rf.48ee2f87714b0470410fa52c2fd5dead.jpg,test,sand,12,0.020676601080246826,0.14488358652488886,False,False
bbf45eda-4ffb-4bf1-9b29-a4e91475c8ec_mp4-0033_jpg.rf.48ee2f87714b0470410fa52c2fd5dead.jpg,test,sand,10,0.005019953221450102,0.2450347514549734,False,False
bbf45eda-4ffb-4bf1-9b29-a4e91475c8ec_mp4-0035_jpg.rf.013bc61d6ca4f7d1a91b387696b23869.jpg,test,sand,8,0.008448471257716056,0.15110486184173008,False,False
bbf45eda-4ffb-4bf1-9b29-a4e91475c8ec_mp4-0035_jpg.rf.013bc61d6ca4f7d1a91b387696b23869.jpg,test,sand,35,0.03453836323302362,0.32696004512124177,False,False
bbf45eda-4ffb-4bf1-9b29-a4e91475c8ec_mp4-0035_jpg.rf.013bc61d6ca4f7d1a91b387696b23869.jpg,test,sand,12,0.01802722318672867,0.1551652068963865,False,False
bbf45eda-4ffb-4bf1-9b29-a4e91475c8ec_mp4-0035_jpg.rf.013bc61d6ca4f7d1a91b387696b23869.jpg,test,sand,12,0.005452473958333037,0.282138246343447,False,False
bbf45eda-4ffb-4bf1-9b29-a4e91475c8ec_mp4-0035_jpg.rf.013bc61d6ca4f7d1a91b387696b23869.jpg,test,sand,43,0.03374264564043239,0.4064025334628228,False,True
c6f16e4e-55cb-4abc-91ea-0d01ae0d6d28_jpg.rf.c194075dea18c914988161f0f09163d6.jpg,valid,gravel,63,0.05113813989839766,0.2176922439516456,False,False
c6f16e4e-55cb-4abc-91ea-0d01ae0d6d28_jpg.rf.c194075dea18c914988161f0f09163d6.jpg,valid,gravel,13,0.005223903380226602,0.1405467005017048,False,False
c6f16e4e-55cb-4abc-91ea-0d01ae0d6d28_jpg.rf.c194075dea18c914988161f0f09163d6.jpg,valid,gravel,15,0.002055246189917981,0.2585438449975068,False,False
c6f16e4e-55cb-4abc-91ea-0d01ae0d6d28_jpg.rf.c194075dea18c914988161f0f09163d6.jpg,valid,gravel,8,0.002379774814380564,0.12814360129526134,False,False
c6f16e4e-55cb-4abc-91ea-0d01ae0d6d28_jpg.rf.c194075dea18c914988161f0f09163d6.jpg,valid,gravel,16,0.01586282483391943,0.09926692946630106,False,False
d56fcb3c-0531-4696-8b67-2645d89e4a7f_mp4-0000_jpg.rf.c741e272b0956f5de1ca80073b54ff44.jpg,train,gravel,11,0.003320011091821007,0.3314365765375151,False,False
d56fcb3c-0531-4696-8b67-2645d89e4a7f_mp4-0000_jpg.rf.c741e272b0956f5de1ca80073b54ff44.jpg,train,gravel,13,0.06357753423996915,0.08950947887379562,False,False
d56fcb3c-0531-4696-8b67-2645d89e4a7f_mp4-0000_jpg.rf.c741e272b0956f5de1ca80073b54ff44.jpg,train,gravel,12,0.018547152295524616,0.15297488788701016,False,False
d56fcb3c-0531-4696-8b67-2645d89e4a7f_mp4-0000_jpg.rf.c741e272b0956f5de1ca80073b54ff44.jpg,train,gravel,18,0.016383041570216417,0.24414776617165834,False,False
d56fcb3c-0531-4696-8b67-2645d89e4a7f_mp4-0001_jpg.rf.f1b41e917b3bb2dde3eeb85146a2be42.jpg,train,gravel,7,0.0029221522955246715,0.22481440399913818,False,False
d56fcb3c-0531-4696-8b67-2645d89e4a7f_mp4-0001_jpg.rf.f1b41e917b3bb2dde3eeb85146a2be42.jpg,train,gravel,16,0.06362274546682078,0.11012636291459661,False,False
d56fcb3c-0531-4696-8b67-2645d89e4a7f_mp4-0001_jpg.rf.f1b41e917b3bb2dde3eeb85146a2be42.jpg,train,gravel,14,0.021654670621142014,0.16516946464026294,False,False
d56fcb3c-0531-4696-8b67-2645d89e4a7f_mp4-0001_jpg.rf.f1b41e917b3bb2dde3eeb85146a2be42.jpg,train,gravel,26,0.014090832368827133,0.3802616605461083,False,False
d56fcb3c-0531-4696-8b67-2645d89e4a7f_mp4-0002_jpg.rf.84f3e76c87ed4f03b4154620d447ebed.jpg,train,gravel,17,0.06287826726466061,0.11769991664588515,False,False
d56fcb3c-0531-4696-8b67-2645d89e4a7f_mp4-0002_jpg.rf.84f3e76c87ed4f03b4154620d447ebed.jpg,train,gravel,12,0.024192527488425597,0.13394241992635544,False,False
d56fcb3c-0531-4696-8b67-2645d89e4a7f_mp4-0002_jpg.rf.84f3e76c87ed4f03b4154620d447ebed.jpg,train,gravel,6,0.0028663917824074403,0.19456333053765534,False,False
d56fcb3c-0531-4696-8b67-2645d89e4a7f_mp4-0002_jpg.rf.84f3e76c87ed4f03b4154620d447ebed.jpg,train,gravel,21,0.011762454185957338,0.33616139621456753,False,False
d56fcb3c-0531-4696-8b67-2645d89e4a7f_mp4-0004_jpg.rf.3dd4d909169d9a84f4042a97eb56b261.jpg,train,gravel,8,0.003573193962191412,0.23234814408349813,False,False
d56fcb3c-0531-4696-8b67-2645d89e4a7f_mp4-0004_jpg.rf.3dd4d909169d9a84f4042a97eb56b261.jpg,train,gravel,16,0.06579439139660481,0.10829366758390876,False,False
d56fcb3c-0531-4696-8b67-2645d89e4a7f_mp4-0004_jpg.rf.3dd4d909169d9a84f4042a97eb56b261.jpg,train,gravel,14,0.029556086033950768,0.14137808385435807,False,False
d56fcb3c-0531-4696-8b67-2645d89e4a7f_mp4-0004_jpg.rf.3dd4d909169d9a84f4042a97eb56b261.jpg,train,gravel,12,0.011516806520061706,0.1941300324797773,False,False
d56fcb3c-0531-4696-8b67-2645d89e4a7f_mp4-0005_jpg.rf.21137629b1f2288b2791f53fddf9ff80.jpg,train,gravel,9,0.0033139829282408106,0.2714219039277884,False,False
d56fcb3c-0531-4696-8b67-2645d89e4a7f_mp4-0005_jpg.rf.21137629b1f2288b2791f53fddf9ff80.jpg,train,gravel,12,0.0662163628472221,0.08096104433943883,False,False
d56fcb3c-0531-4696-8b67-2645d89e4a7f_mp4-0005_jpg.rf.21137629b1f2288b2791f53fddf9ff80.jpg,train,gravel,14,0.03207736545138884,0.13570823627720466,False,False
d56fcb3c-0531-4696-8b67-2645d89e4a7f_mp4-0005_jpg.rf.21137629b1f2288b2791f53fddf9ff80.jpg,train,gravel,18,0.01374572000385843,0.2665423823229369,False,False
d56fcb3c-0531-4696-8b67-2645d89e4a7f_mp4-0006_jpg.rf.44a720a4eb1d71cc65ca050a4b1abcf5.jpg,train,gravel,18,0.022584514853394744,0.20794315970273372,False,False
d56fcb3c-0531-4696-8b67-2645d89e4a7f_mp4-0006_jpg.rf.44a720a4eb1d71cc65ca050a4b1abcf5.jpg,train,gravel,13,0.06527446228780831,0.08833833662793794,False,False
d56fcb3c-0531-4696-8b67-2645d89e4a7f_mp4-0006_jpg.rf.44a720a4eb1d71cc65ca050a4b1abcf5.jpg,train,gravel,14,0.0348397714120372,0.13021706541357864,False,False
d56fcb3c-0531-4696-8b67-2645d89e4a7f_mp4-0006_jpg.rf.44a720a4eb1d71cc65ca050a4b1abcf5.jpg,train,gravel,6,0.0031888985339506015,0.18446263857040415,False,False
d56fcb3c-0531-4696-8b67-2645d89e4a7f_mp4-0006_jpg.rf.44a720a4eb1d71cc65ca050a4b1abcf5.jpg,train,gravel,15,0.011589144483024949,0.24190402077389841,False,False
d56fcb3c-0531-4696-8b67-2645d89e4a7f_mp4-0007_jpg.rf.d21e422a17411b466d573dbb817d4dc5.jpg,train,gravel,21,0.021600417148920137,0.24806514224698611,False,False
d56fcb3c-0531-4696-8b67-2645d89e4a7f_mp4-0007_jpg.rf.d21e422a17411b466d573dbb817d4dc5.jpg,train,gravel,15,0.06661723572530853,0.10089635375686157,False,False
d56fcb3c-0531-4696-8b67-2645d89e4a7f_mp4-0007_jpg.rf.d21e422a17411b466d573dbb817d4dc5.jpg,train,gravel,16,0.03834213445216039,0.14185980428580525,False,False
d56fcb3c-0531-4696-8b67-2645d89e4a7f_mp4-0007_jpg.rf.d21e422a17411b466d573dbb817d4dc5.jpg,train,gravel,18,0.010687934027777457,0.3022756331159316,False,False
d56fcb3c-0531-4696-8b67-2645d89e4a7f_mp4-0008_jpg.rf.fb8c252f7948caccf9a53fbe2265b821.jpg,train,gravel,15,0.04131854021990722,0.12811391145348433,False,False
d56fcb3c-0531-4696-8b67-2645d89e4a7f_mp4-0008_jpg.rf.fb8c252f7948caccf9a53fbe2265b821.jpg,train,gravel,21,0.023895640432099352,0.23585086532824803,False,False
d56fcb3c-0531-4696-8b67-2645d89e4a7f_mp4-0008_jpg.rf.fb8c252f7948caccf9a53fbe2265b821.jpg,train,gravel,18,0.0655517578125,0.12205563953947068,False,False
d56fcb3c-0531-4696-8b67-2645d89e4a7f_mp4-0008_jpg.rf.fb8c252f7948caccf9a53fbe2265b821.jpg,train,gravel,14,0.011129497010031297,0.23039220629261115,False,False
d56fcb3c-0531-4696-8b67-2645d89e4a7f_mp4-0009_jpg.rf.aa5c17da55f9b0a14b849822c2639066.jpg,train,gravel,24,0.022224332079475495,0.27949522936405896,False,False
d56fcb3c-0531-4696-8b67-2645d89e4a7f_mp4-0009_jpg.rf.aa5c17da55f9b0a14b849822c2639066.jpg,train,gravel,11,0.06393168885030875,0.07552871799831189,False,False
d56fcb3c-0531-4696-8b67-2645d89e4a7f_mp4-0009_jpg.rf.aa5c17da55f9b0a14b849822c2639066.jpg,train,gravel,13,0.044395917727623635,0.10711476761424459,False,False
d56fcb3c-0531-4696-8b67-2645d89e4a7f_mp4-0009_jpg.rf.aa5c17da55f9b0a14b849822c2639066.jpg,train,gravel,20,0.015447169174382935,0.2793721183078293,False,False
d56fcb3c-0531-4696-8b67-2645d89e4a7f_mp4-0010_jpg.rf.2630dbf2c94b7c9f308d0239f72082dd.jpg,train,gravel,24,0.022262008101852082,0.27925862160669745,False,False
d56fcb3c-0531-4696-8b67-2645d89e4a7f_mp4-0010_jpg.rf.2630dbf2c94b7c9f308d0239f72082dd.jpg,train,gravel,13,0.04694432388117309,0.10416680042795022,False,False
d56fcb3c-0531-4696-8b67-2645d89e4a7f_mp4-0010_jpg.rf.2630dbf2c94b7c9f308d0239f72082dd.jpg,train,gravel,15,0.06464904031635799,0.10242069875653946,False,False
d56fcb3c-0531-4696-8b67-2645d89e4a7f_mp4-0010_jpg.rf.2630dbf2c94b7c9f308d0239f72082dd.jpg,train,gravel,18,0.01045886381172867,0.30556792685926576,False,False
d56fcb3c-0531-4696-8b67-2645d89e4a7f_mp4-0015_jpg.rf.f4a646c344a6f16203073ea8fb162b22.jpg,train,gravel,10,0.0012719425154321673,0.4867923835112224,False,True
d56fcb3c-0531-4696-8b67-2645d89e4a7f_mp4-0015_jpg.rf.f4a646c344a6f16203073ea8fb162b22.jpg,train,gravel,30,0.08862455391589563,0.1749531394885086,False,False
d56fcb3c-0531-4696-8b67-2645d89e4a7f_mp4-0015_jpg.rf.f4a646c344a6f16203073ea8fb162b22.jpg,train,gravel,12,0.05793818721064825,0.08655184125786576,False,False
d56fcb3c-0531-4696-8b67-2645d89e4a7f_mp4-0016_jpg.rf.0cca3f3848400dde7344a1d24f195a94.jpg,train,gravel,8,0.0028814621913582084,0.2587384909412521,False,False
d56fcb3c-0531-4696-8b67-2645d89e4a7f_mp4-0016_jpg.rf.0cca3f3848400dde7344a1d24f195a94.jpg,train,gravel,13,0.06250904224537024,0.09027124797575292,False,False
d56fcb3c-0531-4696-8b67-2645d89e4a7f_mp4-0016_jpg.rf.0cca3f3848400dde7344a1d24f195a94.jpg,train,gravel,19,0.06266878858024683,0.13176663877870065,False,False
d56fcb3c-0531-4696-8b67-2645d89e4a7f_mp4-0016_jpg.rf.0cca3f3848400dde7344a1d24f195a94.jpg,train,gravel,7,0.0015010127314813992,0.3136775004637632,False,False
d56fcb3c-0531-4696-8b67-2645d89e4a7f_mp4-0016_jpg.rf.0cca3f3848400dde7344a1d24f195a94.jpg,train,gravel,11,0.00908293547453698,0.20038125267704981,False,False
d56fcb3c-0531-4696-8b67-2645d89e4a7f_mp4-0019_jpg.rf.97300d5d87bca1e1df91a7bd4076494a.jpg,train,gravel,19,0.03366427951388884,0.179782102671159,False,False
d56fcb3c-0531-4696-8b67-2645d89e4a7f_mp4-0019_jpg.rf.97300d5d87bca1e1df91a7bd4076494a.jpg,train,gravel,25,0.08767662519290154,0.14658030223956034,False,False
d56fcb3c-0531-4696-8b67-2645d89e4a7f_mp4-0019_jpg.rf.97300d5d87bca1e1df91a7bd4076494a.jpg,train,gravel,5,0.0012598861882716084,0.24455799402225892,False,False
d56fcb3c-0531-4696-8b67-2645d89e4a7f_mp4-0019_jpg.rf.97300d5d87bca1e1df91a7bd4076494a.jpg,train,gravel,12,0.07358277874228403,0.07680167122254887,False,False
d56fcb3c-0531-4696-8b67-2645d89e4a7f_mp4-0019_jpg.rf.97300d5d87bca1e1df91a7bd4076494a.jpg,train,gravel,11,0.013816550925925597,0.16246895259853453,False,False
d56fcb3c-0531-4696-8b67-2645d89e4a7f_mp4-0021_jpg.rf.327d40b7c0f16c525ed6104745f546ff.jpg,train,gravel,21,0.03215271749614157,0.20332368349962157,False,False
d56fcb3c-0531-4696-8b67-2645d89e4a7f_mp4-0021_jpg.rf.327d40b7c0f16c525ed6104745f546ff.jpg,train,gravel,8,0.006052276234567888,0.1785287370709809,False,False
d56fcb3c-0531-4696-8b67-2645d89e4a7f_mp4-0021_jpg.rf.327d40b7c0f16c525ed6104745f546ff.jpg,train,gravel,39,0.07687264901620328,0.24420592689196916,False,False
d56fcb3c-0531-4696-8b67-2645d89e4a7f_mp4-0021_jpg.rf.327d40b7c0f16c525ed6104745f546ff.jpg,train,gravel,5,0.003246166087962965,0.15235690883400124,False,False
d56fcb3c-0531-4696-8b67-2645d89e4a7f_mp4-0021_jpg.rf.327d40b7c0f16c525ed6104745f546ff.jpg,train,gravel,13,0.08237636236496926,0.07863566499278954,False,False
d56fcb3c-0531-4696-8b67-2645d89e4a7f_mp4-0021_jpg.rf.327d40b7c0f16c525ed6104745f546ff.jpg,train,gravel,15,0.009776174286264983,0.26338091853296236,False,False
d56fcb3c-0531-4696-8b67-2645d89e4a7f_mp4-0022_jpg.rf.5536baa23f908972c4e96ab2214024b5.jpg,train,gravel,14,0.08421645929783961,0.08375429031390677,False,False
d56fcb3c-0531-4696-8b67-2645d89e4a7f_mp4-0022_jpg.rf.5536baa23f908972c4e96ab2214024b5.jpg,train,gravel,7,0.004718545042438238,0.1769177893372145,False,False
d56fcb3c-0531-4696-8b67-2645d89e4a7f_mp4-0022_jpg.rf.5536baa23f908972c4e96ab2214024b5.jpg,train,gravel,13,0.02848608699845645,0.13372249489003363,False,False
d56fcb3c-0531-4696-8b67-2645d89e4a7f_mp4-0022_jpg.rf.5536baa23f908972c4e96ab2214024b5.jpg,train,gravel,17,0.01044680748456761,0.2887584102736283,False,False
d56fcb3c-0531-4696-8b67-2645d89e4a7f_mp4-0022_jpg.rf.5536baa23f908972c4e96ab2214024b5.jpg,train,gravel,13,0.01825478636188249,0.16704461947505847,False,False
d56fcb3c-0531-4696-8b67-2645d89e4a7f_mp4-0022_jpg.rf.5536baa23f908972c4e96ab2214024b5.jpg,train,gravel,8,0.006584261670524727,0.17116460510764767,False,False
d56fcb3c-0531-4696-8b67-2645d89e4a7f_mp4-0022_jpg.rf.5536baa23f908972c4e96ab2214024b5.jpg,train,gravel,46,0.06458875868055625,0.31423668113832626,False,False
d56fcb3c-0531-4696-8b67-2645d89e4a7f_mp4-0024_jpg.rf.668401bf16689451b0775e7ab5c7b415.jpg,train,gravel,12,0.01965633439428993,0.14859612925539695,False,False
d56fcb3c-0531-4696-8b67-2645d89e4a7f_mp4-0024_jpg.rf.668401bf16689451b0775e7ab5c7b415.jpg,train,gravel,31,0.027191538869598908,0.3263790824133971,False,False
d56fcb3c-0531-4696-8b67-2645d89e4a7f_mp4-0024_jpg.rf.668401bf16689451b0775e7ab5c7b415.jpg,train,gravel,24,0.09286838107638884,0.13672716876946495,False,False
d56fcb3c-0531-4696-8b67-2645d89e4a7f_mp4-0025_jpg.rf.635ccc7c80b4879c28f343e472b10b4a.jpg,train,gravel,16,0.03885603539737659,0.140918579326155,False,False
d56fcb3c-0531-4696-8b67-2645d89e4a7f_mp4-0025_jpg.rf.635ccc7c80b4879c28f343e472b10b4a.jpg,train,gravel,33,0.06563163097993785,0.22363246869866077,False,False
d56fcb3c-0531-4696-8b67-2645d89e4a7f_mp4-0025_jpg.rf.635ccc7c80b4879c28f343e472b10b4a.jpg,train,gravel,15,0.09680627893518512,0.08369837228336265,False,False
d56fcb3c-0531-4696-8b67-2645d89e4a7f_mp4-0025_jpg.rf.635ccc7c80b4879c28f343e472b10b4a.jpg,train,gravel,16,0.013293607735339608,0.2409217834643584,False,False
d56fcb3c-0531-4696-8b67-2645d89e4a7f_mp4-0026_jpg.rf.211cd242bf0424beabdc8b6924fdae5c.jpg,train,gravel,30,0.043512791763117065,0.24968376077933246,False,False
d56fcb3c-0531-4696-8b67-2645d89e4a7f_mp4-0026_jpg.rf.211cd242bf0424beabdc8b6924fdae5c.jpg,train,gravel,25,0.09698712384259256,0.13936717118194258,False,False
d56fcb3c-0531-4696-8b67-2645d89e4a7f_mp4-0026_jpg.rf.211cd242bf0424beabdc8b6924fdae5c.jpg,train,gravel,14,0.013302649980709624,0.21073490230233613,False,False
d56fcb3c-0531-4696-8b67-2645d89e4a7f_mp4-0027_jpg.rf.bf2ff9f4dd8a1bac28c4442b04ff528e.jpg,train,gravel,18,0.048611111111110716,0.1417366773784608,False,False
d56fcb3c-0531-4696-8b67-2645d89e4a7f_mp4-0027_jpg.rf.bf2ff9f4dd8a1bac28c4442b04ff528e.jpg,train,gravel,24,0.09704891251928993,0.13374988634675009,False,False
d56fcb3c-0531-4696-8b67-2645d89e4a7f_mp4-0027_jpg.rf.bf2ff9f4dd8a1bac28c4442b04ff528e.jpg,train,gravel,10,0.01066984953703698,0.16807316136320405,False,False
d56fcb3c-0531-4696-8b67-2645d89e4a7f_mp4-0030_jpg.rf.c2216714b2e16c5daef43bc57df21aea.jpg,train,gravel,8,0.00275336371527779,0.26468888905891413,False,False
d56fcb3c-0531-4696-8b67-2645d89e4a7f_mp4-0030_jpg.rf.c2216714b2e16c5daef43bc57df21aea.jpg,train,gravel,49,0.03936240113811795,0.4287783070023026,False,True
d56fcb3c-0531-4696-8b67-2645d89e4a7f_mp4-0030_jpg.rf.c2216714b2e16c5daef43bc57df21aea.jpg,train,gravel,27,0.10572645399305625,0.14416155145716694,False,False
d56fcb3c-0531-4696-8b67-2645d89e4a7f_mp4-0031_jpg.rf.91a7896e4ae4095de4b7508497540ca6.jpg,train,gravel,10,0.0016004774305556912,0.4339630366027278,False,True
d56fcb3c-0531-4696-8b67-2645d89e4a7f_mp4-0031_jpg.rf.91a7896e4ae4095de4b7508497540ca6.jpg,train,gravel,14,0.0019520806206605457,0.5501190410278601,False,True
d56fcb3c-0531-4696-8b67-2645d89e4a7f_mp4-0031_jpg.rf.91a7896e4ae4095de4b7508497540ca6.jpg,train,gravel,34,0.03340808256172778,0.3229465567669197,False,False
d56fcb3c-0531-4696-8b67-2645d89e4a7f_mp4-0031_jpg.rf.91a7896e4ae4095de4b7508497540ca6.jpg,train,gravel,25,0.10452835648148096,0.13424572487871753,False,False
d56fcb3c-0531-4696-8b67-2645d89e4a7f_mp4-0033_jpg.rf.cab747a5b7e7cc49375e9aa5252676c5.jpg,train,gravel,31,0.03343370225694464,0.2943384341462064,False,False
d56fcb3c-0531-4696-8b67-2645d89e4a7f_mp4-0033_jpg.rf.cab747a5b7e7cc49375e9aa5252676c5.jpg,train,gravel,14,0.10809853636188249,0.07392573402059043,False,False
d56fcb3c-0531-4696-8b67-2645d89e4a7f_mp4-0034_jpg.rf.11b3cef34d91fded07cacf59549675cb.jpg,train,gravel,34,0.024367344232253174,0.37813975140652706,False,False
d56fcb3c-0531-4696-8b67-2645d89e4a7f_mp4-0034_jpg.rf.11b3cef34d91fded07cacf59549675cb.jpg,train,gravel,20,0.10744749469521597,0.10592765678199527,False,False
d56fcb3c-0531-4696-8b67-2645d89e4a7f_mp4-0035_jpg.rf.e1914345dfdbac3f1a9e958c6a794ad8.jpg,train,gravel,30,0.02465217496141925,0.33171961344485673,False,False
d56fcb3c-0531-4696-8b67-2645d89e4a7f_mp4-0035_jpg.rf.e1914345dfdbac3f1a9e958c6a794ad8.jpg,train,gravel,22,0.1082628038194442,0.1160808453640412,False,False
d56fcb3c-0531-4696-8b67-2645d89e4a7f_mp4-0036_jpg.rf.4500240d37153d091ff432f832acfe26.jpg,train,gravel,27,0.025476526331019045,0.2936778380846511,False,False
d56fcb3c-0531-4696-8b67-2645d89e4a7f_mp4-0036_jpg.rf.4500240d37153d091ff432f832acfe26.jpg,train,gravel,16,0.10855969087577177,0.08430691549662622,False,False
d56fcb3c-0531-4696-8b67-2645d89e4a7f_mp4-0039_jpg.rf.60ff7e1db496856d8246cbe58ad7345f.jpg,train,gravel,23,0.02832332658178993,0.23726475105730685,False,False
d56fcb3c-0531-4696-8b67-2645d89e4a7f_mp4-0039_jpg.rf.60ff7e1db496856d8246cbe58ad7345f.jpg,train,gravel,18,0.11286379967206783,0.09301921885168032,False,False
d56fcb3c-0531-4696-8b67-2645d89e4a7f_mp4-0040_jpg.rf.d980081bd6f94ae902ad287dc8e4bcfe.jpg,train,gravel,20,0.028448410976079863,0.20586309869666,False,False
d56fcb3c-0531-4696-8b67-2645d89e4a7f_mp4-0040_jpg.rf.d980081bd6f94ae902ad287dc8e4bcfe.jpg,train,gravel,18,0.11189175829475317,0.09342238976128195,False,False
d56fcb3c-0531-4696-8b67-2645d89e4a7f_mp4-0041_jpg.rf.f35534eb3db7a14e093d2f3188852923.jpg,train,gravel,28,0.028216326678241366,0.28939119324020346,False,False
d56fcb3c-0531-4696-8b67-2645d89e4a7f_mp4-0041_jpg.rf.f35534eb3db7a14e093d2f3188852923.jpg,train,gravel,17,0.11473403742283939,0.08713252503534698,False,False
d56fcb3c-0531-4696-8b67-2645d89e4a7f_mp4-0043_jpg.rf.1c3c0175bc71e37786f6f1b190ec9456.jpg,train,gravel,31,0.028963818962191468,0.31623599286663817,False,False
d56fcb3c-0531-4696-8b67-2645d89e4a7f_mp4-0043_jpg.rf.1c3c0175bc71e37786f6f1b190ec9456.jpg,train,gravel,18,0.11967713155864201,0.09033258449913772,False,False
d56fcb3c-0531-4696-8b67-2645d89e4a7f_mp4-0044_jpg.rf.4b1999b56ce4ee943f5e306cee159142.jpg,train,gravel,23,0.02703179253472232,0.2428666765052919,False,False
d56fcb3c-0531-4696-8b67-2645d89e4a7f_mp4-0044_jpg.rf.4b1999b56ce4ee943f5e306cee159142.jpg,train,gravel,17,0.1203191309799383,0.08508619342838217,False,False
d56fcb3c-0531-4696-8b67-2645d89e4a7f_mp4-0046_jpg.rf.b441333ec89ad43a3fc17b5524c14571.jpg,train,gravel,33,0.024539146894289487,0.3657309602624344,False,False
d56fcb3c-0531-4696-8b67-2645d89e4a7f_mp4-0046_jpg.rf.b441333ec89ad43a3fc17b5524c14571.jpg,train,gravel,17,0.12131980613425952,0.08473456107076317,False,False
d56fcb3c-0531-4696-8b67-2645d89e4a7f_mp4-0047_jpg.rf.dece17ceb73cc7be75bc00b9649036e8.jpg,train,gravel,18,0.1238365644290127,0.08880257807493365,False,False
d56fcb3c-0531-4696-8b67-2645d89e4a7f_mp4-0047_jpg.rf.dece17ceb73cc7be75bc00b9649036e8.jpg,train,gravel,11,0.034161603009258634,0.10332396913347096,False,False
d56fcb3c-0531-4696-8b67-2645d89e4a7f_mp4-0048_jpg.rf.2992a85e8ae502bc121efd5905003820.jpg,train,gravel,25,0.02638677903163611,0.26719254408967025,False,False
d56fcb3c-0531-4696-8b67-2645d89e4a7f_mp4-0048_jpg.rf.2992a85e8ae502bc121efd5905003820.jpg,train,gravel,16,0.12361201533564836,0.07900728821840886,False,False
d56fcb3c-0531-4696-8b67-2645d89e4a7f_mp4-0049_jpg.rf.0a5b1f40e2565ec0e0f5d55fa8d2bc38.jpg,train,gravel,26,0.025200737847221433,0.28434410980074537,False,False
d56fcb3c-0531-4696-8b67-2645d89e4a7f_mp4-0049_jpg.rf.0a5b1f40e2565ec0e0f5d55fa8d2bc38.jpg,train,gravel,22,0.1252366054205245,0.10792810547281588,False,False
d56fcb3c-0531-4696-8b67-2645d89e4a7f_mp4-0050_jpg.rf.ed5296478b0d842a0a1d1bdb618575db.jpg,train,gravel,50,0.022720148533949214,0.5758931831029162,False,True
d56fcb3c-0531-4696-8b67-2645d89e4a7f_mp4-0050_jpg.rf.ed5296478b0d842a0a1d1bdb618575db.jpg,train,gravel,17,0.12547170380015427,0.08332082093347463,False,False
d56fcb3c-0531-4696-8b67-2645d89e4a7f_mp4-0050_jpg.rf.ed5296478b0d842a0a1d1bdb618575db.jpg,train,gravel,6,0.0064124590084875255,0.13008177849023467,False,False
d56fcb3c-0531-4696-8b67-2645d89e4a7f_mp4-0051_jpg.rf.6471eaff1de1d7562752a54b5a8547ad.jpg,train,gravel,16,0.12837878568672778,0.07752662311776079,False,False
d56fcb3c-0531-4696-8b67-2645d89e4a7f_mp4-0051_jpg.rf.6471eaff1de1d7562752a54b5a8547ad.jpg,train,gravel,19,0.03734447337962932,0.17069387898469365,False,False
d56fcb3c-0531-4696-8b67-2645d89e4a7f_mp4-0052_jpg.rf.d8ac8d950cf38875a8f94ee12b852a23.jpg,train,gravel,34,0.02696246865354901,0.359481551175074,False,False
d56fcb3c-0531-4696-8b67-2645d89e4a7f_mp4-0052_jpg.rf.d8ac8d950cf38875a8f94ee12b852a23.jpg,train,gravel,16,0.1251416618441361,0.07852293791436812,False,False
d56fcb3c-0531-4696-8b67-2645d89e4a7f_mp4-0055_jpg.rf.1dd28261e21c475752a86521d0878ad8.jpg,train,gravel,25,0.02868049527391925,0.25628559813920193,False,False
d56fcb3c-0531-4696-8b67-2645d89e4a7f_mp4-0055_jpg.rf.1dd28261e21c475752a86521d0878ad8.jpg,train,gravel,15,0.12538580246913567,0.07354355067681906,False,False
d56fcb3c-0531-4696-8b67-2645d89e4a7f_mp4-0056_jpg.rf.cbc3f4e3b898f956a919824121e09387.jpg,train,gravel,24,0.029025607638888395,0.24456713620629927,False,False
d56fcb3c-0531-4696-8b67-2645d89e4a7f_mp4-0056_jpg.rf.cbc3f4e3b898f956a919824121e09387.jpg,train,gravel,18,0.12556664737654266,0.08818868611731036,False,False
download_jpg.rf.29620bb57720ad9437179eaf67a17b61.jpg,train,sand,13,0.02854313380281681,0.3609718741245933,False,False
download_jpg.rf.29620bb57720ad9437179eaf67a17b61.jpg,train,sand,5,0.004577464788732395,0.3466876226407682,False,False
download_jpg.rf.29620bb57720ad9437179eaf67a17b61.jpg,train,sand,10,0.0529599471830986,0.20384828732866875,False,False
download_jpg.rf.29620bb57720ad9437179eaf67a17b61.jpg,train,sand,13,0.11126760563380289,0.18282678390047882,False,False
download_jpg.rf.29620bb57720ad9437179eaf67a17b61.jpg,train,sand,6,0.009165933098591539,0.29399757453001535,False,False
download_jpg.rf.e0d0d9731c3fd3cbcb4d1386407c9a6c.jpg,train,gravel,9,0.06586707746478826,0.16450880628040068,False,False
download_jpg.rf.e0d0d9731c3fd3cbcb4d1386407c9a6c.jpg,train,sand,6,0.004819542253521547,0.40544242703967387,False,True
download_jpg.rf.e0d0d9731c3fd3cbcb4d1386407c9a6c.jpg,train,gravel,6,0.026353433098591506,0.1733857851156405,False,False
download_jpg.rf.e0d0d9731c3fd3cbcb4d1386407c9a6c.jpg,train,gravel,19,0.04920774647887338,0.40180718771592233,False,True
e9eebbd1-234c-467a-91b7-690191769c63-1-_mp4-0000_jpg.rf.96a7fd5302a1a14e4e0820543359a4cd.jpg,test,gravel,22,0.03730806327160496,0.15819357184656266,False,False
e9eebbd1-234c-467a-91b7-690191769c63-1-_mp4-0000_jpg.rf.96a7fd5302a1a14e4e0820543359a4cd.jpg,test,gravel,24,0.04458140432098645,0.15787082297289412,False,False
e9eebbd1-234c-467a-91b7-690191769c63-1-_mp4-0001_jpg.rf.bf53b91510757b9d43ace2439132afd3.jpg,test,gravel,27,0.04015914351851846,0.187128116689138,False,False
e9eebbd1-234c-467a-91b7-690191769c63-1-_mp4-0001_jpg.rf.bf53b91510757b9d43ace2439132afd3.jpg,test,gravel,27,0.03838734567901181,0.19139792535225203,False,False
e9eebbd1-234c-467a-91b7-690191769c63-1-_mp4-0002_jpg.rf.b8192d37039a031a660ccc5050a1fc5f.jpg,test,gravel,25,0.020692515432098713,0.24137976956955878,False,False
e9eebbd1-234c-467a-91b7-690191769c63-1-_mp4-0002_jpg.rf.b8192d37039a031a660ccc5050a1fc5f.jpg,test,gravel,29,0.056699459876543123,0.1691515729115358,False,False
f9b12ec3-0036-45f7-8cc3-4d2e6f481cdc_mp4-0000_jpg.rf.743d95f6211d81f88d40d7a330043ce5.jpg,test,gravel,14,0.0034673996913578975,0.330212558508825,False,False
f9b12ec3-0036-45f7-8cc3-4d2e6f481cdc_mp4-0000_jpg.rf.743d95f6211d81f88d40d7a330043ce5.jpg,test,gravel,8,0.0012528935185185386,0.31390657274517764,False,False
f9b12ec3-0036-45f7-8cc3-4d2e6f481cdc_mp4-0000_jpg.rf.743d95f6211d81f88d40d7a330043ce5.jpg,test,gravel,9,0.0015692515432097487,0.31554676403827947,False,False
f9b12ec3-0036-45f7-8cc3-4d2e6f481cdc_mp4-0000_jpg.rf.743d95f6211d81f88d40d7a330043ce5.jpg,test,gravel,11,0.0036747685185183343,0.2520259120952789,False,False
f9b12ec3-0036-45f7-8cc3-4d2e6f481cdc_mp4-0000_jpg.rf.743d95f6211d81f88d40d7a330043ce5.jpg,test,gravel,12,0.007698688271604942,0.18995047423206715,False,False
f9b12ec3-0036-45f7-8cc3-4d2e6f481cdc_mp4-0000_jpg.rf.743d95f6211d81f88d40d7a330043ce5.jpg,test,gravel,12,0.0017775848765433366,0.3953061548343353,False,False
f9b12ec3-0036-45f7-8cc3-4d2e6f481cdc_mp4-0000_jpg.rf.743d95f6211d81f88d40d7a330043ce5.jpg,test,gravel,46,0.019568865740740904,0.4567120901227914,False,True
f9b12ec3-0036-45f7-8cc3-4d2e6f481cdc_mp4-0000_jpg.rf.743d95f6211d81f88d40d7a330043ce5.jpg,test,gravel,7,0.0012741126543212022,0.272371478974314,False,False
f9b12ec3-0036-45f7-8cc3-4d2e6f481cdc_mp4-0000_jpg.rf.743d95f6211d81f88d40d7a330043ce5.jpg,test,gravel,89,0.19096836419753238,0.2828634253636052,False,False
f9b12ec3-0036-45f7-8cc3-4d2e6f481cdc_mp4-0000_jpg.rf.743d95f6211d81f88d40d7a330043ce5.jpg,test,gravel,9,0.0017197145061729202,0.3014267810241153,False,False
f9b12ec3-0036-45f7-8cc3-4d2e6f481cdc_mp4-0002_jpg.rf.71a9f664e2eeabf363c5a65c747dab7a.jpg,test,gravel,8,0.0019328703703707095,0.2527296094426032,False,False
f9b12ec3-0036-45f7-8cc3-4d2e6f481cdc_mp4-0002_jpg.rf.71a9f664e2eeabf363c5a65c747dab7a.jpg,test,gravel,17,0.010925925925925895,0.2258849514674122,False,False
f9b12ec3-0036-45f7-8cc3-4d2e6f481cdc_mp4-0002_jpg.rf.71a9f664e2eeabf363c5a65c747dab7a.jpg,test,gravel,48,0.20377121913580254,0.14768531683685243,False,False
f9b12ec3-0036-45f7-8cc3-4d2e6f481cdc_mp4-0003_jpg.rf.e85916cfc591b3ef40e48db52d81276e.jpg,test,gravel,22,0.012271412037037077,0.2758308991055199,False,False
f9b12ec3-0036-45f7-8cc3-4d2e6f481cdc_mp4-0003_jpg.rf.e85916cfc591b3ef40e48db52d81276e.jpg,test,gravel,53,0.18003086419753078,0.1734881796135593,False,False
f9b12ec3-0036-45f7-8cc3-4d2e6f481cdc_mp4-0004_jpg.rf.c5593864a2d0ed4d8b3014c573533bfb.jpg,test,gravel,9,0.013546730324074163,0.10739715338667694,False,False
f9b12ec3-0036-45f7-8cc3-4d2e6f481cdc_mp4-0004_jpg.rf.c5593864a2d0ed4d8b3014c573533bfb.jpg,test,gravel,53,0.1893451003086426,0.16916726872306306,False,False
f9b12ec3-0036-45f7-8cc3-4d2e6f481cdc_mp4-0006_jpg.rf.0710da59dd48bd0a50ee09446a048b8a.jpg,test,gravel,25,0.020752555941358164,0.24103034124235695,False,False
f9b12ec3-0036-45f7-8cc3-4d2e6f481cdc_mp4-0006_jpg.rf.0710da59dd48bd0a50ee09446a048b8a.jpg,test,gravel,51,0.16711709104938066,0.17327154424031857,False,False
f9b12ec3-0036-45f7-8cc3-4d2e6f481cdc_mp4-0007_jpg.rf.575cd82f3a642c47e574bf96c785344c.jpg,test,gravel,33,0.1764920910493828,0.10909850996221164,False,False
f9b12ec3-0036-45f7-8cc3-4d2e6f481cdc_mp4-0007_jpg.rf.575cd82f3a642c47e574bf96c785344c.jpg,test,gravel,16,0.026377314814814867,0.1368271228501948,False,False
f9b12ec3-0036-45f7-8cc3-4d2e6f481cdc_mp4-0007_jpg.rf.575cd82f3a642c47e574bf96c785344c.jpg,test,gravel,7,0.006010802469135879,0.12540051368250246,False,False
f9b12ec3-0036-45f7-8cc3-4d2e6f481cdc_mp4-0009_jpg.rf.f0d9214f90f9ce93b786de9799f80b13.jpg,test,gravel,17,0.034152199074074074,0.12776358465898208,False,False
f9b12ec3-0036-45f7-8cc3-4d2e6f481cdc_mp4-0009_jpg.rf.f0d9214f90f9ce93b786de9799f80b13.jpg,test,gravel,22,0.15443865740740748,0.0777521085876631,False,False
f9b12ec3-0036-45f7-8cc3-4d2e6f481cdc_mp4-0009_jpg.rf.f0d9214f90f9ce93b786de9799f80b13.jpg,test,gravel,8,0.00771412037036967,0.12650692076029482,False,False
f9b12ec3-0036-45f7-8cc3-4d2e6f481cdc_mp4-0010_jpg.rf.96882cb4ff527d2cdd3945373f3e0602.jpg,test,gravel,29,0.1671884645061743,0.09850592349828295,False,False
f9b12ec3-0036-45f7-8cc3-4d2e6f481cdc_mp4-0010_jpg.rf.96882cb4ff527d2cdd3945373f3e0602.jpg,test,gravel,9,0.006922260802469271,0.1502401588673652,False,False
f9b12ec3-0036-45f7-8cc3-4d2e6f481cdc_mp4-0010_jpg.rf.96882cb4ff527d2cdd3945373f3e0602.jpg,test,gravel,15,0.04144868827160486,0.10233009260324999,False,False
f9b12ec3-0036-45f7-8cc3-4d2e6f481cdc_mp4-0011_jpg.rf.925508396bca82642733a7e20c1caf67.jpg,test,gravel,29,0.15024402006172766,0.10391228710862178,False,False
f9b12ec3-0036-45f7-8cc3-4d2e6f481cdc_mp4-0011_jpg.rf.925508396bca82642733a7e20c1caf67.jpg,test,gravel,10,0.007508680555555536,0.16028234561144855,False,False
f9b12ec3-0036-45f7-8cc3-4d2e6f481cdc_mp4-0011_jpg.rf.925508396bca82642733a7e20c1caf67.jpg,test,gravel,14,0.03863811728395061,0.09892078657680872,False,False
f9b12ec3-0036-45f7-8cc3-4d2e6f481cdc_mp4-0012_jpg.rf.f0c2a08ffe7fbfe689754387f02791c3.jpg,test,gravel,32,0.049944058641975264,0.19887288132595107,False,False
f9b12ec3-0036-45f7-8cc3-4d2e6f481cdc_mp4-0012_jpg.rf.f0c2a08ffe7fbfe689754387f02791c3.jpg,test,gravel,24,0.14926504629629678,0.0862779237262571,False,False
f9b12ec3-0036-45f7-8cc3-4d2e6f481cdc_mp4-0012_jpg.rf.f0c2a08ffe7fbfe689754387f02791c3.jpg,test,gravel,8,0.006303047839506082,0.13995299243608048,False,False
f9b12ec3-0036-45f7-8cc3-4d2e6f481cdc_mp4-0013_jpg.rf.40f6b0bbfad08f6bf396053d7cc01e08.jpg,test,gravel,26,0.052164351851851753,0.1581080359258585,False,False
f9b12ec3-0036-45f7-8cc3-4d2e6f481cdc_mp4-0013_jpg.rf.40f6b0bbfad08f6bf396053d7cc01e08.jpg,test,gravel,26,0.14631172839506146,0.09440636613087781,False,False
f9b12ec3-0036-45f7-8cc3-4d2e6f481cdc_mp4-0013_jpg.rf.40f6b0bbfad08f6bf396053d7cc01e08.jpg,test,gravel,7,0.005488040123456939,0.1312371844944265,False,False
f9b12ec3-0036-45f7-8cc3-4d2e6f481cdc_mp4-0014_jpg.rf.c9fcd3950ba5bcb04480ecdb07f018dd.jpg,test,gravel,22,0.05925636574074078,0.1255228173209174,False,False
f9b12ec3-0036-45f7-8cc3-4d2e6f481cdc_mp4-0014_jpg.rf.c9fcd3950ba5bcb04480ecdb07f018dd.jpg,test,gravel,30,0.1705420524691359,0.10089578313260901,False,False
f9b12ec3-0036-45f7-8cc3-4d2e6f481cdc_mp4-0015_jpg.rf.8eb9b250e4ba2bcc4282987312955148.jpg,test,gravel,59,0.14674864969135726,0.21391067508670444,False,False
f9b12ec3-0036-45f7-8cc3-4d2e6f481cdc_mp4-0015_jpg.rf.8eb9b250e4ba2bcc4282987312955148.jpg,test,gravel,41,0.06186342592592586,0.2289466940407573,False,False
f9b12ec3-0036-45f7-8cc3-4d2e6f481cdc_mp4-0015_jpg.rf.8eb9b250e4ba2bcc4282987312955148.jpg,test,gravel,6,0.004473379629629459,0.12459507506167902,False,False
f9b12ec3-0036-45f7-8cc3-4d2e6f481cdc_mp4-0017_jpg.rf.fa0a214383f039202d012de8ff922ca5.jpg,test,gravel,16,0.08017843364197527,0.07847994723745873,False,False
f9b12ec3-0036-45f7-8cc3-4d2e6f481cdc_mp4-0021_jpg.rf.91f7ef55a957a730364d0f34fac979a2.jpg,test,gravel,32,0.06200810185185168,0.17848152304232137,False,False
f9b12ec3-0036-45f7-8cc3-4d2e6f481cdc_mp4-0021_jpg.rf.91f7ef55a957a730364d0f34fac979a2.jpg,test,gravel,41,0.15342978395061646,0.14537727483351612,False,False
f9b12ec3-0036-45f7-8cc3-4d2e6f481cdc_mp4-0022_jpg.rf.b76d6a533fa9af372af7fa4cb6ec41a7.jpg,test,gravel,20,0.08776427469135806,0.09376453737724842,False,False
f9b12ec3-0036-45f7-8cc3-4d2e6f481cdc_mp4-0022_jpg.rf.b76d6a533fa9af372af7fa4cb6ec41a7.jpg,test,gravel,20,0.1182002314814814,0.08079571632467772,False,False
f9b12ec3-0036-45f7-8cc3-4d2e6f481cdc_mp4-0024_jpg.rf.0f3589c5d4550d480b3d43d10ca9115f.jpg,test,gravel,54,0.1525270061728392,0.19203831665217966,False,False
f9b12ec3-0036-45f7-8cc3-4d2e6f481cdc_mp4-0024_jpg.rf.0f3589c5d4550d480b3d43d10ca9115f.jpg,test,gravel,16,0.005596064814814783,0.2970613280274723,False,False
f9b12ec3-0036-45f7-8cc3-4d2e6f481cdc_mp4-0024_jpg.rf.0f3589c5d4550d480b3d43d10ca9115f.jpg,test,gravel,34,0.10090374228395049,0.14865953973852214,False,False
f9b12ec3-0036-45f7-8cc3-4d2e6f481cdc_mp4-0027_jpg.rf.46252f43c624d8ccc5fc6297a0ac200d.jpg,test,gravel,96,0.14280574845679084,0.35283031444309265,False,False
f9b12ec3-0036-45f7-8cc3-4d2e6f481cdc_mp4-0027_jpg.rf.46252f43c624d8ccc5fc6297a0ac200d.jpg,test,gravel,17,0.0025482253086419604,0.46773246233393967,False,True
f9b12ec3-0036-45f7-8cc3-4d2e6f481cdc_mp4-0027_jpg.rf.46252f43c624d8ccc5fc6297a0ac200d.jpg,test,gravel,36,0.10860628858024679,0.15171988958415802,False,False
f9b12ec3-0036-45f7-8cc3-4d2e6f481cdc_mp4-0029_jpg.rf.420c5294741aa78d4dce98884474fe5c.jpg,test,gravel,58,0.13982928240740655,0.21542516422077637,False,False
f9b12ec3-0036-45f7-8cc3-4d2e6f481cdc_mp4-0029_jpg.rf.420c5294741aa78d4dce98884474fe5c.jpg,test,gravel,14,0.00568094135802466,0.25797961251886237,False,False
f9b12ec3-0036-45f7-8cc3-4d2e6f481cdc_mp4-0029_jpg.rf.420c5294741aa78d4dce98884474fe5c.jpg,test,gravel,27,0.11673514660493822,0.10975655098146647,False,False
f9b12ec3-0036-45f7-8cc3-4d2e6f481cdc_mp4-0031_jpg.rf.4d65c7b8db1196fb1081c105688afcc9.jpg,test,gravel,17,0.13336516203703708,0.06465397433134437,True,False
f9b12ec3-0036-45f7-8cc3-4d2e6f481cdc_mp4-0031_jpg.rf.4d65c7b8db1196fb1081c105688afcc9.jpg,test,gravel,45,0.1443479938271608,0.16450331010391941,False,False
f9b12ec3-0036-45f7-8cc3-4d2e6f481cdc_mp4-0031_jpg.rf.4d65c7b8db1196fb1081c105688afcc9.jpg,test,gravel,11,0.005479359567901243,0.20639315427434807,False,False
f9b12ec3-0036-45f7-8cc3-4d2e6f481cdc_mp4-0032_jpg.rf.ae0b0c3b63ed8e04e754a408d20c24d5.jpg,test,gravel,23,0.14009934413580227,0.08534484392207402,False,False
f9b12ec3-0036-45f7-8cc3-4d2e6f481cdc_mp4-0032_jpg.rf.ae0b0c3b63ed8e04e754a408d20c24d5.jpg,test,gravel,43,0.13985725308642039,0.1596957881469289,False,False
f9b12ec3-0036-45f7-8cc3-4d2e6f481cdc_mp4-0032_jpg.rf.ae0b0c3b63ed8e04e754a408d20c24d5.jpg,test,gravel,13,0.005849729938271597,0.23607116732644204,False,False
f9b12ec3-0036-45f7-8cc3-4d2e6f481cdc_mp4-0033_jpg.rf.178a491e593a85a162ec0b75bdbf948e.jpg,test,gravel,23,0.14969521604938263,0.08256412427722162,False,False
f9b12ec3-0036-45f7-8cc3-4d2e6f481cdc_mp4-0033_jpg.rf.178a491e593a85a162ec0b75bdbf948e.jpg,test,gravel,44,0.13556134259259256,0.165978658197,False,False
f9b12ec3-0036-45f7-8cc3-4d2e6f481cdc_mp4-0033_jpg.rf.178a491e593a85a162ec0b75bdbf948e.jpg,test,gravel,10,0.005803433641975303,0.18231608740164595,False,False
f9b12ec3-0036-45f7-8cc3-4d2e6f481cdc_mp4-0034_jpg.rf.b684640fdcd126251717e3532457a59f.jpg,test,gravel,48,0.14080922067901191,0.17766144639831505,False,False
f9b12ec3-0036-45f7-8cc3-4d2e6f481cdc_mp4-0034_jpg.rf.b684640fdcd126251717e3532457a59f.jpg,test,gravel,25,0.15519675925925924,0.08813860816427811,False,False
f9b12ec3-0036-45f7-8cc3-4d2e6f481cdc_mp4-0034_jpg.rf.b684640fdcd126251717e3532457a59f.jpg,test,gravel,7,0.003461612654320989,0.16524423188612528,False,False
f9b12ec3-0036-45f7-8cc3-4d2e6f481cdc_mp4-0035_jpg.rf.90c0c9f2fceaacb5f9627b146d573e94.jpg,test,gravel,58,0.14258198302468994,0.2133355205339233,False,False
f9b12ec3-0036-45f7-8cc3-4d2e6f481cdc_mp4-0035_jpg.rf.90c0c9f2fceaacb5f9627b146d573e94.jpg,test,gravel,18,0.010682870370370301,0.2418778109010503,False,False
f9b12ec3-0036-45f7-8cc3-4d2e6f481cdc_mp4-0035_jpg.rf.90c0c9f2fceaacb5f9627b146d573e94.jpg,test,gravel,24,0.16673611111111108,0.08163265306122448,False,False
f9b12ec3-0036-45f7-8cc3-4d2e6f481cdc_mp4-0035_jpg.rf.90c0c9f2fceaacb5f9627b146d573e94.jpg,test,gravel,7,0.0029755015432098714,0.17823190691291863,False,False
f9b12ec3-0036-45f7-8cc3-4d2e6f481cdc_mp4-0036_jpg.rf.b1dea660bb4dd65a4d1356c40f2a2539.jpg,test,gravel,51,0.14345871913580233,0.18701403696923755,False,False
f9b12ec3-0036-45f7-8cc3-4d2e6f481cdc_mp4-0036_jpg.rf.b1dea660bb4dd65a4d1356c40f2a2539.jpg,test,gravel,12,0.0018451003086420448,0.3880062835970766,False,False
f9b12ec3-0036-45f7-8cc3-4d2e6f481cdc_mp4-0036_jpg.rf.b1dea660bb4dd65a4d1356c40f2a2539.jpg,test,gravel,21,0.1614978780864198,0.07257773122133487,True,False
f9b12ec3-0036-45f7-8cc3-4d2e6f481cdc_mp4-0036_jpg.rf.b1dea660bb4dd65a4d1356c40f2a2539.jpg,test,gravel,7,0.0032629243827160537,0.17020097317026478,False,False
f9b12ec3-0036-45f7-8cc3-4d2e6f481cdc_mp4-0037_jpg.rf.c272af24c204ac41423bc6542f3c8b4b.jpg,test,gravel,51,0.14723765432098723,0.18459852845254276,False,False
f9b12ec3-0036-45f7-8cc3-4d2e6f481cdc_mp4-0037_jpg.rf.c272af24c204ac41423bc6542f3c8b4b.jpg,test,gravel,8,0.0027507716049382513,0.2118508565329512,False,False
f9b12ec3-0036-45f7-8cc3-4d2e6f481cdc_mp4-0037_jpg.rf.c272af24c204ac41423bc6542f3c8b4b.jpg,test,gravel,28,0.16554976851851855,0.09557872789799804,False,False
f9b12ec3-0036-45f7-8cc3-4d2e6f481cdc_mp4-0037_jpg.rf.c272af24c204ac41423bc6542f3c8b4b.jpg,test,gravel,7,0.003632330246913562,0.16131430448882667,False,False
f9b12ec3-0036-45f7-8cc3-4d2e6f481cdc_mp4-0038_jpg.rf.825f3da72b129a2584970bfa87d0ea2c.jpg,test,gravel,62,0.15290412808641918,0.2202163640295471,False,False
f9b12ec3-0036-45f7-8cc3-4d2e6f481cdc_mp4-0038_jpg.rf.825f3da72b129a2584970bfa87d0ea2c.jpg,test,gravel,8,0.004364390432098797,0.16818826599284312,False,False
f9b12ec3-0036-45f7-8cc3-4d2e6f481cdc_mp4-0038_jpg.rf.825f3da72b129a2584970bfa87d0ea2c.jpg,test,gravel,6,0.004866898148148169,0.1194517798323361,False,False
f9b12ec3-0036-45f7-8cc3-4d2e6f481cdc_mp4-0038_jpg.rf.825f3da72b129a2584970bfa87d0ea2c.jpg,test,gravel,11,0.1689091435185186,0.03717351332320989,True,False
f9b12ec3-0036-45f7-8cc3-4d2e6f481cdc_mp4-0041_jpg.rf.fa804a9f8468e6bb8e73bf7107dc74cc.jpg,test,gravel,66,0.18440489969135498,0.21346427908804871,False,False
f9b12ec3-0036-45f7-8cc3-4d2e6f481cdc_mp4-0041_jpg.rf.fa804a9f8468e6bb8e73bf7107dc74cc.jpg,test,gravel,7,0.005413773148148171,0.13213428430809818,False,False
f9b12ec3-0036-45f7-8cc3-4d2e6f481cdc_mp4-0041_jpg.rf.fa804a9f8468e6bb8e73bf7107dc74cc.jpg,test,gravel,21,0.17220293209876547,0.07028562763626423,True,False
f9b12ec3-0036-45f7-8cc3-4d2e6f481cdc_mp4-0045_jpg.rf.05489f8244979b8ddae55513d29c3aba.jpg,test,gravel,53,0.19493827160493993,0.16672273175652128,False,False
f9b12ec3-0036-45f7-8cc3-4d2e6f481cdc_mp4-0045_jpg.rf.05489f8244979b8ddae55513d29c3aba.jpg,test,gravel,7,0.008178047839506208,0.10750798454701381,False,False
f9b12ec3-0036-45f7-8cc3-4d2e6f481cdc_mp4-0045_jpg.rf.05489f8244979b8ddae55513d29c3aba.jpg,test,gravel,10,0.16304585021219142,0.03439637132263625,True,False
f9b12ec3-0036-45f7-8cc3-4d2e6f481cdc_mp4-0047_jpg.rf.959b73bd322a3eb293c8abcb58f2be99.jpg,test,gravel,27,0.17997492283950578,0.08839450531611767,False,False
f9b12ec3-0036-45f7-8cc3-4d2e6f481cdc_mp4-0047_jpg.rf.959b73bd322a3eb293c8abcb58f2be99.jpg,test,gravel,21,0.1121547067901234,0.08709195633223993,False,False
f9b12ec3-0036-45f7-8cc3-4d2e6f481cdc_mp4-0048_jpg.rf.f03045d2add26360b5af6dadf3ee4704.jpg,test,gravel,64,0.1641184413580259,0.21941624864161996,False,False
f9b12ec3-0036-45f7-8cc3-4d2e6f481cdc_mp4-0049_jpg.rf.7a9be5233ce9e9c788395dd12d377f25.jpg,test,gravel,75,0.1241763117283945,0.29560337538204773,False,False
f9b12ec3-0036-45f7-8cc3-4d2e6f481cdc_mp4-0051_jpg.rf.1e052fd49342b3fe0d518a9233029e9a.jpg,test,gravel,40,0.109122299382717,0.16817860296950263,False,False
f9b12ec3-0036-45f7-8cc3-4d2e6f481cdc_mp4-0052_jpg.rf.218a2704641c5251beb5c4186da30c05.jpg,test,gravel,36,0.10795814043209884,0.15217464829946473,False,False
f9b12ec3-0036-45f7-8cc3-4d2e6f481cdc_mp4-0053_jpg.rf.b745164dac4121609c95fe8f8a0eee09.jpg,test,gravel,43,0.1087750771604945,0.18108032243247663,False,False
f9b12ec3-0036-45f7-8cc3-4d2e6f481cdc_mp4-0054_jpg.rf.f53863c226b665d5190153944c64c933.jpg,test,gravel,11,0.0035879629629630427,0.2550563926680897,False,False
f9b12ec3-0036-45f7-8cc3-4d2e6f481cdc_mp4-0054_jpg.rf.f53863c226b665d5190153944c64c933.jpg,test,gravel,39,0.10936824845678927,0.16378966028510963,False,False
f9b12ec3-0036-45f7-8cc3-4d2e6f481cdc_mp4-0056_jpg.rf.220b381bfe26b6ba08fab3cd57f83489.jpg,test,gravel,35,0.10991801697530867,0.14662266386184722,False,False
f9b12ec3-0036-45f7-8cc3-4d2e6f481cdc_mp4-0057_jpg.rf.9b38f88d640844547a1a592c2360b077.jpg,test,gravel,39,0.10840567129629708,0.1645152300250121,False,False
fa45e6fb-4502-41bb-bb80-a4a4149318ad_mp4-0000_jpg.rf.9cf29cd24bddf2174c7473c074a60557.jpg,train,gravel,14,0.057416751060957116,0.10143462901215547,False,False
fa45e6fb-4502-41bb-bb80-a4a4149318ad_mp4-0001_jpg.rf.30483987f7cc655704e843c9da4bf42e.jpg,train,gravel,18,0.05933521412037046,0.1282902834599513,False,False
fa45e6fb-4502-41bb-bb80-a4a4149318ad_mp4-0002_jpg.rf.999ac9a53e0882b848584bb2e578489d.jpg,train,gravel,16,0.06024546682098775,0.1131710413964917,False,False
fa45e6fb-4502-41bb-bb80-a4a4149318ad_mp4-0006_jpg.rf.4eede65a8d3bc1b65a9beb3fed312105.jpg,train,gravel,8,0.012312524112654322,0.12516818550815018,False,False
fa45e6fb-4502-41bb-bb80-a4a4149318ad_mp4-0006_jpg.rf.4eede65a8d3bc1b65a9beb3fed312105.jpg,train,gravel,65,0.11940586419752819,0.3265713226173733,False,False
fa45e6fb-4502-41bb-bb80-a4a4149318ad_mp4-0006_jpg.rf.4eede65a8d3bc1b65a9beb3fed312105.jpg,train,gravel,15,0.06265070408950613,0.10404130658723168,False,False
fa45e6fb-4502-41bb-bb80-a4a4149318ad_mp4-0007_jpg.rf.1ae86f9ef22c4ec8ebe0b9eee2155358.jpg,train,gravel,9,0.013738184799382713,0.13330773485437844,False,False
fa45e6fb-4502-41bb-bb80-a4a4149318ad_mp4-0007_jpg.rf.1ae86f9ef22c4ec8ebe0b9eee2155358.jpg,train,gravel,45,0.11500681182484662,0.2303712337735184,False,False
fa45e6fb-4502-41bb-bb80-a4a4149318ad_mp4-0007_jpg.rf.1ae86f9ef22c4ec8ebe0b9eee2155358.jpg,train,gravel,21,0.06429187162422823,0.14378671999903692,False,False
fa45e6fb-4502-41bb-bb80-a4a4149318ad_mp4-0008_jpg.rf.8edb52b8829314ea294155966e07a3e0.jpg,train,gravel,41,0.09971486786265249,0.22541427434624578,False,False
fa45e6fb-4502-41bb-bb80-a4a4149318ad_mp4-0008_jpg.rf.8edb52b8829314ea294155966e07a3e0.jpg,train,gravel,23,0.06827799479166674,0.1528146438225672,False,False
fa45e6fb-4502-41bb-bb80-a4a4149318ad_mp4-0009_jpg.rf.42377039928d1825a4a44610c78be8f2.jpg,train,gravel,11,0.0067937403549382935,0.2316945025291237,False,False
fa45e6fb-4502-41bb-bb80-a4a4149318ad_mp4-0009_jpg.rf.42377039928d1825a4a44610c78be8f2.jpg,train,gravel,33,0.09491343557098642,0.18596345639229706,False,False
fa45e6fb-4502-41bb-bb80-a4a4149318ad_mp4-0009_jpg.rf.42377039928d1825a4a44610c78be8f2.jpg,train,gravel,28,0.07153531298225246,0.18175037144618192,False,False
fa45e6fb-4502-41bb-bb80-a4a4149318ad_mp4-0010_jpg.rf.0e5941bf0f23cbba63fac58c74655df0.jpg,train,gravel,12,0.0068736135223765316,0.25128479332827847,False,False
fa45e6fb-4502-41bb-bb80-a4a4149318ad_mp4-0010_jpg.rf.0e5941bf0f23cbba63fac58c74655df0.jpg,train,gravel,29,0.08948959538966061,0.16830198656102055,False,False
fa45e6fb-4502-41bb-bb80-a4a4149318ad_mp4-0010_jpg.rf.0e5941bf0f23cbba63fac58c74655df0.jpg,train,gravel,34,0.0689260223765431,0.2248354693560756,False,False
fa45e6fb-4502-41bb-bb80-a4a4149318ad_mp4-0011_jpg.rf.8a6a2bd9be2b7fcc360d6eca406f20fc.jpg,train,gravel,10,0.00613516348379628,0.22164832140959165,False,False
fa45e6fb-4502-41bb-bb80-a4a4149318ad_mp4-0011_jpg.rf.8a6a2bd9be2b7fcc360d6eca406f20fc.jpg,train,gravel,31,0.09008638358410437,0.17931211532495636,False,False
fa45e6fb-4502-41bb-bb80-a4a4149318ad_mp4-0011_jpg.rf.8a6a2bd9be2b7fcc360d6eca406f20fc.jpg,train,gravel,22,0.06835636091821007,0.14608671733857023,False,False
fa45e6fb-4502-41bb-bb80-a4a4149318ad_mp4-0015_jpg.rf.2d128d5ed59b7f7b2b16d6ecca38b1a0.jpg,train,gravel,29,0.08125813802083215,0.17662089502374026,False,False
fa45e6fb-4502-41bb-bb80-a4a4149318ad_mp4-0015_jpg.rf.2d128d5ed59b7f7b2b16d6ecca38b1a0.jpg,train,gravel,18,0.07611912856867287,0.11326692695211094,False,False
fa45e6fb-4502-41bb-bb80-a4a4149318ad_mp4-0015_jpg.rf.2d128d5ed59b7f7b2b16d6ecca38b1a0.jpg,train,gravel,6,0.006799768518518545,0.12632278815997758,False,False
fa45e6fb-4502-41bb-bb80-a4a4149318ad_mp4-0016_jpg.rf.8ae3a7338169ab109319a0c82aa2931b.jpg,train,gravel,9,0.007188585069444475,0.18428853505018494,False,False
fa45e6fb-4502-41bb-bb80-a4a4149318ad_mp4-0016_jpg.rf.8ae3a7338169ab109319a0c82aa2931b.jpg,train,gravel,14,0.08445758584104901,0.08363464553968719,False,False
fa45e6fb-4502-41bb-bb80-a4a4149318ad_mp4-0016_jpg.rf.8ae3a7338169ab109319a0c82aa2931b.jpg,train,gravel,20,0.08083013840663611,0.12212957646822473,False,False
fa45e6fb-4502-41bb-bb80-a4a4149318ad_mp4-0018_jpg.rf.d2279a5445af20fb604f9fcc68bb8418.jpg,train,gravel,12,0.004584418402777679,0.307692307692311,False,False
fa45e6fb-4502-41bb-bb80-a4a4149318ad_mp4-0018_jpg.rf.d2279a5445af20fb604f9fcc68bb8418.jpg,train,gravel,29,0.08096275800540109,0.1769427886128242,False,False
fa45e6fb-4502-41bb-bb80-a4a4149318ad_mp4-0018_jpg.rf.d2279a5445af20fb604f9fcc68bb8418.jpg,train,gravel,16,0.07941351996527812,0.09857125274794197,False,False
fa45e6fb-4502-41bb-bb80-a4a4149318ad_mp4-0019_jpg.rf.5a330894e00388be6e544c033f9caf59.jpg,train,gravel,8,0.004099151234567888,0.21693045781865652,False,False
fa45e6fb-4502-41bb-bb80-a4a4149318ad_mp4-0019_jpg.rf.5a330894e00388be6e544c033f9caf59.jpg,train,gravel,26,0.08213674286265427,0.15750056863982143,False,False
fa45e6fb-4502-41bb-bb80-a4a4149318ad_mp4-0019_jpg.rf.5a330894e00388be6e544c033f9caf59.jpg,train,gravel,19,0.07954161844135799,0.11695906986741823,False,False
fa45e6fb-4502-41bb-bb80-a4a4149318ad_mp4-0020_jpg.rf.cbf500a7b71864260a0074661cc6ff88.jpg,train,gravel,9,0.00420464409722221,0.24096579867075002,False,False
fa45e6fb-4502-41bb-bb80-a4a4149318ad_mp4-0020_jpg.rf.cbf500a7b71864260a0074661cc6ff88.jpg,train,gravel,27,0.08274558738425952,0.16295543845104896,False,False
fa45e6fb-4502-41bb-bb80-a4a4149318ad_mp4-0020_jpg.rf.cbf500a7b71864260a0074661cc6ff88.jpg,train,gravel,43,0.085737063560956,0.2549539058049141,False,False
fa45e6fb-4502-41bb-bb80-a4a4149318ad_mp4-0021_jpg.rf.5705ecbe28b9cecf40abe7999d6e027c.jpg,train,gravel,9,0.008909625771604923,0.16553517587498484,False,False
fa45e6fb-4502-41bb-bb80-a4a4149318ad_mp4-0021_jpg.rf.5705ecbe28b9cecf40abe7999d6e027c.jpg,train,gravel,33,0.08559992283950635,0.1958189736019856,False,False
fa45e6fb-4502-41bb-bb80-a4a4149318ad_mp4-0021_jpg.rf.5705ecbe28b9cecf40abe7999d6e027c.jpg,train,gravel,30,0.08295205198688249,0.1808361300708275,False,False
fa45e6fb-4502-41bb-bb80-a4a4149318ad_mp4-0022_jpg.rf.877809ecfdf84612feff653adce1e6cb.jpg,train,gravel,15,0.009483808352623413,0.2674098442268888,False,False
fa45e6fb-4502-41bb-bb80-a4a4149318ad_mp4-0022_jpg.rf.877809ecfdf84612feff653adce1e6cb.jpg,train,gravel,31,0.08304096739969058,0.1867639327556205,False,False
fa45e6fb-4502-41bb-bb80-a4a4149318ad_mp4-0022_jpg.rf.877809ecfdf84612feff653adce1e6cb.jpg,train,gravel,20,0.08276367187500022,0.12069454368745948,False,False
fa45e6fb-4502-41bb-bb80-a4a4149318ad_mp4-0023_jpg.rf.4532e4605a2f112beaee69be036c9c1f.jpg,train,gravel,14,0.011358567226080196,0.2280571936765744,False,False
fa45e6fb-4502-41bb-bb80-a4a4149318ad_mp4-0023_jpg.rf.4532e4605a2f112beaee69be036c9c1f.jpg,train,gravel,32,0.08052119502314792,0.1957818324609485,False,False
fa45e6fb-4502-41bb-bb80-a4a4149318ad_mp4-0023_jpg.rf.4532e4605a2f112beaee69be036c9c1f.jpg,train,gravel,21,0.08379599488811751,0.125946232435675,False,False
fa45e6fb-4502-41bb-bb80-a4a4149318ad_mp4-0025_jpg.rf.f2a27c2123b476027954257474e08169.jpg,train,gravel,12,0.018158335744598797,0.15460400557326393,False,False
fa45e6fb-4502-41bb-bb80-a4a4149318ad_mp4-0025_jpg.rf.f2a27c2123b476027954257474e08169.jpg,train,gravel,33,0.08064326533564792,0.20174714807516217,False,False
fa45e6fb-4502-41bb-bb80-a4a4149318ad_mp4-0025_jpg.rf.f2a27c2123b476027954257474e08169.jpg,train,gravel,37,0.0888445818865744,0.21550818371069058,False,False
fa45e6fb-4502-41bb-bb80-a4a4149318ad_mp4-0026_jpg.rf.bf4c65aea6a2435c32227dc207339ffe.jpg,train,gravel,15,0.019882390528549343,0.1846862127920829,False,False
fa45e6fb-4502-41bb-bb80-a4a4149318ad_mp4-0026_jpg.rf.bf4c65aea6a2435c32227dc207339ffe.jpg,train,gravel,37,0.08370707947530853,0.22202309160235256,False,False
fa45e6fb-4502-41bb-bb80-a4a4149318ad_mp4-0026_jpg.rf.bf4c65aea6a2435c32227dc207339ffe.jpg,train,gravel,29,0.0865478515625,0.1711383611124022,False,False
fa45e6fb-4502-41bb-bb80-a4a4149318ad_mp4-0027_jpg.rf.3dba5e90a89c48337f5e07ae046514ae.jpg,train,gravel,14,0.08326099537037068,0.08423348186517049,False,False
fa45e6fb-4502-41bb-bb80-a4a4149318ad_mp4-0027_jpg.rf.3dba5e90a89c48337f5e07ae046514ae.jpg,train,gravel,6,0.018357265142746937,0.07688201843233582,False,False
fa45e6fb-4502-41bb-bb80-a4a4149318ad_mp4-0027_jpg.rf.3dba5e90a89c48337f5e07ae046514ae.jpg,train,gravel,19,0.09154569800106138,0.10902149856120845,False,False
fa45e6fb-4502-41bb-bb80-a4a4149318ad_mp4-0028_jpg.rf.e344e8d241b7dab48251c19fc97d270a.jpg,train,gravel,14,0.020944854359567833,0.167944923096356,False,False
fa45e6fb-4502-41bb-bb80-a4a4149318ad_mp4-0028_jpg.rf.e344e8d241b7dab48251c19fc97d270a.jpg,train,gravel,35,0.08829451195987748,0.20449312217729695,False,False
fa45e6fb-4502-41bb-bb80-a4a4149318ad_mp4-0028_jpg.rf.e344e8d241b7dab48251c19fc97d270a.jpg,train,gravel,35,0.08752290702160526,0.20539255334880352,False,False
fa45e6fb-4502-41bb-bb80-a4a4149318ad_mp4-0029_jpg.rf.7cca5790d322eef969e859ef1b270886.jpg,train,gravel,12,0.023625880111882713,0.1355391521739114,False,False
fa45e6fb-4502-41bb-bb80-a4a4149318ad_mp4-0029_jpg.rf.7cca5790d322eef969e859ef1b270886.jpg,train,gravel,30,0.09063343942901181,0.17300336110350453,False,False
fa45e6fb-4502-41bb-bb80-a4a4149318ad_mp4-0029_jpg.rf.7cca5790d322eef969e859ef1b270886.jpg,train,gravel,47,0.08143747588734485,0.28593230302421047,False,False
fa45e6fb-4502-41bb-bb80-a4a4149318ad_mp4-0031_jpg.rf.374f41e5b33ca6f820cb45185a2a8a85.jpg,train,gravel,31,0.08883403260030853,0.18057163141120824,False,False
fa45e6fb-4502-41bb-bb80-a4a4149318ad_mp4-0031_jpg.rf.374f41e5b33ca6f820cb45185a2a8a85.jpg,train,gravel,11,0.02574779369212965,0.11901458632811686,False,False
fa45e6fb-4502-41bb-bb80-a4a4149318ad_mp4-0031_jpg.rf.374f41e5b33ca6f820cb45185a2a8a85.jpg,train,gravel,17,0.08709641444830218,0.10000605591338885,False,False
fa45e6fb-4502-41bb-bb80-a4a4149318ad_mp4-0032_jpg.rf.3b62075506a83ae4f1d4cd9386678a17.jpg,train,gravel,8,0.0217104311342593,0.09426126843912248,False,False
fa45e6fb-4502-41bb-bb80-a4a4149318ad_mp4-0032_jpg.rf.3b62075506a83ae4f1d4cd9386678a17.jpg,train,gravel,20,0.08837589216820962,0.1167993986248047,False,False
fa45e6fb-4502-41bb-bb80-a4a4149318ad_mp4-0032_jpg.rf.3b62075506a83ae4f1d4cd9386678a17.jpg,train,gravel,15,0.09307333863811729,0.08536033861883724,False,False
fa45e6fb-4502-41bb-bb80-a4a4149318ad_mp4-0036_jpg.rf.82e44428f037a8a4c43eb37e9b417626.jpg,train,gravel,5,0.0534637827932099,0.0375420236591169,True,False
fa45e6fb-4502-41bb-bb80-a4a4149318ad_mp4-0036_jpg.rf.82e44428f037a8a4c43eb37e9b417626.jpg,train,gravel,10,0.08047899787808666,0.06119786011959769,True,False
fa45e6fb-4502-41bb-bb80-a4a4149318ad_mp4-0036_jpg.rf.82e44428f037a8a4c43eb37e9b417626.jpg,train,gravel,27,0.11244333526234573,0.13978945806334273,False,False
fa45e6fb-4502-41bb-bb80-a4a4149318ad_mp4-0037_jpg.rf.3b8f2c0c1e3898308f61246586d0051f.jpg,train,gravel,13,0.05521948543595678,0.09604498459330237,False,False
fa45e6fb-4502-41bb-bb80-a4a4149318ad_mp4-0037_jpg.rf.3b8f2c0c1e3898308f61246586d0051f.jpg,train,gravel,44,0.1030394000771615,0.23797346399648983,False,False
fa45e6fb-4502-41bb-bb80-a4a4149318ad_mp4-0037_jpg.rf.3b8f2c0c1e3898308f61246586d0051f.jpg,train,gravel,22,0.07474169319058621,0.13970718157030015,False,False
fa45e6fb-4502-41bb-bb80-a4a4149318ad_mp4-0039_jpg.rf.77f2f1767efcb3c5c31fb0db82b354b5.jpg,train,gravel,10,0.05967128423996915,0.07107139242383861,True,False
fa45e6fb-4502-41bb-bb80-a4a4149318ad_mp4-0039_jpg.rf.77f2f1767efcb3c5c31fb0db82b354b5.jpg,train,gravel,15,0.0729558497299383,0.09641369240220786,False,False
fa45e6fb-4502-41bb-bb80-a4a4149318ad_mp4-0039_jpg.rf.77f2f1767efcb3c5c31fb0db82b354b5.jpg,train,gravel,19,0.09113377700617331,0.10926760716179493,False,False
fa45e6fb-4502-41bb-bb80-a4a4149318ad_mp4-0041_jpg.rf.08c59e4420fa9216211c362317478b9e.jpg,train,gravel,18,0.04457676263503085,0.14801160200608826,False,False
fa45e6fb-4502-41bb-bb80-a4a4149318ad_mp4-0041_jpg.rf.08c59e4420fa9216211c362317478b9e.jpg,train,gravel,8,0.06099748022762341,0.05623562886900773,True,False
fa45e6fb-4502-41bb-bb80-a4a4149318ad_mp4-0041_jpg.rf.08c59e4420fa9216211c362317478b9e.jpg,train,gravel,13,0.0772705078125,0.08119213950168283,False,False
07451999-bdf8-4862-b869-6db57c35f0c1_mp4-0002_jpg.rf.bfdf9b16ed45a7bd5e5d974692de6e15.jpg,train,gravel,19,0.0616280864197527,0.10629963249836596,False,False
07451999-bdf8-4862-b869-6db57c35f0c1_mp4-0009_jpg.rf.13654e2b70a616817d6c59eaa22b2f97.jpg,train,gravel,26,0.07067997685185157,0.13582904656878986,False,False
07451999-bdf8-4862-b869-6db57c35f0c1_mp4-0009_jpg.rf.13654e2b70a616817d6c59eaa22b2f97.jpg,train,gravel,13,0.014998070987654266,0.14743247405217338,False,False
07451999-bdf8-4862-b869-6db57c35f0c1_mp4-0009_jpg.rf.13654e2b70a616817d6c59eaa22b2f97.jpg,train,gravel,45,0.10330922067901405,0.19445113150296167,False,False
07451999-bdf8-4862-b869-6db57c35f0c1_mp4-0013_jpg.rf.b235c789f8f0eb45d7efdd17894c7f55.jpg,train,gravel,35,0.0786168981481481,0.17337145565694784,False,False
07451999-bdf8-4862-b869-6db57c35f0c1_mp4-0013_jpg.rf.b235c789f8f0eb45d7efdd17894c7f55.jpg,train,gravel,36,0.01361014660493609,0.4285866140238043,False,True
07451999-bdf8-4862-b869-6db57c35f0c1_mp4-0013_jpg.rf.b235c789f8f0eb45d7efdd17894c7f55.jpg,train,gravel,43,0.08513310185185219,0.20468533613439482,False,False
07451999-bdf8-4862-b869-6db57c35f0c1_mp4-0022_jpg.rf.c5e57e551abb7034383a59fd841a22f3.jpg,train,gravel,15,0.03042438271604908,0.11943947199928744,False,False
07451999-bdf8-4862-b869-6db57c35f0c1_mp4-0022_jpg.rf.c5e57e551abb7034383a59fd841a22f3.jpg,train,gravel,10,0.07200810185185214,0.051757920845751815,True,False
07451999-bdf8-4862-b869-6db57c35f0c1_mp4-0022_jpg.rf.c5e57e551abb7034383a59fd841a22f3.jpg,train,gravel,20,0.09047453703703723,0.09234945025747965,False,False
07451999-bdf8-4862-b869-6db57c35f0c1_mp4-0029_jpg.rf.1d51b722402fc2ea5036e33379842dec.jpg,train,gravel,22,0.07736979166666647,0.10985111531890081,False,False
07451999-bdf8-4862-b869-6db57c35f0c1_mp4-0029_jpg.rf.1d51b722402fc2ea5036e33379842dec.jpg,train,gravel,38,0.07164641203703592,0.1971759205171543,False,False
07451999-bdf8-4862-b869-6db57c35f0c1_mp4-0029_jpg.rf.1d51b722402fc2ea5036e33379842dec.jpg,train,gravel,10,0.08275848765432103,0.048279329579345005,True,False
07451999-bdf8-4862-b869-6db57c35f0c1_mp4-0030_jpg.rf.179e5ba48ab4e8c083fa748d047be68c.jpg,train,gravel,15,0.06161361882716054,0.08393061470476683,False,False
07451999-bdf8-4862-b869-6db57c35f0c1_mp4-0030_jpg.rf.179e5ba48ab4e8c083fa748d047be68c.jpg,train,gravel,14,0.0714072145061726,0.07276532830482704,False,False
07451999-bdf8-4862-b869-6db57c35f0c1_mp4-0030_jpg.rf.179e5ba48ab4e8c083fa748d047be68c.jpg,train,gravel,20,0.07517939814814834,0.10130901128392317,False,False
07451999-bdf8-4862-b869-6db57c35f0c1_mp4-0035_jpg.rf.976393577ccf00eceeeedd45229d78ea.jpg,train,gravel,24,0.06168981481481506,0.13420602458774797,False,False
07451999-bdf8-4862-b869-6db57c35f0c1_mp4-0035_jpg.rf.976393577ccf00eceeeedd45229d78ea.jpg,train,sand,7,0.00555941358024703,0.13039203153405393,False,False
07451999-bdf8-4862-b869-6db57c35f0c1_mp4-0035_jpg.rf.976393577ccf00eceeeedd45229d78ea.jpg,train,gravel,13,0.0292245370370372,0.10561778028131008,False,False
07451999-bdf8-4862-b869-6db57c35f0c1_mp4-0035_jpg.rf.976393577ccf00eceeeedd45229d78ea.jpg,train,gravel,12,0.0025752314814815325,0.32842833090238077,False,False
07451999-bdf8-4862-b869-6db57c35f0c1_mp4-0035_jpg.rf.976393577ccf00eceeeedd45229d78ea.jpg,train,gravel,25,0.07129050925925884,0.1300443995356325,False,False
0a48349e-f671-436a-8af5-de54f079109f_mp4-0001_jpg.rf.65807a1edc21b97c96cf58c8c45c20eb.jpg,valid,sand,14,0.00588324652777783,0.3802579256290228,False,False
0a48349e-f671-436a-8af5-de54f079109f_mp4-0001_jpg.rf.65807a1edc21b97c96cf58c8c45c20eb.jpg,valid,sand,9,0.01675781249999997,0.14484136487558041,False,False
0a48349e-f671-436a-8af5-de54f079109f_mp4-0001_jpg.rf.65807a1edc21b97c96cf58c8c45c20eb.jpg,valid,sand,55,0.11244791666666742,0.3417006030811981,False,False
0a48349e-f671-436a-8af5-de54f079109f_mp4-0009_jpg.rf.bd71069f58d002ef7d7bd813f897843f.jpg,valid,sand,51,0.1296072048611112,0.2951306853933418,False,False
0a48349e-f671-436a-8af5-de54f079109f_mp4-0009_jpg.rf.bd71069f58d002ef7d7bd813f897843f.jpg,valid,sand,12,0.023174913194444535,0.16422185392021063,False,False
0a48349e-f671-436a-8af5-de54f079109f_mp4-0016_jpg.rf.2ff24b42fc562758926b62ffd3d6b91c.jpg,valid,sand,48,0.127235243055555,0.28034724210441614,False,False
0a48349e-f671-436a-8af5-de54f079109f_mp4-0016_jpg.rf.2ff24b42fc562758926b62ffd3d6b91c.jpg,valid,sand,13,0.028040364583333255,0.16173733651912783,False,False
0a48349e-f671-436a-8af5-de54f079109f_mp4-0020_jpg.rf.d5c134b8c146de130bf1b10c5b0a0a71.jpg,valid,sand,5,0.002076822916666665,0.2285751604412473,False,False
0a48349e-f671-436a-8af5-de54f079109f_mp4-0020_jpg.rf.d5c134b8c146de130bf1b10c5b0a0a71.jpg,valid,sand,46,0.12009765624999957,0.2765345046920656,False,False
0a48349e-f671-436a-8af5-de54f079109f_mp4-0020_jpg.rf.d5c134b8c146de130bf1b10c5b0a0a71.jpg,valid,sand,16,0.0352517361111111,0.17753684185045354,False,False
0a48349e-f671-436a-8af5-de54f079109f_mp4-0020_jpg.rf.d5c134b8c146de130bf1b10c5b0a0a71.jpg,valid,sand,6,0.0031770833333333443,0.22176638128637147,False,False
0a48349e-f671-436a-8af5-de54f079109f_mp4-0028_jpg.rf.ec5352ee83ea64061c1dadc385f63577.jpg,valid,sand,16,0.025447048611111134,0.20895849688335466,False,False
0a48349e-f671-436a-8af5-de54f079109f_mp4-0028_jpg.rf.ec5352ee83ea64061c1dadc385f63577.jpg,valid,sand,10,0.010390624999999876,0.20437977982832317,False,False
0a48349e-f671-436a-8af5-de54f079109f_mp4-0028_jpg.rf.ec5352ee83ea64061c1dadc385f63577.jpg,valid,sand,4,0.0029817708333333345,0.1526095187433031,False,False
0a48349e-f671-436a-8af5-de54f079109f_mp4-0028_jpg.rf.ec5352ee83ea64061c1dadc385f63577.jpg,valid,sand,44,0.12682291666666679,0.25740238741821486,False,False
0a48349e-f671-436a-8af5-de54f079109f_mp4-0028_jpg.rf.ec5352ee83ea64061c1dadc385f63577.jpg,valid,sand,6,0.0023133680555555425,0.2598888490945267,False,False
0a48349e-f671-436a-8af5-de54f079109f_mp4-0031_jpg.rf.29fca1312fd17356328cfd1fc490438b.jpg,valid,sand,8,0.0023133680555555425,0.34651846545936893,False,False
0a48349e-f671-436a-8af5-de54f079109f_mp4-0031_jpg.rf.29fca1312fd17356328cfd1fc490438b.jpg,valid,sand,5,0.0023871527777777762,0.21320071635561053,False,False
0a48349e-f671-436a-8af5-de54f079109f_mp4-0031_jpg.rf.29fca1312fd17356328cfd1fc490438b.jpg,valid,sand,40,0.12542968750000227,0.23529818858518942,False,False
0a48349e-f671-436a-8af5-de54f079109f_mp4-0031_jpg.rf.29fca1312fd17356328cfd1fc490438b.jpg,valid,sand,14,0.01117621527777779,0.27589219788600194,False,False
0a48349e-f671-436a-8af5-de54f079109f_mp4-0038_jpg.rf.63b0e34bbdc04c2d4919d3350f63a905.jpg,valid,sand,4,0.0010026041666666673,0.2631806779839075,False,False
0a48349e-f671-436a-8af5-de54f079109f_mp4-0038_jpg.rf.63b0e34bbdc04c2d4919d3350f63a905.jpg,valid,sand,7,0.002020399305555559,0.3244428422615248,False,False
0a48349e-f671-436a-8af5-de54f079109f_mp4-0038_jpg.rf.63b0e34bbdc04c2d4919d3350f63a905.jpg,valid,sand,48,0.12634548611111107,0.28133264845414707,False,False
0a48349e-f671-436a-8af5-de54f079109f_mp4-0038_jpg.rf.63b0e34bbdc04c2d4919d3350f63a905.jpg,valid,sand,11,0.011538628472222312,0.21334101296439925,False,False
0a48349e-f671-436a-8af5-de54f079109f_mp4-0040_jpg.rf.33e091988dd340a984de6900022be068.jpg,valid,sand,7,0.001783854166666668,0.3452845365668929,False,False
0a48349e-f671-436a-8af5-de54f079109f_mp4-0040_jpg.rf.33e091988dd340a984de6900022be068.jpg,valid,sand,50,0.12526909722222257,0.2943112024992733,False,False
0a48349e-f671-436a-8af5-de54f079109f_mp4-0040_jpg.rf.33e091988dd340a984de6900022be068.jpg,valid,sand,11,0.011486545138888804,0.21382414099499314,False,False
0a48349e-f671-436a-8af5-de54f079109f_mp4-0041_jpg.rf.094d3328bb693e7bd2d95ade9bf839dd.jpg,valid,sand,5,0.001558159722222223,0.26388990698462966,False,False
0a48349e-f671-436a-8af5-de54f079109f_mp4-0041_jpg.rf.094d3328bb693e7bd2d95ade9bf839dd.jpg,valid,sand,45,0.12722656250000242,0.26283450549671733,False,False
0a48349e-f671-436a-8af5-de54f079109f_mp4-0041_jpg.rf.094d3328bb693e7bd2d95ade9bf839dd.jpg,valid,sand,10,0.010805121527777795,0.2004213276475815,False,False
0a48349e-f671-436a-8af5-de54f079109f_mp4-0042_jpg.rf.db21cae3bb6daef84eb29e49977d72bb.jpg,valid,sand,48,0.12997612847222229,0.2773755661223286,False,False
0a48349e-f671-436a-8af5-de54f079109f_mp4-0042_jpg.rf.db21cae3bb6daef84eb29e49977d72bb.jpg,valid,sand,11,0.010718315972222281,0.22135440548700974,False,False
0a48349e-f671-436a-8af5-de54f079109f_mp4-0051_jpg.rf.c72c47386fe0c07fcf6bd7821bbcf2d9.jpg,valid,sand,46,0.13805121527777864,0.257926804274128,False,False
0a48349e-f671-436a-8af5-de54f079109f_mp4-0057_jpg.rf.351b67d2860ef7d37b56b425f64746d5.jpg,valid,sand,40,0.14085069444444542,0.2220441101131529,False,False
0a48349e-f671-436a-8af5-de54f079109f_mp4-0061_jpg.rf.fa4e7dd44cd91e51055d996cf28f9d11.jpg,valid,sand,50,0.1489388020833342,0.2699136441473033,False,False
0a48349e-f671-436a-8af5-de54f079109f_mp4-0071_jpg.rf.87fb24dc2bf716a75b7fe643cf973741.jpg,valid,sand,42,0.18479166666666735,0.20354801045254192,False,False
0a48349e-f671-436a-8af5-de54f079109f_mp4-0071_jpg.rf.87fb24dc2bf716a75b7fe643cf973741.jpg,valid,sand,9,0.009641927083333335,0.1909498627946166,False,False
0a48349e-f671-436a-8af5-de54f079109f_mp4-0072_jpg.rf.555d5d3e231f13b5d99f57ea129bbb28.jpg,valid,sand,10,0.008932291666666758,0.2204333570887016,False,False
0a48349e-f671-436a-8af5-de54f079109f_mp4-0072_jpg.rf.555d5d3e231f13b5d99f57ea129bbb28.jpg,valid,sand,32,0.1854296875000001,0.15481716404274015,False,False
0a48349e-f671-436a-8af5-de54f079109f_mp4-0073_jpg.rf.7d45ed826f0f08df9fdf1ebfe9aec6a5.jpg,valid,sand,46,0.19536892361110958,0.21681476413722864,False,False
0f964fdb-9fc1-4941-9c12-15445855221a-1-_mp4-0003_jpg.rf.ad635109764d0d65f47438e65b37f786.jpg,train,gravel,17,0.017838843074844846,0.22097497600087676,False,False
0f964fdb-9fc1-4941-9c12-15445855221a-1-_mp4-0003_jpg.rf.ad635109764d0d65f47438e65b37f786.jpg,train,gravel,18,0.04309232735339519,0.15053935347082714,False,False
0f964fdb-9fc1-4941-9c12-15445855221a-1-_mp4-0007_jpg.rf.38c92bd8794f1d10c5191cfb47b572cc.jpg,train,gravel,19,0.055891625675154266,0.13952683620511552,False,False
0f964fdb-9fc1-4941-9c12-15445855221a-1-_mp4-0007_jpg.rf.38c92bd8794f1d10c5191cfb47b572cc.jpg,train,gravel,11,0.020111460744598908,0.13466303365788687,False,False
0f964fdb-9fc1-4941-9c12-15445855221a-1-_mp4-0010_jpg.rf.85b44cd7601eddb3722242756895c314.jpg,train,gravel,18,0.05815972222222143,0.12958026383720492,False,False
0f964fdb-9fc1-4941-9c12-15445855221a-1-_mp4-0010_jpg.rf.85b44cd7601eddb3722242756895c314.jpg,train,gravel,13,0.020794150270062595,0.15651295094063516,False,False
0f964fdb-9fc1-4941-9c12-15445855221a-1-_mp4-0014_jpg.rf.1cda69ce3bcb35612c08b0ca134cb9e6.jpg,train,gravel,29,0.05939248167438249,0.2065902295940322,False,False
0f964fdb-9fc1-4941-9c12-15445855221a-1-_mp4-0014_jpg.rf.1cda69ce3bcb35612c08b0ca134cb9e6.jpg,train,gravel,14,0.019489052854936517,0.17410457587482672,False,False
0f964fdb-9fc1-4941-9c12-15445855221a-1-_mp4-0014_jpg.rf.1cda69ce3bcb35612c08b0ca134cb9e6.jpg,train,gravel,7,0.0026734905478394966,0.23503699725557653,False,False
0f964fdb-9fc1-4941-9c12-15445855221a-1-_mp4-0016_jpg.rf.744a1c2bbd07fe2365b07804abe85dd1.jpg,train,gravel,26,0.05929904513888884,0.1853646922333547,False,False
0f964fdb-9fc1-4941-9c12-15445855221a-1-_mp4-0016_jpg.rf.744a1c2bbd07fe2365b07804abe85dd1.jpg,train,gravel,14,0.019427264178241366,0.1743812270564133,False,False
0f964fdb-9fc1-4941-9c12-15445855221a-1-_mp4-0016_jpg.rf.744a1c2bbd07fe2365b07804abe85dd1.jpg,train,gravel,6,0.002623758198302517,0.20336062251945036,False,False
0f964fdb-9fc1-4941-9c12-15445855221a-1-_mp4-0024_jpg.rf.1667b22bb433682e58c38b6d5ab8d178.jpg,train,gravel,27,0.05673707561728447,0.19679216656432014,False,False
0f964fdb-9fc1-4941-9c12-15445855221a-1-_mp4-0024_jpg.rf.1667b22bb433682e58c38b6d5ab8d178.jpg,train,gravel,11,0.018082983699845734,0.14201530678867025,False,False
0f964fdb-9fc1-4941-9c12-15445855221a-1-_mp4-0024_jpg.rf.1667b22bb433682e58c38b6d5ab8d178.jpg,train,gravel,7,0.0034827715084876365,0.20592689212026832,False,False
0f964fdb-9fc1-4941-9c12-15445855221a-1-_mp4-0025_jpg.rf.3ea18fbd7e85ffc39d29ea9a3efe6435.jpg,train,gravel,30,0.057171103395061706,0.21782638507828114,False,False
0f964fdb-9fc1-4941-9c12-15445855221a-1-_mp4-0025_jpg.rf.3ea18fbd7e85ffc39d29ea9a3efe6435.jpg,train,gravel,12,0.017799660011573515,0.15615392652155213,False,False
0f964fdb-9fc1-4941-9c12-15445855221a-1-_mp4-0025_jpg.rf.3ea18fbd7e85ffc39d29ea9a3efe6435.jpg,train,gravel,5,0.0035686728395061817,0.14530954842977392,False,False
0f964fdb-9fc1-4941-9c12-15445855221a-1-_mp4-0030_jpg.rf.49167f995b32fa1129a1789b32094c65.jpg,train,gravel,24,0.05425347222222188,0.17888543819998376,False,False
0f964fdb-9fc1-4941-9c12-15445855221a-1-_mp4-0030_jpg.rf.49167f995b32fa1129a1789b32094c65.jpg,train,gravel,13,0.019538785204474607,0.1614626550330001,False,False
0f964fdb-9fc1-4941-9c12-15445855221a-1-_mp4-0030_jpg.rf.49167f995b32fa1129a1789b32094c65.jpg,train,gravel,7,0.0041503906249999445,0.1886388194727047,False,False
0f964fdb-9fc1-4941-9c12-15445855221a-1-_mp4-0030_jpg.rf.49167f995b32fa1129a1789b32094c65.jpg,train,gravel,7,0.0018129701967593004,0.28541725446056215,False,False
0f964fdb-9fc1-4941-9c12-15445855221a-1-_mp4-0032_jpg.rf.4cd462f25e2fc954bd3230d253b6f50d.jpg,train,gravel,24,0.05396713445216017,0.17935937381766198,False,False
0f964fdb-9fc1-4941-9c12-15445855221a-1-_mp4-0032_jpg.rf.4cd462f25e2fc954bd3230d253b6f50d.jpg,train,gravel,14,0.02109405140817966,0.16734993661782188,False,False
0f964fdb-9fc1-4941-9c12-15445855221a-1-_mp4-0032_jpg.rf.4cd462f25e2fc954bd3230d253b6f50d.jpg,train,gravel,12,0.005200798128857986,0.28888418316634523,False,False
0f964fdb-9fc1-4941-9c12-15445855221a-1-_mp4-0032_jpg.rf.4cd462f25e2fc954bd3230d253b6f50d.jpg,train,gravel,7,0.0021399980709876087,0.2627053187642833,False,False
0f964fdb-9fc1-4941-9c12-15445855221a-1-_mp4-0040_jpg.rf.7aaf5c1573c1c59945b59e6b0a8d2ee2.jpg,train,gravel,19,0.020197362075617065,0.23210462368267457,False,False
0f964fdb-9fc1-4941-9c12-15445855221a-1-_mp4-0040_jpg.rf.7aaf5c1573c1c59945b59e6b0a8d2ee2.jpg,train,gravel,22,0.05482614776234529,0.16311966891863636,False,False
0f964fdb-9fc1-4941-9c12-15445855221a-1-_mp4-0040_jpg.rf.7aaf5c1573c1c59945b59e6b0a8d2ee2.jpg,train,gravel,13,0.007529176311728336,0.26010406244163015,False,False
0f964fdb-9fc1-4941-9c12-15445855221a-1-_mp4-0040_jpg.rf.7aaf5c1573c1c59945b59e6b0a8d2ee2.jpg,train,gravel,6,0.002931194540895049,0.19240061033846015,False,False
0f964fdb-9fc1-4941-9c12-15445855221a-1-_mp4-0043_jpg.rf.d9d9ae69e4c26b706dc838ba8b9621bd.jpg,train,gravel,19,0.02117543161651092,0.22668092798992273,False,False
0f964fdb-9fc1-4941-9c12-15445855221a-1-_mp4-0043_jpg.rf.d9d9ae69e4c26b706dc838ba8b9621bd.jpg,train,gravel,21,0.05370490933642014,0.15732212989149783,False,False
0f964fdb-9fc1-4941-9c12-15445855221a-1-_mp4-0043_jpg.rf.d9d9ae69e4c26b706dc838ba8b9621bd.jpg,train,gravel,12,0.00766782407407407,0.2379154757154433,False,False
0f964fdb-9fc1-4941-9c12-15445855221a-1-_mp4-0043_jpg.rf.d9d9ae69e4c26b706dc838ba8b9621bd.jpg,train,gravel,6,0.003050250771604923,0.1886083840385799,False,False
0f964fdb-9fc1-4941-9c12-15445855221a-1-_mp4-0048_jpg.rf.2134b2702f1fe009a5d37bf3beae458d.jpg,train,gravel,26,0.05511851369598819,0.19226583372383219,False,False
0f964fdb-9fc1-4941-9c12-15445855221a-1-_mp4-0048_jpg.rf.2134b2702f1fe009a5d37bf3beae458d.jpg,train,gravel,16,0.01820203993055447,0.20589104972858827,False,False
0f964fdb-9fc1-4941-9c12-15445855221a-1-_mp4-0048_jpg.rf.2134b2702f1fe009a5d37bf3beae458d.jpg,train,gravel,11,0.007952654803240755,0.21414805580442065,False,False
0f964fdb-9fc1-4941-9c12-15445855221a-1-_mp4-0048_jpg.rf.2134b2702f1fe009a5d37bf3beae458d.jpg,train,gravel,6,0.00393789785879628,0.16599558734262096,False,False
0f964fdb-9fc1-4941-9c12-15445855221a-1-_mp4-0056_jpg.rf.3fc2a12b1047fb12c80d80a1290dcd7a.jpg,train,gravel,29,0.05338390962577222,0.21790657075754352,False,False
0f964fdb-9fc1-4941-9c12-15445855221a-1-_mp4-0056_jpg.rf.3fc2a12b1047fb12c80d80a1290dcd7a.jpg,train,gravel,19,0.01984320746527768,0.2341667244380702,False,False
0f964fdb-9fc1-4941-9c12-15445855221a-1-_mp4-0056_jpg.rf.3fc2a12b1047fb12c80d80a1290dcd7a.jpg,train,gravel,10,0.007042402102623413,0.20687933299562575,False,False
0f964fdb-9fc1-4941-9c12-15445855221a-1-_mp4-0056_jpg.rf.3fc2a12b1047fb12c80d80a1290dcd7a.jpg,train,gravel,7,0.005351502218364196,0.16612603576145044,False,False
0f964fdb-9fc1-4941-9c12-15445855221a-1-_mp4-0056_jpg.rf.3fc2a12b1047fb12c80d80a1290dcd7a.jpg,train,gravel,6,0.0029959972993828243,0.19030844390866192,False,False
0f964fdb-9fc1-4941-9c12-15445855221a-1-_mp4-0059_jpg.rf.bd83b5edeced819f2806319eb2a74085.jpg,train,gravel,13,0.016312210648147918,0.1767113555437882,False,False
0f964fdb-9fc1-4941-9c12-15445855221a-1-_mp4-0059_jpg.rf.bd83b5edeced819f2806319eb2a74085.jpg,train,gravel,12,0.007205162519290043,0.24543521312191832,False,False
0f964fdb-9fc1-4941-9c12-15445855221a-1-_mp4-0059_jpg.rf.bd83b5edeced819f2806319eb2a74085.jpg,train,gravel,8,0.006605360243055636,0.17089102296319936,False,False
0f964fdb-9fc1-4941-9c12-15445855221a-1-_mp4-0059_jpg.rf.bd83b5edeced819f2806319eb2a74085.jpg,train,gravel,25,0.06038712866512341,0.1766222184096246,False,False
0f964fdb-9fc1-4941-9c12-15445855221a-1-_mp4-0063_jpg.rf.24123aed79a5f8dee0635a82ce02d830.jpg,train,gravel,9,0.008462034625772219,0.16985667836245238,False,False
0f964fdb-9fc1-4941-9c12-15445855221a-1-_mp4-0063_jpg.rf.24123aed79a5f8dee0635a82ce02d830.jpg,train,gravel,31,0.06524884259259212,0.21069430853297755,False,False
0f964fdb-9fc1-4941-9c12-15445855221a-1-_mp4-0063_jpg.rf.24123aed79a5f8dee0635a82ce02d830.jpg,train,gravel,10,0.007031852816357986,0.2070344565063584,False,False
0f964fdb-9fc1-4941-9c12-15445855221a-1-_mp4-0063_jpg.rf.24123aed79a5f8dee0635a82ce02d830.jpg,train,gravel,10,0.007917992862654377,0.19510570275964148,False,False
0f964fdb-9fc1-4941-9c12-15445855221a-1-_mp4-0078_jpg.rf.327b3996f2472a766b5380343275b16b.jpg,train,gravel,11,0.009851526331018157,0.19240592447634716,False,False
0f964fdb-9fc1-4941-9c12-15445855221a-1-_mp4-0078_jpg.rf.327b3996f2472a766b5380343275b16b.jpg,train,gravel,39,0.0846293885030871,0.23274562287219336,False,False
0f964fdb-9fc1-4941-9c12-15445855221a-1-_mp4-0078_jpg.rf.327b3996f2472a766b5380343275b16b.jpg,train,gravel,9,0.002230420524691301,0.3308465799422177,False,False
0f964fdb-9fc1-4941-9c12-15445855221a-1-_mp4-0078_jpg.rf.327b3996f2472a766b5380343275b16b.jpg,train,gravel,11,0.0034903067129629373,0.3232499046613296,False,False
0f964fdb-9fc1-4941-9c12-15445855221a-1-_mp4-0082_jpg.rf.df35f73b89f050bbac35651380b831d5.jpg,train,gravel,31,0.09438898533950635,0.17517759176776915,False,False
0f964fdb-9fc1-4941-9c12-15445855221a-1-_mp4-0082_jpg.rf.df35f73b89f050bbac35651380b831d5.jpg,train,gravel,10,0.0023916739004630205,0.35499851344683314,False,False
0f964fdb-9fc1-4941-9c12-15445855221a-1-_mp4-0082_jpg.rf.df35f73b89f050bbac35651380b831d5.jpg,train,gravel,7,0.008339964313271775,0.13307407634096266,False,False
0f964fdb-9fc1-4941-9c12-15445855221a-1-_mp4-0089_jpg.rf.e1507d7732b62a29cee074f473642051.jpg,train,gravel,34,0.09343804253472232,0.19310546634813336,False,False
0f964fdb-9fc1-4941-9c12-15445855221a-1-_mp4-0089_jpg.rf.e1507d7732b62a29cee074f473642051.jpg,train,gravel,8,0.009611906828703276,0.1416650526534544,False,False
0f964fdb-9fc1-4941-9c12-15445855221a-1-_mp4-0089_jpg.rf.e1507d7732b62a29cee074f473642051.jpg,train,gravel,5,0.003734447337962965,0.142047747431784,False,False
1991989f-1bf5-4e50-89bb-7301b220ac01_mp4-0000_jpg.rf.9778ba75af4d8f79c6e64d8e78584430.jpg,train,gravel,8,0.00858561197916674,0.14989318061849075,False,False
1991989f-1bf5-4e50-89bb-7301b220ac01_mp4-0000_jpg.rf.9778ba75af4d8f79c6e64d8e78584430.jpg,train,gravel,11,0.019133391203703276,0.1380620208931729,False,False
1991989f-1bf5-4e50-89bb-7301b220ac01_mp4-0000_jpg.rf.9778ba75af4d8f79c6e64d8e78584430.jpg,train,gravel,36,0.19039190418233964,0.14323718541922523,False,False
1991989f-1bf5-4e50-89bb-7301b220ac01_mp4-0000_jpg.rf.9778ba75af4d8f79c6e64d8e78584430.jpg,train,gravel,7,0.0018973644868827133,0.27899741074522866,False,False
1991989f-1bf5-4e50-89bb-7301b220ac01_mp4-0000_jpg.rf.9778ba75af4d8f79c6e64d8e78584430.jpg,train,sand,11,0.007025824652777679,0.22783558086710828,False,False
1991989f-1bf5-4e50-89bb-7301b220ac01_mp4-0004_jpg.rf.92f5bbb384447287ae37687efae3e744.jpg,train,gravel,10,0.023325978973765427,0.11367306670364169,False,False
1991989f-1bf5-4e50-89bb-7301b220ac01_mp4-0004_jpg.rf.92f5bbb384447287ae37687efae3e744.jpg,train,gravel,9,0.02239161361882669,0.1044184711729172,False,False
1991989f-1bf5-4e50-89bb-7301b220ac01_mp4-0004_jpg.rf.92f5bbb384447287ae37687efae3e744.jpg,train,gravel,38,0.19578736511381134,0.14909695786942753,False,False
1991989f-1bf5-4e50-89bb-7301b220ac01_mp4-0004_jpg.rf.92f5bbb384447287ae37687efae3e744.jpg,train,gravel,11,0.0021324628665123496,0.4135513692183014,False,True
1991989f-1bf5-4e50-89bb-7301b220ac01_mp4-0004_jpg.rf.92f5bbb384447287ae37687efae3e744.jpg,train,sand,8,0.0074734157986111605,0.1606600621676736,False,False
1991989f-1bf5-4e50-89bb-7301b220ac01_mp4-0009_jpg.rf.96449fc139a9b86b009af9857bedcf54.jpg,train,gravel,31,0.19935023293125465,0.12053990273237736,False,False
1991989f-1bf5-4e50-89bb-7301b220ac01_mp4-0009_jpg.rf.96449fc139a9b86b009af9857bedcf54.jpg,train,gravel,7,0.017371660397376587,0.09220508897693049,False,False
1991989f-1bf5-4e50-89bb-7301b220ac01_mp4-0009_jpg.rf.96449fc139a9b86b009af9857bedcf54.jpg,train,gravel,15,0.03680193865740744,0.13574799603500015,False,False
1991989f-1bf5-4e50-89bb-7301b220ac01_mp4-0009_jpg.rf.96449fc139a9b86b009af9857bedcf54.jpg,train,sand,19,0.005115200204354409,0.46121115144899155,False,True
1991989f-1bf5-4e50-89bb-7301b220ac01_mp4-0012_jpg.rf.a4b923bb2cd2ee32a20a9f44d8c51ce3.jpg,train,gravel,7,0.009529019579475495,0.12449486739202711,False,False
1991989f-1bf5-4e50-89bb-7301b220ac01_mp4-0012_jpg.rf.a4b923bb2cd2ee32a20a9f44d8c51ce3.jpg,train,gravel,12,0.042813542872299326,0.10068578925685584,False,False
1991989f-1bf5-4e50-89bb-7301b220ac01_mp4-0012_jpg.rf.a4b923bb2cd2ee32a20a9f44d8c51ce3.jpg,train,gravel,33,0.212536897914557,0.12427228611155376,False,False
1991989f-1bf5-4e50-89bb-7301b220ac01_mp4-0012_jpg.rf.a4b923bb2cd2ee32a20a9f44d8c51ce3.jpg,train,sand,11,0.004557825951847061,0.2828728937703823,False,False
1991989f-1bf5-4e50-89bb-7301b220ac01_mp4-0022_jpg.rf.ea1db2697e38bd036791259f88463963.jpg,train,gravel,11,0.011531876929012252,0.17783621331533084,False,False
1991989f-1bf5-4e50-89bb-7301b220ac01_mp4-0022_jpg.rf.ea1db2697e38bd036791259f88463963.jpg,train,gravel,36,0.20239532604980504,0.13892479922764603,False,False
1991989f-1bf5-4e50-89bb-7301b220ac01_mp4-0022_jpg.rf.ea1db2697e38bd036791259f88463963.jpg,train,gravel,10,0.04492488908178993,0.0819094500083534,False,False
1991989f-1bf5-4e50-89bb-7301b220ac01_mp4-0022_jpg.rf.ea1db2697e38bd036791259f88463963.jpg,train,sand,11,0.006452788067853099,0.23773684830809236,False,False
1991989f-1bf5-4e50-89bb-7301b220ac01_mp4-0024_jpg.rf.1b9ad034c6f17c460758b589d5034ef0.jpg,train,gravel,42,0.20604965628466143,0.16063525231057355,False,False
1991989f-1bf5-4e50-89bb-7301b220ac01_mp4-0024_jpg.rf.1b9ad034c6f17c460758b589d5034ef0.jpg,train,gravel,6,0.010050455729166519,0.10390486669322699,False,False
1991989f-1bf5-4e50-89bb-7301b220ac01_mp4-0024_jpg.rf.1b9ad034c6f17c460758b589d5034ef0.jpg,train,gravel,17,0.04510724103009278,0.13896431972137496,False,False
1991989f-1bf5-4e50-89bb-7301b220ac01_mp4-0024_jpg.rf.1b9ad034c6f17c460758b589d5034ef0.jpg,train,sand,15,0.006142635602032431,0.33227020496440035,False,False
1991989f-1bf5-4e50-89bb-7301b220ac01_mp4-0025_jpg.rf.610043944075e78b14edf74310d1aae0.jpg,train,gravel,8,0.006894712094906996,0.16726667951658633,False,False
1991989f-1bf5-4e50-89bb-7301b220ac01_mp4-0025_jpg.rf.610043944075e78b14edf74310d1aae0.jpg,train,gravel,31,0.20749638317268282,0.1181500595613997,False,False
1991989f-1bf5-4e50-89bb-7301b220ac01_mp4-0025_jpg.rf.610043944075e78b14edf74310d1aae0.jpg,train,gravel,11,0.03678536120756193,0.09957095884330511,False,False
1991989f-1bf5-4e50-89bb-7301b220ac01_mp4-0025_jpg.rf.610043944075e78b14edf74310d1aae0.jpg,train,sand,10,0.006643552775064787,0.21299888103316414,False,False
1991989f-1bf5-4e50-89bb-7301b220ac01_mp4-0028_jpg.rf.84be12cd378a2c65dc02062eaf54fb42.jpg,train,gravel,11,0.007845654899691024,0.21560339793633201,False,False
1991989f-1bf5-4e50-89bb-7301b220ac01_mp4-0028_jpg.rf.84be12cd378a2c65dc02062eaf54fb42.jpg,train,gravel,10,0.029958465952932167,0.10030387955074423,False,False
1991989f-1bf5-4e50-89bb-7301b220ac01_mp4-0028_jpg.rf.84be12cd378a2c65dc02062eaf54fb42.jpg,train,gravel,30,0.20925860406268093,0.11385631126501575,False,False
1991989f-1bf5-4e50-89bb-7301b220ac01_mp4-0028_jpg.rf.84be12cd378a2c65dc02062eaf54fb42.jpg,train,sand,14,0.005929216186523867,0.3156508109905555,False,False
1991989f-1bf5-4e50-89bb-7301b220ac01_mp4-0030_jpg.rf.a57f6431eaeb2feae426b52e275b0a8a.jpg,train,gravel,7,0.010933581693672423,0.11622360159870246,False,False
1991989f-1bf5-4e50-89bb-7301b220ac01_mp4-0030_jpg.rf.a57f6431eaeb2feae426b52e275b0a8a.jpg,train,gravel,41,0.21986157929597105,0.15180521864931315,False,False
1991989f-1bf5-4e50-89bb-7301b220ac01_mp4-0030_jpg.rf.a57f6431eaeb2feae426b52e275b0a8a.jpg,train,sand,10,0.006159851384669679,0.2212037063318654,False,False
1991989f-1bf5-4e50-89bb-7301b220ac01_mp4-0030_jpg.rf.a57f6431eaeb2feae426b52e275b0a8a.jpg,train,gravel,6,0.0010511266215760054,0.3212929892931654,False,False
1991989f-1bf5-4e50-89bb-7301b220ac01_mp4-0036_jpg.rf.6f75b8f4649d55f235b09c826b1b175d.jpg,train,gravel,11,0.013848198784722321,0.1622831979166106,False,False
1991989f-1bf5-4e50-89bb-7301b220ac01_mp4-0036_jpg.rf.6f75b8f4649d55f235b09c826b1b175d.jpg,train,sand,10,0.0032160252700612624,0.30613838746133565,False,False
1991989f-1bf5-4e50-89bb-7301b220ac01_mp4-0036_jpg.rf.6f75b8f4649d55f235b09c826b1b175d.jpg,train,gravel,6,0.005972403067129761,0.13478892574749274,False,False
1991989f-1bf5-4e50-89bb-7301b220ac01_mp4-0036_jpg.rf.6f75b8f4649d55f235b09c826b1b175d.jpg,train,gravel,37,0.22763369895652463,0.13463592636596902,False,False
1991989f-1bf5-4e50-89bb-7301b220ac01_mp4-0041_jpg.rf.26343c35f103f122f3bebd27f6c37863.jpg,train,gravel,37,0.23187878634530534,0.1333978196881753,False,False
1991989f-1bf5-4e50-89bb-7301b220ac01_mp4-0041_jpg.rf.26343c35f103f122f3bebd27f6c37863.jpg,train,gravel,6,0.0024233217592595224,0.211603684757568,False,False
1991989f-1bf5-4e50-89bb-7301b220ac01_mp4-0041_jpg.rf.26343c35f103f122f3bebd27f6c37863.jpg,train,gravel,9,0.0031617717978393856,0.27787838449250263,False,False
1991989f-1bf5-4e50-89bb-7301b220ac01_mp4-0041_jpg.rf.26343c35f103f122f3bebd27f6c37863.jpg,train,sand,7,0.0014166184413582084,0.3228859228100889,False,False
1991989f-1bf5-4e50-89bb-7301b220ac01_mp4-0041_jpg.rf.26343c35f103f122f3bebd27f6c37863.jpg,train,gravel,5,0.0023494767554012343,0.17908612711114455,False,False
1991989f-1bf5-4e50-89bb-7301b220ac01_mp4-0051_jpg.rf.5b7a8b2037ff91c5cb7481e4acc7b371.jpg,train,gravel,47,0.2234413316258559,0.17262099637545256,False,False
1991989f-1bf5-4e50-89bb-7301b220ac01_mp4-0051_jpg.rf.5b7a8b2037ff91c5cb7481e4acc7b371.jpg,train,gravel,23,0.041232638888888395,0.19664585081632238,False,False
1991989f-1bf5-4e50-89bb-7301b220ac01_mp4-0051_jpg.rf.5b7a8b2037ff91c5cb7481e4acc7b371.jpg,train,gravel,5,0.0027611007939090104,0.16519861064592914,False,False
1991989f-1bf5-4e50-89bb-7301b220ac01_mp4-0051_jpg.rf.5b7a8b2037ff91c5cb7481e4acc7b371.jpg,train,sand,7,0.0039710527584875255,0.19285136985225473,False,False
1991989f-1bf5-4e50-89bb-7301b220ac01_mp4-0051_jpg.rf.5b7a8b2037ff91c5cb7481e4acc7b371.jpg,train,gravel,8,0.0010293089313271886,0.43290702459914676,False,True
1991989f-1bf5-4e50-89bb-7301b220ac01_mp4-0051_jpg.rf.5b7a8b2037ff91c5cb7481e4acc7b371.jpg,train,gravel,9,0.0010338300540123357,0.4859543224404374,False,True
1991989f-1bf5-4e50-89bb-7301b220ac01_mp4-0052_jpg.rf.47ab13933bb51df84e1b24ace5521515.jpg,train,gravel,23,0.0434796368634256,0.19149718686273381,False,False
1991989f-1bf5-4e50-89bb-7301b220ac01_mp4-0052_jpg.rf.47ab13933bb51df84e1b24ace5521515.jpg,train,gravel,39,0.22802524255069656,0.14179165133474408,False,False
1991989f-1bf5-4e50-89bb-7301b220ac01_mp4-0052_jpg.rf.47ab13933bb51df84e1b24ace5521515.jpg,train,gravel,4,0.0016185619212962798,0.1726127408008421,False,False
1991989f-1bf5-4e50-89bb-7301b220ac01_mp4-0052_jpg.rf.47ab13933bb51df84e1b24ace5521515.jpg,train,sand,7,0.0036425178433638905,0.2013607001578585,False,False
1991989f-1bf5-4e50-89bb-7301b220ac01_mp4-0061_jpg.rf.80b7bca502b381f15741b4d7f26f66ac.jpg,train,gravel,15,0.04417588975694464,0.12390137411102872,False,False
1991989f-1bf5-4e50-89bb-7301b220ac01_mp4-0061_jpg.rf.80b7bca502b381f15741b4d7f26f66ac.jpg,train,gravel,34,0.2550539019865825,0.11688006584680782,False,False
1991989f-1bf5-4e50-89bb-7301b220ac01_mp4-0061_jpg.rf.80b7bca502b381f15741b4d7f26f66ac.jpg,train,gravel,17,0.00311028073157793,0.5292082951902799,False,True
1991989f-1bf5-4e50-89bb-7301b220ac01_mp4-0061_jpg.rf.80b7bca502b381f15741b4d7f26f66ac.jpg,train,gravel,17,0.0017813223379629095,0.6992865593212786,False,True
2be0c9f6-caf7-4f26-9b59-b1299865a721_mp4-0000_jpg.rf.4410c15283a120d72e19855f5017eefe.jpg,train,sand,19,0.027936197916666572,0.2368256370215366,False,False
2be0c9f6-caf7-4f26-9b59-b1299865a721_mp4-0000_jpg.rf.4410c15283a120d72e19855f5017eefe.jpg,train,sand,4,0.0015907118055555579,0.20894067906222788,False,False
2be0c9f6-caf7-4f26-9b59-b1299865a721_mp4-0000_jpg.rf.4410c15283a120d72e19855f5017eefe.jpg,train,sand,9,0.0016232638888888928,0.46537892099551664,False,True
2be0c9f6-caf7-4f26-9b59-b1299865a721_mp4-0000_jpg.rf.4410c15283a120d72e19855f5017eefe.jpg,train,sand,19,0.04440538194444443,0.18784280232497488,False,False
2be0c9f6-caf7-4f26-9b59-b1299865a721_mp4-0000_jpg.rf.4410c15283a120d72e19855f5017eefe.jpg,train,sand,35,0.12101128472222378,0.20961090407515792,False,False
2be0c9f6-caf7-4f26-9b59-b1299865a721_mp4-0000_jpg.rf.4410c15283a120d72e19855f5017eefe.jpg,train,sand,6,0.0013910590277776969,0.3351484640867771,False,False
2be0c9f6-caf7-4f26-9b59-b1299865a721_mp4-0000_jpg.rf.4410c15283a120d72e19855f5017eefe.jpg,train,sand,8,0.0018420355902777352,0.38832892551324,False,False
2be0c9f6-caf7-4f26-9b59-b1299865a721_mp4-0006_jpg.rf.ad044d9e65ca27c853d8bc9d391b0ddc.jpg,train,sand,4,0.004403211805555557,0.12558389992022068,False,False
2be0c9f6-caf7-4f26-9b59-b1299865a721_mp4-0006_jpg.rf.ad044d9e65ca27c853d8bc9d391b0ddc.jpg,train,sand,18,0.051573350694444464,0.16512719118889768,False,False
2be0c9f6-caf7-4f26-9b59-b1299865a721_mp4-0006_jpg.rf.ad044d9e65ca27c853d8bc9d391b0ddc.jpg,train,sand,28,0.11965494791666664,0.16863645455286513,False,False
2be0c9f6-caf7-4f26-9b59-b1299865a721_mp4-0006_jpg.rf.ad044d9e65ca27c853d8bc9d391b0ddc.jpg,train,sand,7,0.028967013888889337,0.08568502718519605,False,False
2be0c9f6-caf7-4f26-9b59-b1299865a721_mp4-0006_jpg.rf.ad044d9e65ca27c853d8bc9d391b0ddc.jpg,train,sand,7,0.0045095486111110805,0.21716521699519492,False,False
2be0c9f6-caf7-4f26-9b59-b1299865a721_mp4-0008_jpg.rf.f227f3143991cc4c5a9f0c4f87b3a6a8.jpg,train,sand,29,0.05622231058159732,0.25480175534363286,False,False
2be0c9f6-caf7-4f26-9b59-b1299865a721_mp4-0008_jpg.rf.f227f3143991cc4c5a9f0c4f87b3a6a8.jpg,train,sand,44,0.16487599826388788,0.2257525788353915,False,False
2be0c9f6-caf7-4f26-9b59-b1299865a721_mp4-0008_jpg.rf.f227f3143991cc4c5a9f0c4f87b3a6a8.jpg,train,sand,18,0.04832031250000002,0.170595040210855,False,False
2be0c9f6-caf7-4f26-9b59-b1299865a721_mp4-0008_jpg.rf.f227f3143991cc4c5a9f0c4f87b3a6a8.jpg,train,sand,5,0.003914930555555585,0.1664817895530061,False,False
2be0c9f6-caf7-4f26-9b59-b1299865a721_mp4-0009_jpg.rf.b17c4682f7b0302fdcf1da5b02e1826b.jpg,train,sand,16,0.02828160124131962,0.19821054149030595,False,False
2be0c9f6-caf7-4f26-9b59-b1299865a721_mp4-0009_jpg.rf.b17c4682f7b0302fdcf1da5b02e1826b.jpg,train,sand,5,0.004472656250000005,0.1557564378386658,False,False
2be0c9f6-caf7-4f26-9b59-b1299865a721_mp4-0009_jpg.rf.b17c4682f7b0302fdcf1da5b02e1826b.jpg,train,sand,5,0.0010937500000000322,0.3149703941743514,False,False
2be0c9f6-caf7-4f26-9b59-b1299865a721_mp4-0009_jpg.rf.b17c4682f7b0302fdcf1da5b02e1826b.jpg,train,sand,17,0.050065104166666874,0.15828513171344624,False,False
2be0c9f6-caf7-4f26-9b59-b1299865a721_mp4-0009_jpg.rf.b17c4682f7b0302fdcf1da5b02e1826b.jpg,train,sand,31,0.12046874999999879,0.18607295490028605,False,False
2be0c9f6-caf7-4f26-9b59-b1299865a721_mp4-0009_jpg.rf.b17c4682f7b0302fdcf1da5b02e1826b.jpg,train,sand,9,0.005855034722222374,0.2450397465527954,False,False
2be0c9f6-caf7-4f26-9b59-b1299865a721_mp4-0015_jpg.rf.ebebab7b4da2e5f4a1150889884b51d2.jpg,train,sand,18,0.02822916666666675,0.22319385778954895,False,False
2be0c9f6-caf7-4f26-9b59-b1299865a721_mp4-0015_jpg.rf.ebebab7b4da2e5f4a1150889884b51d2.jpg,train,sand,5,0.0046918402777777896,0.1520747661681182,False,False
2be0c9f6-caf7-4f26-9b59-b1299865a721_mp4-0015_jpg.rf.ebebab7b4da2e5f4a1150889884b51d2.jpg,train,sand,15,0.05329427083333327,0.13536605095006937,False,False
2be0c9f6-caf7-4f26-9b59-b1299865a721_mp4-0015_jpg.rf.ebebab7b4da2e5f4a1150889884b51d2.jpg,train,sand,27,0.11816406250000089,0.16363636363636302,False,False
2be0c9f6-caf7-4f26-9b59-b1299865a721_mp4-0015_jpg.rf.ebebab7b4da2e5f4a1150889884b51d2.jpg,train,sand,9,0.008441840277777835,0.2040716644121325,False,False
2be0c9f6-caf7-4f26-9b59-b1299865a721_mp4-0015_jpg.rf.ebebab7b4da2e5f4a1150889884b51d2.jpg,train,sand,8,0.0019856770833333037,0.3740196657697503,False,False
2be0c9f6-caf7-4f26-9b59-b1299865a721_mp4-0016_jpg.rf.e73151dfb486fa70d02dee0ad891344b.jpg,train,sand,15,0.019966612413194085,0.22115554247225575,False,False
2be0c9f6-caf7-4f26-9b59-b1299865a721_mp4-0016_jpg.rf.e73151dfb486fa70d02dee0ad891344b.jpg,train,sand,36,0.15046440972222008,0.19335008642515958,False,False
2be0c9f6-caf7-4f26-9b59-b1299865a721_mp4-0016_jpg.rf.e73151dfb486fa70d02dee0ad891344b.jpg,train,sand,13,0.0530355295138889,0.11760307034054117,False,False
2be0c9f6-caf7-4f26-9b59-b1299865a721_mp4-0016_jpg.rf.e73151dfb486fa70d02dee0ad891344b.jpg,train,sand,14,0.0604730902777777,0.11860574262969428,False,False
2be0c9f6-caf7-4f26-9b59-b1299865a721_mp4-0017_jpg.rf.450aa444a1554c9ff1cd5554d2216280.jpg,train,sand,18,0.028365390625001652,0.22265727179455141,False,False
2be0c9f6-caf7-4f26-9b59-b1299865a721_mp4-0017_jpg.rf.450aa444a1554c9ff1cd5554d2216280.jpg,train,sand,7,0.006424915364583311,0.1819378662746203,False,False
2be0c9f6-caf7-4f26-9b59-b1299865a721_mp4-0017_jpg.rf.450aa444a1554c9ff1cd5554d2216280.jpg,train,sand,13,0.056397569444444406,0.11404386336190771,False,False
2be0c9f6-caf7-4f26-9b59-b1299865a721_mp4-0017_jpg.rf.450aa444a1554c9ff1cd5554d2216280.jpg,train,sand,29,0.11460937500000057,0.17846238325588432,False,False
2be0c9f6-caf7-4f26-9b59-b1299865a721_mp4-0017_jpg.rf.450aa444a1554c9ff1cd5554d2216280.jpg,train,sand,11,0.009576822916666394,0.23417510264607355,False,False
2be0c9f6-caf7-4f26-9b59-b1299865a721_mp4-0022_jpg.rf.e7e07abbd362548ad4260e4ee1857066.jpg,train,sand,11,0.01638454861111116,0.1790334609296548,False,False
2be0c9f6-caf7-4f26-9b59-b1299865a721_mp4-0022_jpg.rf.e7e07abbd362548ad4260e4ee1857066.jpg,train,sand,26,0.05336805555555535,0.23447223368012854,False,False
2be0c9f6-caf7-4f26-9b59-b1299865a721_mp4-0022_jpg.rf.e7e07abbd362548ad4260e4ee1857066.jpg,train,sand,38,0.14873480902777736,0.2052749944963622,False,False
2be0c9f6-caf7-4f26-9b59-b1299865a721_mp4-0022_jpg.rf.e7e07abbd362548ad4260e4ee1857066.jpg,train,sand,15,0.06936631944444427,0.11865217288527308,False,False
2be0c9f6-caf7-4f26-9b59-b1299865a721_mp4-0023_jpg.rf.42d1d6de213a63254bcbdaa078bf4bb5.jpg,train,sand,18,0.028281250000000036,0.22298824387414976,False,False
2be0c9f6-caf7-4f26-9b59-b1299865a721_mp4-0023_jpg.rf.42d1d6de213a63254bcbdaa078bf4bb5.jpg,train,sand,6,0.004463975694444455,0.1870893656100094,False,False
2be0c9f6-caf7-4f26-9b59-b1299865a721_mp4-0023_jpg.rf.42d1d6de213a63254bcbdaa078bf4bb5.jpg,train,sand,16,0.05447048611111138,0.1428229896567842,False,False
2be0c9f6-caf7-4f26-9b59-b1299865a721_mp4-0023_jpg.rf.42d1d6de213a63254bcbdaa078bf4bb5.jpg,train,sand,27,0.12134114583333222,0.16147990339863136,False,False
2be0c9f6-caf7-4f26-9b59-b1299865a721_mp4-0023_jpg.rf.42d1d6de213a63254bcbdaa078bf4bb5.jpg,train,sand,8,0.012849392361111045,0.1470305068260008,False,False
2be0c9f6-caf7-4f26-9b59-b1299865a721_mp4-0023_jpg.rf.42d1d6de213a63254bcbdaa078bf4bb5.jpg,train,sand,10,0.01660156250000011,0.1616904166908881,False,False
2be0c9f6-caf7-4f26-9b59-b1299865a721_mp4-0023_jpg.rf.e7957724a74c71cd252e8ef27bb9b9c2.jpg,train,sand,16,0.01883680555555589,0.24287069628756436,False,False
2be0c9f6-caf7-4f26-9b59-b1299865a721_mp4-0023_jpg.rf.e7957724a74c71cd252e8ef27bb9b9c2.jpg,train,sand,34,0.055381944444444775,0.30099104851351627,False,False
2be0c9f6-caf7-4f26-9b59-b1299865a721_mp4-0023_jpg.rf.e7957724a74c71cd252e8ef27bb9b9c2.jpg,train,sand,35,0.1479383680555557,0.18957732685519632,False,False
2be0c9f6-caf7-4f26-9b59-b1299865a721_mp4-0023_jpg.rf.e7957724a74c71cd252e8ef27bb9b9c2.jpg,train,sand,18,0.07090711805555538,0.14082713711787093,False,False
2be0c9f6-caf7-4f26-9b59-b1299865a721_mp4-0026_jpg.rf.8dda640ad040e0b84ab72c0cc8971beb.jpg,train,sand,8,0.005065104166666681,0.2341825652447465,False,False
2be0c9f6-caf7-4f26-9b59-b1299865a721_mp4-0026_jpg.rf.8dda640ad040e0b84ab72c0cc8971beb.jpg,train,sand,18,0.028674045138888715,0.2214556604632175,False,False
2be0c9f6-caf7-4f26-9b59-b1299865a721_mp4-0026_jpg.rf.8dda640ad040e0b84ab72c0cc8971beb.jpg,train,sand,18,0.05469401041666666,0.1603472009552522,False,False
2be0c9f6-caf7-4f26-9b59-b1299865a721_mp4-0026_jpg.rf.8dda640ad040e0b84ab72c0cc8971beb.jpg,train,sand,29,0.12227430555555685,0.17277828466685427,False,False
2be0c9f6-caf7-4f26-9b59-b1299865a721_mp4-0026_jpg.rf.8dda640ad040e0b84ab72c0cc8971beb.jpg,train,sand,10,0.014863281249999916,0.1708840052836725,False,False
2be0c9f6-caf7-4f26-9b59-b1299865a721_mp4-0029_jpg.rf.5e886769879bfbe80623bf775af7bc9c.jpg,train,sand,5,0.004589843750000003,0.1537552013381475,False,False
2be0c9f6-caf7-4f26-9b59-b1299865a721_mp4-0029_jpg.rf.5e886769879bfbe80623bf775af7bc9c.jpg,train,sand,14,0.030039685470920396,0.16828255908955578,False,False
2be0c9f6-caf7-4f26-9b59-b1299865a721_mp4-0029_jpg.rf.5e886769879bfbe80623bf775af7bc9c.jpg,train,sand,16,0.05365451388888909,0.14390491027108615,False,False
2be0c9f6-caf7-4f26-9b59-b1299865a721_mp4-0029_jpg.rf.5e886769879bfbe80623bf775af7bc9c.jpg,train,sand,32,0.1278993055555553,0.1864123355454014,False,False
2be0c9f6-caf7-4f26-9b59-b1299865a721_mp4-0029_jpg.rf.5e886769879bfbe80623bf775af7bc9c.jpg,train,sand,12,0.01772352430555535,0.18778675880090195,False,False
2be0c9f6-caf7-4f26-9b59-b1299865a721_mp4-0036_jpg.rf.ab20c51420bb17b5e0fa4321df0a8648.jpg,train,sand,4,0.00279079861111111,0.15774460134501983,False,False
2be0c9f6-caf7-4f26-9b59-b1299865a721_mp4-0036_jpg.rf.ab20c51420bb17b5e0fa4321df0a8648.jpg,train,sand,20,0.029852507113715454,0.24115615621603165,False,False
2be0c9f6-caf7-4f26-9b59-b1299865a721_mp4-0036_jpg.rf.ab20c51420bb17b5e0fa4321df0a8648.jpg,train,sand,19,0.05059027777777758,0.17598628822858636,False,False
2be0c9f6-caf7-4f26-9b59-b1299865a721_mp4-0036_jpg.rf.ab20c51420bb17b5e0fa4321df0a8648.jpg,train,sand,33,0.12864366319444365,0.19168075147056404,False,False
2be0c9f6-caf7-4f26-9b59-b1299865a721_mp4-0036_jpg.rf.ab20c51420bb17b5e0fa4321df0a8648.jpg,train,sand,12,0.024290364583333224,0.1604068801323121,False,False
2be0c9f6-caf7-4f26-9b59-b1299865a721_mp4-0037_jpg.rf.d6e4e91597a90e133dc66cf3a7667dae.jpg,train,sand,17,0.05115017361111107,0.1565972488435039,False,False
2be0c9f6-caf7-4f26-9b59-b1299865a721_mp4-0037_jpg.rf.d6e4e91597a90e133dc66cf3a7667dae.jpg,train,sand,22,0.1499674479166666,0.11835400072857528,False,False
2be0c9f6-caf7-4f26-9b59-b1299865a721_mp4-0037_jpg.rf.d6e4e91597a90e133dc66cf3a7667dae.jpg,train,sand,15,0.09514322916666673,0.10131204413112534,False,False
2be0c9f6-caf7-4f26-9b59-b1299865a721_mp4-0037_jpg.rf.d6e4e91597a90e133dc66cf3a7667dae.jpg,train,sand,6,0.0160460069444448,0.0986794056601142,False,False
2be0c9f6-caf7-4f26-9b59-b1299865a721_mp4-0040_jpg.rf.8e26df956339ca8ea09c7b234353c3ff.jpg,train,sand,10,0.001783311631944437,0.49333865045633174,False,True
2be0c9f6-caf7-4f26-9b59-b1299865a721_mp4-0040_jpg.rf.8e26df956339ca8ea09c7b234353c3ff.jpg,train,sand,19,0.03143620312934203,0.22325300868239917,False,False
2be0c9f6-caf7-4f26-9b59-b1299865a721_mp4-0040_jpg.rf.8e26df956339ca8ea09c7b234353c3ff.jpg,train,sand,18,0.04995008680555557,0.1677888680077145,False,False
2be0c9f6-caf7-4f26-9b59-b1299865a721_mp4-0040_jpg.rf.8e26df956339ca8ea09c7b234353c3ff.jpg,train,sand,21,0.13944444444444404,0.11715948370283126,False,False
2be0c9f6-caf7-4f26-9b59-b1299865a721_mp4-0040_jpg.rf.8e26df956339ca8ea09c7b234353c3ff.jpg,train,sand,9,0.02830295138888883,0.1114513694825959,False,False
2be0c9f6-caf7-4f26-9b59-b1299865a721_mp4-0040_jpg.rf.8e26df956339ca8ea09c7b234353c3ff.jpg,train,sand,9,0.00351128472222223,0.3164231492705831,False,False
2be0c9f6-caf7-4f26-9b59-b1299865a721_mp4-0041_jpg.rf.aa47982d9df5398123f5883f14c3188b.jpg,train,sand,23,0.02916449652777864,0.2805817094745155,False,False
2be0c9f6-caf7-4f26-9b59-b1299865a721_mp4-0041_jpg.rf.aa47982d9df5398123f5883f14c3188b.jpg,train,sand,29,0.05541449652777786,0.25665224331081804,False,False
2be0c9f6-caf7-4f26-9b59-b1299865a721_mp4-0041_jpg.rf.aa47982d9df5398123f5883f14c3188b.jpg,train,sand,17,0.1351388888888887,0.09634241135712165,False,False
2be0c9f6-caf7-4f26-9b59-b1299865a721_mp4-0041_jpg.rf.aa47982d9df5398123f5883f14c3188b.jpg,train,sand,10,0.029361979166666607,0.12158110873601304,False,False
2be0c9f6-caf7-4f26-9b59-b1299865a721_mp4-0041_jpg.rf.aa47982d9df5398123f5883f14c3188b.jpg,train,sand,13,0.011549479166666599,0.2520118224650531,False,False
2be0c9f6-caf7-4f26-9b59-b1299865a721_mp4-0043_jpg.rf.7e254ab9aa0eb884cd13b66645795ab5.jpg,train,sand,13,0.015154079861110503,0.22000742049376523,False,False
2be0c9f6-caf7-4f26-9b59-b1299865a721_mp4-0043_jpg.rf.7e254ab9aa0eb884cd13b66645795ab5.jpg,train,sand,8,0.047849392361111076,0.07619220392443997,False,False
2be0c9f6-caf7-4f26-9b59-b1299865a721_mp4-0043_jpg.rf.7e254ab9aa0eb884cd13b66645795ab5.jpg,train,sand,29,0.1494314236111114,0.15629165627300198,False,False
2be0c9f6-caf7-4f26-9b59-b1299865a721_mp4-0043_jpg.rf.7e254ab9aa0eb884cd13b66645795ab5.jpg,train,sand,24,0.09558159722222248,0.16172712363514913,False,False
2be0c9f6-caf7-4f26-9b59-b1299865a721_mp4-0047_jpg.rf.f27ee4ac2293ade1dcf0e483dc0745b1.jpg,train,sand,30,0.1522330729166672,0.16018635172712908,False,False
2be0c9f6-caf7-4f26-9b59-b1299865a721_mp4-0047_jpg.rf.f27ee4ac2293ade1dcf0e483dc0745b1.jpg,train,sand,22,0.04677300347222213,0.2119257916761487,False,False
2be0c9f6-caf7-4f26-9b59-b1299865a721_mp4-0047_jpg.rf.f27ee4ac2293ade1dcf0e483dc0745b1.jpg,train,sand,25,0.09546223958333311,0.16857103831272569,False,False
2be0c9f6-caf7-4f26-9b59-b1299865a721_mp4-0047_jpg.rf.f27ee4ac2293ade1dcf0e483dc0745b1.jpg,train,sand,9,0.016323784722222623,0.1467543025345982,False,False
2be0c9f6-caf7-4f26-9b59-b1299865a721_mp4-0048_jpg.rf.4f01084230cd02bb52a859d144f4eb32.jpg,train,sand,14,0.027925347222221397,0.17453700020029891,False,False
2be0c9f6-caf7-4f26-9b59-b1299865a721_mp4-0048_jpg.rf.4f01084230cd02bb52a859d144f4eb32.jpg,train,sand,7,0.0016973198784722143,0.3539769263326348,False,False
2be0c9f6-caf7-4f26-9b59-b1299865a721_mp4-0048_jpg.rf.4f01084230cd02bb52a859d144f4eb32.jpg,train,sand,24,0.05230034722222232,0.21863400896365273,False,False
2be0c9f6-caf7-4f26-9b59-b1299865a721_mp4-0048_jpg.rf.4f01084230cd02bb52a859d144f4eb32.jpg,train,sand,27,0.13682725694444553,0.15206743359976055,False,False
2be0c9f6-caf7-4f26-9b59-b1299865a721_mp4-0048_jpg.rf.4f01084230cd02bb52a859d144f4eb32.jpg,train,sand,13,0.03913411458333327,0.13690659169868993,False,False
2be0c9f6-caf7-4f26-9b59-b1299865a721_mp4-0050_jpg.rf.04a855fc37fe6aa5f1003f0f42a06558.jpg,train,sand,11,0.045086805555555665,0.10792615738825553,False,False
2be0c9f6-caf7-4f26-9b59-b1299865a721_mp4-0050_jpg.rf.04a855fc37fe6aa5f1003f0f42a06558.jpg,train,sand,29,0.153726128472222,0.15409300184612895,False,False
2be0c9f6-caf7-4f26-9b59-b1299865a721_mp4-0050_jpg.rf.04a855fc37fe6aa5f1003f0f42a06558.jpg,train,sand,13,0.09388020833333355,0.08839243393146923,False,False
2be0c9f6-caf7-4f26-9b59-b1299865a721_mp4-0050_jpg.rf.04a855fc37fe6aa5f1003f0f42a06558.jpg,train,sand,7,0.016006944444444393,0.11526636133928742,False,False
2be0c9f6-caf7-4f26-9b59-b1299865a721_mp4-0053_jpg.rf.f950c949b446624b156b7a45515d2e2a.jpg,train,sand,37,0.16344835069444485,0.1906646652939636,False,False
2be0c9f6-caf7-4f26-9b59-b1299865a721_mp4-0053_jpg.rf.f950c949b446624b156b7a45515d2e2a.jpg,train,sand,5,0.05071397569444441,0.04625566594334931,True,False
2be0c9f6-caf7-4f26-9b59-b1299865a721_mp4-0053_jpg.rf.f950c949b446624b156b7a45515d2e2a.jpg,train,sand,25,0.0929644097222222,0.1708206669759806,False,False
2be0c9f6-caf7-4f26-9b59-b1299865a721_mp4-0054_jpg.rf.e56f8f4976619c508714583b40c20c0c.jpg,train,sand,14,0.01481336805555511,0.2396403203817199,False,False
2be0c9f6-caf7-4f26-9b59-b1299865a721_mp4-0054_jpg.rf.e56f8f4976619c508714583b40c20c0c.jpg,train,sand,20,0.0491059027777776,0.18802773237510717,False,False
2be0c9f6-caf7-4f26-9b59-b1299865a721_mp4-0054_jpg.rf.e56f8f4976619c508714583b40c20c0c.jpg,train,sand,24,0.14971354166666728,0.12922289375592738,False,False
2be0c9f6-caf7-4f26-9b59-b1299865a721_mp4-0054_jpg.rf.e56f8f4976619c508714583b40c20c0c.jpg,train,sand,23,0.09451605902777782,0.1558596857324774,False,False
2be0c9f6-caf7-4f26-9b59-b1299865a721_mp4-0059_jpg.rf.f5b6607327c1373a37236fc6415a2ee8.jpg,train,sand,15,0.022809228368055656,0.20691631003075886,False,False
2be0c9f6-caf7-4f26-9b59-b1299865a721_mp4-0059_jpg.rf.f5b6607327c1373a37236fc6415a2ee8.jpg,train,sand,40,0.148155381944445,0.21650106534008948,False,False
2be0c9f6-caf7-4f26-9b59-b1299865a721_mp4-0059_jpg.rf.f5b6607327c1373a37236fc6415a2ee8.jpg,train,sand,16,0.05578591145833345,0.14112906968029656,False,False
2be0c9f6-caf7-4f26-9b59-b1299865a721_mp4-0059_jpg.rf.f5b6607327c1373a37236fc6415a2ee8.jpg,train,sand,12,0.05542534722222214,0.10619053220873917,False,False
2be0c9f6-caf7-4f26-9b59-b1299865a721_mp4-0060_jpg.rf.edff11eb201b438183c08dad239a6e4e.jpg,train,sand,45,0.05298177083333355,0.40729402730013914,False,True
2be0c9f6-caf7-4f26-9b59-b1299865a721_mp4-0060_jpg.rf.edff11eb201b438183c08dad239a6e4e.jpg,train,sand,27,0.1485091145833355,0.14596407263200145,False,False
2be0c9f6-caf7-4f26-9b59-b1299865a721_mp4-0060_jpg.rf.edff11eb201b438183c08dad239a6e4e.jpg,train,sand,26,0.09374999999999978,0.17690759253434088,False,False
2be0c9f6-caf7-4f26-9b59-b1299865a721_mp4-0060_jpg.rf.edff11eb201b438183c08dad239a6e4e.jpg,train,sand,10,0.017559678819444535,0.15721735250227745,False,False
2be0c9f6-caf7-4f26-9b59-b1299865a721_mp4-0061_jpg.rf.2e8b5e61878eff413d04a2a89a69135b.jpg,train,sand,13,0.01984592013888964,0.19225006496616745,False,False
2be0c9f6-caf7-4f26-9b59-b1299865a721_mp4-0061_jpg.rf.2e8b5e61878eff413d04a2a89a69135b.jpg,train,sand,19,0.05187934027777752,0.17378614163249292,False,False
2be0c9f6-caf7-4f26-9b59-b1299865a721_mp4-0061_jpg.rf.2e8b5e61878eff413d04a2a89a69135b.jpg,train,sand,32,0.150961371527778,0.17158361935194283,False,False
2be0c9f6-caf7-4f26-9b59-b1299865a721_mp4-0061_jpg.rf.2e8b5e61878eff413d04a2a89a69135b.jpg,train,sand,7,0.002647569444444553,0.2834217155626148,False,False
2be0c9f6-caf7-4f26-9b59-b1299865a721_mp4-0061_jpg.rf.2e8b5e61878eff413d04a2a89a69135b.jpg,train,sand,12,0.058439670138888844,0.10341561779219872,False,False
2be0c9f6-caf7-4f26-9b59-b1299865a721_mp4-0064_jpg.rf.f4bb1fac4cee18a166f4b8b097d5b4c1.jpg,train,sand,29,0.06365885416666672,0.23945689782933227,False,False
2be0c9f6-caf7-4f26-9b59-b1299865a721_mp4-0064_jpg.rf.f4bb1fac4cee18a166f4b8b097d5b4c1.jpg,train,sand,35,0.15027560763888737,0.18809729956902663,False,False
2be0c9f6-caf7-4f26-9b59-b1299865a721_mp4-0064_jpg.rf.f4bb1fac4cee18a166f4b8b097d5b4c1.jpg,train,sand,16,0.09620225694444429,0.10746971937247564,False,False
2be0c9f6-caf7-4f26-9b59-b1299865a721_mp4-0064_jpg.rf.f4bb1fac4cee18a166f4b8b097d5b4c1.jpg,train,sand,7,0.015279947916666536,0.11797659720890902,False,False
2be0c9f6-caf7-4f26-9b59-b1299865a721_mp4-0065_jpg.rf.edd052cd565941eb7ca5c5c3e5746e2a.jpg,train,sand,25,0.06363281249999986,0.20647059617976865,False,False
2be0c9f6-caf7-4f26-9b59-b1299865a721_mp4-0065_jpg.rf.edd052cd565941eb7ca5c5c3e5746e2a.jpg,train,sand,42,0.14960286458333272,0.22622369848534102,False,False
2be0c9f6-caf7-4f26-9b59-b1299865a721_mp4-0065_jpg.rf.edd052cd565941eb7ca5c5c3e5746e2a.jpg,train,sand,19,0.09355251736111114,0.12941500232323905,False,False
2be0c9f6-caf7-4f26-9b59-b1299865a721_mp4-0065_jpg.rf.edd052cd565941eb7ca5c5c3e5746e2a.jpg,train,sand,13,0.01633246527777743,0.21192209720951063,False,False
2be0c9f6-caf7-4f26-9b59-b1299865a721_mp4-0066_jpg.rf.51c1fd4f0fedf25fe1c9dfa19a7081a1.jpg,train,sand,15,0.06165798611111106,0.12585061839370296,False,False
2be0c9f6-caf7-4f26-9b59-b1299865a721_mp4-0066_jpg.rf.51c1fd4f0fedf25fe1c9dfa19a7081a1.jpg,train,sand,39,0.15120949435763897,0.2089458929681981,False,False
2be0c9f6-caf7-4f26-9b59-b1299865a721_mp4-0066_jpg.rf.51c1fd4f0fedf25fe1c9dfa19a7081a1.jpg,train,sand,26,0.09134331597222212,0.17922299224268443,False,False
2be0c9f6-caf7-4f26-9b59-b1299865a721_mp4-0066_jpg.rf.51c1fd4f0fedf25fe1c9dfa19a7081a1.jpg,train,sand,6,0.016152343749999964,0.09835404792098079,False,False
2be0c9f6-caf7-4f26-9b59-b1299865a721_mp4-0066_jpg.rf.82746e8c142314443df31a18ca55e664.jpg,train,sand,18,0.018993055555556637,0.27210332482059746,False,False
2be0c9f6-caf7-4f26-9b59-b1299865a721_mp4-0066_jpg.rf.82746e8c142314443df31a18ca55e664.jpg,train,sand,13,0.005325520833333333,0.37112573520094694,False,False
2be0c9f6-caf7-4f26-9b59-b1299865a721_mp4-0066_jpg.rf.82746e8c142314443df31a18ca55e664.jpg,train,sand,42,0.14487196180555273,0.2298877779068889,False,False
2be0c9f6-caf7-4f26-9b59-b1299865a721_mp4-0066_jpg.rf.82746e8c142314443df31a18ca55e664.jpg,train,sand,18,0.05368706597222217,0.16184393630739247,False,False
2be0c9f6-caf7-4f26-9b59-b1299865a721_mp4-0066_jpg.rf.82746e8c142314443df31a18ca55e664.jpg,train,sand,19,0.06664062500000001,0.15333554206065036,False,False
2be0c9f6-caf7-4f26-9b59-b1299865a721_mp4-0067_jpg.rf.27b36f8033ee643dbfbaa11a3122ea6f.jpg,train,sand,17,0.06057508680555568,0.1438999560918478,False,False
2be0c9f6-caf7-4f26-9b59-b1299865a721_mp4-0067_jpg.rf.27b36f8033ee643dbfbaa11a3122ea6f.jpg,train,sand,38,0.15640842013888978,0.20017613267449516,False,False
2be0c9f6-caf7-4f26-9b59-b1299865a721_mp4-0067_jpg.rf.27b36f8033ee643dbfbaa11a3122ea6f.jpg,train,sand,25,0.08927734375000007,0.17431234327720438,False,False
2be0c9f6-caf7-4f26-9b59-b1299865a721_mp4-0067_jpg.rf.27b36f8033ee643dbfbaa11a3122ea6f.jpg,train,sand,5,0.01566189236111115,0.0832351275755557,False,False
2be0c9f6-caf7-4f26-9b59-b1299865a721_mp4-0067_jpg.rf.8bd5ee1959a1847a128bd0f01606118e.jpg,train,sand,11,0.018318142361110734,0.1693209641812467,False,False
2be0c9f6-caf7-4f26-9b59-b1299865a721_mp4-0067_jpg.rf.8bd5ee1959a1847a128bd0f01606118e.jpg,train,sand,27,0.05179904513888878,0.24715058897915967,False,False
2be0c9f6-caf7-4f26-9b59-b1299865a721_mp4-0067_jpg.rf.8bd5ee1959a1847a128bd0f01606118e.jpg,train,sand,41,0.15042317708333286,0.22023444322677876,False,False
2be0c9f6-caf7-4f26-9b59-b1299865a721_mp4-0067_jpg.rf.8bd5ee1959a1847a128bd0f01606118e.jpg,train,sand,17,0.06758897569444455,0.1362290573865089,False,False
2be0c9f6-caf7-4f26-9b59-b1299865a721_mp4-0079_jpg.rf.db2f7bc9cf004c737ee871d9859d4795.jpg,train,sand,22,0.0678493923611112,0.17595777520031988,False,False
2be0c9f6-caf7-4f26-9b59-b1299865a721_mp4-0079_jpg.rf.db2f7bc9cf004c737ee871d9859d4795.jpg,train,sand,35,0.178717447916668,0.17248182150596322,False,False
2be0c9f6-caf7-4f26-9b59-b1299865a721_mp4-0079_jpg.rf.db2f7bc9cf004c737ee871d9859d4795.jpg,train,sand,17,0.05649088541666636,0.14901105623135028,False,False
2be0c9f6-caf7-4f26-9b59-b1299865a721_mp4-0079_jpg.rf.db2f7bc9cf004c737ee871d9859d4795.jpg,train,sand,4,0.0017708333333333326,0.1980295085953349,False,False
2be0c9f6-caf7-4f26-9b59-b1299865a721_mp4-0079_jpg.rf.db2f7bc9cf004c737ee871d9859d4795.jpg,train,sand,8,0.007651909722222183,0.19053020329181686,False,False
2be0c9f6-caf7-4f26-9b59-b1299865a721_mp4-0079_jpg.rf.db2f7bc9cf004c737ee871d9859d4795.jpg,train,sand,20,0.021701388888889284,0.28284271247461645,False,False
2be0c9f6-caf7-4f26-9b59-b1299865a721_mp4-0080_jpg.rf.51edbda029f89f55000f45111d7b588c.jpg,train,sand,31,0.07040364583333325,0.24340129340397035,False,False
2be0c9f6-caf7-4f26-9b59-b1299865a721_mp4-0080_jpg.rf.51edbda029f89f55000f45111d7b588c.jpg,train,sand,28,0.18328342013888843,0.13625586457851144,False,False
2be0c9f6-caf7-4f26-9b59-b1299865a721_mp4-0080_jpg.rf.51edbda029f89f55000f45111d7b588c.jpg,train,sand,13,0.056649305555555696,0.11379018925775064,False,False
2be0c9f6-caf7-4f26-9b59-b1299865a721_mp4-0080_jpg.rf.51edbda029f89f55000f45111d7b588c.jpg,train,sand,9,0.008912760416666665,0.19860727644187934,False,False
2be0c9f6-caf7-4f26-9b59-b1299865a721_mp4-0080_jpg.rf.51edbda029f89f55000f45111d7b588c.jpg,train,sand,12,0.01326972762803802,0.21702461992684757,False,False
2be0c9f6-caf7-4f26-9b59-b1299865a721_mp4-0082_jpg.rf.ed987af656eda573ad2bdfb7d76a90ca.jpg,train,sand,19,0.048663194444444224,0.17943702343705495,False,False
2be0c9f6-caf7-4f26-9b59-b1299865a721_mp4-0082_jpg.rf.ed987af656eda573ad2bdfb7d76a90ca.jpg,train,sand,22,0.1473263888888896,0.11941013007984115,False,False
2be0c9f6-caf7-4f26-9b59-b1299865a721_mp4-0082_jpg.rf.ed987af656eda573ad2bdfb7d76a90ca.jpg,train,sand,25,0.0963736979166665,0.16777201074509607,False,False
2be0c9f6-caf7-4f26-9b59-b1299865a721_mp4-0082_jpg.rf.ed987af656eda573ad2bdfb7d76a90ca.jpg,train,sand,7,0.015329861111110787,0.11778437792381255,False,False
2be0c9f6-caf7-4f26-9b59-b1299865a721_mp4-0082_jpg.rf.ed987af656eda573ad2bdfb7d76a90ca.jpg,train,sand,7,0.0042578124999999994,0.22349279988493534,False,False
2be0c9f6-caf7-4f26-9b59-b1299865a721_mp4-0084_jpg.rf.407b0c67f752892706095bc8e7ab6ffc.jpg,train,sand,14,0.05051432291666669,0.12977156144708998,False,False
2be0c9f6-caf7-4f26-9b59-b1299865a721_mp4-0084_jpg.rf.407b0c67f752892706095bc8e7ab6ffc.jpg,train,sand,4,0.07583984375,0.03026007772254207,True,False
2be0c9f6-caf7-4f26-9b59-b1299865a721_mp4-0084_jpg.rf.407b0c67f752892706095bc8e7ab6ffc.jpg,train,sand,34,0.21219835069444315,0.15376825207410744,False,False
2be0c9f6-caf7-4f26-9b59-b1299865a721_mp4-0092_jpg.rf.6bf0edfe3dc03887a02a4ef9b41d49d1.jpg,train,sand,11,0.03480685763888913,0.1228341257866034,False,False
2be0c9f6-caf7-4f26-9b59-b1299865a721_mp4-0092_jpg.rf.6bf0edfe3dc03887a02a4ef9b41d49d1.jpg,train,sand,25,0.22346571180555674,0.11017760401021547,False,False
2be0c9f6-caf7-4f26-9b59-b1299865a721_mp4-0092_jpg.rf.6bf0edfe3dc03887a02a4ef9b41d49d1.jpg,train,sand,5,0.06201822916666666,0.04182819136125435,True,False
2be0c9f6-caf7-4f26-9b59-b1299865a721_mp4-0094_jpg.rf.89a5120ca7e4fa96822777745861df30.jpg,train,sand,21,0.15012369791666735,0.11291546583270196,False,False
2be0c9f6-caf7-4f26-9b59-b1299865a721_mp4-0094_jpg.rf.89a5120ca7e4fa96822777745861df30.jpg,train,sand,7,0.01553385416666675,0.11700844043366515,False,False
2be0c9f6-caf7-4f26-9b59-b1299865a721_mp4-0094_jpg.rf.89a5120ca7e4fa96822777745861df30.jpg,train,sand,5,0.04883680555555553,0.047136262375315055,True,False
2be0c9f6-caf7-4f26-9b59-b1299865a721_mp4-0094_jpg.rf.89a5120ca7e4fa96822777745861df30.jpg,train,sand,15,0.0944487847222224,0.10168381564460369,False,False
2be0c9f6-caf7-4f26-9b59-b1299865a721_mp4-0095_jpg.rf.a66a084676997abea7f34355c34657c3.jpg,train,sand,12,0.032089843750000124,0.13955847253041007,False,False
2be0c9f6-caf7-4f26-9b59-b1299865a721_mp4-0095_jpg.rf.a66a084676997abea7f34355c34657c3.jpg,train,sand,30,0.22163845486110922,0.13275700936101406,False,False
2be0c9f6-caf7-4f26-9b59-b1299865a721_mp4-0095_jpg.rf.a66a084676997abea7f34355c34657c3.jpg,train,sand,7,0.06465711805555563,0.05735200841910688,True,False
2be0c9f6-caf7-4f26-9b59-b1299865a721_mp4-0100_jpg.rf.a53ef10ea72d7f4fbb03e113713e2238.jpg,train,sand,13,0.014939236111112031,0.22158375580515782,False,False
2be0c9f6-caf7-4f26-9b59-b1299865a721_mp4-0100_jpg.rf.a53ef10ea72d7f4fbb03e113713e2238.jpg,train,sand,8,0.058331163194444424,0.06900783957414243,True,False
2be0c9f6-caf7-4f26-9b59-b1299865a721_mp4-0100_jpg.rf.a53ef10ea72d7f4fbb03e113713e2238.jpg,train,sand,32,0.14937717013888907,0.17249107431265454,False,False
2be0c9f6-caf7-4f26-9b59-b1299865a721_mp4-0100_jpg.rf.a53ef10ea72d7f4fbb03e113713e2238.jpg,train,sand,22,0.09331163194444447,0.15004224407859243,False,False
2be0c9f6-caf7-4f26-9b59-b1299865a721_mp4-0106_jpg.rf.d197c37a8e554ba9426e0552cb6aa87d.jpg,train,sand,17,0.06322265625000001,0.14085469085702995,False,False
2be0c9f6-caf7-4f26-9b59-b1299865a721_mp4-0106_jpg.rf.d197c37a8e554ba9426e0552cb6aa87d.jpg,train,sand,41,0.15309461805555458,0.2183044846402887,False,False
2be0c9f6-caf7-4f26-9b59-b1299865a721_mp4-0106_jpg.rf.d197c37a8e554ba9426e0552cb6aa87d.jpg,train,sand,27,0.09204644097222214,0.18540396871742942,False,False
2be0c9f6-caf7-4f26-9b59-b1299865a721_mp4-0107_jpg.rf.6d8078a4cd426ae3aadd2b36784c1a95.jpg,train,sand,15,0.061840277777777786,0.125664991392842,False,False
2be0c9f6-caf7-4f26-9b59-b1299865a721_mp4-0107_jpg.rf.6d8078a4cd426ae3aadd2b36784c1a95.jpg,train,sand,13,0.014342447916667389,0.22614681426198502,False,False
2be0c9f6-caf7-4f26-9b59-b1299865a721_mp4-0107_jpg.rf.6d8078a4cd426ae3aadd2b36784c1a95.jpg,train,sand,38,0.15620659722222463,0.2003054072716766,False,False
2be0c9f6-caf7-4f26-9b59-b1299865a721_mp4-0107_jpg.rf.6d8078a4cd426ae3aadd2b36784c1a95.jpg,train,sand,29,0.08889756944444471,0.20263376647558592,False,False
2be0c9f6-caf7-4f26-9b59-b1299865a721_mp4-0107_jpg.rf.6d8078a4cd426ae3aadd2b36784c1a95.jpg,train,sand,7,0.0018272569444444386,0.34115912518000613,False,False
2be0c9f6-caf7-4f26-9b59-b1299865a721_mp4-0109_jpg.rf.4db05748abeb397b71d0ba3301b0ef3f.jpg,train,sand,7,0.003940972222222339,0.23230315905998677,False,False
2be0c9f6-caf7-4f26-9b59-b1299865a721_mp4-0109_jpg.rf.4db05748abeb397b71d0ba3301b0ef3f.jpg,train,sand,7,0.0018098958333332416,0.34279147481208294,False,False
2be0c9f6-caf7-4f26-9b59-b1299865a721_mp4-0109_jpg.rf.4db05748abeb397b71d0ba3301b0ef3f.jpg,train,sand,17,0.060531684027777644,0.14395153683624315,False,False
2be0c9f6-caf7-4f26-9b59-b1299865a721_mp4-0109_jpg.rf.4db05748abeb397b71d0ba3301b0ef3f.jpg,train,sand,40,0.20783420138888786,0.18279328827356245,False,False
2be0c9f6-caf7-4f26-9b59-b1299865a721_mp4-0109_jpg.rf.4db05748abeb397b71d0ba3301b0ef3f.jpg,train,sand,8,0.011516927083333073,0.1553032130929224,False,False
2be0c9f6-caf7-4f26-9b59-b1299865a721_mp4-0110_jpg.rf.716240d2e9c661c38a2f2c8bf232da3c.jpg,train,sand,16,0.06379123263888875,0.13197699882587463,False,False
2be0c9f6-caf7-4f26-9b59-b1299865a721_mp4-0110_jpg.rf.716240d2e9c661c38a2f2c8bf232da3c.jpg,train,sand,28,0.20788628472222204,0.12793927197953872,False,False
2be0c9f6-caf7-4f26-9b59-b1299865a721_mp4-0110_jpg.rf.716240d2e9c661c38a2f2c8bf232da3c.jpg,train,sand,7,0.012552083333333464,0.13016640057847964,False,False
2be0c9f6-caf7-4f26-9b59-b1299865a721_mp4-0111_jpg.rf.a94da3d93fc0df40804c2bcc4e9b401b.jpg,train,sand,19,0.06296875000000024,0.15774290243912703,False,False
2be0c9f6-caf7-4f26-9b59-b1299865a721_mp4-0111_jpg.rf.a94da3d93fc0df40804c2bcc4e9b401b.jpg,train,sand,33,0.20774305555555728,0.15083754140700514,False,False
2be0c9f6-caf7-4f26-9b59-b1299865a721_mp4-0111_jpg.rf.a94da3d93fc0df40804c2bcc4e9b401b.jpg,train,sand,9,0.01253038194444489,0.16750166080787673,False,False
2be0c9f6-caf7-4f26-9b59-b1299865a721_mp4-0112_jpg.rf.fb41075a5bc1bfe6f5ee3987d6e5f0f1.jpg,train,sand,14,0.013346354166666963,0.2524674977068782,False,False
2be0c9f6-caf7-4f26-9b59-b1299865a721_mp4-0112_jpg.rf.fb41075a5bc1bfe6f5ee3987d6e5f0f1.jpg,train,sand,10,0.06106987847222223,0.0843034280388717,False,False
2be0c9f6-caf7-4f26-9b59-b1299865a721_mp4-0112_jpg.rf.fb41075a5bc1bfe6f5ee3987d6e5f0f1.jpg,train,sand,39,0.17176828846571368,0.19604324182507848,False,False
2be0c9f6-caf7-4f26-9b59-b1299865a721_mp4-0112_jpg.rf.fb41075a5bc1bfe6f5ee3987d6e5f0f1.jpg,train,sand,17,0.07436197916666676,0.12987698969406863,False,False
2be0c9f6-caf7-4f26-9b59-b1299865a721_mp4-0115_jpg.rf.c648da1c00073ee16ab4227e949bd36a.jpg,train,sand,36,0.1848748657964414,0.1744304605724783,False,False
2be0c9f6-caf7-4f26-9b59-b1299865a721_mp4-0115_jpg.rf.c648da1c00073ee16ab4227e949bd36a.jpg,train,sand,26,0.07082465277777783,0.2035353665146013,False,False
2be0c9f6-caf7-4f26-9b59-b1299865a721_mp4-0115_jpg.rf.c648da1c00073ee16ab4227e949bd36a.jpg,train,sand,20,0.060017361111111,0.17007884982457752,False,False
2be0c9f6-caf7-4f26-9b59-b1299865a721_mp4-0115_jpg.rf.c648da1c00073ee16ab4227e949bd36a.jpg,train,sand,8,0.01437282986111077,0.1390201034346898,False,False
2be0c9f6-caf7-4f26-9b59-b1299865a721_mp4-0118_jpg.rf.ab56ce2e7b35742214f1b50a7580b8b8.jpg,train,sand,21,0.06868055555555563,0.16694028769658442,False,False
2be0c9f6-caf7-4f26-9b59-b1299865a721_mp4-0118_jpg.rf.ab56ce2e7b35742214f1b50a7580b8b8.jpg,train,sand,34,0.1817534722222227,0.16614846047420406,False,False
2be0c9f6-caf7-4f26-9b59-b1299865a721_mp4-0118_jpg.rf.ab56ce2e7b35742214f1b50a7580b8b8.jpg,train,sand,14,0.05684895833333359,0.12232790629709905,False,False
2be0c9f6-caf7-4f26-9b59-b1299865a721_mp4-0118_jpg.rf.ab56ce2e7b35742214f1b50a7580b8b8.jpg,train,sand,8,0.012819010416666554,0.14720463996337926,False,False
2be0c9f6-caf7-4f26-9b59-b1299865a721_mp4-0119_jpg.rf.5d7adcf607efd5e1cd5add9d850610d8.jpg,train,sand,24,0.06864583333333352,0.19083714624901327,False,False
2be0c9f6-caf7-4f26-9b59-b1299865a721_mp4-0119_jpg.rf.5d7adcf607efd5e1cd5add9d850610d8.jpg,train,sand,34,0.18293455901258326,0.16561123688851298,False,False
2be0c9f6-caf7-4f26-9b59-b1299865a721_mp4-0119_jpg.rf.5d7adcf607efd5e1cd5add9d850610d8.jpg,train,sand,14,0.055763888888888724,0.12351231781710265,False,False
2be0c9f6-caf7-4f26-9b59-b1299865a721_mp4-0119_jpg.rf.5d7adcf607efd5e1cd5add9d850610d8.jpg,train,sand,5,0.001859809027777777,0.24154307519818502,False,False
2be0c9f6-caf7-4f26-9b59-b1299865a721_mp4-0119_jpg.rf.5d7adcf607efd5e1cd5add9d850610d8.jpg,train,sand,8,0.008880208333333361,0.17686307531415246,False,False
2be0c9f6-caf7-4f26-9b59-b1299865a721_mp4-0119_jpg.rf.5d7adcf607efd5e1cd5add9d850610d8.jpg,train,sand,6,0.012107204861111276,0.11360254674519366,False,False
2be0c9f6-caf7-4f26-9b59-b1299865a721_mp4-0125_jpg.rf.998462409b9f62927c452067f318b9e7.jpg,train,sand,22,0.0711154513888892,0.17186975503135382,False,False
2be0c9f6-caf7-4f26-9b59-b1299865a721_mp4-0125_jpg.rf.998462409b9f62927c452067f318b9e7.jpg,train,sand,43,0.19009114583333364,0.20546898423356647,False,False
2be0c9f6-caf7-4f26-9b59-b1299865a721_mp4-0125_jpg.rf.998462409b9f62927c452067f318b9e7.jpg,train,sand,14,0.0438910590277779,0.13921908284581572,False,False
2be0c9f6-caf7-4f26-9b59-b1299865a721_mp4-0125_jpg.rf.998462409b9f62927c452067f318b9e7.jpg,train,sand,6,0.0027473958333333326,0.23847859005514932,False,False
2be0c9f6-caf7-4f26-9b59-b1299865a721_mp4-0125_jpg.rf.998462409b9f62927c452067f318b9e7.jpg,train,sand,6,0.0021137152777779278,0.2718859526576566,False,False
2be0c9f6-caf7-4f26-9b59-b1299865a721_mp4-0125_jpg.rf.998462409b9f62927c452067f318b9e7.jpg,train,sand,9,0.012217881944444287,0.169630253007377,False,False
2be0c9f6-caf7-4f26-9b59-b1299865a721_mp4-0126_jpg.rf.0d87b838862800c5c2c124016fad9076.jpg,train,sand,15,0.0697612847222222,0.11831581147481912,False,False
2be0c9f6-caf7-4f26-9b59-b1299865a721_mp4-0126_jpg.rf.0d87b838862800c5c2c124016fad9076.jpg,train,sand,42,0.1974674479166687,0.19690661047098562,False,False
2be0c9f6-caf7-4f26-9b59-b1299865a721_mp4-0126_jpg.rf.0d87b838862800c5c2c124016fad9076.jpg,train,sand,19,0.03680772569444457,0.20632073283334088,False,False
2be0c9f6-caf7-4f26-9b59-b1299865a721_mp4-0126_jpg.rf.0d87b838862800c5c2c124016fad9076.jpg,train,sand,4,0.00246961805555556,0.16768872326012726,False,False
2be0c9f6-caf7-4f26-9b59-b1299865a721_mp4-0126_jpg.rf.0d87b838862800c5c2c124016fad9076.jpg,train,sand,8,0.011835937500000338,0.1531959972323781,False,False
2be0c9f6-caf7-4f26-9b59-b1299865a721_mp4-0126_jpg.rf.0d87b838862800c5c2c124016fad9076.jpg,train,sand,6,0.0015125868055556602,0.321402950403337,False,False
2be0c9f6-caf7-4f26-9b59-b1299865a721_mp4-0126_jpg.rf.64d22549c5606af3115f8eb3d87917dc.jpg,train,sand,16,0.0644075520833336,0.13134403334828687,False,False
2be0c9f6-caf7-4f26-9b59-b1299865a721_mp4-0126_jpg.rf.64d22549c5606af3115f8eb3d87917dc.jpg,train,sand,33,0.20791015625000053,0.15077691395898993,False,False
2be0c9f6-caf7-4f26-9b59-b1299865a721_mp4-0126_jpg.rf.64d22549c5606af3115f8eb3d87917dc.jpg,train,sand,7,0.01238715277777791,0.13103009491850184,False,False
2be0c9f6-caf7-4f26-9b59-b1299865a721_mp4-0127_jpg.rf.2ab9b6dc5defbb82e43740da8aa948c6.jpg,train,sand,15,0.06580512152777751,0.12182044284448228,False,False
2be0c9f6-caf7-4f26-9b59-b1299865a721_mp4-0127_jpg.rf.2ab9b6dc5defbb82e43740da8aa948c6.jpg,train,sand,29,0.20682725694444315,0.13284734351468247,False,False
2be0c9f6-caf7-4f26-9b59-b1299865a721_mp4-0127_jpg.rf.2ab9b6dc5defbb82e43740da8aa948c6.jpg,train,sand,8,0.011825086805555607,0.1532662674058989,False,False
2be0c9f6-caf7-4f26-9b59-b1299865a721_mp4-0129_jpg.rf.f2e161b35658603b978d0945424e7fba.jpg,train,sand,17,0.06686146484375,0.13696819747911065,False,False
2be0c9f6-caf7-4f26-9b59-b1299865a721_mp4-0129_jpg.rf.f2e161b35658603b978d0945424e7fba.jpg,train,sand,33,0.20451605902777814,0.15202289366339114,False,False
2be0c9f6-caf7-4f26-9b59-b1299865a721_mp4-0129_jpg.rf.f2e161b35658603b978d0945424e7fba.jpg,train,sand,7,0.012309027777777537,0.13144525908302024,False,False
2be0c9f6-caf7-4f26-9b59-b1299865a721_mp4-0131_jpg.rf.afa9f3cadd724b0b0810bfc8a096213d.jpg,train,sand,14,0.06554253472222205,0.11392661188605036,False,False
2be0c9f6-caf7-4f26-9b59-b1299865a721_mp4-0131_jpg.rf.afa9f3cadd724b0b0810bfc8a096213d.jpg,train,sand,30,0.20274088541666568,0.13880635434870597,False,False
2be0c9f6-caf7-4f26-9b59-b1299865a721_mp4-0131_jpg.rf.afa9f3cadd724b0b0810bfc8a096213d.jpg,train,sand,7,0.012777777777777555,0.12901171163553612,False,False
2be0c9f6-caf7-4f26-9b59-b1299865a721_mp4-0132_jpg.rf.382b64504b82dd0790769d19003a04ed.jpg,train,sand,15,0.06574435763888897,0.12187672580569951,False,False
2be0c9f6-caf7-4f26-9b59-b1299865a721_mp4-0132_jpg.rf.382b64504b82dd0790769d19003a04ed.jpg,train,sand,26,0.20207031249999918,0.12049828173081777,False,False
2be0c9f6-caf7-4f26-9b59-b1299865a721_mp4-0132_jpg.rf.382b64504b82dd0790769d19003a04ed.jpg,train,sand,7,0.012274305555556086,0.13163104752780241,False,False
2be0c9f6-caf7-4f26-9b59-b1299865a721_mp4-0132_jpg.rf.53aca16a7e7fedde997e09dde1fdcae1.jpg,train,sand,14,0.05920789930555559,0.11986626471308151,False,False
2be0c9f6-caf7-4f26-9b59-b1299865a721_mp4-0132_jpg.rf.53aca16a7e7fedde997e09dde1fdcae1.jpg,train,sand,29,0.18589192708333346,0.14012850727956683,False,False
2be0c9f6-caf7-4f26-9b59-b1299865a721_mp4-0132_jpg.rf.53aca16a7e7fedde997e09dde1fdcae1.jpg,train,sand,12,0.03201171874999997,0.1397286658528336,False,False
2be0c9f6-caf7-4f26-9b59-b1299865a721_mp4-0132_jpg.rf.53aca16a7e7fedde997e09dde1fdcae1.jpg,train,sand,7,0.012443576388889266,0.13073268881979974,False,False
2be0c9f6-caf7-4f26-9b59-b1299865a721_mp4-0132_jpg.rf.53aca16a7e7fedde997e09dde1fdcae1.jpg,train,sand,16,0.016720920138888817,0.2577796673733151,False,False
2be0c9f6-caf7-4f26-9b59-b1299865a721_mp4-0137_jpg.rf.2b0fd1730c93666820ff96d174c88129.jpg,train,sand,13,0.062085503472222525,0.10869436038666595,False,False
2be0c9f6-caf7-4f26-9b59-b1299865a721_mp4-0137_jpg.rf.2b0fd1730c93666820ff96d174c88129.jpg,train,sand,26,0.20317708333333417,0.1201696371391911,False,False
2be0c9f6-caf7-4f26-9b59-b1299865a721_mp4-0137_jpg.rf.2b0fd1730c93666820ff96d174c88129.jpg,train,sand,9,0.012204861111110965,0.1697207144410617,False,False
2be0c9f6-caf7-4f26-9b59-b1299865a721_mp4-0138_jpg.rf.e8e97b168f60a54517d9d7f9b5183bf5.jpg,train,sand,17,0.059123263888889,0.14565603494813045,False,False
2be0c9f6-caf7-4f26-9b59-b1299865a721_mp4-0138_jpg.rf.e8e97b168f60a54517d9d7f9b5183bf5.jpg,train,sand,36,0.20711588541666615,0.16479899485127025,False,False
2be0c9f6-caf7-4f26-9b59-b1299865a721_mp4-0138_jpg.rf.e8e97b168f60a54517d9d7f9b5183bf5.jpg,train,sand,8,0.011456163194444535,0.15571453522518,False,False
2be0c9f6-caf7-4f26-9b59-b1299865a721_mp4-0139_jpg.rf.75983283fda6c6c47f992aae25594b57.jpg,train,sand,12,0.05553168402777775,0.10608881214515768,False,False
2be0c9f6-caf7-4f26-9b59-b1299865a721_mp4-0139_jpg.rf.75983283fda6c6c47f992aae25594b57.jpg,train,sand,45,0.2146015945638009,0.20237404116153934,False,False
2be0c9f6-caf7-4f26-9b59-b1299865a721_mp4-0139_jpg.rf.75983283fda6c6c47f992aae25594b57.jpg,train,sand,11,0.015440538194444242,0.1844251862745346,False,False
2be0c9f6-caf7-4f26-9b59-b1299865a721_mp4-0139_jpg.rf.75983283fda6c6c47f992aae25594b57.jpg,train,sand,9,0.010907118055555554,0.17953381732661924,False,False
2be0c9f6-caf7-4f26-9b59-b1299865a721_mp4-0141_jpg.rf.3508d1a4a2d79346e39cf916c965ea09.jpg,train,sand,13,0.054611545138888884,0.11589371453939906,False,False
2be0c9f6-caf7-4f26-9b59-b1299865a721_mp4-0141_jpg.rf.3508d1a4a2d79346e39cf916c965ea09.jpg,train,sand,29,0.2131618923611116,0.13085851181536845,False,False
2be0c9f6-caf7-4f26-9b59-b1299865a721_mp4-0141_jpg.rf.3508d1a4a2d79346e39cf916c965ea09.jpg,train,sand,8,0.01180989583333325,0.1533648082998312,False,False
2be0c9f6-caf7-4f26-9b59-b1299865a721_mp4-0142_jpg.rf.2e2fefba5636e68b895de5882513b00d.jpg,train,sand,7,0.0027039930555554648,0.28044907807525604,False,False
2be0c9f6-caf7-4f26-9b59-b1299865a721_mp4-0142_jpg.rf.2e2fefba5636e68b895de5882513b00d.jpg,train,sand,10,0.010431857638888875,0.20397546730610006,False,False
2be0c9f6-caf7-4f26-9b59-b1299865a721_mp4-0142_jpg.rf.2e2fefba5636e68b895de5882513b00d.jpg,train,sand,19,0.06061197916666661,0.160780409677468,False,False
2be0c9f6-caf7-4f26-9b59-b1299865a721_mp4-0142_jpg.rf.2e2fefba5636e68b895de5882513b00d.jpg,train,sand,38,0.21090060763889085,0.17238657603505486,False,False
2be0c9f6-caf7-4f26-9b59-b1299865a721_mp4-0142_jpg.rf.2e2fefba5636e68b895de5882513b00d.jpg,train,sand,7,0.01185763888888891,0.13392377806384154,False,False
2be0c9f6-caf7-4f26-9b59-b1299865a721_mp4-0143_jpg.rf.3ce5299e96f006c397ef33be681213ba.jpg,train,sand,8,0.003474392361111356,0.28275436553743133,False,False
2be0c9f6-caf7-4f26-9b59-b1299865a721_mp4-0143_jpg.rf.3ce5299e96f006c397ef33be681213ba.jpg,train,sand,17,0.05961371527777781,0.14505562996482474,False,False
2be0c9f6-caf7-4f26-9b59-b1299865a721_mp4-0143_jpg.rf.3ce5299e96f006c397ef33be681213ba.jpg,train,sand,38,0.20230251736110993,0.1760117722170292,False,False
2be0c9f6-caf7-4f26-9b59-b1299865a721_mp4-0143_jpg.rf.3ce5299e96f006c397ef33be681213ba.jpg,train,sand,16,0.005798611111111018,0.43774052413166975,False,True
2be0c9f6-caf7-4f26-9b59-b1299865a721_mp4-0143_jpg.rf.3ce5299e96f006c397ef33be681213ba.jpg,train,sand,6,0.012384982638889097,0.11232134930200843,False,False
2be0c9f6-caf7-4f26-9b59-b1299865a721_mp4-0145_jpg.rf.c154d1be7a8f315673899b0516cf27ae.jpg,train,sand,12,0.06398220486111106,0.09883491831285798,False,False
2be0c9f6-caf7-4f26-9b59-b1299865a721_mp4-0145_jpg.rf.c154d1be7a8f315673899b0516cf27ae.jpg,train,sand,38,0.21480360741319515,0.17081325707995168,False,False
2be0c9f6-caf7-4f26-9b59-b1299865a721_mp4-0145_jpg.rf.c154d1be7a8f315673899b0516cf27ae.jpg,train,sand,5,0.011684027777777661,0.09636791806146294,False,False
2be0c9f6-caf7-4f26-9b59-b1299865a721_mp4-0148_jpg.rf.8bafb623ed57b5722331bfb3e520b7ae.jpg,train,sand,19,0.06274739583333355,0.1580208925310478,False,False
2be0c9f6-caf7-4f26-9b59-b1299865a721_mp4-0148_jpg.rf.8bafb623ed57b5722331bfb3e520b7ae.jpg,train,sand,36,0.21515985908203028,0.1616890605912263,False,False
2be0c9f6-caf7-4f26-9b59-b1299865a721_mp4-0148_jpg.rf.8bafb623ed57b5722331bfb3e520b7ae.jpg,train,sand,7,0.011681857638888626,0.1349276162929293,False,False
2be0c9f6-caf7-4f26-9b59-b1299865a721_mp4-0150_jpg.rf.3b860cc65f8779da023bf2f6e6364a0c.jpg,train,sand,15,0.06489149305555553,0.12267502024155041,False,False
2be0c9f6-caf7-4f26-9b59-b1299865a721_mp4-0150_jpg.rf.3b860cc65f8779da023bf2f6e6364a0c.jpg,train,sand,37,0.20868055555555642,0.16874056330303877,False,False
2be0c9f6-caf7-4f26-9b59-b1299865a721_mp4-0150_jpg.rf.3b860cc65f8779da023bf2f6e6364a0c.jpg,train,sand,6,0.012018229166666394,0.1140222935377943,False,False
2be0c9f6-caf7-4f26-9b59-b1299865a721_mp4-0152_jpg.rf.0e5708e81710e591e23340ef8910c0b5.jpg,train,sand,17,0.06703993055555535,0.13678576578202487,False,False
2be0c9f6-caf7-4f26-9b59-b1299865a721_mp4-0152_jpg.rf.0e5708e81710e591e23340ef8910c0b5.jpg,train,sand,32,0.20587022569444358,0.14693050478253575,False,False
2be0c9f6-caf7-4f26-9b59-b1299865a721_mp4-0152_jpg.rf.0e5708e81710e591e23340ef8910c0b5.jpg,train,sand,8,0.012183159722222392,0.15099716057227802,False,False
2be0c9f6-caf7-4f26-9b59-b1299865a721_mp4-0154_jpg.rf.e3a3d787f68b332e67e57cc6f186912c.jpg,train,sand,14,0.06431206597222205,0.11501131464793994,False,False
2be0c9f6-caf7-4f26-9b59-b1299865a721_mp4-0154_jpg.rf.e3a3d787f68b332e67e57cc6f186912c.jpg,train,sand,28,0.20916449652777658,0.12754775215509315,False,False
2be0c9f6-caf7-4f26-9b59-b1299865a721_mp4-0154_jpg.rf.e3a3d787f68b332e67e57cc6f186912c.jpg,train,sand,9,0.011497395833333535,0.17486445163022865,False,False
2be0c9f6-caf7-4f26-9b59-b1299865a721_mp4-0170_jpg.rf.37b1f01da0c12367107f31faaef4ab5f.jpg,train,sand,11,0.01135199652777752,0.2150875749141096,False,False
2be0c9f6-caf7-4f26-9b59-b1299865a721_mp4-0170_jpg.rf.37b1f01da0c12367107f31faaef4ab5f.jpg,train,sand,18,0.057304687500000284,0.1566520899975911,False,False
2be0c9f6-caf7-4f26-9b59-b1299865a721_mp4-0170_jpg.rf.37b1f01da0c12367107f31faaef4ab5f.jpg,train,sand,35,0.20875868055555546,0.15958958131084702,False,False
4a7f29af-8d1c-4a3b-90e6-b9cf771fd1c2_mp4-0004_jpg.rf.edac98863ed0ac6d39b5929b4babc3d7.jpg,train,sand,28,0.06514081790123427,0.1523698118607042,False,False
4a7f29af-8d1c-4a3b-90e6-b9cf771fd1c2_mp4-0004_jpg.rf.edac98863ed0ac6d39b5929b4babc3d7.jpg,train,gravel,20,0.21857253086419703,0.059415493504888284,True,False
4a7f29af-8d1c-4a3b-90e6-b9cf771fd1c2_mp4-0006_jpg.rf.b9678735362917d2380c57080ccac23d.jpg,train,sand,23,0.06622685185185206,0.12413043693394667,False,False
4a7f29af-8d1c-4a3b-90e6-b9cf771fd1c2_mp4-0006_jpg.rf.b9678735362917d2380c57080ccac23d.jpg,train,gravel,49,0.21482783564814856,0.14683118611811757,False,False
4a7f29af-8d1c-4a3b-90e6-b9cf771fd1c2_mp4-0009_jpg.rf.705dc2d871d9b3b7ea8133cf759fa8bd.jpg,train,sand,26,0.07388310185185176,0.1328520595302053,False,False
4a7f29af-8d1c-4a3b-90e6-b9cf771fd1c2_mp4-0009_jpg.rf.705dc2d871d9b3b7ea8133cf759fa8bd.jpg,train,gravel,34,0.21212191358024945,0.10253063626986843,False,False
4a7f29af-8d1c-4a3b-90e6-b9cf771fd1c2_mp4-0009_jpg.rf.705dc2d871d9b3b7ea8133cf759fa8bd.jpg,train,sand,6,0.0010532407407406463,0.2567762955065592,False,False
4a7f29af-8d1c-4a3b-90e6-b9cf771fd1c2_mp4-0013_jpg.rf.cab713d573215c222cdc441e4a927dbc.jpg,train,sand,20,0.08081983024691386,0.09770989177930729,False,False
4a7f29af-8d1c-4a3b-90e6-b9cf771fd1c2_mp4-0013_jpg.rf.cab713d573215c222cdc441e4a927dbc.jpg,train,gravel,29,0.2502584876543219,0.0805139425888947,False,False
4a7f29af-8d1c-4a3b-90e6-b9cf771fd1c2_mp4-0013_jpg.rf.cab713d573215c222cdc441e4a927dbc.jpg,train,sand,20,0.00236111111111148,0.5716619504749848,False,True
4a7f29af-8d1c-4a3b-90e6-b9cf771fd1c2_mp4-0014_jpg.rf.05d13b7d0b1462e64a39ed771128e5c1.jpg,train,sand,24,0.08208526234567914,0.1163445783535876,False,False
4a7f29af-8d1c-4a3b-90e6-b9cf771fd1c2_mp4-0014_jpg.rf.05d13b7d0b1462e64a39ed771128e5c1.jpg,train,sand,7,0.001689814814814783,0.23650808243982233,False,False
4a7f29af-8d1c-4a3b-90e6-b9cf771fd1c2_mp4-0014_jpg.rf.05d13b7d0b1462e64a39ed771128e5c1.jpg,train,gravel,16,0.24087962962963028,0.04527802228106832,True,False
4a7f29af-8d1c-4a3b-90e6-b9cf771fd1c2_mp4-0016_jpg.rf.be66770cbbd5166112c827f2e32e66f4.jpg,train,sand,33,0.08170717592592514,0.16034349416655044,False,False
4a7f29af-8d1c-4a3b-90e6-b9cf771fd1c2_mp4-0016_jpg.rf.be66770cbbd5166112c827f2e32e66f4.jpg,train,sand,12,0.002255015432098606,0.35097322834448647,False,False
4a7f29af-8d1c-4a3b-90e6-b9cf771fd1c2_mp4-0016_jpg.rf.be66770cbbd5166112c827f2e32e66f4.jpg,train,gravel,22,0.23292631172839418,0.06331125309652577,True,False
4a7f29af-8d1c-4a3b-90e6-b9cf771fd1c2_mp4-0029_jpg.rf.8a57889fa660d74f25768bd43cf8befa.jpg,train,sand,26,0.08469328703703694,0.12408416347973764,False,False
4a7f29af-8d1c-4a3b-90e6-b9cf771fd1c2_mp4-0029_jpg.rf.8a57889fa660d74f25768bd43cf8befa.jpg,train,sand,13,0.003056520061728296,0.32658574955814584,False,False
4a7f29af-8d1c-4a3b-90e6-b9cf771fd1c2_mp4-0029_jpg.rf.8a57889fa660d74f25768bd43cf8befa.jpg,train,gravel,31,0.3031442901234582,0.07819959451865827,False,False
4a7f29af-8d1c-4a3b-90e6-b9cf771fd1c2_mp4-0031_jpg.rf.d934fa8d129d79ca2d9f4c6314b5b5d1.jpg,train,sand,9,0.0032685728877313025,0.2186406581600335,False,False
4a7f29af-8d1c-4a3b-90e6-b9cf771fd1c2_mp4-0031_jpg.rf.d934fa8d129d79ca2d9f4c6314b5b5d1.jpg,train,sand,24,0.08125578510802445,0.11693690628343859,False,False
4a7f29af-8d1c-4a3b-90e6-b9cf771fd1c2_mp4-0031_jpg.rf.d934fa8d129d79ca2d9f4c6314b5b5d1.jpg,train,gravel,27,0.28991512345679027,0.0696459444708868,True,False
4a7f29af-8d1c-4a3b-90e6-b9cf771fd1c2_mp4-0033_jpg.rf.dcab6d81fedf42c28b7768df9e5b876f.jpg,train,sand,28,0.07470196759259196,0.14228512981266958,False,False
4a7f29af-8d1c-4a3b-90e6-b9cf771fd1c2_mp4-0033_jpg.rf.dcab6d81fedf42c28b7768df9e5b876f.jpg,train,sand,7,0.005117669753086362,0.13590311619710801,False,False
4a7f29af-8d1c-4a3b-90e6-b9cf771fd1c2_mp4-0033_jpg.rf.dcab6d81fedf42c28b7768df9e5b876f.jpg,train,gravel,31,0.28246624228395056,0.0810113596470165,False,False
4a7f29af-8d1c-4a3b-90e6-b9cf771fd1c2_mp4-0033_jpg.rf.dcab6d81fedf42c28b7768df9e5b876f.jpg,train,gravel,7,0.002930169753086423,0.1796053020267748,False,False
4a7f29af-8d1c-4a3b-90e6-b9cf771fd1c2_mp4-0044_jpg.rf.5e44aaf64df1af141bfdce995dd40565.jpg,train,sand,15,0.06957851080246868,0.07898073991121986,False,False
4a7f29af-8d1c-4a3b-90e6-b9cf771fd1c2_mp4-0044_jpg.rf.5e44aaf64df1af141bfdce995dd40565.jpg,train,gravel,43,0.33392457561728506,0.10335030623103708,False,False
4a7f29af-8d1c-4a3b-90e6-b9cf771fd1c2_mp4-0044_jpg.rf.5e44aaf64df1af141bfdce995dd40565.jpg,train,sand,11,0.004104938271604741,0.23845524161913872,False,False
4a7f29af-8d1c-4a3b-90e6-b9cf771fd1c2_mp4-0044_jpg.rf.5e44aaf64df1af141bfdce995dd40565.jpg,train,gravel,12,0.0031886574074074248,0.2951513807659683,False,False
4a7f29af-8d1c-4a3b-90e6-b9cf771fd1c2_mp4-0047_jpg.rf.572c03953aa8e901d6cc2f3b37f347f9.jpg,train,sand,21,0.06914930555555543,0.11091566485405745,False,False
4a7f29af-8d1c-4a3b-90e6-b9cf771fd1c2_mp4-0047_jpg.rf.572c03953aa8e901d6cc2f3b37f347f9.jpg,train,sand,10,0.004464699074073986,0.207860231884641,False,False
4a7f29af-8d1c-4a3b-90e6-b9cf771fd1c2_mp4-0047_jpg.rf.572c03953aa8e901d6cc2f3b37f347f9.jpg,train,gravel,16,0.004473379629629626,0.33225353349780457,False,False
4a7f29af-8d1c-4a3b-90e6-b9cf771fd1c2_mp4-0047_jpg.rf.572c03953aa8e901d6cc2f3b37f347f9.jpg,train,gravel,55,0.38223476080246854,0.12355635938122707,False,False
51647d0e-59fc-4bf9-b510-488636e21705_jpg.rf.491913c8d8533e33a70ceb09c7e55586.jpg,valid,gravel,83,0.2020792952833972,0.14433014740869857,False,False
51647d0e-59fc-4bf9-b510-488636e21705_jpg.rf.491913c8d8533e33a70ceb09c7e55586.jpg,valid,gravel,13,0.001962706139138959,0.22938001880322126,False,False
51647d0e-59fc-4bf9-b510-488636e21705_jpg.rf.491913c8d8533e33a70ceb09c7e55586.jpg,valid,gravel,13,0.0016299871189773274,0.25170459173309545,False,False
5d81688a-7f52-42a4-b81d-822c2d2319a3_mp4-0001_jpg.rf.fba7bd5558a2dfe44ee397f6e0631fdd.jpg,train,gravel,16,0.012285879629629015,0.20048614177652277,False,False
5d81688a-7f52-42a4-b81d-822c2d2319a3_mp4-0001_jpg.rf.fba7bd5558a2dfe44ee397f6e0631fdd.jpg,train,gravel,7,0.0010937499999998934,0.29397236789607994,False,False
5d81688a-7f52-42a4-b81d-822c2d2319a3_mp4-0001_jpg.rf.fba7bd5558a2dfe44ee397f6e0631fdd.jpg,train,gravel,39,0.09574170524691361,0.1750578262535403,False,False
5d81688a-7f52-42a4-b81d-822c2d2319a3_mp4-0003_jpg.rf.461cb4b90eeea920b55c40b4d442056d.jpg,train,gravel,8,0.002737268518518521,0.2123727492807595,False,False
5d81688a-7f52-42a4-b81d-822c2d2319a3_mp4-0003_jpg.rf.461cb4b90eeea920b55c40b4d442056d.jpg,train,gravel,7,0.0034972993827158128,0.16439898730536287,False,False
5d81688a-7f52-42a4-b81d-822c2d2319a3_mp4-0003_jpg.rf.461cb4b90eeea920b55c40b4d442056d.jpg,train,gravel,8,0.001375385802468987,0.2996023545092715,False,False
5d81688a-7f52-42a4-b81d-822c2d2319a3_mp4-0003_jpg.rf.461cb4b90eeea920b55c40b4d442056d.jpg,train,gravel,38,0.0962159220679002,0.17014830501220823,False,False
5d81688a-7f52-42a4-b81d-822c2d2319a3_mp4-0012_jpg.rf.da297d3121e8360f6004c72c0ddb053a.jpg,train,gravel,22,0.02194733796296333,0.206252517746295,False,False
5d81688a-7f52-42a4-b81d-822c2d2319a3_mp4-0012_jpg.rf.da297d3121e8360f6004c72c0ddb053a.jpg,train,gravel,6,0.002046682098765462,0.18420166795365367,False,False
5d81688a-7f52-42a4-b81d-822c2d2319a3_mp4-0012_jpg.rf.da297d3121e8360f6004c72c0ddb053a.jpg,train,gravel,30,0.10060281635802504,0.13136621557430467,False,False
5d81688a-7f52-42a4-b81d-822c2d2319a3_mp4-0016_jpg.rf.97baa96fb5f07e75b25922da7dd4445a.jpg,train,gravel,21,0.01815489969135875,0.21646608942070913,False,False
5d81688a-7f52-42a4-b81d-822c2d2319a3_mp4-0016_jpg.rf.97baa96fb5f07e75b25922da7dd4445a.jpg,train,gravel,9,0.0023881172839508302,0.2557891902614306,False,False
5d81688a-7f52-42a4-b81d-822c2d2319a3_mp4-0016_jpg.rf.97baa96fb5f07e75b25922da7dd4445a.jpg,train,gravel,28,0.10890625000000043,0.1178417363011107,False,False
6459c886-45a3-4065-82bc-2ed15b2875b0_mp4-0000_jpg.rf.9c49f9faf68c5981dab33cecc313ab39.jpg,valid,sand,26,0.08452256944444425,0.18631411809307727,False,False
6459c886-45a3-4065-82bc-2ed15b2875b0_mp4-0000_jpg.rf.9c49f9faf68c5981dab33cecc313ab39.jpg,valid,sand,14,0.11936631944444442,0.08442010671552436,False,False
6459c886-45a3-4065-82bc-2ed15b2875b0_mp4-0000_jpg.rf.9c49f9faf68c5981dab33cecc313ab39.jpg,valid,sand,7,0.003556857638888966,0.24452516524245607,False,False
6459c886-45a3-4065-82bc-2ed15b2875b0_mp4-0000_jpg.rf.9c49f9faf68c5981dab33cecc313ab39.jpg,valid,sand,27,0.016247829861111285,0.4412907715759909,False,True
6459c886-45a3-4065-82bc-2ed15b2875b0_mp4-0014_jpg.rf.2e0895546cf86bffb716cf40fb97ba81.jpg,valid,sand,17,0.12235677083333352,0.10124968496375943,False,False
6459c886-45a3-4065-82bc-2ed15b2875b0_mp4-0014_jpg.rf.2e0895546cf86bffb716cf40fb97ba81.jpg,valid,sand,35,0.15212938184027802,0.18694775606882244,False,False
6459c886-45a3-4065-82bc-2ed15b2875b0_mp4-0014_jpg.rf.2e0895546cf86bffb716cf40fb97ba81.jpg,valid,sand,8,0.001974826388888906,0.3750457847507947,False,False
6459c886-45a3-4065-82bc-2ed15b2875b0_mp4-0014_jpg.rf.2e0895546cf86bffb716cf40fb97ba81.jpg,valid,sand,12,0.006108940972222254,0.31985787252241316,False,False
6459c886-45a3-4065-82bc-2ed15b2875b0_mp4-0015_jpg.rf.c9fd5f3f2a2e2124055b17a25826229e.jpg,valid,sand,18,0.12306857638888902,0.10689507080747089,False,False
6459c886-45a3-4065-82bc-2ed15b2875b0_mp4-0015_jpg.rf.c9fd5f3f2a2e2124055b17a25826229e.jpg,valid,sand,40,0.15499348958333314,0.21167132376263492,False,False
6459c886-45a3-4065-82bc-2ed15b2875b0_mp4-0015_jpg.rf.c9fd5f3f2a2e2124055b17a25826229e.jpg,valid,sand,11,0.006276041666666732,0.2892734256710178,False,False
6459c886-45a3-4065-82bc-2ed15b2875b0_mp4-0015_jpg.rf.c9fd5f3f2a2e2124055b17a25826229e.jpg,valid,sand,6,0.001955295138888896,0.2826857084589267,False,False
6459c886-45a3-4065-82bc-2ed15b2875b0_mp4-0020_jpg.rf.997f7e5cfc6994fc5edcd33642c18ad1.jpg,valid,sand,10,0.023576388888888467,0.13568133853231548,False,False
6459c886-45a3-4065-82bc-2ed15b2875b0_mp4-0020_jpg.rf.997f7e5cfc6994fc5edcd33642c18ad1.jpg,valid,sand,20,0.11303385416666656,0.12393229445250852,False,False
6459c886-45a3-4065-82bc-2ed15b2875b0_mp4-0020_jpg.rf.997f7e5cfc6994fc5edcd33642c18ad1.jpg,valid,sand,8,0.0037456597222220722,0.2723231670279245,False,False
6459c886-45a3-4065-82bc-2ed15b2875b0_mp4-0020_jpg.rf.997f7e5cfc6994fc5edcd33642c18ad1.jpg,valid,sand,45,0.13680825830729226,0.25346332012794304,False,False
6459c886-45a3-4065-82bc-2ed15b2875b0_mp4-0023_jpg.rf.341374452180b4a6ab9ebd37bf7270cd.jpg,valid,sand,27,0.12560329861111175,0.15871647308726786,False,False
6459c886-45a3-4065-82bc-2ed15b2875b0_mp4-0023_jpg.rf.341374452180b4a6ab9ebd37bf7270cd.jpg,valid,sand,11,0.012263454861111134,0.20694027855565522,False,False
6459c886-45a3-4065-82bc-2ed15b2875b0_mp4-0023_jpg.rf.341374452180b4a6ab9ebd37bf7270cd.jpg,valid,sand,14,0.028172743055555394,0.1737689716923941,False,False
6459c886-45a3-4065-82bc-2ed15b2875b0_mp4-0023_jpg.rf.341374452180b4a6ab9ebd37bf7270cd.jpg,valid,sand,13,0.004084201388888875,0.4237878883152262,False,True
6459c886-45a3-4065-82bc-2ed15b2875b0_mp4-0026_jpg.rf.731e83820809a987ec67b82d66cd0ba2.jpg,valid,sand,10,0.006365017361111058,0.26113132136197326,False,False
6459c886-45a3-4065-82bc-2ed15b2875b0_mp4-0026_jpg.rf.731e83820809a987ec67b82d66cd0ba2.jpg,valid,sand,30,0.13057291666666693,0.1729631016814822,False,False
6459c886-45a3-4065-82bc-2ed15b2875b0_mp4-0026_jpg.rf.731e83820809a987ec67b82d66cd0ba2.jpg,valid,sand,13,0.029262152777778105,0.15832481098288873,False,False
6459c886-45a3-4065-82bc-2ed15b2875b0_mp4-0026_jpg.rf.731e83820809a987ec67b82d66cd0ba2.jpg,valid,sand,6,0.004895833333333328,0.17864740025262418,False,False
6459c886-45a3-4065-82bc-2ed15b2875b0_mp4-0026_jpg.rf.731e83820809a987ec67b82d66cd0ba2.jpg,valid,sand,11,0.003873697916666252,0.36820405985253785,False,False
6459c886-45a3-4065-82bc-2ed15b2875b0_mp4-0035_jpg.rf.04e591d881dc0595327baff681a3dafe.jpg,valid,sand,27,0.16837890625000096,0.13708144846168446,False,False
6459c886-45a3-4065-82bc-2ed15b2875b0_mp4-0035_jpg.rf.04e591d881dc0595327baff681a3dafe.jpg,valid,sand,11,0.00936197916666659,0.23684684973030107,False,False
6459c886-45a3-4065-82bc-2ed15b2875b0_mp4-0035_jpg.rf.04e591d881dc0595327baff681a3dafe.jpg,valid,sand,5,0.0029709201388885553,0.19110994086123978,False,False
6459c886-45a3-4065-82bc-2ed15b2875b0_mp4-0047_jpg.rf.6f391cad0d1e5fce1b9bcbd3e009ebcb.jpg,valid,sand,56,0.21568142361110887,0.2512120218595259,False,False
6459c886-45a3-4065-82bc-2ed15b2875b0_mp4-0047_jpg.rf.6f391cad0d1e5fce1b9bcbd3e009ebcb.jpg,valid,sand,8,0.004965277777777999,0.2365249583956278,False,False
6459c886-45a3-4065-82bc-2ed15b2875b0_mp4-0048_jpg.rf.b78ab45ab23985e5e675d2b7271ef28b.jpg,valid,sand,23,0.1398849826388897,0.12811531596386241,False,False
6459c886-45a3-4065-82bc-2ed15b2875b0_mp4-0048_jpg.rf.b78ab45ab23985e5e675d2b7271ef28b.jpg,valid,sand,8,0.004490017361111764,0.24872803535735866,False,False
6459c886-45a3-4065-82bc-2ed15b2875b0_mp4-0048_jpg.rf.b78ab45ab23985e5e675d2b7271ef28b.jpg,valid,sand,22,0.07733072916666694,0.16481828500131593,False,False
6f40fbbd-891e-434b-a1ec-365668a5ae66_mp4-0014_jpg.rf.918eab2fc94f469f284e7f80fe9592eb.jpg,train,gravel,64,0.16891107253086624,0.21628102432914614,False,False
6f40fbbd-891e-434b-a1ec-365668a5ae66_mp4-0014_jpg.rf.918eab2fc94f469f284e7f80fe9592eb.jpg,train,gravel,16,0.014625771604938054,0.18375031514821202,False,False
6f40fbbd-891e-434b-a1ec-365668a5ae66_mp4-0016_jpg.rf.72c01c36d773c209f127a97df6bc24a0.jpg,train,gravel,62,0.1739665316358021,0.20645544462893572,False,False
6f40fbbd-891e-434b-a1ec-365668a5ae66_mp4-0028_jpg.rf.84c59b0d836ef26e1695df49152d60f8.jpg,train,gravel,33,0.04494020061728321,0.21620410725394726,False,False
6f40fbbd-891e-434b-a1ec-365668a5ae66_mp4-0028_jpg.rf.84c59b0d836ef26e1695df49152d60f8.jpg,train,gravel,7,0.001967592592592382,0.21917850187981405,False,False
6f40fbbd-891e-434b-a1ec-365668a5ae66_mp4-0028_jpg.rf.84c59b0d836ef26e1695df49152d60f8.jpg,train,gravel,39,0.10064236111111224,0.17074252597896572,False,False
6f40fbbd-891e-434b-a1ec-365668a5ae66_mp4-0028_jpg.rf.84c59b0d836ef26e1695df49152d60f8.jpg,train,gravel,10,0.005326967592592546,0.19029504332111244,False,False
6f40fbbd-891e-434b-a1ec-365668a5ae66_mp4-0028_jpg.rf.84c59b0d836ef26e1695df49152d60f8.jpg,train,gravel,35,0.07449749228395053,0.17810032869391024,False,False
6f40fbbd-891e-434b-a1ec-365668a5ae66_mp4-0032_jpg.rf.8b6ee5fb33dbb9eaf23be785fef5c6d9.jpg,train,gravel,38,0.09874903549382807,0.16795180242219568,False,False
6f40fbbd-891e-434b-a1ec-365668a5ae66_mp4-0032_jpg.rf.8b6ee5fb33dbb9eaf23be785fef5c6d9.jpg,train,gravel,45,0.04369984567901142,0.2989785736746954,False,False
6f40fbbd-891e-434b-a1ec-365668a5ae66_mp4-0032_jpg.rf.8b6ee5fb33dbb9eaf23be785fef5c6d9.jpg,train,gravel,14,0.013315007716049543,0.16850966997058708,False,False
6f40fbbd-891e-434b-a1ec-365668a5ae66_mp4-0032_jpg.rf.8b6ee5fb33dbb9eaf23be785fef5c6d9.jpg,train,gravel,39,0.08078703703703649,0.1905729560455299,False,False
6f40fbbd-891e-434b-a1ec-365668a5ae66_mp4-0042_jpg.rf.1b199840e61489c083d42e1dd7ba2930.jpg,train,gravel,78,0.20450327932098844,0.23955871121368336,False,False
6f40fbbd-891e-434b-a1ec-365668a5ae66_mp4-0042_jpg.rf.1b199840e61489c083d42e1dd7ba2930.jpg,train,gravel,18,0.04975790895061705,0.11207505176656847,False,False
6f40fbbd-891e-434b-a1ec-365668a5ae66_mp4-0046_jpg.rf.41ba4f08e670cfcc9e4e6c0da296b8c8.jpg,train,gravel,7,0.00403742283950613,0.15300774894579178,False,False
6f40fbbd-891e-434b-a1ec-365668a5ae66_mp4-0046_jpg.rf.41ba4f08e670cfcc9e4e6c0da296b8c8.jpg,train,gravel,104,0.1899093364197455,0.33145737356792,False,False
6f40fbbd-891e-434b-a1ec-365668a5ae66_mp4-0046_jpg.rf.41ba4f08e670cfcc9e4e6c0da296b8c8.jpg,train,gravel,21,0.0696248070987655,0.11053626756348865,False,False
6f40fbbd-891e-434b-a1ec-365668a5ae66_mp4-0050_jpg.rf.0b1702fb48c0409202e9a280b7d1fd59.jpg,train,gravel,10,0.016088927469135816,0.10949743772150047,False,False
6f40fbbd-891e-434b-a1ec-365668a5ae66_mp4-0050_jpg.rf.0b1702fb48c0409202e9a280b7d1fd59.jpg,train,gravel,51,0.20023244598765366,0.15829618683487212,False,False
6f40fbbd-891e-434b-a1ec-365668a5ae66_mp4-0050_jpg.rf.0b1702fb48c0409202e9a280b7d1fd59.jpg,train,gravel,35,0.03508680555555532,0.2595156977584095,False,False
6f40fbbd-891e-434b-a1ec-365668a5ae66_mp4-0054_jpg.rf.06a981a11596c90a7d1cfb1befaadea9.jpg,train,gravel,14,0.008856095679012466,0.2066209667878783,False,False
6f40fbbd-891e-434b-a1ec-365668a5ae66_mp4-0054_jpg.rf.06a981a11596c90a7d1cfb1befaadea9.jpg,train,gravel,56,0.1939216820987646,0.17662100261124028,False,False
6f40fbbd-891e-434b-a1ec-365668a5ae66_mp4-0059_jpg.rf.516604f7fa6b6760b01a1195ded1189f.jpg,train,gravel,17,0.010144193672839474,0.23442701566052504,False,False
6f40fbbd-891e-434b-a1ec-365668a5ae66_mp4-0059_jpg.rf.516604f7fa6b6760b01a1195ded1189f.jpg,train,gravel,44,0.12811149691357926,0.17073640281948624,False,False
7a600bac-e654-415e-b91d-010d2db77b5b_jpg.rf.854d1ab158b6288ba17176d2aaab25b5.jpg,test,gravel,20,0.014151404569217263,0.13142261195056062,False,False
7a600bac-e654-415e-b91d-010d2db77b5b_jpg.rf.854d1ab158b6288ba17176d2aaab25b5.jpg,test,gravel,21,0.013530267959493969,0.14112565417147782,False,False
7a600bac-e654-415e-b91d-010d2db77b5b_jpg.rf.854d1ab158b6288ba17176d2aaab25b5.jpg,test,gravel,11,0.004956566266385742,0.12213555181063086,False,False
8f435cb5-02c7-452a-a971-cef315681c19_mp4-0001_jpg.rf.cc717742a802c3518246cb6ffbf1573e.jpg,train,gravel,8,0.003865740740740753,0.17870682064350782,False,False
8f435cb5-02c7-452a-a971-cef315681c19_mp4-0001_jpg.rf.cc717742a802c3518246cb6ffbf1573e.jpg,train,gravel,20,0.07513310185185218,0.10134021929738074,False,False
8f435cb5-02c7-452a-a971-cef315681c19_mp4-0001_jpg.rf.cc717742a802c3518246cb6ffbf1573e.jpg,train,gravel,19,0.016131365740740478,0.2077712896892488,False,False
8f435cb5-02c7-452a-a971-cef315681c19_mp4-0001_jpg.rf.cc717742a802c3518246cb6ffbf1573e.jpg,train,gravel,10,0.0022318672839505282,0.2939905160189332,False,False
8f435cb5-02c7-452a-a971-cef315681c19_mp4-0001_jpg.rf.cc717742a802c3518246cb6ffbf1573e.jpg,train,gravel,15,0.00391878858024608,0.33279963838754034,False,False
8f435cb5-02c7-452a-a971-cef315681c19_mp4-0007_jpg.rf.8ad18947fac5ca2c499e36f845060019.jpg,train,gravel,20,0.08442708333333293,0.09559971689141783,False,False
8f435cb5-02c7-452a-a971-cef315681c19_mp4-0007_jpg.rf.8ad18947fac5ca2c499e36f845060019.jpg,train,gravel,40,0.1361149691358019,0.15058251639337333,False,False
8f435cb5-02c7-452a-a971-cef315681c19_mp4-0019_jpg.rf.c8f6bdd3f52dd744feed943b16b8736d.jpg,train,gravel,79,0.23712480709876793,0.2253232981515604,False,False
8f435cb5-02c7-452a-a971-cef315681c19_mp4-0019_jpg.rf.c8f6bdd3f52dd744feed943b16b8736d.jpg,train,gravel,41,0.07955246913580272,0.20189451875231956,False,False
8f435cb5-02c7-452a-a971-cef315681c19_mp4-0019_jpg.rf.c8f6bdd3f52dd744feed943b16b8736d.jpg,train,gravel,13,0.010216049382716141,0.17863615572702585,False,False
8f435cb5-02c7-452a-a971-cef315681c19_mp4-0019_jpg.rf.c8f6bdd3f52dd744feed943b16b8736d.jpg,train,gravel,5,0.0059201388888888845,0.09025506017898043,False,False
8f435cb5-02c7-452a-a971-cef315681c19_mp4-0020_jpg.rf.17fbb473ee65120e5e1ae4ac85e7cc76.jpg,train,gravel,66,0.23978202160493822,0.18719883015020572,False,False
8f435cb5-02c7-452a-a971-cef315681c19_mp4-0020_jpg.rf.17fbb473ee65120e5e1ae4ac85e7cc76.jpg,train,gravel,40,0.08433641975308648,0.19130217805943453,False,False
8f435cb5-02c7-452a-a971-cef315681c19_mp4-0020_jpg.rf.17fbb473ee65120e5e1ae4ac85e7cc76.jpg,train,gravel,8,0.005645254629629642,0.14788213868972735,False,False
8f435cb5-02c7-452a-a971-cef315681c19_mp4-0023_jpg.rf.ec5f8c11129f35fdcfa163852d9b9a5f.jpg,train,gravel,11,0.017392939814814712,0.11584403912966096,False,False
8f435cb5-02c7-452a-a971-cef315681c19_mp4-0023_jpg.rf.ec5f8c11129f35fdcfa163852d9b9a5f.jpg,train,gravel,61,0.25502766927083265,0.1677658987020804,False,False
96ecd4fe-5910-4cd4-8a24-11ed20aab3b7_mp4-0002_jpg.rf.f3b426ba15d50529bf3cdc4a0bdd436f.jpg,valid,gravel,4,0.007441406250000032,0.09660314080029558,False,False
96ecd4fe-5910-4cd4-8a24-11ed20aab3b7_mp4-0002_jpg.rf.f3b426ba15d50529bf3cdc4a0bdd436f.jpg,valid,gravel,11,0.0333420138888888,0.12550341223523304,False,False
96ecd4fe-5910-4cd4-8a24-11ed20aab3b7_mp4-0002_jpg.rf.f3b426ba15d50529bf3cdc4a0bdd436f.jpg,valid,gravel,19,0.023454861111110503,0.25846154185070136,False,False
96ecd4fe-5910-4cd4-8a24-11ed20aab3b7_mp4-0006_jpg.rf.b5f7d8baa8cccacd12ca846369839490.jpg,valid,gravel,11,0.03676649305555557,0.11951580589929021,False,False
96ecd4fe-5910-4cd4-8a24-11ed20aab3b7_mp4-0006_jpg.rf.b5f7d8baa8cccacd12ca846369839490.jpg,valid,gravel,8,0.007128906250000011,0.19739552271936123,False,False
96ecd4fe-5910-4cd4-8a24-11ed20aab3b7_mp4-0006_jpg.rf.b5f7d8baa8cccacd12ca846369839490.jpg,valid,gravel,20,0.05392578124999936,0.1794281318668058,False,False
96ecd4fe-5910-4cd4-8a24-11ed20aab3b7_mp4-0012_jpg.rf.4ba3cabb2c3aeb3ae912ac662d326272.jpg,valid,gravel,11,0.04092447916666664,0.11328172856429211,False,False
96ecd4fe-5910-4cd4-8a24-11ed20aab3b7_mp4-0012_jpg.rf.4ba3cabb2c3aeb3ae912ac662d326272.jpg,valid,gravel,7,0.007923177083333344,0.16383516443836504,False,False
96ecd4fe-5910-4cd4-8a24-11ed20aab3b7_mp4-0012_jpg.rf.4ba3cabb2c3aeb3ae912ac662d326272.jpg,valid,gravel,17,0.05157118055555543,0.15595673960701545,False,False
96ecd4fe-5910-4cd4-8a24-11ed20aab3b7_mp4-0013_jpg.rf.c359550df0d249b52246d39d38f7084e.jpg,valid,gravel,10,0.0074544270833333814,0.24129683592549675,False,False
96ecd4fe-5910-4cd4-8a24-11ed20aab3b7_mp4-0013_jpg.rf.c359550df0d249b52246d39d38f7084e.jpg,valid,gravel,10,0.04217881944444446,0.10144054004815008,False,False
96ecd4fe-5910-4cd4-8a24-11ed20aab3b7_mp4-0013_jpg.rf.c359550df0d249b52246d39d38f7084e.jpg,valid,gravel,12,0.05644965277777758,0.1052226829603785,False,False
96ecd4fe-5910-4cd4-8a24-11ed20aab3b7_mp4-0023_jpg.rf.276593f4fea65d246e65c0ebd924ee94.jpg,valid,gravel,7,0.007061631944444424,0.1735418662700567,False,False
96ecd4fe-5910-4cd4-8a24-11ed20aab3b7_mp4-0023_jpg.rf.276593f4fea65d246e65c0ebd924ee94.jpg,valid,gravel,12,0.05100911458333335,0.11069196984829557,False,False
96ecd4fe-5910-4cd4-8a24-11ed20aab3b7_mp4-0023_jpg.rf.276593f4fea65d246e65c0ebd924ee94.jpg,valid,gravel,23,0.04194661458333293,0.23395812966410426,False,False
96ecd4fe-5910-4cd4-8a24-11ed20aab3b7_mp4-0036_jpg.rf.61bd22559fb523f702b65a23892bee3d.jpg,valid,gravel,14,0.06820746527777777,0.11167882680413257,False,False
96ecd4fe-5910-4cd4-8a24-11ed20aab3b7_mp4-0036_jpg.rf.61bd22559fb523f702b65a23892bee3d.jpg,valid,gravel,7,0.006158854166666672,0.18582615562066454,False,False
96ecd4fe-5910-4cd4-8a24-11ed20aab3b7_mp4-0036_jpg.rf.61bd22559fb523f702b65a23892bee3d.jpg,valid,gravel,12,0.06629557291666655,0.09709519641995042,False,False
96ecd4fe-5910-4cd4-8a24-11ed20aab3b7_mp4-0048_jpg.rf.b54595590e01f622f980cd1731dc7356.jpg,valid,gravel,19,0.07178385416666666,0.14774030026990137,False,False
96ecd4fe-5910-4cd4-8a24-11ed20aab3b7_mp4-0048_jpg.rf.b54595590e01f622f980cd1731dc7356.jpg,valid,gravel,21,0.08542100694444432,0.14969100840755012,False,False
96ecd4fe-5910-4cd4-8a24-11ed20aab3b7_mp4-0048_jpg.rf.b54595590e01f622f980cd1731dc7356.jpg,valid,gravel,8,0.007552083333333348,0.19178532059415346,False,False
96ecd4fe-5910-4cd4-8a24-11ed20aab3b7_mp4-0049_jpg.rf.7d40b1364d5565987eb2ba2fa1ee49d4.jpg,valid,gravel,15,0.0775412326388889,0.11222346438428758,False,False
96ecd4fe-5910-4cd4-8a24-11ed20aab3b7_mp4-0049_jpg.rf.7d40b1364d5565987eb2ba2fa1ee49d4.jpg,valid,gravel,23,0.09165364583333346,0.1582747827428585,False,False
96ecd4fe-5910-4cd4-8a24-11ed20aab3b7_mp4-0049_jpg.rf.7d40b1364d5565987eb2ba2fa1ee49d4.jpg,valid,gravel,9,0.007369791666666681,0.21841057715233034,False,False
96ecd4fe-5910-4cd4-8a24-11ed20aab3b7_mp4-0052_jpg.rf.e9e7763209a3c7968bff1f0c3d9e863f.jpg,valid,gravel,7,0.006126302083333313,0.18631919484121096,False,False
96ecd4fe-5910-4cd4-8a24-11ed20aab3b7_mp4-0052_jpg.rf.e9e7763209a3c7968bff1f0c3d9e863f.jpg,valid,gravel,37,0.11383680555555564,0.22846471560672318,False,False
96ecd4fe-5910-4cd4-8a24-11ed20aab3b7_mp4-0052_jpg.rf.e9e7763209a3c7968bff1f0c3d9e863f.jpg,valid,gravel,20,0.0701085069444447,0.15736327996709795,False,False
96ecd4fe-5910-4cd4-8a24-11ed20aab3b7_mp4-0053_jpg.rf.635ee63c39a75eb61c5ad32712727c54.jpg,valid,gravel,25,0.11138671875000128,0.1560565731465651,False,False
96ecd4fe-5910-4cd4-8a24-11ed20aab3b7_mp4-0053_jpg.rf.635ee63c39a75eb61c5ad32712727c54.jpg,valid,gravel,17,0.06563259548611144,0.1382445103048378,False,False
96ecd4fe-5910-4cd4-8a24-11ed20aab3b7_mp4-0053_jpg.rf.635ee63c39a75eb61c5ad32712727c54.jpg,valid,gravel,8,0.007198350694444522,0.19644105101522705,False,False
96ecd4fe-5910-4cd4-8a24-11ed20aab3b7_mp4-0054_jpg.rf.248e3feabe62e3e3cb1149b21bd3be5b.jpg,valid,gravel,5,0.006332465277777755,0.13090081737343603,False,False
96ecd4fe-5910-4cd4-8a24-11ed20aab3b7_mp4-0054_jpg.rf.248e3feabe62e3e3cb1149b21bd3be5b.jpg,valid,gravel,27,0.10033203124999979,0.17758354626548128,False,False
96ecd4fe-5910-4cd4-8a24-11ed20aab3b7_mp4-0054_jpg.rf.248e3feabe62e3e3cb1149b21bd3be5b.jpg,valid,gravel,17,0.07123480902777812,0.13269713668266367,False,False
96ecd4fe-5910-4cd4-8a24-11ed20aab3b7_mp4-0062_jpg.rf.d16d45b994f1fd25a78699f1647f8b23.jpg,valid,gravel,20,0.05749348958333389,0.17377184962006553,False,False
96ecd4fe-5910-4cd4-8a24-11ed20aab3b7_mp4-0065_jpg.rf.20ec4e441e0ebc01919de175dc80f379.jpg,valid,gravel,27,0.0795247395833325,0.1994671575735493,False,False
96ecd4fe-5910-4cd4-8a24-11ed20aab3b7_mp4-0065_jpg.rf.20ec4e441e0ebc01919de175dc80f379.jpg,valid,gravel,9,0.005887586805555678,0.24436140323822236,False,False
b029e315-2e53-4152-a536-1adea99e32f7_mp4-0000_jpg.rf.794c570615243283de76877ea0a90c0d.jpg,valid,gravel,16,0.009249614197530676,0.2310604830333496,False,False
b029e315-2e53-4152-a536-1adea99e32f7_mp4-0000_jpg.rf.794c570615243283de76877ea0a90c0d.jpg,valid,gravel,6,0.0031150535300925875,0.14930900347800077,False,False
b029e315-2e53-4152-a536-1adea99e32f7_mp4-0000_jpg.rf.794c570615243283de76877ea0a90c0d.jpg,valid,gravel,66,0.24841049382715852,0.18391894625372165,False,False
b029e315-2e53-4152-a536-1adea99e32f7_mp4-0000_jpg.rf.794c570615243283de76877ea0a90c0d.jpg,valid,gravel,11,0.016595293209876516,0.11859536708896724,False,False
b029e315-2e53-4152-a536-1adea99e32f7_mp4-0004_jpg.rf.4b16d405c9c409cd5d6cbfbe080f08b9.jpg,valid,gravel,14,0.008069058641974713,0.21646321445688751,False,False
b029e315-2e53-4152-a536-1adea99e32f7_mp4-0004_jpg.rf.4b16d405c9c409cd5d6cbfbe080f08b9.jpg,valid,gravel,54,0.25108314043209745,0.14967610994644379,False,False
b029e315-2e53-4152-a536-1adea99e32f7_mp4-0004_jpg.rf.4b16d405c9c409cd5d6cbfbe080f08b9.jpg,valid,gravel,11,0.016517168209876365,0.11887550993082646,False,False
b029e315-2e53-4152-a536-1adea99e32f7_mp4-0004_jpg.rf.4b16d405c9c409cd5d6cbfbe080f08b9.jpg,valid,gravel,12,0.004563675733024686,0.24671261715408074,False,False
b029e315-2e53-4152-a536-1adea99e32f7_mp4-0008_jpg.rf.3d2666118084be462cbe8b20defa4527.jpg,valid,gravel,5,0.00460841049382716,0.10229677195353652,False,False
b029e315-2e53-4152-a536-1adea99e32f7_mp4-0008_jpg.rf.3d2666118084be462cbe8b20defa4527.jpg,valid,gravel,13,0.007336998456790589,0.21079079510415374,False,False
b029e315-2e53-4152-a536-1adea99e32f7_mp4-0008_jpg.rf.3d2666118084be462cbe8b20defa4527.jpg,valid,gravel,59,0.24671296296296497,0.16497704888608097,False,False
b029e315-2e53-4152-a536-1adea99e32f7_mp4-0008_jpg.rf.3d2666118084be462cbe8b20defa4527.jpg,valid,gravel,12,0.016606867283950777,0.12933167199085865,False,False
b029e315-2e53-4152-a536-1adea99e32f7_mp4-0018_jpg.rf.28739ffde4622b64e2c9a3b3d9620a58.jpg,valid,gravel,11,0.004271797839506167,0.23375173488259554,False,False
b029e315-2e53-4152-a536-1adea99e32f7_mp4-0018_jpg.rf.28739ffde4622b64e2c9a3b3d9620a58.jpg,valid,gravel,18,0.003963638117284951,0.3970937124583866,False,False
b029e315-2e53-4152-a536-1adea99e32f7_mp4-0018_jpg.rf.28739ffde4622b64e2c9a3b3d9620a58.jpg,valid,gravel,9,0.0054591049382716195,0.16918010558930505,False,False
b029e315-2e53-4152-a536-1adea99e32f7_mp4-0018_jpg.rf.28739ffde4622b64e2c9a3b3d9620a58.jpg,valid,gravel,58,0.2583989197530858,0.15847112836841873,False,False
b029e315-2e53-4152-a536-1adea99e32f7_mp4-0018_jpg.rf.28739ffde4622b64e2c9a3b3d9620a58.jpg,valid,gravel,22,0.003369020061728012,0.526427278863209,False,True
b029e315-2e53-4152-a536-1adea99e32f7_mp4-0020_jpg.rf.b2d34ca190cef325783126294f779f89.jpg,valid,gravel,10,0.003723958333333388,0.22759624733297126,False,False
b029e315-2e53-4152-a536-1adea99e32f7_mp4-0020_jpg.rf.b2d34ca190cef325783126294f779f89.jpg,valid,gravel,11,0.00453800154320988,0.2267920721624748,False,False
b029e315-2e53-4152-a536-1adea99e32f7_mp4-0020_jpg.rf.b2d34ca190cef325783126294f779f89.jpg,valid,gravel,10,0.0055979938271604746,0.18563133840324816,False,False
b029e315-2e53-4152-a536-1adea99e32f7_mp4-0020_jpg.rf.b2d34ca190cef325783126294f779f89.jpg,valid,gravel,47,0.26324074074073955,0.12722978972182736,False,False
b029e315-2e53-4152-a536-1adea99e32f7_mp4-0020_jpg.rf.b2d34ca190cef325783126294f779f89.jpg,valid,gravel,10,0.004550540123456237,0.20589036786064652,False,False
b029e315-2e53-4152-a536-1adea99e32f7_mp4-0021_jpg.rf.0926ee9e039957dc6f0003e9b20aa124.jpg,valid,gravel,11,0.004575617283950617,0.22585792964712498,False,False
b029e315-2e53-4152-a536-1adea99e32f7_mp4-0021_jpg.rf.0926ee9e039957dc6f0003e9b20aa124.jpg,valid,gravel,11,0.005411844135802535,0.20767659213815298,False,False
b029e315-2e53-4152-a536-1adea99e32f7_mp4-0021_jpg.rf.0926ee9e039957dc6f0003e9b20aa124.jpg,valid,gravel,47,0.2681008873456783,0.12607130135591932,False,False
b029e315-2e53-4152-a536-1adea99e32f7_mp4-0021_jpg.rf.0926ee9e039957dc6f0003e9b20aa124.jpg,valid,gravel,10,0.005317322530864033,0.19046755268780832,False,False
bbf45eda-4ffb-4bf1-9b29-a4e91475c8ec_mp4-0000_jpg.rf.83453101a2426120052779dce9303705.jpg,test,gravel,7,0.0014060691550925597,0.32409491418046726,False,False
bbf45eda-4ffb-4bf1-9b29-a4e91475c8ec_mp4-0000_jpg.rf.83453101a2426120052779dce9303705.jpg,test,gravel,46,0.1256789219232255,0.22527039726541298,False,False
bbf45eda-4ffb-4bf1-9b29-a4e91475c8ec_mp4-0000_jpg.rf.83453101a2426120052779dce9303705.jpg,test,gravel,13,0.005958839699074403,0.29237485379908573,False,False
bbf45eda-4ffb-4bf1-9b29-a4e91475c8ec_mp4-0000_jpg.rf.83453101a2426120052779dce9303705.jpg,test,gravel,15,0.041333610628857986,0.1280905538877093,False,False
bbf45eda-4ffb-4bf1-9b29-a4e91475c8ec_mp4-0002_jpg.rf.edc3593175e923e3a5af4b4f84137a8a.jpg,test,sand,11,0.005951304494598908,0.24755067571580627,False,False
bbf45eda-4ffb-4bf1-9b29-a4e91475c8ec_mp4-0002_jpg.rf.edc3593175e923e3a5af4b4f84137a8a.jpg,test,sand,12,0.05614330150462976,0.0879244760031677,False,False
bbf45eda-4ffb-4bf1-9b29-a4e91475c8ec_mp4-0002_jpg.rf.edc3593175e923e3a5af4b4f84137a8a.jpg,test,sand,32,0.1557692539544755,0.1407623876846013,False,False
bbf45eda-4ffb-4bf1-9b29-a4e91475c8ec_mp4-0002_jpg.rf.edc3593175e923e3a5af4b4f84137a8a.jpg,test,sand,7,0.0023283781828697947,0.2518539670364352,False,False
bbf45eda-4ffb-4bf1-9b29-a4e91475c8ec_mp4-0004_jpg.rf.d699859e0531ab9ff61784ca1bdee145.jpg,test,sand,9,0.002602659625771331,0.306274851868542,False,False
bbf45eda-4ffb-4bf1-9b29-a4e91475c8ec_mp4-0004_jpg.rf.d699859e0531ab9ff61784ca1bdee145.jpg,test,sand,18,0.1924747419945989,0.07123003350179549,True,False
bbf45eda-4ffb-4bf1-9b29-a4e91475c8ec_mp4-0004_jpg.rf.d699859e0531ab9ff61784ca1bdee145.jpg,test,sand,7,0.004662784529320785,0.17797249266332638,False,False
bbf45eda-4ffb-4bf1-9b29-a4e91475c8ec_mp4-0004_jpg.rf.d699859e0531ab9ff61784ca1bdee145.jpg,test,sand,7,0.0048406153549384046,0.17467279497707996,False,False
bbf45eda-4ffb-4bf1-9b29-a4e91475c8ec_mp4-0004_jpg.rf.d699859e0531ab9ff61784ca1bdee145.jpg,test,sand,13,0.0631962528935186,0.08977909116321037,False,False
bbf45eda-4ffb-4bf1-9b29-a4e91475c8ec_mp4-0012_jpg.rf.a02328fa95e52f5bea19f4a225b1f8cb.jpg,test,sand,23,0.1455952208719138,0.10464820726075509,False,False
bbf45eda-4ffb-4bf1-9b29-a4e91475c8ec_mp4-0012_jpg.rf.a02328fa95e52f5bea19f4a225b1f8cb.jpg,test,sand,32,0.19040507902922332,0.12731753757551184,False,False
bbf45eda-4ffb-4bf1-9b29-a4e91475c8ec_mp4-0021_jpg.rf.e8d1659c58684f8e43d2def10a27e126.jpg,test,sand,14,0.038183895158179104,0.12438426316236872,False,False
bbf45eda-4ffb-4bf1-9b29-a4e91475c8ec_mp4-0021_jpg.rf.e8d1659c58684f8e43d2def10a27e126.jpg,test,sand,16,0.11293463059413611,0.08265781701385823,False,False
bbf45eda-4ffb-4bf1-9b29-a4e91475c8ec_mp4-0021_jpg.rf.e8d1659c58684f8e43d2def10a27e126.jpg,test,sand,14,0.17869737413194436,0.057497169672478435,True,False
bbf45eda-4ffb-4bf1-9b29-a4e91475c8ec_mp4-0022_jpg.rf.560e0824853f714bf0dffc285077742d.jpg,test,sand,5,0.003420982831790126,0.14841304429888114,False,False
bbf45eda-4ffb-4bf1-9b29-a4e91475c8ec_mp4-0022_jpg.rf.560e0824853f714bf0dffc285077742d.jpg,test,sand,7,0.02491138599537035,0.0769974976219903,False,False
bbf45eda-4ffb-4bf1-9b29-a4e91475c8ec_mp4-0022_jpg.rf.560e0824853f714bf0dffc285077742d.jpg,test,sand,19,0.12868923611111072,0.09195175148868162,False,False
bbf45eda-4ffb-4bf1-9b29-a4e91475c8ec_mp4-0022_jpg.rf.560e0824853f714bf0dffc285077742d.jpg,test,sand,28,0.15804865330825613,0.12227569728116237,False,False
bbf45eda-4ffb-4bf1-9b29-a4e91475c8ec_mp4-0022_jpg.rf.560e0824853f714bf0dffc285077742d.jpg,test,sand,5,0.0015959563078702388,0.21728864020782485,False,False
bbf45eda-4ffb-4bf1-9b29-a4e91475c8ec_mp4-0023_jpg.rf.1b1a44a3b55bcf5f4b5f4449c9bc2ed3.jpg,test,sand,11,0.016060534818672784,0.1506920011041467,False,False
bbf45eda-4ffb-4bf1-9b29-a4e91475c8ec_mp4-0023_jpg.rf.1b1a44a3b55bcf5f4b5f4449c9bc2ed3.jpg,test,sand,47,0.21329300491898184,0.17667986882795508,False,False
bbf45eda-4ffb-4bf1-9b29-a4e91475c8ec_mp4-0023_jpg.rf.1b1a44a3b55bcf5f4b5f4449c9bc2ed3.jpg,test,sand,42,0.1214825665509256,0.20920392467397755,False,False
bbf45eda-4ffb-4bf1-9b29-a4e91475c8ec_mp4-0023_jpg.rf.1b1a44a3b55bcf5f4b5f4449c9bc2ed3.jpg,test,sand,8,0.010550793306327133,0.1352150228855541,False,False
bbf45eda-4ffb-4bf1-9b29-a4e91475c8ec_mp4-0023_jpg.rf.1b1a44a3b55bcf5f4b5f4449c9bc2ed3.jpg,test,sand,7,0.002930189344618306,0.22450587699560454,False,False
bbf45eda-4ffb-4bf1-9b29-a4e91475c8ec_mp4-0023_jpg.rf.1b1a44a3b55bcf5f4b5f4449c9bc2ed3.jpg,test,sand,7,0.004070517457561734,0.19048059796385136,False,False
bbf45eda-4ffb-4bf1-9b29-a4e91475c8ec_mp4-0023_jpg.rf.1b1a44a3b55bcf5f4b5f4449c9bc2ed3.jpg,test,sand,14,0.004323700327931945,0.3696389767886838,False,False
bbf45eda-4ffb-4bf1-9b29-a4e91475c8ec_mp4-0025_jpg.rf.986bc6947ffdc5063ab128afafbcd65c.jpg,test,sand,23,0.07844298562885799,0.1425700477535693,False,False
bbf45eda-4ffb-4bf1-9b29-a4e91475c8ec_mp4-0025_jpg.rf.986bc6947ffdc5063ab128afafbcd65c.jpg,test,sand,46,0.08554114824459713,0.27305353945355876,False,False
bbf45eda-4ffb-4bf1-9b29-a4e91475c8ec_mp4-0025_jpg.rf.986bc6947ffdc5063ab128afafbcd65c.jpg,test,sand,11,0.00550672743055558,0.25734954899265144,False,False
bbf45eda-4ffb-4bf1-9b29-a4e91475c8ec_mp4-0025_jpg.rf.986bc6947ffdc5063ab128afafbcd65c.jpg,test,sand,7,0.003273292824073515,0.2124139951620597,False,False
bbf45eda-4ffb-4bf1-9b29-a4e91475c8ec_mp4-0025_jpg.rf.986bc6947ffdc5063ab128afafbcd65c.jpg,test,sand,11,0.003821855709875699,0.3089107759659859,False,False
bbf45eda-4ffb-4bf1-9b29-a4e91475c8ec_mp4-0025_jpg.rf.986bc6947ffdc5063ab128afafbcd65c.jpg,test,sand,21,0.012348693094135776,0.3280849530113848,False,False
bbf45eda-4ffb-4bf1-9b29-a4e91475c8ec_mp4-0025_jpg.rf.986bc6947ffdc5063ab128afafbcd65c.jpg,test,sand,9,0.0016969280478394966,0.3793047767649817,False,False
bbf45eda-4ffb-4bf1-9b29-a4e91475c8ec_mp4-0025_jpg.rf.986bc6947ffdc5063ab128afafbcd65c.jpg,test,sand,10,0.015511971932870683,0.13939397779448814,False,False
bbf45eda-4ffb-4bf1-9b29-a4e91475c8ec_mp4-0028_jpg.rf.67599c1db2717e5dc50f720e5bd03dfb.jpg,test,sand,27,0.04207507474922778,0.22852242954664986,False,False
bbf45eda-4ffb-4bf1-9b29-a4e91475c8ec_mp4-0028_jpg.rf.67599c1db2717e5dc50f720e5bd03dfb.jpg,test,sand,46,0.059769995418595734,0.3266583296442424,False,False
bbf45eda-4ffb-4bf1-9b29-a4e91475c8ec_mp4-0028_jpg.rf.67599c1db2717e5dc50f720e5bd03dfb.jpg,test,sand,5,0.0011769989390432167,0.253022699684628,False,False
bbf45eda-4ffb-4bf1-9b29-a4e91475c8ec_mp4-0028_jpg.rf.67599c1db2717e5dc50f720e5bd03dfb.jpg,test,sand,10,0.004269446855709624,0.26570009553913687,False,False
bbf45eda-4ffb-4bf1-9b29-a4e91475c8ec_mp4-0028_jpg.rf.67599c1db2717e5dc50f720e5bd03dfb.jpg,test,sand,34,0.014705705054012697,0.48675845951498575,False,True
bbf45eda-4ffb-4bf1-9b29-a4e91475c8ec_mp4-0028_jpg.rf.67599c1db2717e5dc50f720e5bd03dfb.jpg,test,sand,20,0.00616229021990744,0.44231985872482776,False,True
bbf45eda-4ffb-4bf1-9b29-a4e91475c8ec_mp4-0028_jpg.rf.67599c1db2717e5dc50f720e5bd03dfb.jpg,test,sand,9,0.00524600935570918,0.2157274925654017,False,False
bbf45eda-4ffb-4bf1-9b29-a4e91475c8ec_mp4-0034_jpg.rf.786ea9ff908cfe2b1360bad114e11190.jpg,test,sand,8,0.0054283613040126966,0.18850945185050313,False,False
bbf45eda-4ffb-4bf1-9b29-a4e91475c8ec_mp4-0034_jpg.rf.786ea9ff908cfe2b1360bad114e11190.jpg,test,sand,31,0.03740174093364157,0.27828724512094155,False,False
bbf45eda-4ffb-4bf1-9b29-a4e91475c8ec_mp4-0034_jpg.rf.786ea9ff908cfe2b1360bad114e11190.jpg,test,sand,39,0.03419526427469144,0.36615008674451854,False,False
bbf45eda-4ffb-4bf1-9b29-a4e91475c8ec_mp4-0034_jpg.rf.786ea9ff908cfe2b1360bad114e11190.jpg,test,sand,4,0.0011453510802469091,0.2051956704170312,False,False
bbf45eda-4ffb-4bf1-9b29-a4e91475c8ec_mp4-0034_jpg.rf.786ea9ff908cfe2b1360bad114e11190.jpg,test,sand,14,0.016254943094135665,0.1906394715730178,False,False
bbf45eda-4ffb-4bf1-9b29-a4e91475c8ec_mp4-0034_jpg.rf.786ea9ff908cfe2b1360bad114e11190.jpg,test,sand,9,0.004692925347222321,0.22808577638090927,False,False
d56fcb3c-0531-4696-8b67-2645d89e4a7f_mp4-0011_jpg.rf.18d4c79bdc83441bc549cd3adbad6db1.jpg,train,gravel,23,0.02202690972222232,0.2690472557650447,False,False
d56fcb3c-0531-4696-8b67-2645d89e4a7f_mp4-0011_jpg.rf.18d4c79bdc83441bc549cd3adbad6db1.jpg,train,gravel,18,0.06610182773919693,0.12154673230738916,False,False
d56fcb3c-0531-4696-8b67-2645d89e4a7f_mp4-0011_jpg.rf.18d4c79bdc83441bc549cd3adbad6db1.jpg,train,gravel,18,0.04917474440586411,0.1409220544723739,False,False
d56fcb3c-0531-4696-8b67-2645d89e4a7f_mp4-0011_jpg.rf.18d4c79bdc83441bc549cd3adbad6db1.jpg,train,gravel,20,0.013831621334876143,0.29523712450538575,False,False
d56fcb3c-0531-4696-8b67-2645d89e4a7f_mp4-0014_jpg.rf.60cd05dde1aedc87fe8b13c56d12b94f.jpg,train,gravel,38,0.0041624469521606144,1.0225551899932621,False,True
d56fcb3c-0531-4696-8b67-2645d89e4a7f_mp4-0014_jpg.rf.60cd05dde1aedc87fe8b13c56d12b94f.jpg,train,gravel,30,0.08981662326388928,0.1737882498437423,False,False
d56fcb3c-0531-4696-8b67-2645d89e4a7f_mp4-0014_jpg.rf.60cd05dde1aedc87fe8b13c56d12b94f.jpg,train,gravel,13,0.05528730227623435,0.09598606088266365,False,False
d56fcb3c-0531-4696-8b67-2645d89e4a7f_mp4-0017_jpg.rf.68531ef66b524ecddc50ce55bac561c6.jpg,train,gravel,13,0.0187264901620372,0.16492734793896674,False,False
d56fcb3c-0531-4696-8b67-2645d89e4a7f_mp4-0017_jpg.rf.68531ef66b524ecddc50ce55bac561c6.jpg,train,gravel,33,0.02667839144483075,0.3507612718771687,False,False
d56fcb3c-0531-4696-8b67-2645d89e4a7f_mp4-0017_jpg.rf.68531ef66b524ecddc50ce55bac561c6.jpg,train,gravel,23,0.06061469184027768,0.16218713486707872,False,False
d56fcb3c-0531-4696-8b67-2645d89e4a7f_mp4-0017_jpg.rf.68531ef66b524ecddc50ce55bac561c6.jpg,train,gravel,17,0.06569794077932078,0.1151464516449426,False,False
d56fcb3c-0531-4696-8b67-2645d89e4a7f_mp4-0017_jpg.rf.68531ef66b524ecddc50ce55bac561c6.jpg,train,gravel,15,0.014913676697530853,0.2132438002635689,False,False
d56fcb3c-0531-4696-8b67-2645d89e4a7f_mp4-0020_jpg.rf.2392ac5c4a3b1226044f425c0b31e5da.jpg,train,gravel,15,0.03396418065200635,0.14130521967100007,False,False
d56fcb3c-0531-4696-8b67-2645d89e4a7f_mp4-0020_jpg.rf.2392ac5c4a3b1226044f425c0b31e5da.jpg,train,gravel,22,0.013189621913580751,0.3325707303362889,False,False
d56fcb3c-0531-4696-8b67-2645d89e4a7f_mp4-0020_jpg.rf.2392ac5c4a3b1226044f425c0b31e5da.jpg,train,gravel,13,0.0910408498505011,0.07480019280731476,False,False
d56fcb3c-0531-4696-8b67-2645d89e4a7f_mp4-0020_jpg.rf.2392ac5c4a3b1226044f425c0b31e5da.jpg,train,gravel,6,0.0028151523919753285,0.19632599730110584,False,False
d56fcb3c-0531-4696-8b67-2645d89e4a7f_mp4-0020_jpg.rf.2392ac5c4a3b1226044f425c0b31e5da.jpg,train,gravel,13,0.07885139371142003,0.08037411092204795,False,False
d56fcb3c-0531-4696-8b67-2645d89e4a7f_mp4-0023_jpg.rf.76bb0cc8c6d007b44977a1c58d68532b.jpg,train,gravel,16,0.08916407455632736,0.09302561418655482,False,False
d56fcb3c-0531-4696-8b67-2645d89e4a7f_mp4-0023_jpg.rf.76bb0cc8c6d007b44977a1c58d68532b.jpg,train,gravel,8,0.010047441647376587,0.13856060063379314,False,False
d56fcb3c-0531-4696-8b67-2645d89e4a7f_mp4-0023_jpg.rf.76bb0cc8c6d007b44977a1c58d68532b.jpg,train,gravel,11,0.023646978684413344,0.12418878317011259,False,False
d56fcb3c-0531-4696-8b67-2645d89e4a7f_mp4-0023_jpg.rf.76bb0cc8c6d007b44977a1c58d68532b.jpg,train,gravel,10,0.008407781153549454,0.18933757790865657,False,False
d56fcb3c-0531-4696-8b67-2645d89e4a7f_mp4-0023_jpg.rf.76bb0cc8c6d007b44977a1c58d68532b.jpg,train,gravel,22,0.08680706259645099,0.12963511791757448,False,False
d56fcb3c-0531-4696-8b67-2645d89e4a7f_mp4-0028_jpg.rf.e4d2a68226de8ce517ecca9416083cd8.jpg,train,gravel,36,0.047565224729938294,0.28657298067446196,False,False
d56fcb3c-0531-4696-8b67-2645d89e4a7f_mp4-0028_jpg.rf.e4d2a68226de8ce517ecca9416083cd8.jpg,train,gravel,23,0.09903820650077177,0.12688315501856906,False,False
d56fcb3c-0531-4696-8b67-2645d89e4a7f_mp4-0028_jpg.rf.e4d2a68226de8ce517ecca9416083cd8.jpg,train,gravel,8,0.00838668258101849,0.15166047102853356,False,False
d56fcb3c-0531-4696-8b67-2645d89e4a7f_mp4-0029_jpg.rf.165c496eca2f8319d54e8b7ba033c484.jpg,train,gravel,36,0.03926595052083304,0.3154074591460621,False,False
d56fcb3c-0531-4696-8b67-2645d89e4a7f_mp4-0029_jpg.rf.165c496eca2f8319d54e8b7ba033c484.jpg,train,gravel,29,0.10273497781635843,0.15707835653716246,False,False
d56fcb3c-0531-4696-8b67-2645d89e4a7f_mp4-0029_jpg.rf.165c496eca2f8319d54e8b7ba033c484.jpg,train,gravel,13,0.005286398051697283,0.3104137413249566,False,False
d56fcb3c-0531-4696-8b67-2645d89e4a7f_mp4-0032_jpg.rf.701b5236f93f0b6d4d29975f5c88c0be.jpg,train,gravel,16,0.0018244071301110054,0.6503342379740947,False,True
d56fcb3c-0531-4696-8b67-2645d89e4a7f_mp4-0032_jpg.rf.701b5236f93f0b6d4d29975f5c88c0be.jpg,train,gravel,56,0.02909191743827222,0.5700059254750438,False,True
d56fcb3c-0531-4696-8b67-2645d89e4a7f_mp4-0032_jpg.rf.701b5236f93f0b6d4d29975f5c88c0be.jpg,train,gravel,21,0.10835774739583348,0.11075588897230385,False,False
d56fcb3c-0531-4696-8b67-2645d89e4a7f_mp4-0037_jpg.rf.6c2b10b9b15a1c6c6d7540beeb385573.jpg,train,gravel,33,0.02718249662422778,0.34749357978436646,False,False
d56fcb3c-0531-4696-8b67-2645d89e4a7f_mp4-0037_jpg.rf.6c2b10b9b15a1c6c6d7540beeb385573.jpg,train,gravel,20,0.10873149353780898,0.10530035503324978,False,False
d56fcb3c-0531-4696-8b67-2645d89e4a7f_mp4-0038_jpg.rf.ab61a0a5ad4debbd3b0756a61b36572d.jpg,train,gravel,17,0.028043016975308532,0.17624389026688547,False,False
d56fcb3c-0531-4696-8b67-2645d89e4a7f_mp4-0038_jpg.rf.ab61a0a5ad4debbd3b0756a61b36572d.jpg,train,gravel,17,0.11172296971450635,0.08829888150926418,False,False
d56fcb3c-0531-4696-8b67-2645d89e4a7f_mp4-0053_jpg.rf.d39dc0b375a861cdb9570eb6374e6ce7.jpg,train,gravel,25,0.02844841097608075,0.25732887337082094,False,False
d56fcb3c-0531-4696-8b67-2645d89e4a7f_mp4-0053_jpg.rf.d39dc0b375a861cdb9570eb6374e6ce7.jpg,train,gravel,17,0.1260609567901234,0.08312585750948422,False,False
d56fcb3c-0531-4696-8b67-2645d89e4a7f_mp4-0054_jpg.rf.d9e700caf2c20607f5e74093286eaec1.jpg,train,gravel,30,0.02929084683641925,0.3043216201444529,False,False
d56fcb3c-0531-4696-8b67-2645d89e4a7f_mp4-0054_jpg.rf.d9e700caf2c20607f5e74093286eaec1.jpg,train,gravel,15,0.12480257764274683,0.07371519148398295,False,False
download_jpg.rf.a248b304a7038b4ed4c00e105108b828.jpg,train,gravel,6,0.019740316901408428,0.20033416898825346,False,False
download_jpg.rf.a248b304a7038b4ed4c00e105108b828.jpg,train,gravel,9,0.059947183098591594,0.1724403746788531,False,False
f9b12ec3-0036-45f7-8cc3-4d2e6f481cdc_mp4-0001_jpg.rf.30fd4ba7084a42e400145c8413d0ebec.jpg,test,gravel,9,0.011087962962962966,0.11870913207322462,False,False
f9b12ec3-0036-45f7-8cc3-4d2e6f481cdc_mp4-0001_jpg.rf.30fd4ba7084a42e400145c8413d0ebec.jpg,test,gravel,72,0.20385609567901142,0.22148185329301592,False,False
f9b12ec3-0036-45f7-8cc3-4d2e6f481cdc_mp4-0005_jpg.rf.e5001a14fbe74c1f2207edc8abe287d3.jpg,test,gravel,18,0.010873263888888651,0.23975078870231026,False,False
f9b12ec3-0036-45f7-8cc3-4d2e6f481cdc_mp4-0005_jpg.rf.e5001a14fbe74c1f2207edc8abe287d3.jpg,test,gravel,49,0.18928144290123505,0.1564262249746814,False,False
f9b12ec3-0036-45f7-8cc3-4d2e6f481cdc_mp4-0023_jpg.rf.6a06878fdfd53253609488816187f520.jpg,test,gravel,64,0.14645640432098794,0.23227009299235837,False,False
f9b12ec3-0036-45f7-8cc3-4d2e6f481cdc_mp4-0023_jpg.rf.6a06878fdfd53253609488816187f520.jpg,test,gravel,21,0.002618634259259345,0.5699665590655543,False,True
f9b12ec3-0036-45f7-8cc3-4d2e6f481cdc_mp4-0023_jpg.rf.6a06878fdfd53253609488816187f520.jpg,test,gravel,48,0.10035397376543198,0.21044637721786416,False,False
f9b12ec3-0036-45f7-8cc3-4d2e6f481cdc_mp4-0028_jpg.rf.67c2e9cf748b8d5c9f0ac08976ec528c.jpg,test,gravel,60,0.15113040123456933,0.21435954980607025,False,False
f9b12ec3-0036-45f7-8cc3-4d2e6f481cdc_mp4-0028_jpg.rf.67c2e9cf748b8d5c9f0ac08976ec528c.jpg,test,gravel,25,0.10823109567901312,0.10554349822535151,False,False
f9b12ec3-0036-45f7-8cc3-4d2e6f481cdc_mp4-0030_jpg.rf.29f76b9fc7d266e24a7d092db379c41b.jpg,test,gravel,14,0.005127314814814987,0.27155046285191925,False,False
f9b12ec3-0036-45f7-8cc3-4d2e6f481cdc_mp4-0030_jpg.rf.29f76b9fc7d266e24a7d092db379c41b.jpg,test,gravel,58,0.13956211419753117,0.21563126326644058,False,False
f9b12ec3-0036-45f7-8cc3-4d2e6f481cdc_mp4-0030_jpg.rf.29f76b9fc7d266e24a7d092db379c41b.jpg,test,gravel,22,0.1229369212962963,0.08714631306096772,False,False
f9b12ec3-0036-45f7-8cc3-4d2e6f481cdc_mp4-0039_jpg.rf.44553d9d856ea1f849fc05069ee906af.jpg,test,gravel,82,0.1415972222222237,0.30265927618106825,False,False
f9b12ec3-0036-45f7-8cc3-4d2e6f481cdc_mp4-0039_jpg.rf.44553d9d856ea1f849fc05069ee906af.jpg,test,gravel,18,0.006974344135802446,0.2993562447155114,False,False
f9b12ec3-0036-45f7-8cc3-4d2e6f481cdc_mp4-0039_jpg.rf.44553d9d856ea1f849fc05069ee906af.jpg,test,gravel,24,0.16288194444444437,0.0825928158215053,False,False
f9b12ec3-0036-45f7-8cc3-4d2e6f481cdc_mp4-0042_jpg.rf.9cd3381dca75240a2a2046b9067465d8.jpg,test,gravel,49,0.1955844907407407,0.15388503115912705,False,False
f9b12ec3-0036-45f7-8cc3-4d2e6f481cdc_mp4-0042_jpg.rf.9cd3381dca75240a2a2046b9067465d8.jpg,test,gravel,5,0.006603009259259274,0.08546072145083294,False,False
f9b12ec3-0036-45f7-8cc3-4d2e6f481cdc_mp4-0042_jpg.rf.9cd3381dca75240a2a2046b9067465d8.jpg,test,gravel,10,0.17520929783950612,0.03318095862445068,True,False
f9b12ec3-0036-45f7-8cc3-4d2e6f481cdc_mp4-0043_jpg.rf.698e4a8ea3da1298844460d2ccd3c6c4.jpg,test,gravel,41,0.18830343364197688,0.13122670997829827,False,False
f9b12ec3-0036-45f7-8cc3-4d2e6f481cdc_mp4-0043_jpg.rf.698e4a8ea3da1298844460d2ccd3c6c4.jpg,test,gravel,8,0.008097029320987659,0.12347943527195288,False,False
f9b12ec3-0036-45f7-8cc3-4d2e6f481cdc_mp4-0043_jpg.rf.698e4a8ea3da1298844460d2ccd3c6c4.jpg,test,gravel,21,0.1545302854938273,0.07419591496781731,False,False
f9b12ec3-0036-45f7-8cc3-4d2e6f481cdc_mp4-0044_jpg.rf.83ebbcdc808ebf1e88f427cbc27fd9af.jpg,test,gravel,42,0.1779504243827148,0.13828251828082286,False,False
f9b12ec3-0036-45f7-8cc3-4d2e6f481cdc_mp4-0044_jpg.rf.83ebbcdc808ebf1e88f427cbc27fd9af.jpg,test,gravel,8,0.00806809413580245,0.12370065868360103,False,False
f9b12ec3-0036-45f7-8cc3-4d2e6f481cdc_mp4-0044_jpg.rf.83ebbcdc808ebf1e88f427cbc27fd9af.jpg,test,gravel,17,0.18655285493827156,0.05466577066819063,True,False
f9b12ec3-0036-45f7-8cc3-4d2e6f481cdc_mp4-0046_jpg.rf.2dfd92f234ccdfe25bf6933279289898.jpg,test,gravel,69,0.18904417438271715,0.22041185265056149,False,False
f9b12ec3-0036-45f7-8cc3-4d2e6f481cdc_mp4-0046_jpg.rf.2dfd92f234ccdfe25bf6933279289898.jpg,test,gravel,14,0.15602719907407425,0.049226094727331686,True,False
f9b12ec3-0036-45f7-8cc3-4d2e6f481cdc_mp4-0050_jpg.rf.1224755beb90411f57f66dafe7677f08.jpg,test,gravel,48,0.11210744598765388,0.19910928444885354,False,False
f9b12ec3-0036-45f7-8cc3-4d2e6f481cdc_mp4-0050_jpg.rf.1224755beb90411f57f66dafe7677f08.jpg,test,gravel,7,0.004238040123456771,0.1493423605221774,False,False
f9b12ec3-0036-45f7-8cc3-4d2e6f481cdc_mp4-0055_jpg.rf.4596d0f3b0d88ac8d38bf7b6ba00d1b0.jpg,test,gravel,9,0.001753472222222191,0.2985111570629994,False,False
f9b12ec3-0036-45f7-8cc3-4d2e6f481cdc_mp4-0055_jpg.rf.4596d0f3b0d88ac8d38bf7b6ba00d1b0.jpg,test,gravel,35,0.10840374228395167,0.14764318671513127,False,False
fa45e6fb-4502-41bb-bb80-a4a4149318ad_mp4-0003_jpg.rf.3a003140d1be485af899c1db3acf39cc.jpg,train,gravel,17,0.06076841001157396,0.11972573208709321,False,False
fa45e6fb-4502-41bb-bb80-a4a4149318ad_mp4-0004_jpg.rf.c8cfeab44d769e157a2d911aea23b394.jpg,train,gravel,17,0.06021532600308621,0.1202743218802508,False,False
fa45e6fb-4502-41bb-bb80-a4a4149318ad_mp4-0004_jpg.rf.c8cfeab44d769e157a2d911aea23b394.jpg,train,gravel,17,0.06883710696373457,0.11249031503485232,False,False
fa45e6fb-4502-41bb-bb80-a4a4149318ad_mp4-0005_jpg.rf.d1d29e1a364fc106eda275c7048d8d49.jpg,train,gravel,42,0.09465723861882758,0.23700084341011388,False,False
fa45e6fb-4502-41bb-bb80-a4a4149318ad_mp4-0005_jpg.rf.d1d29e1a364fc106eda275c7048d8d49.jpg,train,gravel,30,0.05958764347029355,0.213363764864157,False,False
fa45e6fb-4502-41bb-bb80-a4a4149318ad_mp4-0013_jpg.rf.7753bdb989766041e2405b1d2e4eb323.jpg,train,gravel,32,0.08692461178626587,0.1884326322986411,False,False
fa45e6fb-4502-41bb-bb80-a4a4149318ad_mp4-0013_jpg.rf.7753bdb989766041e2405b1d2e4eb323.jpg,train,gravel,19,0.07773467640817922,0.1183106172082639,False,False
fa45e6fb-4502-41bb-bb80-a4a4149318ad_mp4-0013_jpg.rf.7753bdb989766041e2405b1d2e4eb323.jpg,train,gravel,8,0.009459695698302434,0.1428002344603277,False,False
fa45e6fb-4502-41bb-bb80-a4a4149318ad_mp4-0014_jpg.rf.cd31af3c281a6881bbcbaf0630ae69d9.jpg,train,gravel,29,0.08727123119212976,0.17042761366665968,False,False
fa45e6fb-4502-41bb-bb80-a4a4149318ad_mp4-0014_jpg.rf.cd31af3c281a6881bbcbaf0630ae69d9.jpg,train,gravel,7,0.00729257089120372,0.14230993713104123,False,False
fa45e6fb-4502-41bb-bb80-a4a4149318ad_mp4-0014_jpg.rf.cd31af3c281a6881bbcbaf0630ae69d9.jpg,train,gravel,21,0.07993344907407418,0.128953322082132,False,False
fa45e6fb-4502-41bb-bb80-a4a4149318ad_mp4-0017_jpg.rf.28124124eb050c59b5017c044b0ae28b.jpg,train,gravel,13,0.0024926456404320563,0.45205429257347246,False,True
fa45e6fb-4502-41bb-bb80-a4a4149318ad_mp4-0017_jpg.rf.28124124eb050c59b5017c044b0ae28b.jpg,train,gravel,31,0.08110517336998324,0.18897960283220352,False,False
fa45e6fb-4502-41bb-bb80-a4a4149318ad_mp4-0017_jpg.rf.28124124eb050c59b5017c044b0ae28b.jpg,train,gravel,22,0.08662923177083348,0.12976810594571486,False,False
fa45e6fb-4502-41bb-bb80-a4a4149318ad_mp4-0030_jpg.rf.4b1baaf885532af57e429177611db792.jpg,train,gravel,15,0.0914743682484569,0.08610315520460904,False,False
fa45e6fb-4502-41bb-bb80-a4a4149318ad_mp4-0030_jpg.rf.4b1baaf885532af57e429177611db792.jpg,train,gravel,9,0.019133391203703665,0.11295983527623125,False,False
fa45e6fb-4502-41bb-bb80-a4a4149318ad_mp4-0030_jpg.rf.4b1baaf885532af57e429177611db792.jpg,train,gravel,25,0.08440634645061706,0.1493929056260461,False,False
fa45e6fb-4502-41bb-bb80-a4a4149318ad_mp4-0033_jpg.rf.11f88269da946d160b5e5f648d2f611d.jpg,train,gravel,6,0.02724428530092593,0.06310896492338176,True,False
fa45e6fb-4502-41bb-bb80-a4a4149318ad_mp4-0033_jpg.rf.11f88269da946d160b5e5f648d2f611d.jpg,train,gravel,12,0.08169367283950635,0.07288942961247931,False,False
fa45e6fb-4502-41bb-bb80-a4a4149318ad_mp4-0033_jpg.rf.11f88269da946d160b5e5f648d2f611d.jpg,train,gravel,20,0.09421266155478403,0.11312351098292116,False,False
fa45e6fb-4502-41bb-bb80-a4a4149318ad_mp4-0038_jpg.rf.136863ff9233b3f4fa1b54df22eeb15c.jpg,train,gravel,6,0.05730372299382719,0.043514835648583654,True,False
fa45e6fb-4502-41bb-bb80-a4a4149318ad_mp4-0038_jpg.rf.136863ff9233b3f4fa1b54df22eeb15c.jpg,train,gravel,8,0.07958381558641969,0.04923286677036719,True,False
fa45e6fb-4502-41bb-bb80-a4a4149318ad_mp4-0038_jpg.rf.136863ff9233b3f4fa1b54df22eeb15c.jpg,train,gravel,23,0.10060251494984485,0.12589281184762252,False,False
fa45e6fb-4502-41bb-bb80-a4a4149318ad_mp4-0040_jpg.rf.2a4bf02f95d80acddb84484ba0a49d10.jpg,train,gravel,10,0.05511700665509256,0.0739494085489873,False,False
fa45e6fb-4502-41bb-bb80-a4a4149318ad_mp4-0040_jpg.rf.2a4bf02f95d80acddb84484ba0a49d10.jpg,train,gravel,16,0.07956271701388884,0.09847878832813553,False,False
fa45e6fb-4502-41bb-bb80-a4a4149318ad_mp4-0040_jpg.rf.2a4bf02f95d80acddb84484ba0a49d10.jpg,train,gravel,13,0.08290834780092604,0.07838297421007555,False,False
fe3e6f0d-5f1f-4948-8468-9538c3b384da_jpg.rf.ed2555e903d23777a178cf828971d272.jpg,test,sand,153,0.1818065200617287,0.28773558794362036,False,False
04802d75-aef4-4463-b9ac-241ba1c9d161_jpg.rf.263e5baf01630c0c2c22cc775d06affb.jpg,test,sand,26,0.015414737654321109,0.1679237620328154,False,False
04802d75-aef4-4463-b9ac-241ba1c9d161_jpg.rf.263e5baf01630c0c2c22cc775d06affb.jpg,test,sand,72,0.2843158436213997,0.10827765506838029,False,False
04802d75-aef4-4463-b9ac-241ba1c9d161_jpg.rf.263e5baf01630c0c2c22cc775d06affb.jpg,test,sand,11,0.002527649176954694,0.1754450676505631,False,False
07451999-bdf8-4862-b869-6db57c35f0c1_mp4-0010_jpg.rf.7fbc1747096270dc2cb3d9f9b9a88705.jpg,train,gravel,18,0.023845486111110148,0.16189629815979728,False,False
07451999-bdf8-4862-b869-6db57c35f0c1_mp4-0010_jpg.rf.7fbc1747096270dc2cb3d9f9b9a88705.jpg,train,gravel,51,0.106173804012343,0.21738470831425297,False,False
07451999-bdf8-4862-b869-6db57c35f0c1_mp4-0010_jpg.rf.7fbc1747096270dc2cb3d9f9b9a88705.jpg,train,gravel,20,0.07131076388888924,0.10402074380467796,False,False
07451999-bdf8-4862-b869-6db57c35f0c1_mp4-0012_jpg.rf.eb1100bd06310fe3514c150cd2230f67.jpg,train,gravel,36,0.07999228395061664,0.1767852210240677,False,False
07451999-bdf8-4862-b869-6db57c35f0c1_mp4-0012_jpg.rf.eb1100bd06310fe3514c150cd2230f67.jpg,train,gravel,22,0.014436728395061493,0.25430552249353905,False,False
07451999-bdf8-4862-b869-6db57c35f0c1_mp4-0012_jpg.rf.eb1100bd06310fe3514c150cd2230f67.jpg,train,gravel,23,0.07282407407407376,0.11837441720602618,False,False
07451999-bdf8-4862-b869-6db57c35f0c1_mp4-0017_jpg.rf.714181fa7f26e3dae2bb39c2a904145e.jpg,train,gravel,18,0.020269097222222143,0.17559931028628611,False,False
07451999-bdf8-4862-b869-6db57c35f0c1_mp4-0017_jpg.rf.714181fa7f26e3dae2bb39c2a904145e.jpg,train,gravel,20,0.06612075617283963,0.10802607415948615,False,False
07451999-bdf8-4862-b869-6db57c35f0c1_mp4-0017_jpg.rf.714181fa7f26e3dae2bb39c2a904145e.jpg,train,gravel,16,0.07085937499999995,0.08348122774096528,False,False
07451999-bdf8-4862-b869-6db57c35f0c1_mp4-0033_jpg.rf.c0d23a60297d6770d3c9257144ab15f5.jpg,train,gravel,11,0.007340856481481417,0.1783145664671684,False,False
07451999-bdf8-4862-b869-6db57c35f0c1_mp4-0033_jpg.rf.c0d23a60297d6770d3c9257144ab15f5.jpg,train,gravel,12,0.03355324074074062,0.09098745407415354,False,False
07451999-bdf8-4862-b869-6db57c35f0c1_mp4-0033_jpg.rf.c0d23a60297d6770d3c9257144ab15f5.jpg,train,gravel,19,0.06000868055555575,0.10772439547979529,False,False
07451999-bdf8-4862-b869-6db57c35f0c1_mp4-0033_jpg.rf.c0d23a60297d6770d3c9257144ab15f5.jpg,train,sand,9,0.005914351851852295,0.16253856986191711,False,False
07451999-bdf8-4862-b869-6db57c35f0c1_mp4-0033_jpg.rf.c0d23a60297d6770d3c9257144ab15f5.jpg,train,gravel,9,0.0012500000000000289,0.3535533905932697,False,False
07451999-bdf8-4862-b869-6db57c35f0c1_mp4-0033_jpg.rf.c0d23a60297d6770d3c9257144ab15f5.jpg,train,gravel,10,0.0031413966049382847,0.2478027482220575,False,False
0a48349e-f671-436a-8af5-de54f079109f_mp4-0019_jpg.rf.89cc60b55d8906deb12d5c44ff537e4c.jpg,valid,sand,5,0.0013628472222222202,0.28216632399155034,False,False
0a48349e-f671-436a-8af5-de54f079109f_mp4-0019_jpg.rf.89cc60b55d8906deb12d5c44ff537e4c.jpg,valid,sand,41,0.12140842013888786,0.2451422768543447,False,False
0a48349e-f671-436a-8af5-de54f079109f_mp4-0019_jpg.rf.89cc60b55d8906deb12d5c44ff537e4c.jpg,valid,sand,18,0.033652343750000036,0.20442010616049908,False,False
0a48349e-f671-436a-8af5-de54f079109f_mp4-0019_jpg.rf.89cc60b55d8906deb12d5c44ff537e4c.jpg,valid,sand,6,0.002393663194444451,0.25549269771497435,False,False
0a48349e-f671-436a-8af5-de54f079109f_mp4-0021_jpg.rf.5800e88200ec09dabb458f4df71827ae.jpg,valid,sand,6,0.0029231770833333323,0.23119713625587496,False,False
0a48349e-f671-436a-8af5-de54f079109f_mp4-0021_jpg.rf.5800e88200ec09dabb458f4df71827ae.jpg,valid,sand,22,0.03188368055555535,0.2566830663864722,False,False
0a48349e-f671-436a-8af5-de54f079109f_mp4-0021_jpg.rf.5800e88200ec09dabb458f4df71827ae.jpg,valid,sand,34,0.12030815972222264,0.2042161751304905,False,False
0a48349e-f671-436a-8af5-de54f079109f_mp4-0044_jpg.rf.0725d6e790a3e8b21f5a6f1c09b185ab.jpg,valid,sand,48,0.13397786458333272,0.2732017483402624,False,False
0a48349e-f671-436a-8af5-de54f079109f_mp4-0044_jpg.rf.0725d6e790a3e8b21f5a6f1c09b185ab.jpg,valid,sand,12,0.009720052083333375,0.25357457873224626,False,False
0a48349e-f671-436a-8af5-de54f079109f_mp4-0045_jpg.rf.7c530cce9d2b3687ffe7a231425e4eea.jpg,valid,sand,53,0.13513237847222115,0.30036887074172003,False,False
0a48349e-f671-436a-8af5-de54f079109f_mp4-0045_jpg.rf.7c530cce9d2b3687ffe7a231425e4eea.jpg,valid,sand,8,0.010086805555555522,0.16594796272900475,False,False
0a48349e-f671-436a-8af5-de54f079109f_mp4-0048_jpg.rf.79388ed30e5b7f06ed0bf73d39330ea6.jpg,valid,sand,50,0.137888454861109,0.2805206357237236,False,False
0a48349e-f671-436a-8af5-de54f079109f_mp4-0053_jpg.rf.edcc075f51b7cdb2a94a521a36cff653.jpg,valid,sand,47,0.14232855902777786,0.2595437614206883,False,False
0a48349e-f671-436a-8af5-de54f079109f_mp4-0058_jpg.rf.47d0946733a5df9fdeb5cc865cb85fb6.jpg,valid,sand,50,0.14021267361111,0.27818591145322924,False,False
0a48349e-f671-436a-8af5-de54f079109f_mp4-0059_jpg.rf.1e80a13f49849e538b9ee08b0ae77682.jpg,valid,sand,51,0.1397851562500012,0.28418320677315856,False,False
0f964fdb-9fc1-4941-9c12-15445855221a-1-_mp4-0001_jpg.rf.de5ab1df497faceb447f20c65e2743c2.jpg,train,gravel,13,0.0171275197723757,0.17245414216035426,False,False
0f964fdb-9fc1-4941-9c12-15445855221a-1-_mp4-0009_jpg.rf.7ea1d39a283bdcb24a81064aef4c564e.jpg,train,gravel,28,0.060302734374999556,0.1979552595924649,False,False
0f964fdb-9fc1-4941-9c12-15445855221a-1-_mp4-0009_jpg.rf.7ea1d39a283bdcb24a81064aef4c564e.jpg,train,gravel,11,0.021437656732253174,0.1304312166803252,False,False
0f964fdb-9fc1-4941-9c12-15445855221a-1-_mp4-0029_jpg.rf.582a573ac80ba5b377b10b29f7611b54.jpg,train,gravel,29,0.054506655092593004,0.2156506386845437,False,False
0f964fdb-9fc1-4941-9c12-15445855221a-1-_mp4-0029_jpg.rf.582a573ac80ba5b377b10b29f7611b54.jpg,train,gravel,11,0.018390420042438294,0.14082325465587162,False,False
0f964fdb-9fc1-4941-9c12-15445855221a-1-_mp4-0029_jpg.rf.582a573ac80ba5b377b10b29f7611b54.jpg,train,gravel,4,0.0013894917052468814,0.1862985731330511,False,False
0f964fdb-9fc1-4941-9c12-15445855221a-1-_mp4-0029_jpg.rf.582a573ac80ba5b377b10b29f7611b54.jpg,train,gravel,8,0.004564826871141958,0.20556792311432243,False,False
0f964fdb-9fc1-4941-9c12-15445855221a-1-_mp4-0041_jpg.rf.3aea14092995ac9d8deb0f3d1a34fdc4.jpg,train,gravel,23,0.020979516300153378,0.275681496179347,False,False
0f964fdb-9fc1-4941-9c12-15445855221a-1-_mp4-0041_jpg.rf.3aea14092995ac9d8deb0f3d1a34fdc4.jpg,train,gravel,26,0.05460611979166652,0.19316578609986398,False,False
0f964fdb-9fc1-4941-9c12-15445855221a-1-_mp4-0041_jpg.rf.3aea14092995ac9d8deb0f3d1a34fdc4.jpg,train,gravel,10,0.007607542438271608,0.1990468571645082,False,False
0f964fdb-9fc1-4941-9c12-15445855221a-1-_mp4-0041_jpg.rf.3aea14092995ac9d8deb0f3d1a34fdc4.jpg,train,gravel,9,0.003342616705246937,0.27025686609219096,False,False
0f964fdb-9fc1-4941-9c12-15445855221a-1-_mp4-0049_jpg.rf.2f4e80d2679a1f65992653bf0d849bbd.jpg,train,gravel,13,0.01859085648148273,0.16552788645196215,False,False
0f964fdb-9fc1-4941-9c12-15445855221a-1-_mp4-0049_jpg.rf.2f4e80d2679a1f65992653bf0d849bbd.jpg,train,gravel,22,0.05520140094521597,0.1625642884777751,False,False
0f964fdb-9fc1-4941-9c12-15445855221a-1-_mp4-0049_jpg.rf.2f4e80d2679a1f65992653bf0d849bbd.jpg,train,gravel,10,0.008356541763117342,0.1899171667001006,False,False
0f964fdb-9fc1-4941-9c12-15445855221a-1-_mp4-0049_jpg.rf.2f4e80d2679a1f65992653bf0d849bbd.jpg,train,gravel,10,0.004474404417438349,0.25954334589839434,False,False
0f964fdb-9fc1-4941-9c12-15445855221a-1-_mp4-0065_jpg.rf.d2976b552ad02597cdf28fa3be9c053b.jpg,train,gravel,9,0.007639190297068499,0.17877070863408553,False,False
0f964fdb-9fc1-4941-9c12-15445855221a-1-_mp4-0065_jpg.rf.d2976b552ad02597cdf28fa3be9c053b.jpg,train,gravel,29,0.06710099585262341,0.19436185335426234,False,False
0f964fdb-9fc1-4941-9c12-15445855221a-1-_mp4-0065_jpg.rf.d2976b552ad02597cdf28fa3be9c053b.jpg,train,gravel,8,0.006762092496141903,0.1688989501445435,False,False
0f964fdb-9fc1-4941-9c12-15445855221a-1-_mp4-0065_jpg.rf.d2976b552ad02597cdf28fa3be9c053b.jpg,train,gravel,9,0.00798882378472221,0.17481496402441962,False,False
0f964fdb-9fc1-4941-9c12-15445855221a-1-_mp4-0073_jpg.rf.040ab0203193f3f7c94dcac0d24177a6.jpg,train,gravel,11,0.008912639853395632,0.20228655714243216,False,False
0f964fdb-9fc1-4941-9c12-15445855221a-1-_mp4-0073_jpg.rf.040ab0203193f3f7c94dcac0d24177a6.jpg,train,gravel,37,0.07661946614583304,0.23206501850404088,False,False
0f964fdb-9fc1-4941-9c12-15445855221a-1-_mp4-0073_jpg.rf.040ab0203193f3f7c94dcac0d24177a6.jpg,train,gravel,13,0.003823362750771553,0.3650044140963456,False,False
0f964fdb-9fc1-4941-9c12-15445855221a-1-_mp4-0073_jpg.rf.040ab0203193f3f7c94dcac0d24177a6.jpg,train,gravel,8,0.0070439091435185175,0.16548576075682425,False,False
0f964fdb-9fc1-4941-9c12-15445855221a-1-_mp4-0079_jpg.rf.bd20f1e9f3c62a7bc143942d503a7ede.jpg,train,gravel,10,0.010187596450617065,0.1720052290384472,False,False
0f964fdb-9fc1-4941-9c12-15445855221a-1-_mp4-0079_jpg.rf.bd20f1e9f3c62a7bc143942d503a7ede.jpg,train,gravel,35,0.08667595003858031,0.2063936139669977,False,False
0f964fdb-9fc1-4941-9c12-15445855221a-1-_mp4-0084_jpg.rf.f1e1e1c541abe26aa23de352a593f084.jpg,train,gravel,6,0.005612220293209624,0.13904693239779958,False,False
0f964fdb-9fc1-4941-9c12-15445855221a-1-_mp4-0084_jpg.rf.f1e1e1c541abe26aa23de352a593f084.jpg,train,gravel,40,0.09975103684413611,0.2198764915846934,False,False
0f964fdb-9fc1-4941-9c12-15445855221a-1-_mp4-0084_jpg.rf.f1e1e1c541abe26aa23de352a593f084.jpg,train,gravel,9,0.004513587480709846,0.2325728923379028,False,False
0f964fdb-9fc1-4941-9c12-15445855221a-1-_mp4-0088_jpg.rf.1e49fbbe376c067e90b447e60a000101.jpg,train,gravel,7,0.008630823206018157,0.1308125604241779,False,False
0f964fdb-9fc1-4941-9c12-15445855221a-1-_mp4-0088_jpg.rf.1e49fbbe376c067e90b447e60a000101.jpg,train,gravel,32,0.09364300009645099,0.18154731713774855,False,False
0f964fdb-9fc1-4941-9c12-15445855221a-1-_mp4-0088_jpg.rf.1e49fbbe376c067e90b447e60a000101.jpg,train,gravel,6,0.003487292631172867,0.17639430961135574,False,False
1991989f-1bf5-4e50-89bb-7301b220ac01_mp4-0002_jpg.rf.82e1911dbb9b55c22b40c2e273d916dd.jpg,train,gravel,7,0.013046453028549343,0.1063969868799969,False,False
1991989f-1bf5-4e50-89bb-7301b220ac01_mp4-0002_jpg.rf.82e1911dbb9b55c22b40c2e273d916dd.jpg,train,gravel,6,0.019871841242283805,0.07389409124391806,False,False
1991989f-1bf5-4e50-89bb-7301b220ac01_mp4-0002_jpg.rf.82e1911dbb9b55c22b40c2e273d916dd.jpg,train,gravel,43,0.2006360499840243,0.166663879795304,False,False
1991989f-1bf5-4e50-89bb-7301b220ac01_mp4-0002_jpg.rf.82e1911dbb9b55c22b40c2e273d916dd.jpg,train,gravel,5,0.001822012442129626,0.20336295869552123,False,False
1991989f-1bf5-4e50-89bb-7301b220ac01_mp4-0002_jpg.rf.82e1911dbb9b55c22b40c2e273d916dd.jpg,train,sand,9,0.006475754726079863,0.19416673616652397,False,False
1991989f-1bf5-4e50-89bb-7301b220ac01_mp4-0013_jpg.rf.51e65a59b6ed30f985b1bed382fa6471.jpg,train,gravel,24,0.18333906008873457,0.09731084818998949,False,False
1991989f-1bf5-4e50-89bb-7301b220ac01_mp4-0013_jpg.rf.51e65a59b6ed30f985b1bed382fa6471.jpg,train,gravel,5,0.017959406346450768,0.06477412163769325,True,False
1991989f-1bf5-4e50-89bb-7301b220ac01_mp4-0013_jpg.rf.51e65a59b6ed30f985b1bed382fa6471.jpg,train,gravel,11,0.007483965084876587,0.22075183654661382,False,False
1991989f-1bf5-4e50-89bb-7301b220ac01_mp4-0013_jpg.rf.51e65a59b6ed30f985b1bed382fa6471.jpg,train,gravel,14,0.01232005931712954,0.21897732836161782,False,False
1991989f-1bf5-4e50-89bb-7301b220ac01_mp4-0013_jpg.rf.51e65a59b6ed30f985b1bed382fa6471.jpg,train,gravel,9,0.04506504388503074,0.07360378140507949,False,False
1991989f-1bf5-4e50-89bb-7301b220ac01_mp4-0013_jpg.rf.51e65a59b6ed30f985b1bed382fa6471.jpg,train,sand,12,0.005004563108844895,0.2944934755617627,False,False
1991989f-1bf5-4e50-89bb-7301b220ac01_mp4-0031_jpg.rf.1476bb480bd299b63cb3fb1aa9c3ae0e.jpg,train,gravel,9,0.005274643132715973,0.2151411496801924,False,False
1991989f-1bf5-4e50-89bb-7301b220ac01_mp4-0031_jpg.rf.1476bb480bd299b63cb3fb1aa9c3ae0e.jpg,train,gravel,11,0.0212221498842593,0.13109179585500907,False,False
1991989f-1bf5-4e50-89bb-7301b220ac01_mp4-0031_jpg.rf.1476bb480bd299b63cb3fb1aa9c3ae0e.jpg,train,gravel,35,0.2147813645562069,0.13111345517600703,False,False
1991989f-1bf5-4e50-89bb-7301b220ac01_mp4-0031_jpg.rf.1476bb480bd299b63cb3fb1aa9c3ae0e.jpg,train,sand,11,0.004239343894675951,0.2933059531318216,False,False
1991989f-1bf5-4e50-89bb-7301b220ac01_mp4-0038_jpg.rf.b9a9391e123d9f346bba665fdc1676e0.jpg,train,gravel,5,0.0024745611496910236,0.1745012031899558,False,False
1991989f-1bf5-4e50-89bb-7301b220ac01_mp4-0038_jpg.rf.b9a9391e123d9f346bba665fdc1676e0.jpg,train,gravel,11,0.008428879726080307,0.20801050737464735,False,False
1991989f-1bf5-4e50-89bb-7301b220ac01_mp4-0038_jpg.rf.b9a9391e123d9f346bba665fdc1676e0.jpg,train,gravel,41,0.23295844502766805,0.14747626969485644,False,False
1991989f-1bf5-4e50-89bb-7301b220ac01_mp4-0039_jpg.rf.4a7b8804ee757047cc776723f62ba63d.jpg,train,gravel,5,0.0029733916859566722,0.15919208083669256,False,False
1991989f-1bf5-4e50-89bb-7301b220ac01_mp4-0039_jpg.rf.4a7b8804ee757047cc776723f62ba63d.jpg,train,gravel,10,0.007387514467592782,0.20198929081169162,False,False
1991989f-1bf5-4e50-89bb-7301b220ac01_mp4-0039_jpg.rf.4a7b8804ee757047cc776723f62ba63d.jpg,train,gravel,40,0.2342050590624405,0.14349586015579707,False,False
1991989f-1bf5-4e50-89bb-7301b220ac01_mp4-0039_jpg.rf.4a7b8804ee757047cc776723f62ba63d.jpg,train,sand,11,0.002746222939573606,0.36442008615464455,False,False
1991989f-1bf5-4e50-89bb-7301b220ac01_mp4-0049_jpg.rf.b3b6af0bfc53ac6d0f591b691f253b25.jpg,train,gravel,46,0.24637829433563496,0.16089187989785955,False,False
1991989f-1bf5-4e50-89bb-7301b220ac01_mp4-0049_jpg.rf.b3b6af0bfc53ac6d0f591b691f253b25.jpg,train,gravel,4,0.002257547260802406,0.14615681904837596,False,False
1991989f-1bf5-4e50-89bb-7301b220ac01_mp4-0049_jpg.rf.b3b6af0bfc53ac6d0f591b691f253b25.jpg,train,sand,7,0.0030457296489196928,0.2202063716511973,False,False
1991989f-1bf5-4e50-89bb-7301b220ac01_mp4-0049_jpg.rf.b3b6af0bfc53ac6d0f591b691f253b25.jpg,train,gravel,19,0.0031843774112654266,0.5845462116417519,False,True
1991989f-1bf5-4e50-89bb-7301b220ac01_mp4-0050_jpg.rf.c235a7202a0c66815098f36c7a427810.jpg,train,gravel,31,0.2550777222553773,0.10656214289327577,False,False
1991989f-1bf5-4e50-89bb-7301b220ac01_mp4-0050_jpg.rf.c235a7202a0c66815098f36c7a427810.jpg,train,gravel,4,0.0025634765625,0.13715853329963726,False,False
1991989f-1bf5-4e50-89bb-7301b220ac01_mp4-0050_jpg.rf.c235a7202a0c66815098f36c7a427810.jpg,train,sand,8,0.004258897569444198,0.21282316919137206,False,False
1991989f-1bf5-4e50-89bb-7301b220ac01_mp4-0050_jpg.rf.c235a7202a0c66815098f36c7a427810.jpg,train,gravel,15,0.0013518156828703498,0.7082882469748338,False,True
1991989f-1bf5-4e50-89bb-7301b220ac01_mp4-0050_jpg.rf.c235a7202a0c66815098f36c7a427810.jpg,train,gravel,25,0.0013714072145062373,1.172018077346211,False,True
1991989f-1bf5-4e50-89bb-7301b220ac01_mp4-0055_jpg.rf.de338a9fae664af65e77dccfceb4061c.jpg,train,gravel,22,0.04507257908950635,0.17990531443316096,False,False
1991989f-1bf5-4e50-89bb-7301b220ac01_mp4-0055_jpg.rf.de338a9fae664af65e77dccfceb4061c.jpg,train,gravel,38,0.24069892829198025,0.13446957581642957,False,False
1991989f-1bf5-4e50-89bb-7301b220ac01_mp4-0055_jpg.rf.de338a9fae664af65e77dccfceb4061c.jpg,train,sand,18,0.0024067443094137886,0.6369935647263499,False,True
1991989f-1bf5-4e50-89bb-7301b220ac01_mp4-0055_jpg.rf.de338a9fae664af65e77dccfceb4061c.jpg,train,gravel,15,0.0027729552469133445,0.49453535504686125,False,True
2be0c9f6-caf7-4f26-9b59-b1299865a721_mp4-0006_jpg.rf.eed26d363d7e538380101f06a3d42064.jpg,train,sand,9,0.0028710937499998312,0.34992710611189287,False,False
2be0c9f6-caf7-4f26-9b59-b1299865a721_mp4-0006_jpg.rf.eed26d363d7e538380101f06a3d42064.jpg,train,sand,12,0.04636067708333336,0.1161087965360814,False,False
2be0c9f6-caf7-4f26-9b59-b1299865a721_mp4-0006_jpg.rf.eed26d363d7e538380101f06a3d42064.jpg,train,sand,22,0.02711588541666643,0.27833610688403115,False,False
2be0c9f6-caf7-4f26-9b59-b1299865a721_mp4-0006_jpg.rf.eed26d363d7e538380101f06a3d42064.jpg,train,sand,20,0.05045138888888867,0.18550353712241685,False,False
2be0c9f6-caf7-4f26-9b59-b1299865a721_mp4-0006_jpg.rf.eed26d363d7e538380101f06a3d42064.jpg,train,sand,41,0.14640625000000007,0.223235269464807,False,False
2be0c9f6-caf7-4f26-9b59-b1299865a721_mp4-0006_jpg.rf.eed26d363d7e538380101f06a3d42064.jpg,train,sand,6,0.0012499999999999734,0.3535533905932775,False,False
2be0c9f6-caf7-4f26-9b59-b1299865a721_mp4-0009_jpg.rf.1b73b605ec5e04eda0ab6a1e0113274f.jpg,train,sand,24,0.023667534722221717,0.3250075821880748,False,False
2be0c9f6-caf7-4f26-9b59-b1299865a721_mp4-0009_jpg.rf.1b73b605ec5e04eda0ab6a1e0113274f.jpg,train,sand,26,0.05484157986111082,0.2313007984347979,False,False
2be0c9f6-caf7-4f26-9b59-b1299865a721_mp4-0009_jpg.rf.1b73b605ec5e04eda0ab6a1e0113274f.jpg,train,sand,51,0.16115229518446306,0.2646736405582651,False,False
2be0c9f6-caf7-4f26-9b59-b1299865a721_mp4-0009_jpg.rf.1b73b605ec5e04eda0ab6a1e0113274f.jpg,train,sand,13,0.050592447916666616,0.1204090883649934,False,False
2be0c9f6-caf7-4f26-9b59-b1299865a721_mp4-0009_jpg.rf.1b73b605ec5e04eda0ab6a1e0113274f.jpg,train,sand,5,0.003784722222222224,0.16932136536964906,False,False
2be0c9f6-caf7-4f26-9b59-b1299865a721_mp4-0021_jpg.rf.6e815a577f56e9fd7b3a646f4e66113d.jpg,train,sand,14,0.018133680555555642,0.21659270134676095,False,False
2be0c9f6-caf7-4f26-9b59-b1299865a721_mp4-0021_jpg.rf.6e815a577f56e9fd7b3a646f4e66113d.jpg,train,sand,12,0.05518229166666666,0.1064241383130151,False,False
2be0c9f6-caf7-4f26-9b59-b1299865a721_mp4-0021_jpg.rf.6e815a577f56e9fd7b3a646f4e66113d.jpg,train,sand,43,0.14715060763888843,0.23353188686549986,False,False
2be0c9f6-caf7-4f26-9b59-b1299865a721_mp4-0021_jpg.rf.6e815a577f56e9fd7b3a646f4e66113d.jpg,train,sand,12,0.06725477430555571,0.09640031407809037,False,False
2be0c9f6-caf7-4f26-9b59-b1299865a721_mp4-0030_jpg.rf.18843a69f3721b391c0812879955d9b5.jpg,train,sand,6,0.00415708550347222,0.1938721981381547,False,False
2be0c9f6-caf7-4f26-9b59-b1299865a721_mp4-0030_jpg.rf.18843a69f3721b391c0812879955d9b5.jpg,train,sand,15,0.030242959453125273,0.1796957799506468,False,False
2be0c9f6-caf7-4f26-9b59-b1299865a721_mp4-0030_jpg.rf.18843a69f3721b391c0812879955d9b5.jpg,train,sand,18,0.05539279513888862,0.15933259431812777,False,False
2be0c9f6-caf7-4f26-9b59-b1299865a721_mp4-0030_jpg.rf.18843a69f3721b391c0812879955d9b5.jpg,train,sand,32,0.12838541666666714,0.18605909041238589,False,False
2be0c9f6-caf7-4f26-9b59-b1299865a721_mp4-0030_jpg.rf.18843a69f3721b391c0812879955d9b5.jpg,train,sand,11,0.018559027777777626,0.1682185313068201,False,False
2be0c9f6-caf7-4f26-9b59-b1299865a721_mp4-0044_jpg.rf.6fce199b4e42e4195efb174cf540c2ac.jpg,train,sand,19,0.028522135416667815,0.2343804289994826,False,False
2be0c9f6-caf7-4f26-9b59-b1299865a721_mp4-0044_jpg.rf.6fce199b4e42e4195efb174cf540c2ac.jpg,train,sand,4,0.0028385416666666663,0.15641237740115502,False,False
2be0c9f6-caf7-4f26-9b59-b1299865a721_mp4-0044_jpg.rf.6fce199b4e42e4195efb174cf540c2ac.jpg,train,sand,19,0.05523437499999995,0.16842542096289503,False,False
2be0c9f6-caf7-4f26-9b59-b1299865a721_mp4-0044_jpg.rf.6fce199b4e42e4195efb174cf540c2ac.jpg,train,sand,16,0.13535590277777798,0.09060249249469636,False,False
2be0c9f6-caf7-4f26-9b59-b1299865a721_mp4-0044_jpg.rf.6fce199b4e42e4195efb174cf540c2ac.jpg,train,sand,10,0.0328927951388891,0.11487046325820559,False,False
2be0c9f6-caf7-4f26-9b59-b1299865a721_mp4-0044_jpg.rf.f74c06804c1fe5f02496cda6128a31e4.jpg,train,sand,18,0.046523437499999876,0.17385827633992362,False,False
2be0c9f6-caf7-4f26-9b59-b1299865a721_mp4-0044_jpg.rf.f74c06804c1fe5f02496cda6128a31e4.jpg,train,sand,27,0.15165798611111203,0.14444079977516222,False,False
2be0c9f6-caf7-4f26-9b59-b1299865a721_mp4-0044_jpg.rf.f74c06804c1fe5f02496cda6128a31e4.jpg,train,sand,14,0.0934852430555555,0.09539272774005031,False,False
2be0c9f6-caf7-4f26-9b59-b1299865a721_mp4-0044_jpg.rf.f74c06804c1fe5f02496cda6128a31e4.jpg,train,sand,8,0.016247829861110397,0.13075282120770457,False,False
2be0c9f6-caf7-4f26-9b59-b1299865a721_mp4-0045_jpg.rf.90a5f18554c0d344ae525c1d014a2c7a.jpg,train,sand,27,0.04649305555555561,0.26087260932730494,False,False
2be0c9f6-caf7-4f26-9b59-b1299865a721_mp4-0045_jpg.rf.90a5f18554c0d344ae525c1d014a2c7a.jpg,train,sand,21,0.15445312499999897,0.11132166864525826,False,False
2be0c9f6-caf7-4f26-9b59-b1299865a721_mp4-0045_jpg.rf.90a5f18554c0d344ae525c1d014a2c7a.jpg,train,sand,20,0.09450520833333353,0.13553794178754117,False,False
2be0c9f6-caf7-4f26-9b59-b1299865a721_mp4-0045_jpg.rf.90a5f18554c0d344ae525c1d014a2c7a.jpg,train,sand,8,0.01597873263888827,0.13184922597135026,False,False
2be0c9f6-caf7-4f26-9b59-b1299865a721_mp4-0063_jpg.rf.9c3c666f4d8f3595f0afeef14fcde790.jpg,train,sand,15,0.02101784832682352,0.21555390492732368,False,False
2be0c9f6-caf7-4f26-9b59-b1299865a721_mp4-0063_jpg.rf.9c3c666f4d8f3595f0afeef14fcde790.jpg,train,sand,37,0.14740668402777857,0.20077142356344096,False,False
2be0c9f6-caf7-4f26-9b59-b1299865a721_mp4-0063_jpg.rf.9c3c666f4d8f3595f0afeef14fcde790.jpg,train,sand,22,0.05358774956597223,0.19799247469653833,False,False
2be0c9f6-caf7-4f26-9b59-b1299865a721_mp4-0063_jpg.rf.9c3c666f4d8f3595f0afeef14fcde790.jpg,train,sand,18,0.0608854166666668,0.1519758658972754,False,False
2be0c9f6-caf7-4f26-9b59-b1299865a721_mp4-0070_jpg.rf.0f68dd5e4d73d63d6a123674f982a04f.jpg,train,sand,9,0.060188802083333215,0.07642640337281395,False,False
2be0c9f6-caf7-4f26-9b59-b1299865a721_mp4-0070_jpg.rf.0f68dd5e4d73d63d6a123674f982a04f.jpg,train,sand,32,0.1541167534722243,0.16981803646746804,False,False
2be0c9f6-caf7-4f26-9b59-b1299865a721_mp4-0070_jpg.rf.0f68dd5e4d73d63d6a123674f982a04f.jpg,train,sand,22,0.0881467013888888,0.15437551201512362,False,False
2be0c9f6-caf7-4f26-9b59-b1299865a721_mp4-0070_jpg.rf.0f68dd5e4d73d63d6a123674f982a04f.jpg,train,sand,6,0.0146354166666669,0.10332548854774277,False,False
2be0c9f6-caf7-4f26-9b59-b1299865a721_mp4-0070_jpg.rf.9eaa43c1462336e78cad3ce10b1dd713.jpg,train,sand,11,0.01770182291666611,0.17224334533875693,False,False
2be0c9f6-caf7-4f26-9b59-b1299865a721_mp4-0070_jpg.rf.9eaa43c1462336e78cad3ce10b1dd713.jpg,train,sand,22,0.05613158932508666,0.1934540266977752,False,False
2be0c9f6-caf7-4f26-9b59-b1299865a721_mp4-0070_jpg.rf.9eaa43c1462336e78cad3ce10b1dd713.jpg,train,sand,37,0.1497070312499993,0.19922295960805647,False,False
2be0c9f6-caf7-4f26-9b59-b1299865a721_mp4-0070_jpg.rf.9eaa43c1462336e78cad3ce10b1dd713.jpg,train,sand,17,0.07248046875000003,0.1315519188856471,False,False
2be0c9f6-caf7-4f26-9b59-b1299865a721_mp4-0070_jpg.rf.9eaa43c1462336e78cad3ce10b1dd713.jpg,train,sand,5,0.0018576388888889017,0.24168412226141506,False,False
2be0c9f6-caf7-4f26-9b59-b1299865a721_mp4-0071_jpg.rf.7dd30c3d62687683d3348028f45a5686.jpg,train,sand,21,0.0011306423611117111,1.3011142426981133,False,True
2be0c9f6-caf7-4f26-9b59-b1299865a721_mp4-0071_jpg.rf.7dd30c3d62687683d3348028f45a5686.jpg,train,sand,19,0.019394531249998792,0.28423183561463566,False,False
2be0c9f6-caf7-4f26-9b59-b1299865a721_mp4-0071_jpg.rf.7dd30c3d62687683d3348028f45a5686.jpg,train,sand,17,0.05436631944444448,0.15189473400597203,False,False
2be0c9f6-caf7-4f26-9b59-b1299865a721_mp4-0071_jpg.rf.7dd30c3d62687683d3348028f45a5686.jpg,train,sand,29,0.14964192708333357,0.15618168871472465,False,False
2be0c9f6-caf7-4f26-9b59-b1299865a721_mp4-0071_jpg.rf.7dd30c3d62687683d3348028f45a5686.jpg,train,sand,23,0.07605468749999966,0.17374951682141274,False,False
2be0c9f6-caf7-4f26-9b59-b1299865a721_mp4-0071_jpg.rf.7dd30c3d62687683d3348028f45a5686.jpg,train,sand,7,0.0023914930555555824,0.2982100259896118,False,False
2be0c9f6-caf7-4f26-9b59-b1299865a721_mp4-0071_jpg.rf.7dd30c3d62687683d3348028f45a5686.jpg,train,sand,5,0.0013302951388889372,0.2855977389887647,False,False
2be0c9f6-caf7-4f26-9b59-b1299865a721_mp4-0071_jpg.rf.7dd30c3d62687683d3348028f45a5686.jpg,train,sand,6,0.003491753472222192,0.2115379182650028,False,False
2be0c9f6-caf7-4f26-9b59-b1299865a721_mp4-0077_jpg.rf.d9e774746ceecd84835688eccb8151ff.jpg,train,sand,43,0.04988194444444405,0.401102649771387,False,False
2be0c9f6-caf7-4f26-9b59-b1299865a721_mp4-0077_jpg.rf.d9e774746ceecd84835688eccb8151ff.jpg,train,sand,27,0.14615017361110993,0.147137325952677,False,False
2be0c9f6-caf7-4f26-9b59-b1299865a721_mp4-0077_jpg.rf.d9e774746ceecd84835688eccb8151ff.jpg,train,sand,19,0.08957248263888862,0.13225894612846256,False,False
2be0c9f6-caf7-4f26-9b59-b1299865a721_mp4-0077_jpg.rf.d9e774746ceecd84835688eccb8151ff.jpg,train,sand,10,0.0168250868055555,0.16061278244328486,False,False
2be0c9f6-caf7-4f26-9b59-b1299865a721_mp4-0081_jpg.rf.34764242ad00e363e0e551139b76b478.jpg,train,sand,5,0.05279947916666666,0.045332946493840426,True,False
2be0c9f6-caf7-4f26-9b59-b1299865a721_mp4-0081_jpg.rf.34764242ad00e363e0e551139b76b478.jpg,train,sand,17,0.09562717013888888,0.11452941224979084,False,False
2be0c9f6-caf7-4f26-9b59-b1299865a721_mp4-0081_jpg.rf.34764242ad00e363e0e551139b76b478.jpg,train,sand,25,0.16388237847222342,0.1286567694420501,False,False
2be0c9f6-caf7-4f26-9b59-b1299865a721_mp4-0088_jpg.rf.81776000fa90076afa0d84c5a8cfee32.jpg,train,sand,9,0.014993489583333464,0.15312634307367715,False,False
2be0c9f6-caf7-4f26-9b59-b1299865a721_mp4-0088_jpg.rf.81776000fa90076afa0d84c5a8cfee32.jpg,train,sand,14,0.04934189453125015,0.13130428162624938,False,False
2be0c9f6-caf7-4f26-9b59-b1299865a721_mp4-0088_jpg.rf.81776000fa90076afa0d84c5a8cfee32.jpg,train,sand,31,0.15221788194444485,0.1655341561184128,False,False
2be0c9f6-caf7-4f26-9b59-b1299865a721_mp4-0088_jpg.rf.81776000fa90076afa0d84c5a8cfee32.jpg,train,sand,16,0.09391276041666674,0.10877183174289558,False,False
2be0c9f6-caf7-4f26-9b59-b1299865a721_mp4-0089_jpg.rf.3b8fbae1488077da0d432ca045023214.jpg,train,sand,14,0.039264322916666705,0.14719319826934207,False,False
2be0c9f6-caf7-4f26-9b59-b1299865a721_mp4-0089_jpg.rf.3b8fbae1488077da0d432ca045023214.jpg,train,sand,7,0.07530381944444442,0.05314327326007864,True,False
2be0c9f6-caf7-4f26-9b59-b1299865a721_mp4-0089_jpg.rf.3b8fbae1488077da0d432ca045023214.jpg,train,sand,38,0.21927083333333108,0.16906430583983598,False,False
2be0c9f6-caf7-4f26-9b59-b1299865a721_mp4-0090_jpg.rf.1046df6d5d50b20f585b08c13356bb0c.jpg,train,sand,10,0.06597656249999984,0.08110804258154546,False,False
2be0c9f6-caf7-4f26-9b59-b1299865a721_mp4-0090_jpg.rf.1046df6d5d50b20f585b08c13356bb0c.jpg,train,sand,12,0.014598524305555638,0.20691192922252152,False,False
2be0c9f6-caf7-4f26-9b59-b1299865a721_mp4-0090_jpg.rf.1046df6d5d50b20f585b08c13356bb0c.jpg,train,sand,36,0.19033873046874916,0.17190862998023032,False,False
2be0c9f6-caf7-4f26-9b59-b1299865a721_mp4-0090_jpg.rf.1046df6d5d50b20f585b08c13356bb0c.jpg,train,sand,3,0.001239149305555555,0.17754898685165468,False,False
2be0c9f6-caf7-4f26-9b59-b1299865a721_mp4-0090_jpg.rf.1046df6d5d50b20f585b08c13356bb0c.jpg,train,sand,14,0.03591579861111116,0.15390191878020748,False,False
2be0c9f6-caf7-4f26-9b59-b1299865a721_mp4-0090_jpg.rf.1046df6d5d50b20f585b08c13356bb0c.jpg,train,sand,10,0.010885416666667425,0.19968076595771098,False,False
2be0c9f6-caf7-4f26-9b59-b1299865a721_mp4-0096_jpg.rf.d67fa1455743874bbe95d48d9f58596d.jpg,train,sand,11,0.05943576388888894,0.0939999285290071,False,False
2be0c9f6-caf7-4f26-9b59-b1299865a721_mp4-0096_jpg.rf.d67fa1455743874bbe95d48d9f58596d.jpg,train,sand,13,0.014312065972222232,0.22638672153561065,False,False
2be0c9f6-caf7-4f26-9b59-b1299865a721_mp4-0096_jpg.rf.d67fa1455743874bbe95d48d9f58596d.jpg,train,sand,31,0.1891734272656258,0.14848766927462598,False,False
2be0c9f6-caf7-4f26-9b59-b1299865a721_mp4-0096_jpg.rf.d67fa1455743874bbe95d48d9f58596d.jpg,train,sand,9,0.012905815972222179,0.16504734328511658,False,False
2be0c9f6-caf7-4f26-9b59-b1299865a721_mp4-0096_jpg.rf.d67fa1455743874bbe95d48d9f58596d.jpg,train,sand,18,0.02746961805555559,0.22625852795549267,False,False
2be0c9f6-caf7-4f26-9b59-b1299865a721_mp4-0106_jpg.rf.fc54222f09aa4c61654b1d8bef0efa74.jpg,train,sand,21,0.06118489583333342,0.1768707204590196,False,False
2be0c9f6-caf7-4f26-9b59-b1299865a721_mp4-0106_jpg.rf.fc54222f09aa4c61654b1d8bef0efa74.jpg,train,sand,29,0.20453993055555486,0.1335880801417736,False,False
2be0c9f6-caf7-4f26-9b59-b1299865a721_mp4-0106_jpg.rf.fc54222f09aa4c61654b1d8bef0efa74.jpg,train,sand,10,0.012536892361111107,0.1860646258858962,False,False
2be0c9f6-caf7-4f26-9b59-b1299865a721_mp4-0106_jpg.rf.fc54222f09aa4c61654b1d8bef0efa74.jpg,train,sand,7,0.011002604166666874,0.13903017140231622,False,False
2be0c9f6-caf7-4f26-9b59-b1299865a721_mp4-0110_jpg.rf.752f537da012d130cdb0b3cad0435141.jpg,train,sand,12,0.06325930989583328,0.09939803153114256,False,False
2be0c9f6-caf7-4f26-9b59-b1299865a721_mp4-0110_jpg.rf.752f537da012d130cdb0b3cad0435141.jpg,train,sand,34,0.1555078124999998,0.17962284613507845,False,False
2be0c9f6-caf7-4f26-9b59-b1299865a721_mp4-0110_jpg.rf.752f537da012d130cdb0b3cad0435141.jpg,train,sand,22,0.08821397569444422,0.15431663536828677,False,False
2be0c9f6-caf7-4f26-9b59-b1299865a721_mp4-0110_jpg.rf.752f537da012d130cdb0b3cad0435141.jpg,train,sand,8,0.014917534722221681,0.13645838307454286,False,False
2be0c9f6-caf7-4f26-9b59-b1299865a721_mp4-0112_jpg.rf.9edc2f9161fdcf95108b9b44dfab8536.jpg,train,sand,18,0.06316623263888888,0.14920685624941268,False,False
2be0c9f6-caf7-4f26-9b59-b1299865a721_mp4-0112_jpg.rf.9edc2f9161fdcf95108b9b44dfab8536.jpg,train,sand,38,0.2096137152777775,0.17291493725360094,False,False
2be0c9f6-caf7-4f26-9b59-b1299865a721_mp4-0112_jpg.rf.9edc2f9161fdcf95108b9b44dfab8536.jpg,train,sand,6,0.012016059027777803,0.11403258946932662,False,False
2be0c9f6-caf7-4f26-9b59-b1299865a721_mp4-0114_jpg.rf.244c780e6a2be4d04cc501bee71ca01c.jpg,train,sand,13,0.06280598958333328,0.10806911215339933,False,False
2be0c9f6-caf7-4f26-9b59-b1299865a721_mp4-0114_jpg.rf.244c780e6a2be4d04cc501bee71ca01c.jpg,train,sand,42,0.20825086805555593,0.19174084759231175,False,False
2be0c9f6-caf7-4f26-9b59-b1299865a721_mp4-0114_jpg.rf.244c780e6a2be4d04cc501bee71ca01c.jpg,train,sand,6,0.010711805555555731,0.1207754523342702,False,False
2be0c9f6-caf7-4f26-9b59-b1299865a721_mp4-0115_jpg.rf.9a70015509a827e7edfa089132bf0021.jpg,train,sand,22,0.06316189236111125,0.1823702010336315,False,False
2be0c9f6-caf7-4f26-9b59-b1299865a721_mp4-0115_jpg.rf.9a70015509a827e7edfa089132bf0021.jpg,train,sand,40,0.2014670138888892,0.1856593301608645,False,False
2be0c9f6-caf7-4f26-9b59-b1299865a721_mp4-0115_jpg.rf.9a70015509a827e7edfa089132bf0021.jpg,train,sand,12,0.005596788194444424,0.33417239620272365,False,False
2be0c9f6-caf7-4f26-9b59-b1299865a721_mp4-0115_jpg.rf.9a70015509a827e7edfa089132bf0021.jpg,train,sand,6,0.01039713541666698,0.12258946868894262,False,False
2be0c9f6-caf7-4f26-9b59-b1299865a721_mp4-0122_jpg.rf.cd47826807820092f0ab3211e8511009.jpg,train,sand,20,0.06906901041666647,0.15854302542285964,False,False
2be0c9f6-caf7-4f26-9b59-b1299865a721_mp4-0122_jpg.rf.cd47826807820092f0ab3211e8511009.jpg,train,sand,43,0.18439236111111157,0.20861991085818637,False,False
2be0c9f6-caf7-4f26-9b59-b1299865a721_mp4-0122_jpg.rf.cd47826807820092f0ab3211e8511009.jpg,train,sand,16,0.05084418402777802,0.14782847757401635,False,False
2be0c9f6-caf7-4f26-9b59-b1299865a721_mp4-0122_jpg.rf.cd47826807820092f0ab3211e8511009.jpg,train,sand,7,0.01341145833333357,0.12592698351820092,False,False
2be0c9f6-caf7-4f26-9b59-b1299865a721_mp4-0122_jpg.rf.cd47826807820092f0ab3211e8511009.jpg,train,sand,3,0.002217881944444444,0.13271218656114264,False,False
2be0c9f6-caf7-4f26-9b59-b1299865a721_mp4-0125_jpg.rf.8268885026f94202c84f7d7c11ff5d18.jpg,train,sand,16,0.06512369791666672,0.1306198614384734,False,False
2be0c9f6-caf7-4f26-9b59-b1299865a721_mp4-0125_jpg.rf.8268885026f94202c84f7d7c11ff5d18.jpg,train,sand,29,0.20346788194444443,0.13393954781986242,False,False
2be0c9f6-caf7-4f26-9b59-b1299865a721_mp4-0125_jpg.rf.8268885026f94202c84f7d7c11ff5d18.jpg,train,sand,9,0.012456597222222143,0.16799701341297593,False,False
2be0c9f6-caf7-4f26-9b59-b1299865a721_mp4-0134_jpg.rf.b5bf10d6c202bfa00fcafad657f4b067.jpg,train,sand,14,0.0662239583333335,0.11333896187051909,False,False
2be0c9f6-caf7-4f26-9b59-b1299865a721_mp4-0134_jpg.rf.b5bf10d6c202bfa00fcafad657f4b067.jpg,train,sand,35,0.1972591145833329,0.16417546962558693,False,False
2be0c9f6-caf7-4f26-9b59-b1299865a721_mp4-0134_jpg.rf.b5bf10d6c202bfa00fcafad657f4b067.jpg,train,sand,7,0.01209201388888892,0.13261952985323247,False,False
2be0c9f6-caf7-4f26-9b59-b1299865a721_mp4-0136_jpg.rf.fd3cd7025cec390f1503954f3aeccfb6.jpg,train,sand,13,0.05279296874999995,0.11787292824292687,False,False
2be0c9f6-caf7-4f26-9b59-b1299865a721_mp4-0136_jpg.rf.fd3cd7025cec390f1503954f3aeccfb6.jpg,train,sand,17,0.02224392361111094,0.2374663005616575,False,False
2be0c9f6-caf7-4f26-9b59-b1299865a721_mp4-0136_jpg.rf.fd3cd7025cec390f1503954f3aeccfb6.jpg,train,sand,31,0.192341579861111,0.14725968494369635,False,False
2be0c9f6-caf7-4f26-9b59-b1299865a721_mp4-0136_jpg.rf.fd3cd7025cec390f1503954f3aeccfb6.jpg,train,sand,8,0.010839843749999911,0.16008006005004444,False,False
2be0c9f6-caf7-4f26-9b59-b1299865a721_mp4-0136_jpg.rf.fd3cd7025cec390f1503954f3aeccfb6.jpg,train,sand,12,0.018576388888889017,0.18342535215472228,False,False
2be0c9f6-caf7-4f26-9b59-b1299865a721_mp4-0146_jpg.rf.ecfe1d7b543059c860a801a9091f30a7.jpg,train,sand,23,0.0624045138888889,0.1918132466813702,False,False
2be0c9f6-caf7-4f26-9b59-b1299865a721_mp4-0146_jpg.rf.ecfe1d7b543059c860a801a9091f30a7.jpg,train,sand,37,0.21422807230034557,0.1665414328245824,False,False
2be0c9f6-caf7-4f26-9b59-b1299865a721_mp4-0146_jpg.rf.ecfe1d7b543059c860a801a9091f30a7.jpg,train,sand,7,0.011927083333333588,0.13353332890038883,False,False
2be0c9f6-caf7-4f26-9b59-b1299865a721_mp4-0151_jpg.rf.1ce93f52c31210250167d1ff95e61225.jpg,train,sand,13,0.06775824652777773,0.1040449571343215,False,False
2be0c9f6-caf7-4f26-9b59-b1299865a721_mp4-0151_jpg.rf.1ce93f52c31210250167d1ff95e61225.jpg,train,sand,30,0.20659288194444336,0.1375062189548745,False,False
2be0c9f6-caf7-4f26-9b59-b1299865a721_mp4-0151_jpg.rf.1ce93f52c31210250167d1ff95e61225.jpg,train,sand,8,0.012775607638889408,0.147454478296507,False,False
2be0c9f6-caf7-4f26-9b59-b1299865a721_mp4-0158_jpg.rf.d938238d2f26027798448f115da3cada.jpg,train,sand,17,0.06488715277777768,0.1390363394186203,False,False
2be0c9f6-caf7-4f26-9b59-b1299865a721_mp4-0158_jpg.rf.d938238d2f26027798448f115da3cada.jpg,train,sand,30,0.20664930555555472,0.13748744529609586,False,False
2be0c9f6-caf7-4f26-9b59-b1299865a721_mp4-0158_jpg.rf.d938238d2f26027798448f115da3cada.jpg,train,sand,6,0.004309895833333188,0.19040424479261625,False,False
2be0c9f6-caf7-4f26-9b59-b1299865a721_mp4-0158_jpg.rf.d938238d2f26027798448f115da3cada.jpg,train,sand,6,0.012248263888888777,0.11294649172467883,False,False
2be0c9f6-caf7-4f26-9b59-b1299865a721_mp4-0160_jpg.rf.3c4d29a2c896f7463b3c9e7edb6973ad.jpg,train,sand,16,0.06482421874999966,0.1309212368517022,False,False
2be0c9f6-caf7-4f26-9b59-b1299865a721_mp4-0160_jpg.rf.3c4d29a2c896f7463b3c9e7edb6973ad.jpg,train,sand,33,0.2037369791666679,0.15231328023467616,False,False
2be0c9f6-caf7-4f26-9b59-b1299865a721_mp4-0160_jpg.rf.3c4d29a2c896f7463b3c9e7edb6973ad.jpg,train,sand,8,0.012868923611110805,0.14691888987588148,False,False
2be0c9f6-caf7-4f26-9b59-b1299865a721_mp4-0163_jpg.rf.5ace51d288b978ea59e6993a2e128b0f.jpg,train,sand,15,0.0659809027777778,0.12165806229145051,False,False
2be0c9f6-caf7-4f26-9b59-b1299865a721_mp4-0163_jpg.rf.5ace51d288b978ea59e6993a2e128b0f.jpg,train,sand,30,0.2043424479166669,0.13826132721358145,False,False
2be0c9f6-caf7-4f26-9b59-b1299865a721_mp4-0163_jpg.rf.5ace51d288b978ea59e6993a2e128b0f.jpg,train,sand,7,0.012384982638888875,0.1310415741856777,False,False
2be0c9f6-caf7-4f26-9b59-b1299865a721_mp4-0165_jpg.rf.fab9c24be3d44c483f8c920ec1a7e7a7.jpg,train,sand,15,0.06732855902777812,0.12043434688555474,False,False
2be0c9f6-caf7-4f26-9b59-b1299865a721_mp4-0165_jpg.rf.fab9c24be3d44c483f8c920ec1a7e7a7.jpg,train,sand,29,0.19907335069444354,0.1354098314053132,False,False
2be0c9f6-caf7-4f26-9b59-b1299865a721_mp4-0165_jpg.rf.fab9c24be3d44c483f8c920ec1a7e7a7.jpg,train,sand,9,0.010733506944444748,0.18097994473498685,False,False
4a7f29af-8d1c-4a3b-90e6-b9cf771fd1c2_mp4-0017_jpg.rf.6949525a7b94d4850eef9dfb4f1139e9.jpg,train,sand,27,0.08566840277777832,0.1281211808581891,False,False
4a7f29af-8d1c-4a3b-90e6-b9cf771fd1c2_mp4-0017_jpg.rf.6949525a7b94d4850eef9dfb4f1139e9.jpg,train,gravel,38,0.2454185956790127,0.10653624042860259,False,False
4a7f29af-8d1c-4a3b-90e6-b9cf771fd1c2_mp4-0017_jpg.rf.6949525a7b94d4850eef9dfb4f1139e9.jpg,train,sand,18,0.002480709876542697,0.5019402478798962,False,True
4a7f29af-8d1c-4a3b-90e6-b9cf771fd1c2_mp4-0030_jpg.rf.c3f9138f4fcd6613d404bd66ca7e0d87.jpg,train,sand,10,0.004242862654320945,0.21322494784018775,False,False
4a7f29af-8d1c-4a3b-90e6-b9cf771fd1c2_mp4-0030_jpg.rf.c3f9138f4fcd6613d404bd66ca7e0d87.jpg,train,sand,23,0.08491415895061749,0.10962390879244503,False,False
4a7f29af-8d1c-4a3b-90e6-b9cf771fd1c2_mp4-0030_jpg.rf.c3f9138f4fcd6613d404bd66ca7e0d87.jpg,train,gravel,27,0.3000154320987658,0.0684635588167879,True,False
4a7f29af-8d1c-4a3b-90e6-b9cf771fd1c2_mp4-0043_jpg.rf.9621e3b8ceeda3b631a2553475cb2f78.jpg,train,sand,28,0.06775366512345649,0.1494029381158001,False,False
4a7f29af-8d1c-4a3b-90e6-b9cf771fd1c2_mp4-0043_jpg.rf.9621e3b8ceeda3b631a2553475cb2f78.jpg,train,gravel,48,0.31921199845679027,0.11799650322748802,False,False
4a7f29af-8d1c-4a3b-90e6-b9cf771fd1c2_mp4-0043_jpg.rf.9621e3b8ceeda3b631a2553475cb2f78.jpg,train,gravel,12,0.005067515432098713,0.2341268433115718,False,False
5d81688a-7f52-42a4-b81d-822c2d2319a3_mp4-0009_jpg.rf.47d742eeb6c80beb5bb82b8c89e47d37.jpg,train,gravel,8,0.001769868827160348,0.264111280320202,False,False
5d81688a-7f52-42a4-b81d-822c2d2319a3_mp4-0009_jpg.rf.47d742eeb6c80beb5bb82b8c89e47d37.jpg,train,gravel,56,0.10473283179012505,0.24033338726231376,False,False
5d81688a-7f52-42a4-b81d-822c2d2319a3_mp4-0009_jpg.rf.47d742eeb6c80beb5bb82b8c89e47d37.jpg,train,gravel,16,0.01192515432098773,0.203495815064155,False,False
5d81688a-7f52-42a4-b81d-822c2d2319a3_mp4-0018_jpg.rf.c159b8ba08b53f2b733af84175c1d648.jpg,train,gravel,39,0.10482060185185205,0.1673049483117174,False,False
5d81688a-7f52-42a4-b81d-822c2d2319a3_mp4-0018_jpg.rf.c159b8ba08b53f2b733af84175c1d648.jpg,train,gravel,18,0.01297164351851876,0.21950403405883187,False,False
6459c886-45a3-4065-82bc-2ed15b2875b0_mp4-0002_jpg.rf.435cf0b1dd1928b9ba51959824cfca59.jpg,valid,sand,13,0.12016059027777781,0.07813058721216751,False,False
6459c886-45a3-4065-82bc-2ed15b2875b0_mp4-0002_jpg.rf.435cf0b1dd1928b9ba51959824cfca59.jpg,valid,sand,30,0.1349435763888902,0.1701390131036139,False,False
6459c886-45a3-4065-82bc-2ed15b2875b0_mp4-0002_jpg.rf.435cf0b1dd1928b9ba51959824cfca59.jpg,valid,sand,6,0.002176649305555556,0.2679265684134639,False,False
6459c886-45a3-4065-82bc-2ed15b2875b0_mp4-0002_jpg.rf.435cf0b1dd1928b9ba51959824cfca59.jpg,valid,sand,9,0.005833333333333357,0.2454951265154909,False,False
6459c886-45a3-4065-82bc-2ed15b2875b0_mp4-0024_jpg.rf.96798868e9186f3e6443b13c8b7efafb.jpg,valid,sand,26,0.1220768229166671,0.15502991236410904,False,False
6459c886-45a3-4065-82bc-2ed15b2875b0_mp4-0024_jpg.rf.96798868e9186f3e6443b13c8b7efafb.jpg,valid,sand,10,0.028552517361111196,0.12329247207469536,False,False
6459c886-45a3-4065-82bc-2ed15b2875b0_mp4-0024_jpg.rf.96798868e9186f3e6443b13c8b7efafb.jpg,valid,sand,13,0.008328993055555567,0.2967603433866841,False,False
6459c886-45a3-4065-82bc-2ed15b2875b0_mp4-0024_jpg.rf.96798868e9186f3e6443b13c8b7efafb.jpg,valid,sand,7,0.004246961805555727,0.22377812209977957,False,False
6459c886-45a3-4065-82bc-2ed15b2875b0_mp4-0024_jpg.rf.96798868e9186f3e6443b13c8b7efafb.jpg,valid,sand,4,0.005818142361111223,0.10925129213888927,False,False
6459c886-45a3-4065-82bc-2ed15b2875b0_mp4-0030_jpg.rf.e7bb3997e03c0f831ba6549ad8066548.jpg,valid,sand,10,0.027330729166667123,0.12601816556767068,False,False
6459c886-45a3-4065-82bc-2ed15b2875b0_mp4-0030_jpg.rf.e7bb3997e03c0f831ba6549ad8066548.jpg,valid,sand,15,0.012152777777777679,0.2834733547569216,False,False
6459c886-45a3-4065-82bc-2ed15b2875b0_mp4-0030_jpg.rf.e7bb3997e03c0f831ba6549ad8066548.jpg,valid,sand,25,0.14169704861111043,0.1383624899969634,False,False
6459c886-45a3-4065-82bc-2ed15b2875b0_mp4-0030_jpg.rf.e7bb3997e03c0f831ba6549ad8066548.jpg,valid,sand,10,0.004086371527777466,0.32590411030412836,False,False
6459c886-45a3-4065-82bc-2ed15b2875b0_mp4-0040_jpg.rf.6b3282dcdcba330788ee0e064ccacd45.jpg,valid,sand,24,0.13747395833333442,0.1348527432434927,False,False
6459c886-45a3-4065-82bc-2ed15b2875b0_mp4-0040_jpg.rf.6b3282dcdcba330788ee0e064ccacd45.jpg,valid,sand,26,0.07712890624999957,0.19503992632154724,False,False
6459c886-45a3-4065-82bc-2ed15b2875b0_mp4-0040_jpg.rf.6b3282dcdcba330788ee0e064ccacd45.jpg,valid,sand,5,0.005078124999999822,0.1461763365511741,False,False
6f40fbbd-891e-434b-a1ec-365668a5ae66_mp4-0015_jpg.rf.590e6edff3a6cf4e53be3c8781dcfeff.jpg,train,gravel,59,0.17356577932098816,0.1966923476218888,False,False
6f40fbbd-891e-434b-a1ec-365668a5ae66_mp4-0015_jpg.rf.590e6edff3a6cf4e53be3c8781dcfeff.jpg,train,gravel,21,0.014132908950617695,0.24534150088722737,False,False
6f40fbbd-891e-434b-a1ec-365668a5ae66_mp4-0022_jpg.rf.8bbe778b2bb78a372fc596c90ac46ed3.jpg,train,gravel,72,0.15082175925925867,0.25749452476050116,False,False
6f40fbbd-891e-434b-a1ec-365668a5ae66_mp4-0022_jpg.rf.8bbe778b2bb78a372fc596c90ac46ed3.jpg,train,gravel,26,0.08345679012345686,0.12499999999999994,False,False
6f40fbbd-891e-434b-a1ec-365668a5ae66_mp4-0024_jpg.rf.5ad2fdcd9878fe19c502f3001b9c1d5e.jpg,train,gravel,31,0.047706645447529894,0.19712411546084266,False,False
6f40fbbd-891e-434b-a1ec-365668a5ae66_mp4-0024_jpg.rf.5ad2fdcd9878fe19c502f3001b9c1d5e.jpg,train,gravel,55,0.09974633487654216,0.24186984132329684,False,False
6f40fbbd-891e-434b-a1ec-365668a5ae66_mp4-0024_jpg.rf.5ad2fdcd9878fe19c502f3001b9c1d5e.jpg,train,gravel,8,0.0014853395061728003,0.28829998806258267,False,False
6f40fbbd-891e-434b-a1ec-365668a5ae66_mp4-0024_jpg.rf.5ad2fdcd9878fe19c502f3001b9c1d5e.jpg,train,gravel,30,0.07551022376543237,0.15163026000214158,False,False
6f40fbbd-891e-434b-a1ec-365668a5ae66_mp4-0024_jpg.rf.5ad2fdcd9878fe19c502f3001b9c1d5e.jpg,train,gravel,7,0.0010590277777779988,0.29875271984339274,False,False
6f40fbbd-891e-434b-a1ec-365668a5ae66_mp4-0027_jpg.rf.2b2a41c5299991121dc0386a80919afb.jpg,train,gravel,30,0.042628279320990003,0.20180868702620147,False,False
6f40fbbd-891e-434b-a1ec-365668a5ae66_mp4-0027_jpg.rf.2b2a41c5299991121dc0386a80919afb.jpg,train,gravel,7,0.001443865740740513,0.25585984807518697,False,False
6f40fbbd-891e-434b-a1ec-365668a5ae66_mp4-0027_jpg.rf.2b2a41c5299991121dc0386a80919afb.jpg,train,gravel,41,0.10106095679012306,0.17912642464715156,False,False
6f40fbbd-891e-434b-a1ec-365668a5ae66_mp4-0027_jpg.rf.2b2a41c5299991121dc0386a80919afb.jpg,train,gravel,10,0.0043325617283951345,0.21100615513931764,False,False
6f40fbbd-891e-434b-a1ec-365668a5ae66_mp4-0027_jpg.rf.2b2a41c5299991121dc0386a80919afb.jpg,train,gravel,48,0.0834384645061732,0.23079457133878037,False,False
6f40fbbd-891e-434b-a1ec-365668a5ae66_mp4-0045_jpg.rf.4eee28c81a5adcfc497cfcf4fbf5a63a.jpg,train,gravel,12,0.002799961419753111,0.3149725641317036,False,False
6f40fbbd-891e-434b-a1ec-365668a5ae66_mp4-0045_jpg.rf.4eee28c81a5adcfc497cfcf4fbf5a63a.jpg,train,gravel,56,0.19858989197530974,0.17453276171523366,False,False
6f40fbbd-891e-434b-a1ec-365668a5ae66_mp4-0045_jpg.rf.4eee28c81a5adcfc497cfcf4fbf5a63a.jpg,train,gravel,26,0.06184317129629591,0.145209481792755,False,False
7b6b3d3f-a6f6-4877-8d0f-c12776e0b494-1-_jpg.rf.5d55d29c18ac4987a99d6609d38f044a.jpg,test,gravel,14,0.002997081379445099,0.19982675597370436,False,False
7b6b3d3f-a6f6-4877-8d0f-c12776e0b494-1-_jpg.rf.5d55d29c18ac4987a99d6609d38f044a.jpg,test,gravel,22,0.00499798505275495,0.24316444544622023,False,False
7b6b3d3f-a6f6-4877-8d0f-c12776e0b494-1-_jpg.rf.5d55d29c18ac4987a99d6609d38f044a.jpg,test,gravel,98,0.265842980656501,0.14852116491770181,False,False
7b6b3d3f-a6f6-4877-8d0f-c12776e0b494-1-_jpg.rf.5d55d29c18ac4987a99d6609d38f044a.jpg,test,gravel,11,0.002237812622118973,0.18170032146715717,False,False
8f435cb5-02c7-452a-a971-cef315681c19_mp4-0008_jpg.rf.d226c9226cc047088ea8262e86dad97a.jpg,train,gravel,24,0.08625771604938315,0.11349579413266235,False,False
8f435cb5-02c7-452a-a971-cef315681c19_mp4-0008_jpg.rf.d226c9226cc047088ea8262e86dad97a.jpg,train,gravel,28,0.17405381944444365,0.09321456043828673,False,False
8f435cb5-02c7-452a-a971-cef315681c19_mp4-0009_jpg.rf.ac7886e44ba21347e97826dc8afd6926.jpg,train,gravel,24,0.0885927854938271,0.1119900830950539,False,False
8f435cb5-02c7-452a-a971-cef315681c19_mp4-0009_jpg.rf.ac7886e44ba21347e97826dc8afd6926.jpg,train,gravel,27,0.2011873070987651,0.08360475507366963,False,False
8f435cb5-02c7-452a-a971-cef315681c19_mp4-0022_jpg.rf.2cb46988d97ab9d077e6bf5f9cb25793.jpg,train,gravel,15,0.017074652777778088,0.15943469019386455,False,False
8f435cb5-02c7-452a-a971-cef315681c19_mp4-0022_jpg.rf.2cb46988d97ab9d077e6bf5f9cb25793.jpg,train,gravel,59,0.24285108024691127,0.16628362951469583,False,False
8f435cb5-02c7-452a-a971-cef315681c19_mp4-0022_jpg.rf.2cb46988d97ab9d077e6bf5f9cb25793.jpg,train,gravel,13,0.010558449074074439,0.17571579068902304,False,False
8f435cb5-02c7-452a-a971-cef315681c19_mp4-0022_jpg.rf.2cb46988d97ab9d077e6bf5f9cb25793.jpg,train,gravel,7,0.003252314814814819,0.17047835845021894,False,False
96ecd4fe-5910-4cd4-8a24-11ed20aab3b7_mp4-0010_jpg.rf.e4d5be69a095b078616dd2daf39c8bbe.jpg,valid,gravel,6,0.0059765625000000044,0.16169041669088857,False,False
96ecd4fe-5910-4cd4-8a24-11ed20aab3b7_mp4-0010_jpg.rf.e4d5be69a095b078616dd2daf39c8bbe.jpg,valid,gravel,12,0.041423611111111036,0.12283327485485154,False,False
96ecd4fe-5910-4cd4-8a24-11ed20aab3b7_mp4-0010_jpg.rf.e4d5be69a095b078616dd2daf39c8bbe.jpg,valid,gravel,14,0.04953776041666691,0.13104444447391178,False,False
96ecd4fe-5910-4cd4-8a24-11ed20aab3b7_mp4-0026_jpg.rf.761e2b60f56a3cf52a29a53fd8ac0689.jpg,valid,gravel,7,0.008031684027777763,0.16272470590182353,False,False
96ecd4fe-5910-4cd4-8a24-11ed20aab3b7_mp4-0026_jpg.rf.761e2b60f56a3cf52a29a53fd8ac0689.jpg,valid,gravel,12,0.0556749131944444,0.10595226233718456,False,False
96ecd4fe-5910-4cd4-8a24-11ed20aab3b7_mp4-0026_jpg.rf.761e2b60f56a3cf52a29a53fd8ac0689.jpg,valid,gravel,16,0.051846788194444215,0.14639215917144893,False,False
96ecd4fe-5910-4cd4-8a24-11ed20aab3b7_mp4-0046_jpg.rf.a3c9e7b785ad7468cd87cf286aa74292.jpg,valid,gravel,17,0.07086805555555542,0.1330400579933249,False,False
96ecd4fe-5910-4cd4-8a24-11ed20aab3b7_mp4-0046_jpg.rf.a3c9e7b785ad7468cd87cf286aa74292.jpg,valid,gravel,27,0.08763237847222172,0.1900160243177827,False,False
96ecd4fe-5910-4cd4-8a24-11ed20aab3b7_mp4-0064_jpg.rf.a5d0141481a4083e1095cdea8ad5db15.jpg,valid,gravel,26,0.07772352430555607,0.19429242465801796,False,False
96ecd4fe-5910-4cd4-8a24-11ed20aab3b7_mp4-0064_jpg.rf.a5d0141481a4083e1095cdea8ad5db15.jpg,valid,gravel,13,0.006577690972222161,0.333937646423865,False,False
96ecd4fe-5910-4cd4-8a24-11ed20aab3b7_mp4-0066_jpg.rf.03933fe2ff252843c43683c4f72668d2.jpg,valid,gravel,35,0.08154730902777807,0.2553418436424477,False,False
96ecd4fe-5910-4cd4-8a24-11ed20aab3b7_mp4-0066_jpg.rf.03933fe2ff252843c43683c4f72668d2.jpg,valid,gravel,9,0.006089409722222161,0.24027781497213574,False,False
b029e315-2e53-4152-a536-1adea99e32f7_mp4-0017_jpg.rf.426a6e272e9a39de1539106fa24e8bfe.jpg,valid,gravel,13,0.00408275462962937,0.2825753120721654,False,False
b029e315-2e53-4152-a536-1adea99e32f7_mp4-0017_jpg.rf.426a6e272e9a39de1539106fa24e8bfe.jpg,valid,gravel,11,0.0042573302469135765,0.23414857473857698,False,False
b029e315-2e53-4152-a536-1adea99e32f7_mp4-0017_jpg.rf.426a6e272e9a39de1539106fa24e8bfe.jpg,valid,gravel,19,0.005036651234567979,0.3718349131057545,False,False
b029e315-2e53-4152-a536-1adea99e32f7_mp4-0017_jpg.rf.426a6e272e9a39de1539106fa24e8bfe.jpg,valid,gravel,47,0.2549334490740751,0.12928613446394496,False,False
b029e315-2e53-4152-a536-1adea99e32f7_mp4-0017_jpg.rf.426a6e272e9a39de1539106fa24e8bfe.jpg,valid,gravel,8,0.002282021604938178,0.2325935218518369,False,False
b029e315-2e53-4152-a536-1adea99e32f7_mp4-0017_jpg.rf.426a6e272e9a39de1539106fa24e8bfe.jpg,valid,gravel,17,0.0064814814814815325,0.2932778627204994,False,False
b029e315-2e53-4152-a536-1adea99e32f7_mp4-0025_jpg.rf.399b435ad9eb1fea10c4ad17c82ae574.jpg,valid,gravel,9,0.004285300925925939,0.19094986279461634,False,False
b029e315-2e53-4152-a536-1adea99e32f7_mp4-0025_jpg.rf.399b435ad9eb1fea10c4ad17c82ae574.jpg,valid,gravel,11,0.00521412037037039,0.21157758823102518,False,False
b029e315-2e53-4152-a536-1adea99e32f7_mp4-0025_jpg.rf.399b435ad9eb1fea10c4ad17c82ae574.jpg,valid,gravel,39,0.26213445216049536,0.10579619751163216,False,False
b029e315-2e53-4152-a536-1adea99e32f7_mp4-0025_jpg.rf.399b435ad9eb1fea10c4ad17c82ae574.jpg,valid,gravel,13,0.004183063271605114,0.2791667168538114,False,False
b029e315-2e53-4152-a536-1adea99e32f7_mp4-0029_jpg.rf.df8a3f4237d217028d95a24098bcaabe.jpg,valid,gravel,12,0.0042997685185184875,0.2541711253644774,False,False
b029e315-2e53-4152-a536-1adea99e32f7_mp4-0029_jpg.rf.df8a3f4237d217028d95a24098bcaabe.jpg,valid,gravel,12,0.005165895061728376,0.23188676384649384,False,False
b029e315-2e53-4152-a536-1adea99e32f7_mp4-0029_jpg.rf.df8a3f4237d217028d95a24098bcaabe.jpg,valid,gravel,56,0.27557677469135733,0.14816111037552973,False,False
bbf45eda-4ffb-4bf1-9b29-a4e91475c8ec_mp4-0008_jpg.rf.53bdc856a3f67e83bc4a57f80518740a.jpg,test,sand,6,0.0036967713155863224,0.17132371145051145,False,False
bbf45eda-4ffb-4bf1-9b29-a4e91475c8ec_mp4-0008_jpg.rf.53bdc856a3f67e83bc4a57f80518740a.jpg,test,sand,19,0.09879557291666663,0.10494515069473831,False,False
bbf45eda-4ffb-4bf1-9b29-a4e91475c8ec_mp4-0008_jpg.rf.53bdc856a3f67e83bc4a57f80518740a.jpg,test,sand,26,0.19445198417004228,0.10236339351816527,False,False
bbf45eda-4ffb-4bf1-9b29-a4e91475c8ec_mp4-0013_jpg.rf.5c5e11459e1468845370aa533cbd4ba5.jpg,test,sand,21,0.1308880087770059,0.10077362494744907,False,False
bbf45eda-4ffb-4bf1-9b29-a4e91475c8ec_mp4-0013_jpg.rf.5c5e11459e1468845370aa533cbd4ba5.jpg,test,sand,31,0.17328559027777857,0.1292879309712647,False,False
bbf45eda-4ffb-4bf1-9b29-a4e91475c8ec_mp4-0029_jpg.rf.dcfeb175e9f04fe54ad697cead910f41.jpg,test,sand,36,0.03816279658564814,0.31993365027105414,False,False
bbf45eda-4ffb-4bf1-9b29-a4e91475c8ec_mp4-0029_jpg.rf.dcfeb175e9f04fe54ad697cead910f41.jpg,test,sand,6,0.0012629002700617342,0.29311918124761827,False,False
bbf45eda-4ffb-4bf1-9b29-a4e91475c8ec_mp4-0029_jpg.rf.dcfeb175e9f04fe54ad697cead910f41.jpg,test,sand,10,0.009584780092592116,0.17733172553298157,False,False
bbf45eda-4ffb-4bf1-9b29-a4e91475c8ec_mp4-0029_jpg.rf.dcfeb175e9f04fe54ad697cead910f41.jpg,test,sand,8,0.011789580922067944,0.1279140706071332,False,False
bbf45eda-4ffb-4bf1-9b29-a4e91475c8ec_mp4-0029_jpg.rf.dcfeb175e9f04fe54ad697cead910f41.jpg,test,sand,37,0.016568407600308532,0.49904401970181667,False,True
bbf45eda-4ffb-4bf1-9b29-a4e91475c8ec_mp4-0029_jpg.rf.dcfeb175e9f04fe54ad697cead910f41.jpg,test,sand,11,0.005975417148920137,0.24705069908682695,False,False
bbf45eda-4ffb-4bf1-9b29-a4e91475c8ec_mp4-0029_jpg.rf.dcfeb175e9f04fe54ad697cead910f41.jpg,test,sand,11,0.003987630208332149,0.30242156957556315,False,False
d56fcb3c-0531-4696-8b67-2645d89e4a7f_mp4-0003_jpg.rf.3d4e389858cd08586fd3cba5acabd8fb.jpg,train,gravel,8,0.00347222222222221,0.23570226039551626,False,False
d56fcb3c-0531-4696-8b67-2645d89e4a7f_mp4-0003_jpg.rf.3d4e389858cd08586fd3cba5acabd8fb.jpg,train,gravel,14,0.0644109278549383,0.0957691812568891,False,False
d56fcb3c-0531-4696-8b67-2645d89e4a7f_mp4-0003_jpg.rf.3d4e389858cd08586fd3cba5acabd8fb.jpg,train,gravel,14,0.026468159239968925,0.14939762134202345,False,False
d56fcb3c-0531-4696-8b67-2645d89e4a7f_mp4-0003_jpg.rf.3d4e389858cd08586fd3cba5acabd8fb.jpg,train,gravel,14,0.007315176504629539,0.2841797628587581,False,False
d56fcb3c-0531-4696-8b67-2645d89e4a7f_mp4-0012_jpg.rf.a66691516d64960d358df4ee3f83a9fe.jpg,train,gravel,20,0.02285126109182123,0.22969546776982916,False,False
d56fcb3c-0531-4696-8b67-2645d89e4a7f_mp4-0012_jpg.rf.a66691516d64960d358df4ee3f83a9fe.jpg,train,gravel,13,0.05111279899691357,0.0998288427936559,False,False
d56fcb3c-0531-4696-8b67-2645d89e4a7f_mp4-0012_jpg.rf.a66691516d64960d358df4ee3f83a9fe.jpg,train,gravel,12,0.06521267361111116,0.08158170164480039,False,False
d56fcb3c-0531-4696-8b67-2645d89e4a7f_mp4-0012_jpg.rf.a66691516d64960d358df4ee3f83a9fe.jpg,train,gravel,15,0.011510778356481621,0.24272607314187403,False,False
d56fcb3c-0531-4696-8b67-2645d89e4a7f_mp4-0013_jpg.rf.cbaf6f623f44c1a0b8f0617ad3bb4d9b.jpg,train,gravel,17,0.06536187065972232,0.1154420954702485,False,False
d56fcb3c-0531-4696-8b67-2645d89e4a7f_mp4-0013_jpg.rf.cbaf6f623f44c1a0b8f0617ad3bb4d9b.jpg,train,gravel,14,0.052669572241512475,0.10590724156200867,False,False
d56fcb3c-0531-4696-8b67-2645d89e4a7f_mp4-0013_jpg.rf.cbaf6f623f44c1a0b8f0617ad3bb4d9b.jpg,train,gravel,15,0.010284047067901092,0.25679510902421454,False,False
d56fcb3c-0531-4696-8b67-2645d89e4a7f_mp4-0018_jpg.rf.f8ccb1a69afecde74b5656eacc4b25bc.jpg,train,gravel,19,0.030488944347993208,0.18891216435825312,False,False
d56fcb3c-0531-4696-8b67-2645d89e4a7f_mp4-0018_jpg.rf.f8ccb1a69afecde74b5656eacc4b25bc.jpg,train,gravel,50,0.013494044174384712,0.747268124115205,False,True
d56fcb3c-0531-4696-8b67-2645d89e4a7f_mp4-0018_jpg.rf.f8ccb1a69afecde74b5656eacc4b25bc.jpg,train,gravel,19,0.04960274402006215,0.1481079143906858,False,False
d56fcb3c-0531-4696-8b67-2645d89e4a7f_mp4-0018_jpg.rf.f8ccb1a69afecde74b5656eacc4b25bc.jpg,train,gravel,14,0.06956350067515438,0.0921541372755799,False,False
d56fcb3c-0531-4696-8b67-2645d89e4a7f_mp4-0042_jpg.rf.e5a79791b4d2c4a81466f05a6f0db53b.jpg,train,gravel,25,0.027758186246142458,0.2605085505780219,False,False
d56fcb3c-0531-4696-8b67-2645d89e4a7f_mp4-0042_jpg.rf.e5a79791b4d2c4a81466f05a6f0db53b.jpg,train,gravel,18,0.11885730131172823,0.09064358819096861,False,False
d56fcb3c-0531-4696-8b67-2645d89e4a7f_mp4-0045_jpg.rf.b364a3116c1bcc292d115ebf049b21ee.jpg,train,gravel,22,0.02612756799768512,0.23629291723450108,False,False
d56fcb3c-0531-4696-8b67-2645d89e4a7f_mp4-0045_jpg.rf.b364a3116c1bcc292d115ebf049b21ee.jpg,train,gravel,15,0.12004786361882736,0.07516082833996106,False,False
f9b12ec3-0036-45f7-8cc3-4d2e6f481cdc_mp4-0008_jpg.rf.ec5cc4da02c081ec3a808bf56f105ddf.jpg,test,gravel,22,0.026433256172839537,0.1879381086588695,False,False
f9b12ec3-0036-45f7-8cc3-4d2e6f481cdc_mp4-0008_jpg.rf.ec5cc4da02c081ec3a808bf56f105ddf.jpg,test,gravel,68,0.16339409722222165,0.23364593778743717,False,False
f9b12ec3-0036-45f7-8cc3-4d2e6f481cdc_mp4-0008_jpg.rf.ec5cc4da02c081ec3a808bf56f105ddf.jpg,test,gravel,6,0.007823109567901332,0.09421695139003276,False,False
f9b12ec3-0036-45f7-8cc3-4d2e6f481cdc_mp4-0016_jpg.rf.905b9e88efbe725f506fb3c316f45b3d.jpg,test,gravel,29,0.17874614197530825,0.09526802523892254,False,False
f9b12ec3-0036-45f7-8cc3-4d2e6f481cdc_mp4-0018_jpg.rf.31577d6dd1c9ee030341c6cb6f954b20.jpg,test,gravel,21,0.07410976080246917,0.10713937104240351,False,False
f9b12ec3-0036-45f7-8cc3-4d2e6f481cdc_mp4-0025_jpg.rf.98b9c3c1d0dda7f801534eddfc56d4b5.jpg,test,gravel,52,0.1417833719135828,0.19180423713220593,False,False
f9b12ec3-0036-45f7-8cc3-4d2e6f481cdc_mp4-0025_jpg.rf.98b9c3c1d0dda7f801534eddfc56d4b5.jpg,test,gravel,26,0.10150173611111124,0.11334545658006336,False,False
f9b12ec3-0036-45f7-8cc3-4d2e6f481cdc_mp4-0025_jpg.rf.98b9c3c1d0dda7f801534eddfc56d4b5.jpg,test,gravel,7,0.005015432098765427,0.1372812945967289,False,False
f9b12ec3-0036-45f7-8cc3-4d2e6f481cdc_mp4-0026_jpg.rf.b25b0141f9a43cf4e1d3a39b269466ea.jpg,test,gravel,24,0.10325713734567898,0.10373342202864876,False,False
f9b12ec3-0036-45f7-8cc3-4d2e6f481cdc_mp4-0026_jpg.rf.b25b0141f9a43cf4e1d3a39b269466ea.jpg,test,gravel,69,0.14229166666666515,0.2540544820384536,False,False
f9b12ec3-0036-45f7-8cc3-4d2e6f481cdc_mp4-0026_jpg.rf.b25b0141f9a43cf4e1d3a39b269466ea.jpg,test,gravel,11,0.005665509259259238,0.20297414089646823,False,False
f9b12ec3-0036-45f7-8cc3-4d2e6f481cdc_mp4-0040_jpg.rf.80b981733b24511bda8590cd18dbd47b.jpg,test,gravel,6,0.0077604166666666585,0.09459675396808048,False,False
f9b12ec3-0036-45f7-8cc3-4d2e6f481cdc_mp4-0040_jpg.rf.80b981733b24511bda8590cd18dbd47b.jpg,test,gravel,16,0.16380883487654307,0.054905876081238,True,False
f9b12ec3-0036-45f7-8cc3-4d2e6f481cdc_mp4-0040_jpg.rf.80b981733b24511bda8590cd18dbd47b.jpg,test,gravel,43,0.16395351080246812,0.14749442282301334,False,False
fa45e6fb-4502-41bb-bb80-a4a4149318ad_mp4-0012_jpg.rf.4c63587bc646dd7829dbde80224aeb90.jpg,train,gravel,28,0.0881573712384256,0.16372169498331327,False,False
fa45e6fb-4502-41bb-bb80-a4a4149318ad_mp4-0012_jpg.rf.4c63587bc646dd7829dbde80224aeb90.jpg,train,gravel,19,0.0760603539737652,0.11960571907922021,False,False
fa45e6fb-4502-41bb-bb80-a4a4149318ad_mp4-0012_jpg.rf.4c63587bc646dd7829dbde80224aeb90.jpg,train,gravel,6,0.0072021484375,0.12274328238644312,False,False
fa45e6fb-4502-41bb-bb80-a4a4149318ad_mp4-0024_jpg.rf.c98ebe71205415024f578954de8240ad.jpg,train,gravel,13,0.014220437885802462,0.18926241788382128,False,False
fa45e6fb-4502-41bb-bb80-a4a4149318ad_mp4-0024_jpg.rf.c98ebe71205415024f578954de8240ad.jpg,train,gravel,36,0.08076232156635843,0.2199255162382626,False,False
fa45e6fb-4502-41bb-bb80-a4a4149318ad_mp4-0024_jpg.rf.c98ebe71205415024f578954de8240ad.jpg,train,gravel,21,0.08440031828703698,0.12549452211292497,False,False
fa45e6fb-4502-41bb-bb80-a4a4149318ad_mp4-0034_jpg.rf.da128fad1edce2c29ee650c29d6073f4.jpg,train,gravel,9,0.0346559124228395,0.08393273155737817,False,False
fa45e6fb-4502-41bb-bb80-a4a4149318ad_mp4-0034_jpg.rf.da128fad1edce2c29ee650c29d6073f4.jpg,train,gravel,11,0.07952654803240744,0.06771956128388112,True,False
fa45e6fb-4502-41bb-bb80-a4a4149318ad_mp4-0034_jpg.rf.da128fad1edce2c29ee650c29d6073f4.jpg,train,gravel,39,0.09702856746720556,0.2173663505328163,False,False
fa45e6fb-4502-41bb-bb80-a4a4149318ad_mp4-0035_jpg.rf.a31683fa5bdee0db434beab3d04addff.jpg,train,gravel,7,0.04977454668209877,0.054471821733486726,True,False
fa45e6fb-4502-41bb-bb80-a4a4149318ad_mp4-0035_jpg.rf.a31683fa5bdee0db434beab3d04addff.jpg,train,gravel,14,0.07621859326774727,0.08803899733585725,False,False
fa45e6fb-4502-41bb-bb80-a4a4149318ad_mp4-0035_jpg.rf.a31683fa5bdee0db434beab3d04addff.jpg,train,gravel,28,0.11050528067129584,0.14623254281272693,False,False
