split,image,bright,lap,sat,cast,flag_blur,flag_dark,flag_bright,flag_cast,merged_group,coverage,flag_cov_low,flag_cov_high
train,07451999-bdf8-4862-b869-6db57c35f0c1_mp4-0000_jpg.rf.7765e8724b4515244673af137ac2b4c3.jpg,112.75223572530864,513.7897186855657,74.9459413580247,-21.469488811728382,False,True,False,False,fa45e6fb-4502-41bb-bb80-a4a4149318ad,0.05830536265432107,True,False
train,07451999-bdf8-4862-b869-6db57c35f0c1_mp4-0001_jpg.rf.8a2d6e716c3fe1d5b7ffd1b7c91bd29d.jpg,115.08409336419751,315.9462605824039,74.40496527777778,-21.873987268518533,False,False,False,False,fa45e6fb-4502-41bb-bb80-a4a4149318ad,0.05986111111111114,True,False
train,07451999-bdf8-4862-b869-6db57c35f0c1_mp4-0002_jpg.rf.bfdf9b16ed45a7bd5e5d974692de6e15.jpg,117.09762345679012,319.1112117498137,74.12943287037037,-22.42725501543209,False,False,False,False,fa45e6fb-4502-41bb-bb80-a4a4149318ad,0.0616280864197527,True,False
train,07451999-bdf8-4862-b869-6db57c35f0c1_mp4-0003_jpg.rf.8b8fda99d5b034945b1c50b88d50f31d.jpg,117.62331404320987,351.11493016545154,74.21749035493828,-23.54918402777777,False,False,False,False,fa45e6fb-4502-41bb-bb80-a4a4149318ad,0.06319540895061682,True,False
train,07451999-bdf8-4862-b869-6db57c35f0c1_mp4-0004_jpg.rf.0ae22cf237fe1986a1db706272192f9f.jpg,118.97427662037038,336.4612303401343,73.57996334876543,-25.271423611111103,False,False,False,False,fa45e6fb-4502-41bb-bb80-a4a4149318ad,0.06521701388888923,True,False
train,07451999-bdf8-4862-b869-6db57c35f0c1_mp4-0005_jpg.rf.960c7dfe2b35227f7f2f8923dcb37e2b.jpg,119.3680111882716,354.10351878643326,73.77871334876544,-26.81418981481481,False,False,False,False,fa45e6fb-4502-41bb-bb80-a4a4149318ad,0.06687210648148145,True,False
train,07451999-bdf8-4862-b869-6db57c35f0c1_mp4-0006_jpg.rf.b005ac47c10222b284bbb24f149c4678.jpg,119.67012924382716,360.4644292516712,74.06790316358024,-27.42055169753085,False,False,False,False,fa45e6fb-4502-41bb-bb80-a4a4149318ad,0.06856577932098773,True,False
train,07451999-bdf8-4862-b869-6db57c35f0c1_mp4-0007_jpg.rf.ab711e51f3d71228168fd74e345aa8fe.jpg,120.7482561728395,358.0839134122584,74.11338927469136,-28.438478009259256,False,False,False,False,fa45e6fb-4502-41bb-bb80-a4a4149318ad,0.06885706018518523,True,False
train,07451999-bdf8-4862-b869-6db57c35f0c1_mp4-0008_jpg.rf.bcedb69438f1c28e26eddbd68596dcdc.jpg,118.64569058641976,335.51216011201,76.49565393518519,-30.61460262345679,False,False,False,True,fa45e6fb-4502-41bb-bb80-a4a4149318ad,0.13693287037037072,False,False
train,07451999-bdf8-4862-b869-6db57c35f0c1_mp4-0009_jpg.rf.13654e2b70a616817d6c59eaa22b2f97.jpg,115.21289930555557,250.865753573194,77.45759452160493,-30.390551697530853,False,False,False,True,fa45e6fb-4502-41bb-bb80-a4a4149318ad,0.18898726851851988,False,False
train,07451999-bdf8-4862-b869-6db57c35f0c1_mp4-0010_jpg.rf.7fbc1747096270dc2cb3d9f9b9a88705.jpg,114.57296875,219.80978067123675,77.26427662037037,-29.65504050925925,False,False,False,False,fa45e6fb-4502-41bb-bb80-a4a4149318ad,0.20133005401234239,False,False
train,07451999-bdf8-4862-b869-6db57c35f0c1_mp4-0011_jpg.rf.f15a039cee51c3c498456a7ed2918a56.jpg,115.06098765432098,226.16377993773577,77.62732445987655,-30.060221836419743,False,False,False,True,fa45e6fb-4502-41bb-bb80-a4a4149318ad,0.16977912808641848,False,False
train,07451999-bdf8-4862-b869-6db57c35f0c1_mp4-0012_jpg.rf.eb1100bd06310fe3514c150cd2230f67.jpg,114.94606288580248,265.6629328703369,77.80752507716049,-30.410104166666684,False,False,False,True,fa45e6fb-4502-41bb-bb80-a4a4149318ad,0.1672530864197519,False,False
train,07451999-bdf8-4862-b869-6db57c35f0c1_mp4-0013_jpg.rf.b235c789f8f0eb45d7efdd17894c7f55.jpg,114.00820023148148,277.54792299930455,77.92377893518518,-31.149816743827174,False,True,False,True,fa45e6fb-4502-41bb-bb80-a4a4149318ad,0.17736014660493638,False,False
train,07451999-bdf8-4862-b869-6db57c35f0c1_mp4-0014_jpg.rf.196c0d7568bf9e44229411555abbb189.jpg,113.80999035493826,271.1814194513769,78.24033564814815,-32.109872685185195,False,True,False,True,fa45e6fb-4502-41bb-bb80-a4a4149318ad,0.16283950617284138,False,False
train,07451999-bdf8-4862-b869-6db57c35f0c1_mp4-0015_jpg.rf.5f969eda7aa1b613588237d129affba4.jpg,113.70219714506172,256.0313706323908,78.02285686728395,-32.015304783950626,False,True,False,True,fa45e6fb-4502-41bb-bb80-a4a4149318ad,0.16459523051697467,False,False
train,07451999-bdf8-4862-b869-6db57c35f0c1_mp4-0016_jpg.rf.2f9489051fb4c8398ad143d8a05edcf2.jpg,113.23567708333331,263.93344815269904,78.20771412037037,-32.275923996913576,False,True,False,True,fa45e6fb-4502-41bb-bb80-a4a4149318ad,0.1593238811728379,False,False
train,07451999-bdf8-4862-b869-6db57c35f0c1_mp4-0017_jpg.rf.714181fa7f26e3dae2bb39c2a904145e.jpg,113.2689949845679,231.21053065877857,77.87673611111111,-32.76028163580247,False,True,False,True,fa45e6fb-4502-41bb-bb80-a4a4149318ad,0.15724922839506172,False,False
train,07451999-bdf8-4862-b869-6db57c35f0c1_mp4-0018_jpg.rf.948702e0720750da7ed7e9b3659f8916.jpg,112.77190200617284,267.4061525803182,78.36710069444445,-32.8558487654321,False,True,False,True,fa45e6fb-4502-41bb-bb80-a4a4149318ad,0.1661072530864196,False,False
train,07451999-bdf8-4862-b869-6db57c35f0c1_mp4-0019_jpg.rf.085c4a8e37087435613ad095904d8b6b.jpg,112.09352816358025,259.3465647192535,77.926875,-32.637602237654335,False,True,False,True,fa45e6fb-4502-41bb-bb80-a4a4149318ad,0.18472704475308654,False,False
train,07451999-bdf8-4862-b869-6db57c35f0c1_mp4-0020_jpg.rf.fd89f651268756c3543baf230e9e1e3d.jpg,111.46866705246912,250.37487230472615,77.90201774691359,-32.53215084876541,False,True,False,True,fa45e6fb-4502-41bb-bb80-a4a4149318ad,0.18559220679012256,False,False
train,07451999-bdf8-4862-b869-6db57c35f0c1_mp4-0021_jpg.rf.2ce6aafc12451e8ad4f2670fe8c2209c.jpg,111.64554398148148,245.41818821980365,77.05110725308641,-32.2319926697531,False,True,False,True,fa45e6fb-4502-41bb-bb80-a4a4149318ad,0.18946952160493846,False,False
train,07451999-bdf8-4862-b869-6db57c35f0c1_mp4-0022_jpg.rf.c5e57e551abb7034383a59fd841a22f3.jpg,111.47499614197532,240.1543261557664,76.97399112654321,-32.140607638888895,False,True,False,True,fa45e6fb-4502-41bb-bb80-a4a4149318ad,0.19290702160493844,False,False
train,07451999-bdf8-4862-b869-6db57c35f0c1_mp4-0023_jpg.rf.0cfc8f16767f7a04d2aa49fa4478d315.jpg,111.28010802469136,272.0936992181212,76.52354359567902,-31.76761381172841,False,True,False,True,fa45e6fb-4502-41bb-bb80-a4a4149318ad,0.15700713734567806,False,False
train,07451999-bdf8-4862-b869-6db57c35f0c1_mp4-0024_jpg.rf.fa04109f0af356c4b1fdf554a59ef3e4.jpg,110.88388695987656,233.8066681527169,76.18767361111111,-31.621261574074083,False,True,False,True,fa45e6fb-4502-41bb-bb80-a4a4149318ad,0.2041606042341813,False,False
train,07451999-bdf8-4862-b869-6db57c35f0c1_mp4-0025_jpg.rf.907f582bfa5d9fa8e17a275f3514b092.jpg,110.57634645061728,212.37407105479764,76.28686149691357,-31.437785493827164,False,True,False,True,fa45e6fb-4502-41bb-bb80-a4a4149318ad,0.09643084490740694,False,False
train,07451999-bdf8-4862-b869-6db57c35f0c1_mp4-0026_jpg.rf.6d84dc3b7b04d024c479cdee4fab093e.jpg,109.99797067901234,195.79903935185183,76.44980709876543,-31.353917824074077,False,True,False,True,fa45e6fb-4502-41bb-bb80-a4a4149318ad,0.17259066358024677,False,False
train,07451999-bdf8-4862-b869-6db57c35f0c1_mp4-0027_jpg.rf.99e5750e5776ffc079ec54db15e7280a.jpg,109.5055401234568,207.79185529905348,77.22691358024692,-31.280378086419745,False,True,False,True,fa45e6fb-4502-41bb-bb80-a4a4149318ad,0.11248746141975285,False,False
train,07451999-bdf8-4862-b869-6db57c35f0c1_mp4-0028_jpg.rf.6cc5baf3c10e9c1c2235bcd6b33c72c2.jpg,109.6304764660494,156.59824654116997,76.47746141975308,-31.451886574074067,True,True,False,True,fa45e6fb-4502-41bb-bb80-a4a4149318ad,0.14295717592592627,False,False
train,07451999-bdf8-4862-b869-6db57c35f0c1_mp4-0029_jpg.rf.1d51b722402fc2ea5036e33379842dec.jpg,109.0777835648148,151.07509491916232,76.20679976851852,-30.97632330246914,True,True,False,True,fa45e6fb-4502-41bb-bb80-a4a4149318ad,0.23177469135802342,False,False
train,07451999-bdf8-4862-b869-6db57c35f0c1_mp4-0030_jpg.rf.179e5ba48ab4e8c083fa748d047be68c.jpg,109.76070601851852,137.48857435520603,75.8747087191358,-30.649070216049395,True,True,False,True,fa45e6fb-4502-41bb-bb80-a4a4149318ad,0.20820023148148148,False,False
train,07451999-bdf8-4862-b869-6db57c35f0c1_mp4-0031_jpg.rf.8a82813520c94a229808c96f13dff77c.jpg,109.92724729938271,104.70007644598526,75.45005401234567,-30.100424382716056,True,True,False,True,fa45e6fb-4502-41bb-bb80-a4a4149318ad,0.17322241512345682,False,False
train,07451999-bdf8-4862-b869-6db57c35f0c1_mp4-0032_jpg.rf.5da2ec40c98683759dbe4c648e68fc6e.jpg,107.91019290123457,105.12649436966174,74.55535300925926,-28.750962577160493,True,True,False,False,fa45e6fb-4502-41bb-bb80-a4a4149318ad,0.18182195216049335,False,False
train,07451999-bdf8-4862-b869-6db57c35f0c1_mp4-0033_jpg.rf.c0d23a60297d6770d3c9257144ab15f5.jpg,109.32287037037035,114.82392950736582,71.23669367283951,-27.29597608024692,True,True,False,False,fa45e6fb-4502-41bb-bb80-a4a4149318ad,0.1112085262345684,False,False
train,07451999-bdf8-4862-b869-6db57c35f0c1_mp4-0034_jpg.rf.f7221de48d6da41e6a706e90d3a8805a.jpg,109.71723958333334,132.3291199684779,71.43594907407407,-27.128896604938262,True,True,False,False,fa45e6fb-4502-41bb-bb80-a4a4149318ad,0.09661361882716038,False,False
train,07451999-bdf8-4862-b869-6db57c35f0c1_mp4-0035_jpg.rf.976393577ccf00eceeeedd45229d78ea.jpg,108.96243441358024,145.8035625129457,71.85458333333334,-26.94954089506173,True,True,False,False,fa45e6fb-4502-41bb-bb80-a4a4149318ad,0.17033950617283966,False,False
train,07451999-bdf8-4862-b869-6db57c35f0c1_mp4-0036_jpg.rf.8a6ba202db78127502121820de8b0f3c.jpg,108.74988425925926,158.89041905554603,71.13598958333333,-26.652380401234566,True,True,False,False,fa45e6fb-4502-41bb-bb80-a4a4149318ad,0.14725694444444493,False,False
train,07451999-bdf8-4862-b869-6db57c35f0c1_mp4-0037_jpg.rf.f4ad26051dfa1ac1c9e9bb1b5cfc8341.jpg,108.29891975308642,174.93644441580696,70.86052662037036,-26.563748070987643,True,True,False,False,fa45e6fb-4502-41bb-bb80-a4a4149318ad,0.09202057098765404,False,False
train,0f964fdb-9fc1-4941-9c12-15445855221a-1-_mp4-0000_jpg.rf.1e2cc30a16afb0a5c0150a0b95c82646.jpg,176.10060703607252,708.0489251545663,32.880467544367285,-0.7277771749614317,False,False,False,False,5d81688a-7f52-42a4-b81d-822c2d2319a3,0.0178946035879628,True,False
train,0f964fdb-9fc1-4941-9c12-15445855221a-1-_mp4-0001_jpg.rf.de5ab1df497faceb447f20c65e2743c2.jpg,176.6588993778935,665.6905856309023,32.70799274209105,-0.5861484857253174,False,False,False,False,5d81688a-7f52-42a4-b81d-822c2d2319a3,0.0171275197723757,True,False
train,0f964fdb-9fc1-4941-9c12-15445855221a-1-_mp4-0002_jpg.rf.14b2a426fc06ed32b5cbf2ad57779660.jpg,176.60428722993828,755.5803999245902,32.67036795910494,-0.4845618730709873,False,False,False,False,5d81688a-7f52-42a4-b81d-822c2d2319a3,0.03860285252700657,True,False
train,0f964fdb-9fc1-4941-9c12-15445855221a-1-_mp4-0003_jpg.rf.ad635109764d0d65f47438e65b37f786.jpg,177.09733072916666,551.5063488874706,31.83060257523148,-0.8979703173225175,False,False,False,False,5d81688a-7f52-42a4-b81d-822c2d2319a3,0.060931170428240033,True,False
train,0f964fdb-9fc1-4941-9c12-15445855221a-1-_mp4-0004_jpg.rf.3d1539787137de5cf9bb988eeaaa7dbc.jpg,177.41150957272376,669.0144792406174,31.49289580922068,-0.9179627218364032,False,False,False,False,5d81688a-7f52-42a4-b81d-822c2d2319a3,0.07142469618055536,False,False
train,0f964fdb-9fc1-4941-9c12-15445855221a-1-_mp4-0005_jpg.rf.bb1d88bb42435de30d9e1fcd411e4cef.jpg,177.91440610532408,540.4625527335456,31.2465217496142,-0.5761447482638857,False,False,False,False,5d81688a-7f52-42a4-b81d-822c2d2319a3,0.08084068769290198,False,False
train,0f964fdb-9fc1-4941-9c12-15445855221a-1-_mp4-0006_jpg.rf.2751b54aa4f0fd1a31cc7d7c0a6f60af.jpg,177.58111798321758,706.2400595076364,31.50560317804784,-0.3248125241126445,False,False,False,False,5d81688a-7f52-42a4-b81d-822c2d2319a3,0.07491191816918619,False,False
train,0f964fdb-9fc1-4941-9c12-15445855221a-1-_mp4-0007_jpg.rf.38c92bd8794f1d10c5191cfb47b572cc.jpg,177.96331561053242,511.78064663387295,31.508819203317906,-0.069019458912038,False,False,False,False,5d81688a-7f52-42a4-b81d-822c2d2319a3,0.07600308641975317,False,False
train,0f964fdb-9fc1-4941-9c12-15445855221a-1-_mp4-0008_jpg.rf.7ebf7b8b93c30f3af2772a8ca6101417.jpg,178.7229365596065,570.2036372537821,31.96281828703704,0.1997311439043017,False,False,False,False,5d81688a-7f52-42a4-b81d-822c2d2319a3,0.08213523582175908,False,False
train,0f964fdb-9fc1-4941-9c12-15445855221a-1-_mp4-0009_jpg.rf.7ea1d39a283bdcb24a81064aef4c564e.jpg,178.9184871720679,623.2686982627886,31.68962492766204,0.3400366512345556,False,False,False,False,5d81688a-7f52-42a4-b81d-822c2d2319a3,0.08174039110725273,False,False
train,0f964fdb-9fc1-4941-9c12-15445855221a-1-_mp4-0010_jpg.rf.85b44cd7601eddb3722242756895c314.jpg,179.2543071228781,529.2420149280374,31.570975597993822,0.4629689911265302,False,False,False,False,5d81688a-7f52-42a4-b81d-822c2d2319a3,0.07895387249228403,False,False
train,0f964fdb-9fc1-4941-9c12-15445855221a-1-_mp4-0011_jpg.rf.b813763c1a9e8e7d51eb8e98d262a70c.jpg,178.72656852816357,689.2612939499043,31.912715205439813,0.8213282455632793,False,False,False,False,5d81688a-7f52-42a4-b81d-822c2d2319a3,0.0838894314236115,False,False
train,0f964fdb-9fc1-4941-9c12-15445855221a-1-_mp4-0012_jpg.rf.3f2798b1cc5a0e709a42d505a922ef83.jpg,178.04814995659723,1674.185092591963,32.633638358410494,1.2640486352237588,False,False,False,False,5d81688a-7f52-42a4-b81d-822c2d2319a3,0.08267626350308638,False,False
train,0f964fdb-9fc1-4941-9c12-15445855221a-1-_mp4-0013_jpg.rf.d605b5fc7f759c29f489829ee437f9c9.jpg,177.4144030912423,818.4197917007086,32.28005340952932,1.317883150077165,False,False,False,False,5d81688a-7f52-42a4-b81d-822c2d2319a3,0.061419451678241366,True,False
train,0f964fdb-9fc1-4941-9c12-15445855221a-1-_mp4-0014_jpg.rf.1cda69ce3bcb35612c08b0ca134cb9e6.jpg,176.74500566647376,853.2419976771577,32.25275185667438,1.4208924093364317,False,False,False,False,5d81688a-7f52-42a4-b81d-822c2d2319a3,0.0815550250771585,False,False
train,0f964fdb-9fc1-4941-9c12-15445855221a-1-_mp4-0015_jpg.rf.148000ec8a02f714c1445973b6c04902.jpg,176.43700569058643,953.8748408095026,32.22893156828704,1.5557213300540127,False,False,False,False,5d81688a-7f52-42a4-b81d-822c2d2319a3,0.08035692756558627,False,False
train,0f964fdb-9fc1-4941-9c12-15445855221a-1-_mp4-0016_jpg.rf.744a1c2bbd07fe2365b07804abe85dd1.jpg,176.43931447723764,1187.4560345205714,32.1675106095679,1.48146942515433,False,False,False,False,5d81688a-7f52-42a4-b81d-822c2d2319a3,0.08135006751543272,False,False
train,0f964fdb-9fc1-4941-9c12-15445855221a-1-_mp4-0017_jpg.rf.5dca7ce152fa1057732dadbf528d3f57.jpg,178.65940574363427,1184.31637714262,31.478464385609566,1.8866614824459875,False,False,False,False,5d81688a-7f52-42a4-b81d-822c2d2319a3,0.07904278790509292,False,False
train,0f964fdb-9fc1-4941-9c12-15445855221a-1-_mp4-0018_jpg.rf.ef6fc78df9ff30258bcd6c7aa2988680.jpg,180.04497010030863,742.5394662334287,31.06642433449074,1.847984784915127,False,False,False,False,5d81688a-7f52-42a4-b81d-822c2d2319a3,0.07915129484953687,False,False
train,0f964fdb-9fc1-4941-9c12-15445855221a-1-_mp4-0019_jpg.rf.7b0a7e32794f371d6d3e0bb591f174e7.jpg,180.29663688753857,792.8620112276881,31.034333405671298,1.7499367042823906,False,False,False,False,5d81688a-7f52-42a4-b81d-822c2d2319a3,0.07939995659722232,False,False
train,0f964fdb-9fc1-4941-9c12-15445855221a-1-_mp4-0020_jpg.rf.cc211d287bcd7fa47b43853bea4fb442.jpg,180.6659553433642,834.8820167298526,30.957820939429013,1.5779320987654444,False,False,False,False,5d81688a-7f52-42a4-b81d-822c2d2319a3,0.07885591483410415,False,False
train,0f964fdb-9fc1-4941-9c12-15445855221a-1-_mp4-0021_jpg.rf.41e13015ec3798232e68e937f1f9447a.jpg,180.06044138213736,1394.3732170204694,31.5322265625,1.5746799045138855,False,False,False,False,5d81688a-7f52-42a4-b81d-822c2d2319a3,0.07816719714506021,False,False
train,0f964fdb-9fc1-4941-9c12-15445855221a-1-_mp4-0022_jpg.rf.2c614bf1be7b4033165bb042ddcea9f9.jpg,180.30118513695987,1148.840236883368,31.40698543595679,1.552562572337962,False,False,False,False,5d81688a-7f52-42a4-b81d-822c2d2319a3,0.07761562017746915,False,False
train,0f964fdb-9fc1-4941-9c12-15445855221a-1-_mp4-0023_jpg.rf.d9149373828e89d0aa3f8fb215e76665.jpg,180.8188747829861,827.1549367161899,31.123137297453702,1.6136369116512412,False,False,False,False,5d81688a-7f52-42a4-b81d-822c2d2319a3,0.07868712625385882,False,False
train,0f964fdb-9fc1-4941-9c12-15445855221a-1-_mp4-0024_jpg.rf.1667b22bb433682e58c38b6d5ab8d178.jpg,180.4947223427855,836.7264931699775,31.19993308738426,1.7313669463734698,False,False,False,False,5d81688a-7f52-42a4-b81d-822c2d2319a3,0.07830283082561784,False,False
train,0f964fdb-9fc1-4941-9c12-15445855221a-1-_mp4-0025_jpg.rf.3ea18fbd7e85ffc39d29ea9a3efe6435.jpg,179.85486593364195,731.9563336175329,31.22071819540895,1.905225212191368,False,False,False,False,5d81688a-7f52-42a4-b81d-822c2d2319a3,0.0785394362461414,False,False
train,0f964fdb-9fc1-4941-9c12-15445855221a-1-_mp4-0026_jpg.rf.2ef68e2abe7479ded6836559966dd8d6.jpg,178.1231975790895,942.0965831423656,31.257245852623456,2.2793661988811778,False,False,False,False,5d81688a-7f52-42a4-b81d-822c2d2319a3,0.079872236086999,False,False
train,0f964fdb-9fc1-4941-9c12-15445855221a-1-_mp4-0027_jpg.rf.2d828929c1360b149c828813fd42d40e.jpg,177.33327305169752,1257.863398758409,31.398775077160494,2.3313892505786957,False,False,False,False,5d81688a-7f52-42a4-b81d-822c2d2319a3,0.07758849344135765,False,False
train,0f964fdb-9fc1-4941-9c12-15445855221a-1-_mp4-0028_jpg.rf.1a2a75574ac8739214738cf363851bbd.jpg,177.5529122058256,1072.1520241624044,31.151189356674383,2.4158408082561778,False,False,False,False,5d81688a-7f52-42a4-b81d-822c2d2319a3,0.07929220317322538,False,False
train,0f964fdb-9fc1-4941-9c12-15445855221a-1-_mp4-0029_jpg.rf.582a573ac80ba5b377b10b29f7611b54.jpg,179.17458767361111,957.9502104757908,30.867986231674383,2.278968340084873,False,False,False,False,5d81688a-7f52-42a4-b81d-822c2d2319a3,0.07885139371142014,False,False
train,0f964fdb-9fc1-4941-9c12-15445855221a-1-_mp4-0030_jpg.rf.49167f995b32fa1129a1789b32094c65.jpg,179.61388406635805,976.403246709367,30.90143651138117,1.9277102623456983,False,False,False,False,5d81688a-7f52-42a4-b81d-822c2d2319a3,0.07975561824845573,False,False
train,0f964fdb-9fc1-4941-9c12-15445855221a-1-_mp4-0031_jpg.rf.bbbed1eddeed233c018cf20c0dc12dd6.jpg,179.20029779128086,1019.6220656029972,31.012399932484566,1.89963409047067,False,False,False,False,5d81688a-7f52-42a4-b81d-822c2d2319a3,0.08189712336033972,False,False
train,0f964fdb-9fc1-4941-9c12-15445855221a-1-_mp4-0032_jpg.rf.4cd462f25e2fc954bd3230d253b6f50d.jpg,177.50820131655092,689.2761085434869,31.165159625771604,1.5674280237268476,False,False,False,False,5d81688a-7f52-42a4-b81d-822c2d2319a3,0.08240198206018542,False,False
train,0f964fdb-9fc1-4941-9c12-15445855221a-1-_mp4-0033_jpg.rf.fd5a3403838f87b7c4b7c7cc270fdb36.jpg,175.99808002989968,844.256053292039,31.42994972511574,1.6732825761959873,False,False,False,False,5d81688a-7f52-42a4-b81d-822c2d2319a3,0.08347650221836359,False,False
train,0f964fdb-9fc1-4941-9c12-15445855221a-1-_mp4-0034_jpg.rf.5a1c235bb7492b93f3ed04c83e80c30b.jpg,174.9583182629244,1381.6389990736664,31.090184341242285,1.8939887152777717,False,False,False,False,5d81688a-7f52-42a4-b81d-822c2d2319a3,0.082180447048611,False,False
train,0f964fdb-9fc1-4941-9c12-15445855221a-1-_mp4-0035_jpg.rf.1e30ce038fd0097d13e54172a8ea8cf8.jpg,176.02640637056328,853.3209031863266,30.453703703703702,1.6852364245756064,False,False,False,False,5d81688a-7f52-42a4-b81d-822c2d2319a3,0.08450731819058638,False,False
train,0f964fdb-9fc1-4941-9c12-15445855221a-1-_mp4-0036_jpg.rf.48551ee74a7938e1021ffb322ccb8eea.jpg,177.4432629243827,923.7831933744396,30.528395664544757,1.3691828221450637,False,False,False,False,5d81688a-7f52-42a4-b81d-822c2d2319a3,0.08459623360339638,False,False
train,0f964fdb-9fc1-4941-9c12-15445855221a-1-_mp4-0037_jpg.rf.e930a1ac296ac73166eba8f6217e5a63.jpg,178.81655092592592,572.4133197651496,30.269121334876544,0.791663652584873,False,False,False,False,5d81688a-7f52-42a4-b81d-822c2d2319a3,0.08960563753858103,False,False
train,0f964fdb-9fc1-4941-9c12-15445855221a-1-_mp4-0038_jpg.rf.cabba7a36ba89fbec92bbe0b29c7d0fe.jpg,179.09149848090277,732.0650042171994,30.226396725501544,0.5125747492284063,False,False,False,False,5d81688a-7f52-42a4-b81d-822c2d2319a3,0.08723958333333287,False,False
train,0f964fdb-9fc1-4941-9c12-15445855221a-1-_mp4-0039_jpg.rf.0ad49b35ff9176ff8d7b9e894e203dc8.jpg,178.95661229263118,1068.4437868141251,31.25761658468364,0.2554946711034063,False,False,False,False,5d81688a-7f52-42a4-b81d-822c2d2319a3,0.08554215645495661,False,False
train,0f964fdb-9fc1-4941-9c12-15445855221a-1-_mp4-0040_jpg.rf.7aaf5c1573c1c59945b59e6b0a8d2ee2.jpg,179.35889576099538,908.2464395894943,31.186553578317906,0.3476291232638857,False,False,False,False,5d81688a-7f52-42a4-b81d-822c2d2319a3,0.08548388069058574,False,False
train,0f964fdb-9fc1-4941-9c12-15445855221a-1-_mp4-0041_jpg.rf.3aea14092995ac9d8deb0f3d1a34fdc4.jpg,179.33229950327933,967.9773468833074,31.14285542052469,0.4981192129629619,False,False,False,False,5d81688a-7f52-42a4-b81d-822c2d2319a3,0.08653579523533844,False,False
train,0f964fdb-9fc1-4941-9c12-15445855221a-1-_mp4-0042_jpg.rf.01a491d85bd503b84f3143e91fbef4cc.jpg,180.00168185763889,743.385241839421,31.00953354070216,0.5230908805941112,False,False,False,False,5d81688a-7f52-42a4-b81d-822c2d2319a3,0.08716272424768509,False,False
train,0f964fdb-9fc1-4941-9c12-15445855221a-1-_mp4-0043_jpg.rf.d9d9ae69e4c26b706dc838ba8b9621bd.jpg,179.46485580632717,1224.7598928397083,31.424192828896604,1.044382354359584,False,False,False,False,5d81688a-7f52-42a4-b81d-822c2d2319a3,0.08559841579861005,False,False
train,0f964fdb-9fc1-4941-9c12-15445855221a-1-_mp4-0044_jpg.rf.9b27e304ec265171e902d228d47b00f9.jpg,179.79936463155863,1028.99722187244,31.149139781057094,0.8158576871141747,False,False,False,False,5d81688a-7f52-42a4-b81d-822c2d2319a3,0.08644989390432178,False,False
train,0f964fdb-9fc1-4941-9c12-15445855221a-1-_mp4-0045_jpg.rf.4be1ca5d418ec03a54d27df9532d1546.jpg,180.24775149498456,668.3361423476371,30.976903091242285,0.4802788628472285,False,False,False,False,5d81688a-7f52-42a4-b81d-822c2d2319a3,0.08568231125819831,False,False
train,0f964fdb-9fc1-4941-9c12-15445855221a-1-_mp4-0046_jpg.rf.62c0c14e47e97870178c3cfa64381c8e.jpg,179.65647605613427,763.4886549938162,30.878249180169757,0.2142771026234697,False,False,False,False,5d81688a-7f52-42a4-b81d-822c2d2319a3,0.08446361400462932,False,False
train,0f964fdb-9fc1-4941-9c12-15445855221a-1-_mp4-0047_jpg.rf.a666f5b3cd407ee4af9014a78bde30a3.jpg,178.05960949556328,1386.477256109458,31.50887044270833,-0.0644712094907333,False,False,False,False,5d81688a-7f52-42a4-b81d-822c2d2319a3,0.08399266372492353,False,False
train,0f964fdb-9fc1-4941-9c12-15445855221a-1-_mp4-0048_jpg.rf.2134b2702f1fe009a5d37bf3beae458d.jpg,178.63599838445217,732.7606397568953,30.939597800925927,-0.2506389853395205,False,False,False,False,5d81688a-7f52-42a4-b81d-822c2d2319a3,0.0852111062885797,False,False
train,0f964fdb-9fc1-4941-9c12-15445855221a-1-_mp4-0049_jpg.rf.2f4e80d2679a1f65992653bf0d849bbd.jpg,178.47999553915895,814.260052795618,31.091646170910494,-0.1944414303626445,False,False,False,False,5d81688a-7f52-42a4-b81d-822c2d2319a3,0.0866232036072544,False,False
train,0f964fdb-9fc1-4941-9c12-15445855221a-1-_mp4-0050_jpg.rf.3f1125d18d5f6f89466cb655b4122309.jpg,178.2330277054398,890.6363418142511,31.193564332561728,-0.0557574990354794,False,False,False,False,5d81688a-7f52-42a4-b81d-822c2d2319a3,0.08643331645447688,False,False
train,0f964fdb-9fc1-4941-9c12-15445855221a-1-_mp4-0051_jpg.rf.1d611c3ec1fbe3aae7e31ab85a4d8728.jpg,178.84641746238427,659.4833356183924,31.04758330922068,-0.0162609712577079,False,False,False,False,5d81688a-7f52-42a4-b81d-822c2d2319a3,0.08657497829861033,False,False
train,0f964fdb-9fc1-4941-9c12-15445855221a-1-_mp4-0052_jpg.rf.cb286d20108e5bf2ceb365166c8825f5.jpg,178.41187126253857,698.3037754239659,31.13912398726852,0.177001953125,False,False,False,False,5d81688a-7f52-42a4-b81d-822c2d2319a3,0.08481626157407257,False,False
train,0f964fdb-9fc1-4941-9c12-15445855221a-1-_mp4-0053_jpg.rf.da1a87b005ff52c8b31e74930d5605f7.jpg,178.67368344907408,867.6974156441674,31.159499180169757,0.2739951051311777,False,False,False,False,5d81688a-7f52-42a4-b81d-822c2d2319a3,0.09066358024691443,False,False
train,0f964fdb-9fc1-4941-9c12-15445855221a-1-_mp4-0054_jpg.rf.2055f8f0916c0d27e950d257aa4cf937.jpg,179.30091688368054,725.4372645952756,30.98385959201389,0.4960214120370381,False,False,False,False,5d81688a-7f52-42a4-b81d-822c2d2319a3,0.0703019507137344,False,False
train,0f964fdb-9fc1-4941-9c12-15445855221a-1-_mp4-0055_jpg.rf.300c9f084c411455dbb0a539b5548e03.jpg,179.30018144772376,934.1063836676884,31.100703486689813,0.5766993393132509,False,False,False,False,5d81688a-7f52-42a4-b81d-822c2d2319a3,0.08991910204475254,False,False
train,0f964fdb-9fc1-4941-9c12-15445855221a-1-_mp4-0056_jpg.rf.3fc2a12b1047fb12c80d80a1290dcd7a.jpg,178.61415231963736,1325.5032074931391,31.96140468267747,0.8558575665509238,False,False,False,False,5d81688a-7f52-42a4-b81d-822c2d2319a3,0.08861701871142033,False,False
train,0f964fdb-9fc1-4941-9c12-15445855221a-1-_mp4-0057_jpg.rf.89feb5020d2ca72cc9754eb4631e4047.jpg,179.52860966435185,754.9992795860398,31.50086805555556,0.5133192274305429,False,False,False,False,5d81688a-7f52-42a4-b81d-822c2d2319a3,0.09043300298996926,False,False
train,0f964fdb-9fc1-4941-9c12-15445855221a-1-_mp4-0058_jpg.rf.03f37a8b9997f4315fa5630695ce624c.jpg,179.79246539834105,753.651831146203,31.496181158371915,0.1305187837577079,False,False,False,False,5d81688a-7f52-42a4-b81d-822c2d2319a3,0.09052794656635949,False,False
train,0f964fdb-9fc1-4941-9c12-15445855221a-1-_mp4-0059_jpg.rf.bd83b5edeced819f2806319eb2a74085.jpg,179.86551167052468,629.9561071176388,31.355378327546298,-0.6058123553240762,False,False,False,False,5d81688a-7f52-42a4-b81d-822c2d2319a3,0.09050986207561701,False,False
train,0f964fdb-9fc1-4941-9c12-15445855221a-1-_mp4-0060_jpg.rf.bf220db7ffa442cd84ede093ec74eaf1.jpg,178.8939555603781,652.1682026446946,31.185833212770063,-1.483760127314838,False,False,False,False,5d81688a-7f52-42a4-b81d-822c2d2319a3,0.09251121238425913,False,False
train,0f964fdb-9fc1-4941-9c12-15445855221a-1-_mp4-0061_jpg.rf.f9d91e37f7b72d5a37e08ff99fc8c817.jpg,177.67308063271605,765.1402147287204,31.40452895929784,-2.002375096450635,False,False,False,False,5d81688a-7f52-42a4-b81d-822c2d2319a3,0.08784692081404372,False,False
train,0f964fdb-9fc1-4941-9c12-15445855221a-1-_mp4-0062_jpg.rf.b8479030e8d95135aef66d6af517e3b1.jpg,178.14057677469137,555.0923319134366,31.17857228973765,-2.408396026234584,False,False,False,False,5d81688a-7f52-42a4-b81d-822c2d2319a3,0.08946849681712993,False,False
train,0f964fdb-9fc1-4941-9c12-15445855221a-1-_mp4-0063_jpg.rf.24123aed79a5f8dee0635a82ce02d830.jpg,178.0523696711034,670.8115685017639,31.106131847993822,-2.6584020543981524,False,False,False,False,5d81688a-7f52-42a4-b81d-822c2d2319a3,0.0886607228973767,False,False
train,0f964fdb-9fc1-4941-9c12-15445855221a-1-_mp4-0064_jpg.rf.db45fd8497ddd3b8fd48391ed67608a7.jpg,177.7964530285494,878.5358460929459,31.49449025848765,-2.717288170331784,False,False,False,False,5d81688a-7f52-42a4-b81d-822c2d2319a3,0.08761718448591821,False,False
train,0f964fdb-9fc1-4941-9c12-15445855221a-1-_mp4-0065_jpg.rf.d2976b552ad02597cdf28fa3be9c053b.jpg,177.09277645158178,1032.5458499229985,31.455650800540123,-2.559992283950635,False,False,False,False,5d81688a-7f52-42a4-b81d-822c2d2319a3,0.08949110243055602,False,False
train,0f964fdb-9fc1-4941-9c12-15445855221a-1-_mp4-0066_jpg.rf.214b9c9437cdf087562a96cb64ba3e66.jpg,176.99904152199073,997.88160371576,31.621377073688272,-2.522539303626558,False,False,False,False,5d81688a-7f52-42a4-b81d-822c2d2319a3,0.08967044029706778,False,False
train,0f964fdb-9fc1-4941-9c12-15445855221a-1-_mp4-0067_jpg.rf.af6bf9998aff17d3ec78054ac0c7f45e.jpg,177.35740077642748,666.29149722616,31.34259862075617,-2.507167486496911,False,False,False,False,5d81688a-7f52-42a4-b81d-822c2d2319a3,0.09110665027006248,False,False
train,0f964fdb-9fc1-4941-9c12-15445855221a-1-_mp4-0068_jpg.rf.c9b1a42a2d1e7ad44ff64493ff962a4e.jpg,177.1945439091435,744.2309413478698,31.44209044656636,-2.5528036988811778,False,False,False,False,5d81688a-7f52-42a4-b81d-822c2d2319a3,0.09280809944058732,False,False
train,0f964fdb-9fc1-4941-9c12-15445855221a-1-_mp4-0069_jpg.rf.ee5c193ef7819f4a489637e1d6b784ee.jpg,175.96641408661264,861.9749793003034,32.44280478395062,-2.2888726128472285,False,False,False,False,5d81688a-7f52-42a4-b81d-822c2d2319a3,0.0953911675347221,False,False
train,0f964fdb-9fc1-4941-9c12-15445855221a-1-_mp4-0070_jpg.rf.7e1f989046e07effd50adad7cb04c4af.jpg,176.3330741222994,659.2631423611718,32.16301962770062,-2.0889093846450635,False,False,False,False,5d81688a-7f52-42a4-b81d-822c2d2319a3,0.09484863281249983,False,False
train,0f964fdb-9fc1-4941-9c12-15445855221a-1-_mp4-0071_jpg.rf.efe4100431bd1998b07e6c54d235df4e.jpg,176.45521978684414,761.6358867062154,32.03332670235339,-1.9498426649305716,False,False,False,False,5d81688a-7f52-42a4-b81d-822c2d2319a3,0.09484561873070976,False,False
train,0f964fdb-9fc1-4941-9c12-15445855221a-1-_mp4-0072_jpg.rf.0feb5e00e40812c7a5880368d88b44cb.jpg,176.7913260754244,763.2200788090986,31.855791256751544,-1.895091869212962,False,False,False,False,5d81688a-7f52-42a4-b81d-822c2d2319a3,0.09570613908178988,False,False
train,0f964fdb-9fc1-4941-9c12-15445855221a-1-_mp4-0073_jpg.rf.040ab0203193f3f7c94dcac0d24177a6.jpg,176.9827594521605,670.6675642140299,31.74827293113426,-2.0003616898148096,False,False,False,False,5d81688a-7f52-42a4-b81d-822c2d2319a3,0.09639937789351874,False,False
train,0f964fdb-9fc1-4941-9c12-15445855221a-1-_mp4-0074_jpg.rf.4a9ef4afd4d9bfc5ca3228e65052b4c6.jpg,176.53922827449847,693.1993869798356,31.862120828510804,-2.002076702353378,False,False,False,False,5d81688a-7f52-42a4-b81d-822c2d2319a3,0.09765926408178949,False,False
train,0f964fdb-9fc1-4941-9c12-15445855221a-1-_mp4-0075_jpg.rf.2faa4fe1a8dbd3f2c1cdc5372926c0d7.jpg,176.75612762827933,783.4686274299206,31.75195613908179,-2.0362383053626445,False,False,False,False,5d81688a-7f52-42a4-b81d-822c2d2319a3,0.0963601948302476,False,False
train,0f964fdb-9fc1-4941-9c12-15445855221a-1-_mp4-0076_jpg.rf.5385a67a9ac765cd539b12fafddf37a9.jpg,177.40444155092592,686.4147964858132,31.36422164351852,-1.9554759837962763,False,False,False,False,5d81688a-7f52-42a4-b81d-822c2d2319a3,0.008412302276234573,True,False
train,0f964fdb-9fc1-4941-9c12-15445855221a-1-_mp4-0077_jpg.rf.28190911a019b07c1ee58217637d67a2.jpg,177.57540629822532,792.7702091124941,31.10325641396605,-1.904685691550924,False,False,False,False,5d81688a-7f52-42a4-b81d-822c2d2319a3,0.09196566358024771,False,False
train,0f964fdb-9fc1-4941-9c12-15445855221a-1-_mp4-0078_jpg.rf.327b3996f2472a766b5380343275b16b.jpg,177.0621081693673,863.0263985595385,31.075870466820987,-1.8572410300926092,False,False,False,False,5d81688a-7f52-42a4-b81d-822c2d2319a3,0.1002016420717595,False,False
train,0f964fdb-9fc1-4941-9c12-15445855221a-1-_mp4-0079_jpg.rf.bd20f1e9f3c62a7bc143942d503a7ede.jpg,177.59636019483025,762.1484779623963,30.700526861496915,-1.747908227237673,False,False,False,False,5d81688a-7f52-42a4-b81d-822c2d2319a3,0.09686354648919737,False,False
train,0f964fdb-9fc1-4941-9c12-15445855221a-1-_mp4-0080_jpg.rf.880abb1585faa32ffff9fffe07102b0d.jpg,177.7921097366898,762.305086912051,30.71684510030864,-1.8053988233024825,False,False,False,False,5d81688a-7f52-42a4-b81d-822c2d2319a3,0.09961088204089474,False,False
train,0f964fdb-9fc1-4941-9c12-15445855221a-1-_mp4-0081_jpg.rf.4ba65aa73aa316c9e4835b644f194ac7.jpg,178.24734157986111,617.9670736472466,30.409508222415123,-2.137635030864203,False,False,False,False,5d81688a-7f52-42a4-b81d-822c2d2319a3,0.10322627314814853,False,False
train,0f964fdb-9fc1-4941-9c12-15445855221a-1-_mp4-0082_jpg.rf.df35f73b89f050bbac35651380b831d5.jpg,177.31520965952933,710.2789861000614,30.818057966820987,-1.7629334249614033,False,False,False,False,5d81688a-7f52-42a4-b81d-822c2d2319a3,0.10512062355324114,False,False
train,0f964fdb-9fc1-4941-9c12-15445855221a-1-_mp4-0083_jpg.rf.8a65e04ae1a71b04fb2ba5f61face1b4.jpg,177.64646629050927,657.9997978860096,30.4225471402392,-2.009259259259266,False,False,False,False,5d81688a-7f52-42a4-b81d-822c2d2319a3,0.10927854938271503,False,False
train,0f964fdb-9fc1-4941-9c12-15445855221a-1-_mp4-0084_jpg.rf.f1e1e1c541abe26aa23de352a593f084.jpg,177.9032298900463,580.095012753743,30.25900004822531,-2.3503719376928984,False,False,False,False,5d81688a-7f52-42a4-b81d-822c2d2319a3,0.10987684461805558,False,False
train,0f964fdb-9fc1-4941-9c12-15445855221a-1-_mp4-0085_jpg.rf.d46ea0c44971ceb74cf376b8351ac98a.jpg,177.98436595775462,679.9215943461928,30.34059124228395,-2.568754219714521,False,False,False,False,5d81688a-7f52-42a4-b81d-822c2d2319a3,0.10732157540027076,False,False
train,0f964fdb-9fc1-4941-9c12-15445855221a-1-_mp4-0086_jpg.rf.215ae887ba1775a80d11ed759aca9282.jpg,178.64748203607252,593.6790371106775,29.91500289351852,-2.5926227334104794,False,False,False,False,5d81688a-7f52-42a4-b81d-822c2d2319a3,0.10667847583912055,False,False
train,0f964fdb-9fc1-4941-9c12-15445855221a-1-_mp4-0087_jpg.rf.594184b2028aedef281506c1e7ff8535.jpg,177.71870177469137,664.0051970024731,29.35981807002315,-2.0784836757330254,False,False,False,False,5d81688a-7f52-42a4-b81d-822c2d2319a3,0.10382908950617298,False,False
train,0f964fdb-9fc1-4941-9c12-15445855221a-1-_mp4-0088_jpg.rf.1e49fbbe376c067e90b447e60a000101.jpg,177.9700641396605,660.051967322572,29.28345932195216,-2.143738546489203,False,False,False,False,5d81688a-7f52-42a4-b81d-822c2d2319a3,0.10576111593364201,False,False
train,0f964fdb-9fc1-4941-9c12-15445855221a-1-_mp4-0089_jpg.rf.e1507d7732b62a29cee074f473642051.jpg,178.40113510320217,652.4090067964196,29.044328100887345,-2.176649305555543,False,False,False,False,5d81688a-7f52-42a4-b81d-822c2d2319a3,0.10678439670138856,False,False
train,1991989f-1bf5-4e50-89bb-7301b220ac01_mp4-0000_jpg.rf.9778ba75af4d8f79c6e64d8e78584430.jpg,166.3975784866898,1059.574781994025,22.90483036747685,-8.434859664351848,False,False,False,False,1991989f-1bf5-4e50-89bb-7301b220ac01,0.22703409650487005,False,False
train,1991989f-1bf5-4e50-89bb-7301b220ac01_mp4-0001_jpg.rf.c62605d0ee2e99eb8a807abd06ff40a0.jpg,166.6265854070216,910.9579990499813,23.010067033179013,-8.859564887152771,False,False,False,False,1991989f-1bf5-4e50-89bb-7301b220ac01,0.2319954022412713,False,False
train,1991989f-1bf5-4e50-89bb-7301b220ac01_mp4-0002_jpg.rf.82e1911dbb9b55c22b40c2e273d916dd.jpg,166.28614788290895,1049.6205469104073,23.41798080632716,-9.13974187403548,False,False,False,False,1991989f-1bf5-4e50-89bb-7301b220ac01,0.24185211142306692,False,False
train,1991989f-1bf5-4e50-89bb-7301b220ac01_mp4-0003_jpg.rf.98471c342ef8cb8e0c424db2e260aeec.jpg,165.53221149209105,1480.076823426781,24.09538664641204,-8.777678313078695,False,False,False,False,1991989f-1bf5-4e50-89bb-7301b220ac01,0.24944300389419405,False,False
train,1991989f-1bf5-4e50-89bb-7301b220ac01_mp4-0004_jpg.rf.92f5bbb384447287ae37687efae3e744.jpg,164.38305965470678,1620.7486589910905,24.38721305941358,-8.905653211805543,False,False,False,False,1991989f-1bf5-4e50-89bb-7301b220ac01,0.251110836371527,False,False
train,1991989f-1bf5-4e50-89bb-7301b220ac01_mp4-0005_jpg.rf.e62d1a58915511edd7b3419d81a78685.jpg,164.69949001736111,1705.470465968248,24.44726863908179,-9.152907383294774,False,False,False,False,1991989f-1bf5-4e50-89bb-7301b220ac01,0.2561138686312461,False,False
train,1991989f-1bf5-4e50-89bb-7301b220ac01_mp4-0006_jpg.rf.733ac1bcd138f19f0884706df49ad38b.jpg,165.5101875964506,3225.28925015668,24.76050106095679,-9.776891637731495,False,False,False,False,1991989f-1bf5-4e50-89bb-7301b220ac01,0.2550104031032983,False,False
train,1991989f-1bf5-4e50-89bb-7301b220ac01_mp4-0007_jpg.rf.6e1e1663fd3a459f87c069e841390559.jpg,165.82060486593363,1822.230099433371,24.343195408950617,-9.851845823688253,False,False,False,False,1991989f-1bf5-4e50-89bb-7301b220ac01,0.2522531600477421,False,False
train,1991989f-1bf5-4e50-89bb-7301b220ac01_mp4-0008_jpg.rf.01427c0b29e2fbedc0b211567ef0fe26.jpg,166.80091688368054,1503.1889223778437,24.24302541473765,-9.874704619984556,False,False,False,False,1991989f-1bf5-4e50-89bb-7301b220ac01,0.25567811885278086,False,False
train,1991989f-1bf5-4e50-89bb-7301b220ac01_mp4-0009_jpg.rf.96449fc139a9b86b009af9857bedcf54.jpg,167.44810655381946,1725.0255128661045,24.144561390817906,-9.74742597415124,False,False,False,False,1991989f-1bf5-4e50-89bb-7301b220ac01,0.2586390321903931,False,False
train,1991989f-1bf5-4e50-89bb-7301b220ac01_mp4-0010_jpg.rf.888b0dfb53e9d2a7a741b09780b717d8.jpg,168.0670422212577,1630.0956362198265,25.00217315297068,-10.031792534722229,False,False,False,False,1991989f-1bf5-4e50-89bb-7301b220ac01,0.2662670626069997,False,False
train,1991989f-1bf5-4e50-89bb-7301b220ac01_mp4-0011_jpg.rf.aba8bf31c476ae0deee11a38c869e8a9.jpg,168.17891589506172,1529.0386132688045,24.83005702642747,-10.073811848958345,False,False,False,False,1991989f-1bf5-4e50-89bb-7301b220ac01,0.2701137729040064,False,False
train,1991989f-1bf5-4e50-89bb-7301b220ac01_mp4-0012_jpg.rf.a4b923bb2cd2ee32a20a9f44d8c51ce3.jpg,168.38690863715277,1338.463764684154,24.634108555169757,-10.379915967399684,False,False,False,False,1991989f-1bf5-4e50-89bb-7301b220ac01,0.26943728631817887,False,False
train,1991989f-1bf5-4e50-89bb-7301b220ac01_mp4-0013_jpg.rf.51e65a59b6ed30f985b1bed382fa6471.jpg,167.933536482446,1415.1354297558048,24.97995937017747,-10.370008680555571,False,False,False,False,1991989f-1bf5-4e50-89bb-7301b220ac01,0.2711720978310671,False,False
train,1991989f-1bf5-4e50-89bb-7301b220ac01_mp4-0014_jpg.rf.5256ef06a60001787fad587b7320215d.jpg,168.3331313898534,1577.057148917631,24.788128134645063,-10.406358506944455,False,False,False,False,1991989f-1bf5-4e50-89bb-7301b220ac01,0.2586390321903931,False,False
train,1991989f-1bf5-4e50-89bb-7301b220ac01_mp4-0015_jpg.rf.38d7a90b4089d002d8f45f9c05a6ca4c.jpg,168.03852297935956,2591.2514755696425,25.18097149884259,-10.45481891396605,False,False,False,False,1991989f-1bf5-4e50-89bb-7301b220ac01,0.26587783030267453,False,False
train,1991989f-1bf5-4e50-89bb-7301b220ac01_mp4-0016_jpg.rf.11e85a3e45437a41fcda5d33697c3d46.jpg,166.9757336275077,5310.319028500249,26.459864486882715,-10.616177782600316,False,False,False,False,1991989f-1bf5-4e50-89bb-7301b220ac01,0.26587783030267453,False,False
train,1991989f-1bf5-4e50-89bb-7301b220ac01_mp4-0017_jpg.rf.41ee5ad61a908c1dec7ad0fc64a7dcad.jpg,167.65401957947532,2442.5039792852217,25.455436800733025,-10.445041232638886,False,False,False,False,1991989f-1bf5-4e50-89bb-7301b220ac01,0.2661246389416363,False,False
train,1991989f-1bf5-4e50-89bb-7301b220ac01_mp4-0018_jpg.rf.96a2f310e3b0d589b752559af3ec7e47.jpg,168.33301685474538,1956.1616683120387,24.74348958333333,-10.204550660686747,False,False,False,False,1991989f-1bf5-4e50-89bb-7301b220ac01,0.2627547506329577,False,False
train,1991989f-1bf5-4e50-89bb-7301b220ac01_mp4-0019_jpg.rf.5c807a45393dcf1d13acec9fb6dea105.jpg,168.09430760513118,1823.862038023596,24.80003978587963,-10.243272569444455,False,False,False,False,1991989f-1bf5-4e50-89bb-7301b220ac01,0.26688078259126735,False,False
train,1991989f-1bf5-4e50-89bb-7301b220ac01_mp4-0020_jpg.rf.bd37ef4c9a99cf749fbb419fbf23baeb.jpg,167.4463855131173,1871.144576447409,25.23948085455247,-10.220847800925924,False,False,False,False,1991989f-1bf5-4e50-89bb-7301b220ac01,0.2586390321903931,False,False
train,1991989f-1bf5-4e50-89bb-7301b220ac01_mp4-0021_jpg.rf.235c164baa2897cfdff301cc64df3987.jpg,167.67844268422067,2269.6742067479486,25.041748046875,-10.108386381172837,False,False,False,False,1991989f-1bf5-4e50-89bb-7301b220ac01,0.264041019347393,False,False
train,1991989f-1bf5-4e50-89bb-7301b220ac01_mp4-0022_jpg.rf.ea1db2697e38bd036791259f88463963.jpg,167.96508186246143,1758.7478508477511,24.52930591724537,-10.018500434027771,False,False,False,False,1991989f-1bf5-4e50-89bb-7301b220ac01,0.2653048801284603,False,False
train,1991989f-1bf5-4e50-89bb-7301b220ac01_mp4-0023_jpg.rf.4aa45dc2f454f7512e50c9f33b613f0f.jpg,166.72841013213736,3365.6300606356854,25.188340928819443,-9.589964313271594,False,False,False,False,1991989f-1bf5-4e50-89bb-7301b220ac01,0.2592881241198888,False,False
train,1991989f-1bf5-4e50-89bb-7301b220ac01_mp4-0024_jpg.rf.1b9ad034c6f17c460758b589d5034ef0.jpg,167.17890986689815,3321.059274391619,24.881272304205247,-9.590075834297837,False,False,False,False,1991989f-1bf5-4e50-89bb-7301b220ac01,0.26734998864595316,False,False
train,1991989f-1bf5-4e50-89bb-7301b220ac01_mp4-0025_jpg.rf.610043944075e78b14edf74310d1aae0.jpg,167.6369026089892,3295.207900663235,24.80667679398148,-9.62336938175156,False,False,False,False,1991989f-1bf5-4e50-89bb-7301b220ac01,0.25782000925021653,False,False
train,1991989f-1bf5-4e50-89bb-7301b220ac01_mp4-0026_jpg.rf.66c195c418bb3365b33c867383d2b45c.jpg,168.13088047357252,3298.7192405047367,24.63136574074074,-9.644425757137329,False,False,False,False,1991989f-1bf5-4e50-89bb-7301b220ac01,0.26291861381775594,False,False
train,1991989f-1bf5-4e50-89bb-7301b220ac01_mp4-0027_jpg.rf.6138741d98daabcea25e2140cf547969.jpg,168.06599633487653,2566.8466273287218,24.811906225887345,-9.795009283371911,False,False,False,False,1991989f-1bf5-4e50-89bb-7301b220ac01,0.26724839549575763,False,False
train,1991989f-1bf5-4e50-89bb-7301b220ac01_mp4-0028_jpg.rf.84be12cd378a2c65dc02062eaf54fb42.jpg,168.75868356963736,2191.2599178085766,24.3802505304784,-9.780945577739203,False,False,False,False,1991989f-1bf5-4e50-89bb-7301b220ac01,0.252991941101828,False,False
train,1991989f-1bf5-4e50-89bb-7301b220ac01_mp4-0029_jpg.rf.318f086b13987cd67e2f5b5492060767.jpg,169.6023310908565,2165.525483542609,23.787058135609566,-9.56974585262347,False,False,False,False,1991989f-1bf5-4e50-89bb-7301b220ac01,0.2496612480694811,False,False
train,1991989f-1bf5-4e50-89bb-7301b220ac01_mp4-0030_jpg.rf.a57f6431eaeb2feae426b52e275b0a8a.jpg,169.91267903645834,2275.3295735067813,24.1134048273534,-8.937665774498441,False,False,False,False,1991989f-1bf5-4e50-89bb-7301b220ac01,0.23800613899588915,False,False
train,1991989f-1bf5-4e50-89bb-7301b220ac01_mp4-0031_jpg.rf.1476bb480bd299b63cb3fb1aa9c3ae0e.jpg,170.09162507233796,1803.840554458878,24.083221812307094,-9.093225549768531,False,False,False,False,1991989f-1bf5-4e50-89bb-7301b220ac01,0.2455175014678581,False,False
train,1991989f-1bf5-4e50-89bb-7301b220ac01_mp4-0032_jpg.rf.f17160c7517c6aea88700276e01c090a.jpg,170.20783902391975,1716.8296224883718,23.689413941936728,-9.160237630208345,False,False,False,False,1991989f-1bf5-4e50-89bb-7301b220ac01,0.25364491748348317,False,False
train,1991989f-1bf5-4e50-89bb-7301b220ac01_mp4-0033_jpg.rf.600c85e7332b64d0bd0c10f7880bf50e.jpg,170.97174298321758,1622.5742992133723,23.490068600501544,-9.23307593074844,False,False,False,False,1991989f-1bf5-4e50-89bb-7301b220ac01,0.24994473183111454,False,False
train,1991989f-1bf5-4e50-89bb-7301b220ac01_mp4-0034_jpg.rf.11cdbe4f1aa0dfb9ca80b38b78056205.jpg,169.62672405478395,1905.3858453639489,23.64454933449074,-9.262761622299363,False,False,False,False,1991989f-1bf5-4e50-89bb-7301b220ac01,0.24541987185028424,False,False
train,1991989f-1bf5-4e50-89bb-7301b220ac01_mp4-0035_jpg.rf.a8c40be4bcc3e0e7f94d3672ce0752bc.jpg,169.82272677951389,1765.4045928220364,23.13013599537037,-9.095404730902771,False,False,False,False,1991989f-1bf5-4e50-89bb-7301b220ac01,0.24468051445704336,False,False
train,1991989f-1bf5-4e50-89bb-7301b220ac01_mp4-0036_jpg.rf.6f75b8f4649d55f235b09c826b1b175d.jpg,169.53979793595678,1991.4347260895436,22.79827654803241,-8.707754629629619,False,False,False,False,1991989f-1bf5-4e50-89bb-7301b220ac01,0.250670326078438,False,False
train,1991989f-1bf5-4e50-89bb-7301b220ac01_mp4-0037_jpg.rf.990311651c1c36c5b4bfbd65c612c4cd.jpg,168.88544680748456,2781.467207977056,23.17332778742284,-8.762508439429013,False,False,False,False,1991989f-1bf5-4e50-89bb-7301b220ac01,0.25727285708429826,False,False
train,1991989f-1bf5-4e50-89bb-7301b220ac01_mp4-0038_jpg.rf.b9a9391e123d9f346bba665fdc1676e0.jpg,169.71197735821758,2295.136395375833,22.42645941840278,-8.562198591820987,False,False,False,False,1991989f-1bf5-4e50-89bb-7301b220ac01,0.24386188590343938,False,False
train,1991989f-1bf5-4e50-89bb-7301b220ac01_mp4-0039_jpg.rf.4a7b8804ee757047cc776723f62ba63d.jpg,170.3916678722994,1902.466059257809,21.95483699845679,-8.57358880690586,False,False,False,False,1991989f-1bf5-4e50-89bb-7301b220ac01,0.24731218815556355,False,False
train,1991989f-1bf5-4e50-89bb-7301b220ac01_mp4-0040_jpg.rf.281545d31cef1b2ebd418a8bcbcd3bd2.jpg,169.8587299864969,2482.946127197098,21.69926396122685,-7.833080150462962,False,False,False,False,1991989f-1bf5-4e50-89bb-7301b220ac01,0.24766710069444575,False,False
train,1991989f-1bf5-4e50-89bb-7301b220ac01_mp4-0041_jpg.rf.26343c35f103f122f3bebd27f6c37863.jpg,170.5953323929398,1760.6205142907322,21.42461480034722,-7.89675262827933,False,False,False,False,1991989f-1bf5-4e50-89bb-7301b220ac01,0.2412299750991637,False,False
train,1991989f-1bf5-4e50-89bb-7301b220ac01_mp4-0042_jpg.rf.b7fac1c48698310c5b2787a325e508b5.jpg,170.80464228877315,1916.1031653524497,21.283079547646604,-7.919053819444457,False,False,False,False,1991989f-1bf5-4e50-89bb-7301b220ac01,0.24053729021991005,False,False
train,1991989f-1bf5-4e50-89bb-7301b220ac01_mp4-0043_jpg.rf.08fc51f6c4d6e11ba483abbe36f89a09.jpg,170.53860737364968,2138.4020151639834,21.50425588348765,-8.053487895447546,False,False,False,False,1991989f-1bf5-4e50-89bb-7301b220ac01,0.24831677654351114,False,False
train,1991989f-1bf5-4e50-89bb-7301b220ac01_mp4-0044_jpg.rf.c21b7fa2f046b6f1581e7e265200655d.jpg,167.94700641396605,2879.321896924967,21.219120732060187,-7.457266348379619,False,False,False,False,1991989f-1bf5-4e50-89bb-7301b220ac01,0.24155906394675897,False,False
train,1991989f-1bf5-4e50-89bb-7301b220ac01_mp4-0045_jpg.rf.dad18bcf1520fce864fae4b34edb716b.jpg,168.7425552179784,2064.98182432143,20.845082224151238,-7.443968219521594,False,False,False,False,1991989f-1bf5-4e50-89bb-7301b220ac01,0.24276620370370283,False,False
train,1991989f-1bf5-4e50-89bb-7301b220ac01_mp4-0046_jpg.rf.ce3f260f61e43f4b7662b3136e5c688e.jpg,168.93391927083334,2377.104769366804,20.962459611304013,-7.670563874421305,False,False,False,False,1991989f-1bf5-4e50-89bb-7301b220ac01,0.24633897948917394,False,False
train,1991989f-1bf5-4e50-89bb-7301b220ac01_mp4-0047_jpg.rf.bec0389a1085753ce2c0334f1efffe11.jpg,166.62993405189044,2688.612556744741,22.40744357638889,-8.064489293981495,False,False,False,False,1991989f-1bf5-4e50-89bb-7301b220ac01,0.25365575674099367,False,False
train,1991989f-1bf5-4e50-89bb-7301b220ac01_mp4-0048_jpg.rf.2bc33a1a41c50e4458ed07c00ae1a94f.jpg,166.73169246720678,2054.633945099366,22.41921055169753,-8.28373058931328,False,False,False,False,1991989f-1bf5-4e50-89bb-7301b220ac01,0.25345564477237653,False,False
train,1991989f-1bf5-4e50-89bb-7301b220ac01_mp4-0049_jpg.rf.b3b6af0bfc53ac6d0f591b691f253b25.jpg,167.5357409818673,1390.8959920399436,21.90628616898148,-8.55613727334105,False,False,False,False,1991989f-1bf5-4e50-89bb-7301b220ac01,0.2548659486566225,False,False
train,1991989f-1bf5-4e50-89bb-7301b220ac01_mp4-0050_jpg.rf.c235a7202a0c66815098f36c7a427810.jpg,167.67009367766204,1328.9225349799017,22.101737316743822,-8.943534191743822,False,False,False,False,1991989f-1bf5-4e50-89bb-7301b220ac01,0.26462331928469807,False,False
train,1991989f-1bf5-4e50-89bb-7301b220ac01_mp4-0051_jpg.rf.5b7a8b2037ff91c5cb7481e4acc7b371.jpg,165.19870635609567,1614.091567572216,21.730275848765437,-8.915150583526241,False,False,False,False,1991989f-1bf5-4e50-89bb-7301b220ac01,0.2734692630524803,False,False
train,1991989f-1bf5-4e50-89bb-7301b220ac01_mp4-0052_jpg.rf.47ab13933bb51df84e1b24ace5521515.jpg,165.77560763888889,1284.9948450244249,21.750093436535494,-9.30016637731481,False,False,False,False,1991989f-1bf5-4e50-89bb-7301b220ac01,0.27676595917878233,False,False
train,1991989f-1bf5-4e50-89bb-7301b220ac01_mp4-0053_jpg.rf.b02c295c5a58c1b6ba17b582a8056c73.jpg,165.65341977719908,1145.635381621997,22.06058002989969,-9.598445939429013,False,False,False,False,1991989f-1bf5-4e50-89bb-7301b220ac01,0.2885341296838839,False,False
train,1991989f-1bf5-4e50-89bb-7301b220ac01_mp4-0054_jpg.rf.8de5d90a9a4f332a747216fb41eff90f.jpg,165.56120997299382,1733.3866079405502,22.58525330343364,-9.597650221836403,False,False,False,False,1991989f-1bf5-4e50-89bb-7301b220ac01,0.2893151047197513,False,False
train,1991989f-1bf5-4e50-89bb-7301b220ac01_mp4-0055_jpg.rf.de338a9fae664af65e77dccfceb4061c.jpg,166.46655876253857,1607.4763516113717,22.507486979166668,-9.712396315586432,False,False,False,False,1991989f-1bf5-4e50-89bb-7301b220ac01,0.29095120693781373,False,False
train,1991989f-1bf5-4e50-89bb-7301b220ac01_mp4-0056_jpg.rf.92ce524d08466150ed65529ff6689ce1.jpg,166.44519796489195,1536.64593484663,22.701581790123456,-9.784894024884268,False,False,False,False,1991989f-1bf5-4e50-89bb-7301b220ac01,0.2920151518856089,False,False
train,1991989f-1bf5-4e50-89bb-7301b220ac01_mp4-0057_jpg.rf.3446a8e9e0c97d35562e3cf55239003e.jpg,166.3066104841821,1956.4740728804245,23.133641372492285,-9.923722632137329,False,False,False,False,1991989f-1bf5-4e50-89bb-7301b220ac01,0.2956033178816393,False,False
train,1991989f-1bf5-4e50-89bb-7301b220ac01_mp4-0058_jpg.rf.dfc4f996a3927a5b4e75d763696254ee.jpg,165.49619622878086,2207.601116293652,24.680031105324076,-10.021433135609584,False,False,False,False,1991989f-1bf5-4e50-89bb-7301b220ac01,0.29468059677915037,False,False
train,1991989f-1bf5-4e50-89bb-7301b220ac01_mp4-0059_jpg.rf.ea6ba40e5409b1acf5dabec1aa15a509.jpg,165.28950255594137,2044.8401950086932,24.922453703703702,-10.164749710648152,False,False,False,False,1991989f-1bf5-4e50-89bb-7301b220ac01,0.30756043888798434,False,False
train,1991989f-1bf5-4e50-89bb-7301b220ac01_mp4-0060_jpg.rf.6926eaf14201ada0346fb6fbeb5feaeb.jpg,165.67624843267748,1355.9185833901172,24.681182484567906,-10.158393012152771,False,False,False,False,1991989f-1bf5-4e50-89bb-7301b220ac01,0.3076879682948732,False,False
train,1991989f-1bf5-4e50-89bb-7301b220ac01_mp4-0061_jpg.rf.80b7bca502b381f15741b4d7f26f66ac.jpg,162.92693865740742,1752.490100586302,25.496744791666668,-9.872844931520063,False,False,False,False,1991989f-1bf5-4e50-89bb-7301b220ac01,0.304121394813068,False,False
train,1991989f-1bf5-4e50-89bb-7301b220ac01_mp4-0062_jpg.rf.70770885a045cd7eba5a6d46c8bde944.jpg,163.25515407986111,2427.942357796864,25.70508113908179,-10.01775896990742,False,False,False,False,1991989f-1bf5-4e50-89bb-7301b220ac01,0.30940496838228126,False,False
train,1991989f-1bf5-4e50-89bb-7301b220ac01_mp4-0063_jpg.rf.8198504d7a93ad91edd75318f35e05b0.jpg,163.36109905478395,2830.217025055852,25.73217170621142,-9.990909529320987,False,False,False,False,1991989f-1bf5-4e50-89bb-7301b220ac01,0.3071155450349018,False,False
train,1991989f-1bf5-4e50-89bb-7301b220ac01_mp4-0064_jpg.rf.39bb82e648c61047ec856ec8ed86a034.jpg,163.03672960069446,4561.527856353643,25.754509066358025,-9.625168788580254,False,False,False,False,1991989f-1bf5-4e50-89bb-7301b220ac01,0.30705428235315396,False,False
train,2be0c9f6-caf7-4f26-9b59-b1299865a721_mp4-0000_jpg.rf.4410c15283a120d72e19855f5017eefe.jpg,176.42502604166663,1043.3289623236765,34.041727430555554,1.278745659722233,False,False,False,False,fa45e6fb-4502-41bb-bb80-a4a4149318ad,0.19979993489583467,False,False
train,2be0c9f6-caf7-4f26-9b59-b1299865a721_mp4-0000_jpg.rf.9b485b811ccf258cb48b6c004fcd1d45.jpg,161.83752170138888,591.4026917064338,35.92137152777778,-1.822183159722215,False,False,False,False,fa45e6fb-4502-41bb-bb80-a4a4149318ad,0.2578231811024293,False,False
train,2be0c9f6-caf7-4f26-9b59-b1299865a721_mp4-0001_jpg.rf.3ed8a7f1802b523ec0331173e713a9a4.jpg,175.8644314236111,1738.188988069492,33.778020833333336,1.3459722222222013,False,False,False,False,fa45e6fb-4502-41bb-bb80-a4a4149318ad,0.2005745756944449,False,False
train,2be0c9f6-caf7-4f26-9b59-b1299865a721_mp4-0001_jpg.rf.43b844b10ac57a1a1ec7eb87821eb352.jpg,162.02103298611112,1652.8378463514543,36.62554253472222,-0.5971874999999898,False,False,False,False,fa45e6fb-4502-41bb-bb80-a4a4149318ad,0.25930912635850734,False,False
train,2be0c9f6-caf7-4f26-9b59-b1299865a721_mp4-0002_jpg.rf.4dfea425940bb2bde8d93defc59899de.jpg,162.0842578125,799.8655938457723,36.440646701388886,-0.7719357638889051,False,False,False,False,fa45e6fb-4502-41bb-bb80-a4a4149318ad,0.2577404442751732,False,False
train,2be0c9f6-caf7-4f26-9b59-b1299865a721_mp4-0002_jpg.rf.98821ac14bb080a4620ac8dd3a65ea95.jpg,175.76894097222225,697.0917678022975,34.551080729166664,1.9126041666666824,False,False,False,False,fa45e6fb-4502-41bb-bb80-a4a4149318ad,0.24215277777777722,False,False
train,2be0c9f6-caf7-4f26-9b59-b1299865a721_mp4-0003_jpg.rf.54b78678f35daa53a2b1eda1a459276f.jpg,176.5722265625,718.1196816080541,34.56915798611111,2.404318576388903,False,False,False,False,fa45e6fb-4502-41bb-bb80-a4a4149318ad,0.23461154513888802,False,False
train,2be0c9f6-caf7-4f26-9b59-b1299865a721_mp4-0003_jpg.rf.aa7f99d843383387a0ffbd24f5d9550b.jpg,163.9716623263889,875.7534074191624,35.69284288194444,-0.5664670138888823,False,False,False,False,fa45e6fb-4502-41bb-bb80-a4a4149318ad,0.2627429165125874,False,False
train,2be0c9f6-caf7-4f26-9b59-b1299865a721_mp4-0004_jpg.rf.1d2c1945f06dc4da62d79c19a01523fe.jpg,176.5691015625,615.8059897573779,33.220516493055555,2.2589192708333314,False,False,False,False,fa45e6fb-4502-41bb-bb80-a4a4149318ad,0.20085069444444556,False,False
train,2be0c9f6-caf7-4f26-9b59-b1299865a721_mp4-0004_jpg.rf.f33d09518e3422efe196aa2431867acc.jpg,164.69538194444445,932.2171439522448,35.51860243055555,-0.5554383680555475,False,False,False,False,fa45e6fb-4502-41bb-bb80-a4a4149318ad,0.2651375412326379,False,False
train,2be0c9f6-caf7-4f26-9b59-b1299865a721_mp4-0005_jpg.rf.223a58adafabd4965514783a97f5910b.jpg,164.44779079861112,958.3222857590664,36.64382378472222,-0.9738064236111086,False,False,False,False,fa45e6fb-4502-41bb-bb80-a4a4149318ad,0.2683355034722247,False,False
train,2be0c9f6-caf7-4f26-9b59-b1299865a721_mp4-0005_jpg.rf.92f5d5204e03ed6d7586cc78fa302b05.jpg,175.3383984375,1706.2839652388773,34.62674479166667,2.6559114583333496,False,False,False,False,fa45e6fb-4502-41bb-bb80-a4a4149318ad,0.20607421874999915,False,False
train,2be0c9f6-caf7-4f26-9b59-b1299865a721_mp4-0006_jpg.rf.ad044d9e65ca27c853d8bc9d391b0ddc.jpg,176.4631857638889,826.6339574866778,33.9952734375,2.522747395833335,False,False,False,False,fa45e6fb-4502-41bb-bb80-a4a4149318ad,0.20910807291666708,False,False
train,2be0c9f6-caf7-4f26-9b59-b1299865a721_mp4-0006_jpg.rf.eed26d363d7e538380101f06a3d42064.jpg,164.46274305555556,776.2011896538439,36.93367621527778,-0.1391406249999818,False,False,False,False,fa45e6fb-4502-41bb-bb80-a4a4149318ad,0.27445529513888833,False,False
train,2be0c9f6-caf7-4f26-9b59-b1299865a721_mp4-0007_jpg.rf.5c1fd70ea6bd65a01c69964bb20daf93.jpg,178.13102430555554,532.9308116752719,33.56529947916667,2.5435373263889005,False,False,False,False,fa45e6fb-4502-41bb-bb80-a4a4149318ad,0.20499131944444415,False,False
train,2be0c9f6-caf7-4f26-9b59-b1299865a721_mp4-0007_jpg.rf.60fe8d8acf8c9f972d7f6c1dd6685d36.jpg,165.51544704861112,729.3340681796603,36.41512152777778,-0.1712890625000227,False,False,False,False,fa45e6fb-4502-41bb-bb80-a4a4149318ad,0.27230980034722085,False,False
train,2be0c9f6-caf7-4f26-9b59-b1299865a721_mp4-0008_jpg.rf.16c7b3f12069753da2e126092e38518d.jpg,176.09649305555556,647.3077584876543,33.85298177083333,2.4028168402777794,False,False,False,False,fa45e6fb-4502-41bb-bb80-a4a4149318ad,0.21238498263888994,False,False
train,2be0c9f6-caf7-4f26-9b59-b1299865a721_mp4-0008_jpg.rf.f227f3143991cc4c5a9f0c4f87b3a6a8.jpg,166.33813802083333,590.4822432698568,35.661796875,-0.1753211805555565,False,False,False,False,fa45e6fb-4502-41bb-bb80-a4a4149318ad,0.2733335519010408,False,False
train,2be0c9f6-caf7-4f26-9b59-b1299865a721_mp4-0009_jpg.rf.1b73b605ec5e04eda0ab6a1e0113274f.jpg,167.32861545138888,618.0298502900865,35.25950954861111,-0.2119270833333359,False,False,False,False,fa45e6fb-4502-41bb-bb80-a4a4149318ad,0.2940385799066844,False,False
train,2be0c9f6-caf7-4f26-9b59-b1299865a721_mp4-0009_jpg.rf.b17c4682f7b0302fdcf1da5b02e1826b.jpg,174.96327690972225,1373.1779887332868,34.37766059027778,2.0996961805555543,False,False,False,False,fa45e6fb-4502-41bb-bb80-a4a4149318ad,0.2102368963802077,False,False
train,2be0c9f6-caf7-4f26-9b59-b1299865a721_mp4-0010_jpg.rf.650f61a40c4bcf230b7cd2e10ca2a883.jpg,176.10498697916665,563.9401598433695,33.76471788194444,2.085638020833329,False,False,False,False,fa45e6fb-4502-41bb-bb80-a4a4149318ad,0.2054427083333344,False,False
train,2be0c9f6-caf7-4f26-9b59-b1299865a721_mp4-0010_jpg.rf.6cbf10a43d8971007292b71e787b711f.jpg,167.92621527777777,1061.101684931927,35.89674045138889,-0.0962890625000056,False,False,False,False,fa45e6fb-4502-41bb-bb80-a4a4149318ad,0.28352634331596954,False,False
train,2be0c9f6-caf7-4f26-9b59-b1299865a721_mp4-0011_jpg.rf.5e0703fe76834b3f8c833e4ce503e064.jpg,176.35682725694446,650.9245631487622,33.71933159722222,1.9508637152777908,False,False,False,False,fa45e6fb-4502-41bb-bb80-a4a4149318ad,0.20865017361111063,False,False
train,2be0c9f6-caf7-4f26-9b59-b1299865a721_mp4-0011_jpg.rf.d1226802177262648ffdd2b9df4011d4.jpg,169.49061197916666,714.3697039658534,36.23213107638889,0.4903385416666594,False,False,False,False,fa45e6fb-4502-41bb-bb80-a4a4149318ad,0.2881393090863731,False,False
train,2be0c9f6-caf7-4f26-9b59-b1299865a721_mp4-0012_jpg.rf.bcd7a30e9e3d7998c5dcca4d1ad6f27f.jpg,176.60501302083333,769.5033068900213,33.565707465277775,1.9849045138888928,False,False,False,False,fa45e6fb-4502-41bb-bb80-a4a4149318ad,0.20972922309027808,False,False
train,2be0c9f6-caf7-4f26-9b59-b1299865a721_mp4-0012_jpg.rf.e2633c56cd25eab325b13e3cf0285304.jpg,170.65143663194445,653.1657117464796,35.93439236111111,0.5240104166666697,False,False,False,False,fa45e6fb-4502-41bb-bb80-a4a4149318ad,0.281024500045572,False,False
train,2be0c9f6-caf7-4f26-9b59-b1299865a721_mp4-0013_jpg.rf.c29ea91432240aa33d22b27bf184d35c.jpg,171.09940972222222,707.7563919532871,36.03825086805556,0.5091883680555611,False,False,False,False,fa45e6fb-4502-41bb-bb80-a4a4149318ad,0.28488281249999936,False,False
train,2be0c9f6-caf7-4f26-9b59-b1299865a721_mp4-0013_jpg.rf.cf2b28651c7c46c0213f2bce2839fe93.jpg,176.43138020833334,1672.7145491873848,34.033515625,1.3466319444444537,False,False,False,False,fa45e6fb-4502-41bb-bb80-a4a4149318ad,0.21222439236111112,False,False
train,2be0c9f6-caf7-4f26-9b59-b1299865a721_mp4-0014_jpg.rf.08b28d7d4a67e70b105af9bbc79155e5.jpg,171.52655381944444,711.1054502115132,35.94371527777778,0.2269444444444275,False,False,False,False,fa45e6fb-4502-41bb-bb80-a4a4149318ad,0.28771091515624736,False,False
train,2be0c9f6-caf7-4f26-9b59-b1299865a721_mp4-0014_jpg.rf.f7126bd97ee380c04646c06d370dd368.jpg,173.987578125,866.635475361671,34.5344140625,1.1017881944444523,False,False,False,False,fa45e6fb-4502-41bb-bb80-a4a4149318ad,0.21434244791666635,False,False
train,2be0c9f6-caf7-4f26-9b59-b1299865a721_mp4-0015_jpg.rf.ebebab7b4da2e5f4a1150889884b51d2.jpg,173.31653645833333,589.2819842836545,34.557881944444446,1.1178298611111188,False,False,False,False,fa45e6fb-4502-41bb-bb80-a4a4149318ad,0.21480685763888985,False,False
train,2be0c9f6-caf7-4f26-9b59-b1299865a721_mp4-0015_jpg.rf.ef4e73451546b86ed0aa89648b28ccce.jpg,170.50776475694445,1265.6591177299592,37.38983940972222,0.7314279513888948,False,False,False,False,fa45e6fb-4502-41bb-bb80-a4a4149318ad,0.2879905237999121,False,False
train,2be0c9f6-caf7-4f26-9b59-b1299865a721_mp4-0016_jpg.rf.a7b15dbcf11ddff8f14b21d1e0c41bed.jpg,173.2084765625,568.4592269483024,34.462421875,1.2310286458333335,False,False,False,False,fa45e6fb-4502-41bb-bb80-a4a4149318ad,0.21639756944444474,False,False
train,2be0c9f6-caf7-4f26-9b59-b1299865a721_mp4-0016_jpg.rf.e73151dfb486fa70d02dee0ad891344b.jpg,171.11129774305556,745.8087877042794,36.94998263888889,0.6485156250000159,False,False,False,False,fa45e6fb-4502-41bb-bb80-a4a4149318ad,0.28393964192708077,False,False
train,2be0c9f6-caf7-4f26-9b59-b1299865a721_mp4-0017_jpg.rf.450aa444a1554c9ff1cd5554d2216280.jpg,171.91285590277778,1661.2517907545302,35.13925347222222,2.005164930555537,False,False,False,False,fa45e6fb-4502-41bb-bb80-a4a4149318ad,0.21537407335069633,False,False
train,2be0c9f6-caf7-4f26-9b59-b1299865a721_mp4-0017_jpg.rf.7b3b13f046ebc06788667b3bcf6a834c.jpg,173.00239149305557,715.1100068467881,36.407543402777776,0.7119053819444332,False,False,False,False,fa45e6fb-4502-41bb-bb80-a4a4149318ad,0.28033569878472187,False,False
train,2be0c9f6-caf7-4f26-9b59-b1299865a721_mp4-0018_jpg.rf.5ce3c2c0e8d62ea998012a467a87cdb9.jpg,174.7131293402778,706.8313627700617,34.20025173611111,1.9784939236110968,False,False,False,False,fa45e6fb-4502-41bb-bb80-a4a4149318ad,0.21941910405382067,False,False
train,2be0c9f6-caf7-4f26-9b59-b1299865a721_mp4-0018_jpg.rf.ed8f520e9e3790d0167c608a94387a87.jpg,173.8793185763889,712.6264915786554,36.26384982638889,0.6436979166666674,False,False,False,False,fa45e6fb-4502-41bb-bb80-a4a4149318ad,0.28144965277777767,False,False
train,2be0c9f6-caf7-4f26-9b59-b1299865a721_mp4-0019_jpg.rf.2de861b68677783a33783a9e10fb8912.jpg,176.2715017361111,731.3390954812885,33.96532552083333,2.040998263888895,False,False,False,False,fa45e6fb-4502-41bb-bb80-a4a4149318ad,0.21677269965277673,False,False
train,2be0c9f6-caf7-4f26-9b59-b1299865a721_mp4-0019_jpg.rf.9a0996dca0ec7f7d2e47745006ca3268.jpg,173.6635546875,643.5138321709338,36.31809895833333,0.6007118055555623,False,False,False,False,fa45e6fb-4502-41bb-bb80-a4a4149318ad,0.28225694444444605,False,False
train,2be0c9f6-caf7-4f26-9b59-b1299865a721_mp4-0020_jpg.rf.6f683db5c2070f25b3299451334774ac.jpg,174.02921006944445,730.2172755140327,37.26490017361111,0.9663237847222206,False,False,False,False,fa45e6fb-4502-41bb-bb80-a4a4149318ad,0.2920562710720511,False,False
train,2be0c9f6-caf7-4f26-9b59-b1299865a721_mp4-0020_jpg.rf.7fc42a91611f8a9e1c7f9abba1d4d383.jpg,177.0633029513889,520.3968024463607,33.67765190972222,1.9461111111110936,False,False,False,False,fa45e6fb-4502-41bb-bb80-a4a4149318ad,0.21687065972222172,False,False
train,2be0c9f6-caf7-4f26-9b59-b1299865a721_mp4-0021_jpg.rf.38e378a0d9cf0719bbd11bb6f34840ec.jpg,176.89710503472222,759.0996515683587,33.545659722222226,1.8271961805555463,False,False,False,False,fa45e6fb-4502-41bb-bb80-a4a4149318ad,0.2222916666666665,False,False
train,2be0c9f6-caf7-4f26-9b59-b1299865a721_mp4-0021_jpg.rf.6e815a577f56e9fd7b3a646f4e66113d.jpg,174.50028211805557,680.9915573902083,37.06274739583333,1.0520138888888937,False,False,False,False,fa45e6fb-4502-41bb-bb80-a4a4149318ad,0.28772135416666644,False,False
train,2be0c9f6-caf7-4f26-9b59-b1299865a721_mp4-0022_jpg.rf.45f8011731e75302e57b018789d38f15.jpg,176.88358072916665,513.4628002386398,34.232517361111114,2.042973090277769,False,False,False,False,fa45e6fb-4502-41bb-bb80-a4a4149318ad,0.2604665798611083,False,False
train,2be0c9f6-caf7-4f26-9b59-b1299865a721_mp4-0022_jpg.rf.e7e07abbd362548ad4260e4ee1857066.jpg,175.17142361111112,758.2981336925931,36.92983940972222,0.9939713541666606,False,False,False,False,fa45e6fb-4502-41bb-bb80-a4a4149318ad,0.28785373263888814,False,False
train,2be0c9f6-caf7-4f26-9b59-b1299865a721_mp4-0023_jpg.rf.42d1d6de213a63254bcbdaa078bf4bb5.jpg,175.99690972222223,683.0121808321728,34.152096354166666,1.5898480902777692,False,False,False,False,fa45e6fb-4502-41bb-bb80-a4a4149318ad,0.23800781249999925,False,False
train,2be0c9f6-caf7-4f26-9b59-b1299865a721_mp4-0023_jpg.rf.e7957724a74c71cd252e8ef27bb9b9c2.jpg,175.14436631944446,660.6920686731221,36.83385416666667,0.9471180555555634,False,False,False,False,fa45e6fb-4502-41bb-bb80-a4a4149318ad,0.29306423611111176,False,False
train,2be0c9f6-caf7-4f26-9b59-b1299865a721_mp4-0024_jpg.rf.b68469ed7dbc2761e9d97caa5e98626f.jpg,175.1426171875,620.7058695879147,37.49369791666667,1.6787543402777771,False,False,False,False,fa45e6fb-4502-41bb-bb80-a4a4149318ad,0.2918511284722223,False,False
train,2be0c9f6-caf7-4f26-9b59-b1299865a721_mp4-0024_jpg.rf.ee27d997b44c966cedd87cd9ff9aad79.jpg,176.5572092013889,513.2909229916985,33.618815104166664,1.6951996527777735,False,False,False,False,fa45e6fb-4502-41bb-bb80-a4a4149318ad,0.21883897569444422,False,False
train,2be0c9f6-caf7-4f26-9b59-b1299865a721_mp4-0025_jpg.rf.98cc0a2c362f5bd72b5d42ee89284c0a.jpg,176.61545572916663,433.2060275877212,36.90499565972223,1.407395833333311,False,False,False,False,fa45e6fb-4502-41bb-bb80-a4a4149318ad,0.29566406249999966,False,False
train,2be0c9f6-caf7-4f26-9b59-b1299865a721_mp4-0025_jpg.rf.e27a5ce69b6b94aeed1ee76ab4b607b9.jpg,176.42944444444444,753.3460001544529,33.710538194444446,1.2272526041666652,False,False,False,False,fa45e6fb-4502-41bb-bb80-a4a4149318ad,0.2233159722222226,False,False
train,2be0c9f6-caf7-4f26-9b59-b1299865a721_mp4-0026_jpg.rf.5d82fc79ff130640b52c973c36e2cf33.jpg,177.959375,530.2266132458157,36.17409722222222,0.900060763888888,False,False,False,False,fa45e6fb-4502-41bb-bb80-a4a4149318ad,0.29468315972222237,False,False
train,2be0c9f6-caf7-4f26-9b59-b1299865a721_mp4-0026_jpg.rf.8dda640ad040e0b84ab72c0cc8971beb.jpg,172.0516579861111,780.0107790888279,34.59217881944444,1.3702604166666674,False,False,False,False,fa45e6fb-4502-41bb-bb80-a4a4149318ad,0.2255707465277788,False,False
train,2be0c9f6-caf7-4f26-9b59-b1299865a721_mp4-0027_jpg.rf.63b4a21409bb8e60a72dd97f4fc5b5c2.jpg,171.32912760416667,499.1982625885952,34.32914496527778,1.3963975694444173,False,False,False,False,fa45e6fb-4502-41bb-bb80-a4a4149318ad,0.22799769097222447,False,False
train,2be0c9f6-caf7-4f26-9b59-b1299865a721_mp4-0027_jpg.rf.b68eb4c264609fb7db889f82cfad18ed.jpg,178.2268923611111,441.2854732891884,35.88456163194444,0.4957942708333291,False,False,False,False,fa45e6fb-4502-41bb-bb80-a4a4149318ad,0.29709657087239727,False,False
train,2be0c9f6-caf7-4f26-9b59-b1299865a721_mp4-0028_jpg.rf.9e235aea11a773451d49de11b913d31b.jpg,175.22499131944446,357.9907442464193,36.85143229166667,-0.4105772569444355,False,False,False,False,fa45e6fb-4502-41bb-bb80-a4a4149318ad,0.2836827256944444,False,False
train,2be0c9f6-caf7-4f26-9b59-b1299865a721_mp4-0028_jpg.rf.eb994ffd337c7229787a3acd7086a842.jpg,172.1241970486111,565.3966779320987,33.941805555555554,1.3822265624999943,False,False,False,False,fa45e6fb-4502-41bb-bb80-a4a4149318ad,0.23370752215060753,False,False
train,2be0c9f6-caf7-4f26-9b59-b1299865a721_mp4-0029_jpg.rf.5e886769879bfbe80623bf775af7bc9c.jpg,169.20524305555554,636.6198342537587,34.889921875,1.3029383680555495,False,False,False,False,fa45e6fb-4502-41bb-bb80-a4a4149318ad,0.2339068729709201,False,False
train,2be0c9f6-caf7-4f26-9b59-b1299865a721_mp4-0029_jpg.rf.601774c9eb483e7a2b6d61f707965ccf.jpg,171.84131510416665,554.5329670503404,37.4697265625,-1.2119314236111052,False,False,False,False,fa45e6fb-4502-41bb-bb80-a4a4149318ad,0.28716185129557364,False,False
train,2be0c9f6-caf7-4f26-9b59-b1299865a721_mp4-0030_jpg.rf.18843a69f3721b391c0812879955d9b5.jpg,168.12776041666666,694.4679896610212,34.490872395833335,0.2120529513888982,False,False,False,False,fa45e6fb-4502-41bb-bb80-a4a4149318ad,0.23673728453993087,False,False
train,2be0c9f6-caf7-4f26-9b59-b1299865a721_mp4-0030_jpg.rf.f7f50ef34ed3071e5f35d4946ac44815.jpg,171.0616796875,413.0836490207248,37.14750434027778,-1.211059027777793,False,False,False,False,fa45e6fb-4502-41bb-bb80-a4a4149318ad,0.2889626736111105,False,False
train,2be0c9f6-caf7-4f26-9b59-b1299865a721_mp4-0031_jpg.rf.b3400ccf1cff118eb5a017300e89dece.jpg,169.18603298611112,378.2810081955898,37.80978298611111,-1.0212152777777703,False,False,False,False,fa45e6fb-4502-41bb-bb80-a4a4149318ad,0.29273003472222237,False,False
train,2be0c9f6-caf7-4f26-9b59-b1299865a721_mp4-0031_jpg.rf.ef4b7042af4ae1df14f77bf616fe9fe6.jpg,168.72331163194443,612.1039010710351,34.273754340277776,0.1100824652777703,False,False,False,False,fa45e6fb-4502-41bb-bb80-a4a4149318ad,0.23532405083984423,False,False
train,2be0c9f6-caf7-4f26-9b59-b1299865a721_mp4-0032_jpg.rf.045add0ba34a509372bc04112901d968.jpg,165.26919704861112,745.9620965024408,35.62366319444445,-0.0820442708333359,False,False,False,False,fa45e6fb-4502-41bb-bb80-a4a4149318ad,0.23283212967664738,False,False
train,2be0c9f6-caf7-4f26-9b59-b1299865a721_mp4-0032_jpg.rf.a314daee81bd8d588ad0d4f57fb07fcf.jpg,169.31840277777778,452.8882620551215,38.21329427083333,-0.4701996527777794,False,False,False,False,fa45e6fb-4502-41bb-bb80-a4a4149318ad,0.29983723958333197,False,False
train,2be0c9f6-caf7-4f26-9b59-b1299865a721_mp4-0033_jpg.rf.94ee9fa89ee52f504ce9925c13d2b22c.jpg,164.9760980902778,779.0992447915912,35.59580729166667,-0.2153776041666617,False,False,False,False,fa45e6fb-4502-41bb-bb80-a4a4149318ad,0.232473836651475,False,False
train,2be0c9f6-caf7-4f26-9b59-b1299865a721_mp4-0033_jpg.rf.e6b67500f1c4f6b51e2525be0b964ff8.jpg,171.6816059027778,549.4968288124932,37.96271267361111,0.0690190972222239,False,False,False,False,fa45e6fb-4502-41bb-bb80-a4a4149318ad,0.30473307291666696,False,False
train,2be0c9f6-caf7-4f26-9b59-b1299865a721_mp4-0034_jpg.rf.61046bb8e358526017a92cd7e23d2b30.jpg,166.9465755208333,700.3023493484874,34.648967013888885,-0.2883463541666629,False,False,False,False,fa45e6fb-4502-41bb-bb80-a4a4149318ad,0.2368663194444428,False,False
train,2be0c9f6-caf7-4f26-9b59-b1299865a721_mp4-0034_jpg.rf.abaeaebbaa34f861d5a9682445e7b6ed.jpg,172.94563802083334,410.4237619981366,39.41734375,1.5686718749999784,False,False,False,False,fa45e6fb-4502-41bb-bb80-a4a4149318ad,0.30765877604166625,False,False
train,2be0c9f6-caf7-4f26-9b59-b1299865a721_mp4-0035_jpg.rf.fbbc2f43b00b7c70996ddf0eed710352.jpg,167.11745225694443,887.5274412251036,34.663875868055555,-0.2914930555555486,False,False,False,False,fa45e6fb-4502-41bb-bb80-a4a4149318ad,0.23759548611111367,False,False
train,2be0c9f6-caf7-4f26-9b59-b1299865a721_mp4-0036_jpg.rf.26457b08c73705699c838a9f692a32ab.jpg,172.8779470486111,315.5187794618772,40.12743055555556,2.1836154513888744,False,False,False,False,fa45e6fb-4502-41bb-bb80-a4a4149318ad,0.30837890624999975,False,False
train,2be0c9f6-caf7-4f26-9b59-b1299865a721_mp4-0036_jpg.rf.ab20c51420bb17b5e0fa4321df0a8648.jpg,167.8635763888889,694.5898457784017,34.44072482638889,-0.5627560763888937,False,False,False,False,fa45e6fb-4502-41bb-bb80-a4a4149318ad,0.23616761128038102,False,False
train,2be0c9f6-caf7-4f26-9b59-b1299865a721_mp4-0037_jpg.rf.a16400343f61299132431ffed74900f3.jpg,168.58746961805556,824.4831677811046,35.047725694444445,-0.44696180555556,False,False,False,False,fa45e6fb-4502-41bb-bb80-a4a4149318ad,0.26149601156684055,False,False
train,2be0c9f6-caf7-4f26-9b59-b1299865a721_mp4-0037_jpg.rf.d6e4e91597a90e133dc66cf3a7667dae.jpg,173.91203993055555,386.6975220969682,40.19495659722222,2.494479166666679,False,False,False,False,fa45e6fb-4502-41bb-bb80-a4a4149318ad,0.3123068576388892,False,False
train,2be0c9f6-caf7-4f26-9b59-b1299865a721_mp4-0038_jpg.rf.55579cca6e1370a4c06ef808441708b4.jpg,174.90359809027777,567.3199149112654,40.722734375,3.120846354166673,False,False,False,False,fa45e6fb-4502-41bb-bb80-a4a4149318ad,0.32595269097222285,False,False
train,2be0c9f6-caf7-4f26-9b59-b1299865a721_mp4-0038_jpg.rf.61afa88295b8f5d3c4d7cc6eb7644147.jpg,169.20054253472222,476.1660214165393,35.055104166666666,-0.1087890624999943,False,False,False,False,fa45e6fb-4502-41bb-bb80-a4a4149318ad,0.25418829692925193,False,False
train,2be0c9f6-caf7-4f26-9b59-b1299865a721_mp4-0039_jpg.rf.a317d5918ec22cbcabb085c2b76258eb.jpg,176.03726996527777,459.69161083615154,40.237039930555554,2.956840277777758,False,False,False,False,fa45e6fb-4502-41bb-bb80-a4a4149318ad,0.3183680555555556,False,False
train,2be0c9f6-caf7-4f26-9b59-b1299865a721_mp4-0039_jpg.rf.d57fc8f7edc2b6a526dbf627d6525e3a.jpg,166.21701822916663,689.0863832734851,35.89956597222222,-0.5696614583333428,False,False,False,False,fa45e6fb-4502-41bb-bb80-a4a4149318ad,0.24962167970051957,False,False
train,2be0c9f6-caf7-4f26-9b59-b1299865a721_mp4-0040_jpg.rf.8e26df956339ca8ea09c7b234353c3ff.jpg,165.06682291666667,662.9737010127126,36.11328993055555,-1.1202994791666754,False,False,False,False,fa45e6fb-4502-41bb-bb80-a4a4149318ad,0.25442828212239715,False,False
train,2be0c9f6-caf7-4f26-9b59-b1299865a721_mp4-0040_jpg.rf.f84ef8628d0b7456720c0c53c6eeb412.jpg,176.61144965277776,453.83012207029367,39.836818576388886,2.739006076388904,False,False,False,False,fa45e6fb-4502-41bb-bb80-a4a4149318ad,0.3102777777777779,False,False
train,2be0c9f6-caf7-4f26-9b59-b1299865a721_mp4-0041_jpg.rf.024208d504a66deee7b9ac9bd5b574fe.jpg,176.9905642361111,534.2995956081626,39.61798611111111,2.508667534722207,False,False,False,False,fa45e6fb-4502-41bb-bb80-a4a4149318ad,0.31142361111111083,False,False
train,2be0c9f6-caf7-4f26-9b59-b1299865a721_mp4-0041_jpg.rf.aa47982d9df5398123f5883f14c3188b.jpg,164.80020833333333,604.1853087804536,35.90739583333333,-1.3821961805555532,False,False,False,False,fa45e6fb-4502-41bb-bb80-a4a4149318ad,0.2606293402777784,False,False
train,2be0c9f6-caf7-4f26-9b59-b1299865a721_mp4-0042_jpg.rf.1f3125525f7beea1bbb7d6054734fb7b.jpg,165.87414496527776,579.3940710412297,36.05851128472222,-2.0670008680555725,False,False,False,False,fa45e6fb-4502-41bb-bb80-a4a4149318ad,0.2669910711111143,False,False
train,2be0c9f6-caf7-4f26-9b59-b1299865a721_mp4-0042_jpg.rf.6e9d4ef273e04cf2eebbdfea67a65649.jpg,177.31831597222222,508.8438232078081,39.72131510416666,2.642782118055578,False,False,False,False,fa45e6fb-4502-41bb-bb80-a4a4149318ad,0.3101822916666652,False,False
train,2be0c9f6-caf7-4f26-9b59-b1299865a721_mp4-0043_jpg.rf.7e254ab9aa0eb884cd13b66645795ab5.jpg,177.03045572916668,566.5693829715683,40.5808203125,2.831623263888872,False,False,False,False,fa45e6fb-4502-41bb-bb80-a4a4149318ad,0.30801649305555545,False,False
train,2be0c9f6-caf7-4f26-9b59-b1299865a721_mp4-0043_jpg.rf.8e1c30815d8aada36849fe421d320157.jpg,163.70065104166667,720.9144355256069,36.7069921875,-2.0330164930555554,False,False,False,False,fa45e6fb-4502-41bb-bb80-a4a4149318ad,0.2672792563107652,False,False
train,2be0c9f6-caf7-4f26-9b59-b1299865a721_mp4-0044_jpg.rf.6fce199b4e42e4195efb174cf540c2ac.jpg,162.59999565972225,753.4676377115132,36.97223958333333,-1.912495659722225,False,False,False,False,fa45e6fb-4502-41bb-bb80-a4a4149318ad,0.2548437500000015,False,False
train,2be0c9f6-caf7-4f26-9b59-b1299865a721_mp4-0044_jpg.rf.f74c06804c1fe5f02496cda6128a31e4.jpg,177.0297612847222,360.3188701340664,40.52786024305556,2.7117968750000045,False,False,False,False,fa45e6fb-4502-41bb-bb80-a4a4149318ad,0.3079144965277778,False,False
train,2be0c9f6-caf7-4f26-9b59-b1299865a721_mp4-0045_jpg.rf.7c9c5c167980db43f022197e54615a0f.jpg,161.77968315972225,671.1542871273842,36.81576388888889,-1.7638411458333394,False,False,False,False,fa45e6fb-4502-41bb-bb80-a4a4149318ad,0.25696918402777624,False,False
train,2be0c9f6-caf7-4f26-9b59-b1299865a721_mp4-0045_jpg.rf.90a5f18554c0d344ae525c1d014a2c7a.jpg,176.39510416666667,451.0902212305705,40.65649305555556,2.8286328124999898,False,False,False,False,fa45e6fb-4502-41bb-bb80-a4a4149318ad,0.3114301215277764,False,False
train,2be0c9f6-caf7-4f26-9b59-b1299865a721_mp4-0046_jpg.rf.468c6996f8f4646a09437434c8e2a6ea.jpg,175.8562065972222,594.8429964828491,41.01491753472222,2.99029947916668,False,False,False,False,fa45e6fb-4502-41bb-bb80-a4a4149318ad,0.30851128472222156,False,False
train,2be0c9f6-caf7-4f26-9b59-b1299865a721_mp4-0046_jpg.rf.b15e165a1ed2d222af974ba21a21e5a1.jpg,160.076640625,856.7123564275106,36.637890625,-2.0769444444444503,False,False,False,False,fa45e6fb-4502-41bb-bb80-a4a4149318ad,0.2626809895833323,False,False
train,2be0c9f6-caf7-4f26-9b59-b1299865a721_mp4-0047_jpg.rf.94a30c3d3ae86973624c59e7efb53e36.jpg,160.07958333333335,609.1775893703696,36.34990451388889,-1.9495008680555368,False,False,False,False,fa45e6fb-4502-41bb-bb80-a4a4149318ad,0.2648849826388885,False,False
train,2be0c9f6-caf7-4f26-9b59-b1299865a721_mp4-0047_jpg.rf.f27ee4ac2293ade1dcf0e483dc0745b1.jpg,175.22999565972222,793.9452817848301,42.01973958333333,3.6313498263888846,False,False,False,False,fa45e6fb-4502-41bb-bb80-a4a4149318ad,0.3107921006944451,False,False
train,2be0c9f6-caf7-4f26-9b59-b1299865a721_mp4-0048_jpg.rf.0e699cf057db5d55df562d25a7711f2f.jpg,175.17126302083332,846.5989611062886,42.0303515625,3.6453472222222274,False,False,False,False,fa45e6fb-4502-41bb-bb80-a4a4149318ad,0.3144118923611129,False,False
train,2be0c9f6-caf7-4f26-9b59-b1299865a721_mp4-0048_jpg.rf.4f01084230cd02bb52a859d144f4eb32.jpg,161.24491319444445,744.179966409396,36.19962673611112,-1.8305338541666745,False,False,False,False,fa45e6fb-4502-41bb-bb80-a4a4149318ad,0.25788438585069473,False,False
train,2be0c9f6-caf7-4f26-9b59-b1299865a721_mp4-0049_jpg.rf.0c268fa6123d96c5dc08f1a94071efaa.jpg,175.23495225694444,1075.5533045069376,41.99358940972222,3.647929687499982,False,False,False,False,fa45e6fb-4502-41bb-bb80-a4a4149318ad,0.31129340277777773,False,False
train,2be0c9f6-caf7-4f26-9b59-b1299865a721_mp4-0049_jpg.rf.b12d718faca5eeaafb3f0bb8cfbb77b4.jpg,162.07107638888888,603.6342877577041,35.72322916666667,-1.8220355902777785,False,False,False,False,fa45e6fb-4502-41bb-bb80-a4a4149318ad,0.26594401041666643,False,False
train,2be0c9f6-caf7-4f26-9b59-b1299865a721_mp4-0050_jpg.rf.04a855fc37fe6aa5f1003f0f42a06558.jpg,175.94519097222224,790.432278181495,41.52526041666667,3.5297569444444434,False,False,False,False,fa45e6fb-4502-41bb-bb80-a4a4149318ad,0.3087000868055556,False,False
train,2be0c9f6-caf7-4f26-9b59-b1299865a721_mp4-0050_jpg.rf.af70034938ad66bc93612ad75de597cb.jpg,161.77983506944443,949.0770761209368,36.567699652777776,-0.7581510416666504,False,False,False,False,fa45e6fb-4502-41bb-bb80-a4a4149318ad,0.25787543402777735,False,False
train,2be0c9f6-caf7-4f26-9b59-b1299865a721_mp4-0051_jpg.rf.8b24708dd9c4cd534e827b8386646171.jpg,163.98910590277777,1005.7448028698392,35.72733940972222,-0.5624131944444457,False,False,False,False,fa45e6fb-4502-41bb-bb80-a4a4149318ad,0.2600173611111094,False,False
train,2be0c9f6-caf7-4f26-9b59-b1299865a721_mp4-0051_jpg.rf.c1e4b0c5db6921a19b7bfdf54594e579.jpg,176.40789930555556,764.7080207066666,41.3823828125,3.358988715277775,False,False,False,False,fa45e6fb-4502-41bb-bb80-a4a4149318ad,0.3094748263888868,False,False
train,2be0c9f6-caf7-4f26-9b59-b1299865a721_mp4-0052_jpg.rf.63b4cc3a8bf30df4c751aa5d8836f052.jpg,176.44682291666666,733.9735665683321,40.84675347222223,3.2023828125000198,False,False,False,False,fa45e6fb-4502-41bb-bb80-a4a4149318ad,0.3056640624999985,False,False
train,2be0c9f6-caf7-4f26-9b59-b1299865a721_mp4-0052_jpg.rf.e94f0276a69cde5a941c6a02995d7830.jpg,164.53221354166666,1072.9041968080685,35.74890190972222,-0.5973741319444343,False,False,False,False,fa45e6fb-4502-41bb-bb80-a4a4149318ad,0.27182307599826494,False,False
train,2be0c9f6-caf7-4f26-9b59-b1299865a721_mp4-0053_jpg.rf.6aaecf1fdb371d00032d0ba9ae319860.jpg,164.14816840277777,962.8053135240154,36.93720920138889,-1.0652864583333326,False,False,False,False,fa45e6fb-4502-41bb-bb80-a4a4149318ad,0.2692773437500007,False,False
train,2be0c9f6-caf7-4f26-9b59-b1299865a721_mp4-0053_jpg.rf.f950c949b446624b156b7a45515d2e2a.jpg,176.78703993055555,592.315533662,40.43108940972222,3.2560026041666674,False,False,False,False,fa45e6fb-4502-41bb-bb80-a4a4149318ad,0.30712673611111146,False,False
train,2be0c9f6-caf7-4f26-9b59-b1299865a721_mp4-0054_jpg.rf.2ca01e867f540553ab356a613cc446e2.jpg,164.88333767361112,841.0496078964234,36.81547309027778,-0.0674609374999875,False,False,False,False,fa45e6fb-4502-41bb-bb80-a4a4149318ad,0.275687934027776,False,False
train,2be0c9f6-caf7-4f26-9b59-b1299865a721_mp4-0054_jpg.rf.e56f8f4976619c508714583b40c20c0c.jpg,176.92118055555557,909.600877577021,40.335703125,3.252122395833311,False,False,False,False,fa45e6fb-4502-41bb-bb80-a4a4149318ad,0.3081488715277778,False,False
train,2be0c9f6-caf7-4f26-9b59-b1299865a721_mp4-0055_jpg.rf.113c61626f792ac1f433ec0722dc57d8.jpg,166.0520442708333,611.5023997666348,36.00470052083333,-0.2147092013888993,False,False,False,False,fa45e6fb-4502-41bb-bb80-a4a4149318ad,0.27109238838541816,False,False
train,2be0c9f6-caf7-4f26-9b59-b1299865a721_mp4-0055_jpg.rf.974d545d5a2b8d3c8526409a795be4e3.jpg,176.88485243055555,1117.5298863377702,40.49114149305556,3.1546918402777635,False,False,False,False,fa45e6fb-4502-41bb-bb80-a4a4149318ad,0.30627604166666744,False,False
train,2be0c9f6-caf7-4f26-9b59-b1299865a721_mp4-0056_jpg.rf.adb13c12eb3b2e237bf73d611723fccf.jpg,167.0955121527778,617.3287485983766,35.333758680555555,-0.1813324652777623,False,False,False,False,fa45e6fb-4502-41bb-bb80-a4a4149318ad,0.286336087560761,False,False
train,2be0c9f6-caf7-4f26-9b59-b1299865a721_mp4-0056_jpg.rf.be1d4b804c07679510ddc200060454a1.jpg,175.9494140625,1104.8060534116205,41.68302951388889,3.342868923611121,False,False,False,False,fa45e6fb-4502-41bb-bb80-a4a4149318ad,0.3115820312499984,False,False
train,2be0c9f6-caf7-4f26-9b59-b1299865a721_mp4-0057_jpg.rf.38565cb6e1b5f9ab1025787256c569fa.jpg,175.82265190972225,810.9149435382419,41.612964409722224,3.340030381944445,False,False,False,False,fa45e6fb-4502-41bb-bb80-a4a4149318ad,0.3106271701388894,False,False
train,2be0c9f6-caf7-4f26-9b59-b1299865a721_mp4-0057_jpg.rf.f5d20789fb8b512f3d6220a725e77132.jpg,168.1206467013889,962.1171024811168,35.72595486111111,-0.1450043402777794,False,False,False,False,fa45e6fb-4502-41bb-bb80-a4a4149318ad,0.28519021517794896,False,False
train,2be0c9f6-caf7-4f26-9b59-b1299865a721_mp4-0058_jpg.rf.382e6548bda5b59c86a3f567c813faeb.jpg,169.36078993055557,924.7673987901288,36.41190972222222,0.4874218749999954,False,False,False,False,fa45e6fb-4502-41bb-bb80-a4a4149318ad,0.28920343066840537,False,False
train,2be0c9f6-caf7-4f26-9b59-b1299865a721_mp4-0058_jpg.rf.5fa0bc5f197101db2139ccb0ace29aa1.jpg,175.80016927083332,667.5729556543986,41.40351128472222,3.410078124999984,False,False,False,False,fa45e6fb-4502-41bb-bb80-a4a4149318ad,0.3122005208333338,False,False
train,2be0c9f6-caf7-4f26-9b59-b1299865a721_mp4-0059_jpg.rf.b8388138bc3efe1678da5b78cd7350bb.jpg,175.52795138888888,620.8446961587788,41.466953125,3.563697916666655,False,False,False,False,fa45e6fb-4502-41bb-bb80-a4a4149318ad,0.31542534722221965,False,False
train,2be0c9f6-caf7-4f26-9b59-b1299865a721_mp4-0059_jpg.rf.f5b6607327c1373a37236fc6415a2ee8.jpg,170.874140625,615.2022566260821,35.817621527777774,0.530299479166672,False,False,False,False,fa45e6fb-4502-41bb-bb80-a4a4149318ad,0.28217586899305624,False,False
train,2be0c9f6-caf7-4f26-9b59-b1299865a721_mp4-0060_jpg.rf.d2fc9a4ee324058f51d7cdbd95eb4455.jpg,171.4438064236111,642.4249608817206,35.92955295138889,0.2514670138888846,False,False,False,False,fa45e6fb-4502-41bb-bb80-a4a4149318ad,0.2819795273459207,False,False
train,2be0c9f6-caf7-4f26-9b59-b1299865a721_mp4-0060_jpg.rf.edff11eb201b438183c08dad239a6e4e.jpg,174.9457248263889,880.9360199422011,41.65693142361111,3.633294270833318,False,False,False,False,fa45e6fb-4502-41bb-bb80-a4a4149318ad,0.31280056423611335,False,False
train,2be0c9f6-caf7-4f26-9b59-b1299865a721_mp4-0061_jpg.rf.2e8b5e61878eff413d04a2a89a69135b.jpg,171.24065104166667,757.005963530816,36.03636284722222,0.2558680555555668,False,False,False,False,fa45e6fb-4502-41bb-bb80-a4a4149318ad,0.28377387152777855,False,False
train,2be0c9f6-caf7-4f26-9b59-b1299865a721_mp4-0061_jpg.rf.a2f386082a895f147965c1949d625e82.jpg,174.43920572916667,901.828558376058,42.49953993055556,4.15692274305556,False,False,False,False,fa45e6fb-4502-41bb-bb80-a4a4149318ad,0.3246940104166678,False,False
train,2be0c9f6-caf7-4f26-9b59-b1299865a721_mp4-0062_jpg.rf.035a31615d0c21948389cd1eb25df01c.jpg,170.54167100694443,913.5919289369184,37.30057725694444,0.7048914930555554,False,False,False,False,fa45e6fb-4502-41bb-bb80-a4a4149318ad,0.292246093749998,False,False
train,2be0c9f6-caf7-4f26-9b59-b1299865a721_mp4-0062_jpg.rf.4db84b7db1386e84311bb28ae5681ffc.jpg,173.7765581597222,1071.5162679709915,42.70658854166667,4.170750868055563,False,False,False,False,fa45e6fb-4502-41bb-bb80-a4a4149318ad,0.3231575520833322,False,False
train,2be0c9f6-caf7-4f26-9b59-b1299865a721_mp4-0063_jpg.rf.06d6c826d985396d08b94813ac69b6bf.jpg,173.41906684027776,1063.845431307569,42.70035590277778,4.3291015625,False,False,False,False,fa45e6fb-4502-41bb-bb80-a4a4149318ad,0.3281727430555541,False,False
train,2be0c9f6-caf7-4f26-9b59-b1299865a721_mp4-0063_jpg.rf.9c3c666f4d8f3595f0afeef14fcde790.jpg,172.65742621527778,702.9320785520766,36.41429253472222,0.6705121527777749,False,False,False,False,fa45e6fb-4502-41bb-bb80-a4a4149318ad,0.2828976985872411,False,False
train,2be0c9f6-caf7-4f26-9b59-b1299865a721_mp4-0064_jpg.rf.ce29877f8f52463a43e3a77abd5c9682.jpg,173.95682725694445,717.75518070739,36.26571614583333,0.643832465277768,False,False,False,False,fa45e6fb-4502-41bb-bb80-a4a4149318ad,0.2825242274305575,False,False
train,2be0c9f6-caf7-4f26-9b59-b1299865a721_mp4-0064_jpg.rf.f4bb1fac4cee18a166f4b8b097d5b4c1.jpg,174.44112847222223,758.7576519097222,42.17054253472222,4.463671875000017,False,False,False,False,fa45e6fb-4502-41bb-bb80-a4a4149318ad,0.3254166666666649,False,False
train,2be0c9f6-caf7-4f26-9b59-b1299865a721_mp4-0065_jpg.rf.2a87720ab22540d06d31bdcfd13d0493.jpg,173.75207899305556,615.1658549931092,36.28802951388889,0.6215147569444639,False,False,False,False,fa45e6fb-4502-41bb-bb80-a4a4149318ad,0.28503902994791575,False,False
train,2be0c9f6-caf7-4f26-9b59-b1299865a721_mp4-0065_jpg.rf.edd052cd565941eb7ca5c5c3e5746e2a.jpg,175.55555989583334,2214.777781774733,42.42487847222223,5.10957899305555,False,False,False,False,fa45e6fb-4502-41bb-bb80-a4a4149318ad,0.32312065972222115,False,False
train,2be0c9f6-caf7-4f26-9b59-b1299865a721_mp4-0066_jpg.rf.51c1fd4f0fedf25fe1c9dfa19a7081a1.jpg,176.3127907986111,762.2962449062018,41.73455295138889,4.959904513888887,False,False,False,False,fa45e6fb-4502-41bb-bb80-a4a4149318ad,0.3203631401909721,False,False
train,2be0c9f6-caf7-4f26-9b59-b1299865a721_mp4-0066_jpg.rf.82746e8c142314443df31a18ca55e664.jpg,173.8554513888889,749.4576098897297,37.320529513888886,1.011362847222216,False,False,False,False,fa45e6fb-4502-41bb-bb80-a4a4149318ad,0.28951822916666486,False,False
train,2be0c9f6-caf7-4f26-9b59-b1299865a721_mp4-0067_jpg.rf.27b36f8033ee643dbfbaa11a3122ea6f.jpg,176.81677517361112,741.675825647406,41.44791232638889,4.951892361111106,False,False,False,False,fa45e6fb-4502-41bb-bb80-a4a4149318ad,0.3219227430555567,False,False
train,2be0c9f6-caf7-4f26-9b59-b1299865a721_mp4-0067_jpg.rf.8bd5ee1959a1847a128bd0f01606118e.jpg,175.10700086805556,560.6917001373668,36.81108072916667,1.0141015625000025,False,False,False,False,fa45e6fb-4502-41bb-bb80-a4a4149318ad,0.2881293402777769,False,False
train,2be0c9f6-caf7-4f26-9b59-b1299865a721_mp4-0068_jpg.rf.61d1a02d8f3d2347f1c84c792e34f210.jpg,175.18505208333335,687.8030979814695,36.82297309027778,0.9511501736111256,False,False,False,False,fa45e6fb-4502-41bb-bb80-a4a4149318ad,0.2895844184027767,False,False
train,2be0c9f6-caf7-4f26-9b59-b1299865a721_mp4-0068_jpg.rf.e5f578afb8e7a0e9100313464d40a361.jpg,177.1786935763889,845.008107479444,41.11538194444445,4.807287326388888,False,False,False,False,fa45e6fb-4502-41bb-bb80-a4a4149318ad,0.32076388888888974,False,False
train,2be0c9f6-caf7-4f26-9b59-b1299865a721_mp4-0069_jpg.rf.77d61389b3f9bb7706bcc00d81ff4991.jpg,177.7841623263889,687.259126692407,40.902881944444445,4.737521701388886,False,False,False,False,fa45e6fb-4502-41bb-bb80-a4a4149318ad,0.32114474826388884,False,False
train,2be0c9f6-caf7-4f26-9b59-b1299865a721_mp4-0069_jpg.rf.9b728e01fdfa584eabbe418bedc77bae.jpg,175.31549913194445,546.0621027138604,36.69734809027778,0.8519574652777919,False,False,False,False,fa45e6fb-4502-41bb-bb80-a4a4149318ad,0.2940082465277758,False,False
train,2be0c9f6-caf7-4f26-9b59-b1299865a721_mp4-0070_jpg.rf.0f68dd5e4d73d63d6a123674f982a04f.jpg,176.4542013888889,1016.5456597113716,41.81950086805556,4.743493923611112,False,False,False,False,fa45e6fb-4502-41bb-bb80-a4a4149318ad,0.31708767361111323,False,False
train,2be0c9f6-caf7-4f26-9b59-b1299865a721_mp4-0070_jpg.rf.9eaa43c1462336e78cad3ce10b1dd713.jpg,176.3870703125,443.7618655044368,37.04254340277778,1.4221744791666424,False,False,False,False,fa45e6fb-4502-41bb-bb80-a4a4149318ad,0.297878551130641,False,False
train,2be0c9f6-caf7-4f26-9b59-b1299865a721_mp4-0071_jpg.rf.0d9f9b39154af51977ddeffb0731b863.jpg,176.6845703125,1026.9547419338462,41.49585069444444,4.802434895833329,False,False,False,False,fa45e6fb-4502-41bb-bb80-a4a4149318ad,0.31367621527777767,False,False
train,2be0c9f6-caf7-4f26-9b59-b1299865a721_mp4-0071_jpg.rf.7dd30c3d62687683d3348028f45a5686.jpg,178.0170138888889,406.4911867675028,36.122296006944445,0.8532595486111063,False,False,False,False,fa45e6fb-4502-41bb-bb80-a4a4149318ad,0.3078016493055549,False,False
train,2be0c9f6-caf7-4f26-9b59-b1299865a721_mp4-0072_jpg.rf.06aa14c7ca734a3735f2c15a61af6b9a.jpg,178.0584548611111,412.9729901846238,35.902408854166666,0.2836111111111279,False,False,False,False,fa45e6fb-4502-41bb-bb80-a4a4149318ad,0.3000889756944437,False,False
train,2be0c9f6-caf7-4f26-9b59-b1299865a721_mp4-0072_jpg.rf.2ef0e9f88d0dc04c098760f2ebe7fa4f.jpg,177.54389322916666,680.7891188783809,40.75538628472222,5.070316840277769,False,False,False,False,fa45e6fb-4502-41bb-bb80-a4a4149318ad,0.3009181436197925,False,False
train,2be0c9f6-caf7-4f26-9b59-b1299865a721_mp4-0073_jpg.rf.144821eba990c9b397e3b7aff56e233f.jpg,174.38254774305557,398.1145266384548,37.097248263888886,-0.5192361111110984,False,False,False,False,fa45e6fb-4502-41bb-bb80-a4a4149318ad,0.28841145833333237,False,False
train,2be0c9f6-caf7-4f26-9b59-b1299865a721_mp4-0073_jpg.rf.57775593750413ffb9c3af3d4a797408.jpg,179.54710503472222,585.8062090682984,39.03309461805556,6.159097222222215,False,False,False,False,fa45e6fb-4502-41bb-bb80-a4a4149318ad,0.31892361111111067,False,False
train,2be0c9f6-caf7-4f26-9b59-b1299865a721_mp4-0074_jpg.rf.7af35edb55074e11f90ba30789f18e14.jpg,171.6543359375,423.7142144817588,36.93421006944445,-1.4539670138888994,False,False,False,False,fa45e6fb-4502-41bb-bb80-a4a4149318ad,0.2821723090277764,False,False
train,2be0c9f6-caf7-4f26-9b59-b1299865a721_mp4-0074_jpg.rf.808a0eb896b28567c0d453b4fed63fd4.jpg,179.3338845486111,672.9140037024981,37.899982638888886,7.729674479166675,False,False,False,False,fa45e6fb-4502-41bb-bb80-a4a4149318ad,0.32221571180555586,False,False
train,2be0c9f6-caf7-4f26-9b59-b1299865a721_mp4-0075_jpg.rf.5f39bd57df73ec839c9d51b52481c79e.jpg,175.81831163194445,564.0474084015834,39.52386284722222,8.724661458333344,False,False,False,False,fa45e6fb-4502-41bb-bb80-a4a4149318ad,0.3272319878472184,False,False
train,2be0c9f6-caf7-4f26-9b59-b1299865a721_mp4-0075_jpg.rf.8c169a3b3f7ff62e37db167c4b2ae991.jpg,170.3309982638889,417.1121177526216,37.332881944444445,-1.1578038194444389,False,False,False,False,fa45e6fb-4502-41bb-bb80-a4a4149318ad,0.29241102430555505,False,False
train,2be0c9f6-caf7-4f26-9b59-b1299865a721_mp4-0076_jpg.rf.5089945554efb85504211da9d0da503b.jpg,174.75340711805555,719.2663608205536,39.86900173611111,8.70891927083332,False,False,False,False,fa45e6fb-4502-41bb-bb80-a4a4149318ad,0.3180946180555555,False,False
train,2be0c9f6-caf7-4f26-9b59-b1299865a721_mp4-0076_jpg.rf.fc5391644342b9f57a8419fbaef59a01.jpg,169.19422743055554,394.9726567925159,37.99087673611111,-0.7565842013888755,False,False,False,False,fa45e6fb-4502-41bb-bb80-a4a4149318ad,0.2986002604166662,False,False
train,2be0c9f6-caf7-4f26-9b59-b1299865a721_mp4-0077_jpg.rf.3c1fd1bede79cb07a759a429595dc68f.jpg,175.36776041666667,690.067203001724,39.62046875,9.000802951388891,False,False,False,False,fa45e6fb-4502-41bb-bb80-a4a4149318ad,0.3253819444444447,False,False
train,2be0c9f6-caf7-4f26-9b59-b1299865a721_mp4-0077_jpg.rf.d9e774746ceecd84835688eccb8151ff.jpg,171.3260329861111,599.1411549605571,37.937465277777775,-0.027122395833345,False,False,False,False,fa45e6fb-4502-41bb-bb80-a4a4149318ad,0.3024296874999981,False,False
train,2be0c9f6-caf7-4f26-9b59-b1299865a721_mp4-0078_jpg.rf.3a929807afcc46c1b1201baffe7dddc4.jpg,173.13147135416668,323.3433271266607,39.18333333333333,1.4465885416666708,False,False,False,False,fa45e6fb-4502-41bb-bb80-a4a4149318ad,0.3032899305555561,False,False
train,2be0c9f6-caf7-4f26-9b59-b1299865a721_mp4-0078_jpg.rf.dfb6793af1f0e11b444f88bf8ef3409c.jpg,175.7518185763889,919.3059372551812,39.55097222222222,9.052256944444425,False,False,False,False,fa45e6fb-4502-41bb-bb80-a4a4149318ad,0.33002170138888876,False,False
train,2be0c9f6-caf7-4f26-9b59-b1299865a721_mp4-0079_jpg.rf.b9c5c02d9843939a380d5cec6b27f6e3.jpg,172.735078125,360.9478603508844,39.56972222222223,1.6927170138888812,False,False,False,False,fa45e6fb-4502-41bb-bb80-a4a4149318ad,0.30798828124999983,False,False
train,2be0c9f6-caf7-4f26-9b59-b1299865a721_mp4-0079_jpg.rf.db2f7bc9cf004c737ee871d9859d4795.jpg,175.56522135416665,2230.639393595359,40.68416666666667,9.339917534722218,False,False,False,False,fa45e6fb-4502-41bb-bb80-a4a4149318ad,0.33418185763889036,False,False
train,2be0c9f6-caf7-4f26-9b59-b1299865a721_mp4-0080_jpg.rf.51edbda029f89f55000f45111d7b588c.jpg,176.1658984375,1103.8032418235307,40.214869791666665,9.332864583333333,False,False,False,False,fa45e6fb-4502-41bb-bb80-a4a4149318ad,0.33251885957248206,False,False
train,2be0c9f6-caf7-4f26-9b59-b1299865a721_mp4-0080_jpg.rf.e5e00b60234f171a3aa98047c4ee8555.jpg,172.96635850694443,348.2087269151287,40.13459635416667,2.136558159722199,False,False,False,False,fa45e6fb-4502-41bb-bb80-a4a4149318ad,0.31157726299262334,False,False
train,2be0c9f6-caf7-4f26-9b59-b1299865a721_mp4-0081_jpg.rf.34764242ad00e363e0e551139b76b478.jpg,174.07261284722222,376.8015312951924,40.12073784722222,2.4874522569444366,False,False,False,False,fa45e6fb-4502-41bb-bb80-a4a4149318ad,0.31230902777777897,False,False
train,2be0c9f6-caf7-4f26-9b59-b1299865a721_mp4-0081_jpg.rf.3811d7e562ce6ffd9128bbeed80f5c1a.jpg,176.6724609375,913.3980279513888,39.932317708333336,9.299557291666671,False,False,False,False,fa45e6fb-4502-41bb-bb80-a4a4149318ad,0.3234483506944442,False,False
train,2be0c9f6-caf7-4f26-9b59-b1299865a721_mp4-0082_jpg.rf.4e6bceb486f0dfa56633214083a28f7a.jpg,177.00275173611112,1074.990072873264,39.72678385416667,9.324045138888891,False,False,False,False,fa45e6fb-4502-41bb-bb80-a4a4149318ad,0.32290798611110916,False,False
train,2be0c9f6-caf7-4f26-9b59-b1299865a721_mp4-0082_jpg.rf.ed987af656eda573ad2bdfb7d76a90ca.jpg,175.62085069444444,543.0690206741709,40.55510850694444,2.9919748263888835,False,False,False,False,fa45e6fb-4502-41bb-bb80-a4a4149318ad,0.31195095486111113,False,False
train,2be0c9f6-caf7-4f26-9b59-b1299865a721_mp4-0083_jpg.rf.36d8bcfc1dcf00421491d35de8ca5f68.jpg,177.46882378472222,1017.0008551430597,39.262890625,9.415559895833326,False,False,False,False,fa45e6fb-4502-41bb-bb80-a4a4149318ad,0.3188736979166669,False,False
train,2be0c9f6-caf7-4f26-9b59-b1299865a721_mp4-0083_jpg.rf.e1bb75c75d74792d4a548a5c4dad8c1d.jpg,176.46581163194443,404.7455360167704,40.072994791666666,2.779075520833345,False,False,False,False,fa45e6fb-4502-41bb-bb80-a4a4149318ad,0.31191189236111067,False,False
train,2be0c9f6-caf7-4f26-9b59-b1299865a721_mp4-0084_jpg.rf.03797bb56c3cbbfac0ef7a81665bb1c1.jpg,176.76610677083335,657.474371551721,39.67495225694445,2.594605034722236,False,False,False,False,fa45e6fb-4502-41bb-bb80-a4a4149318ad,0.3106467013888896,False,False
train,2be0c9f6-caf7-4f26-9b59-b1299865a721_mp4-0084_jpg.rf.407b0c67f752892706095bc8e7ab6ffc.jpg,177.2535763888889,1014.7320496441688,40.52049479166666,9.949123263888907,False,False,False,False,fa45e6fb-4502-41bb-bb80-a4a4149318ad,0.3385525173611098,False,False
train,2be0c9f6-caf7-4f26-9b59-b1299865a721_mp4-0085_jpg.rf.4494d72e373f1122ae3bb0fcc941899c.jpg,177.15473090277777,587.7829383522129,39.80310329861111,2.656106770833333,False,False,False,False,fa45e6fb-4502-41bb-bb80-a4a4149318ad,0.31161675347222206,False,False
train,2be0c9f6-caf7-4f26-9b59-b1299865a721_mp4-0085_jpg.rf.d7ebfb4f3436a5e213d939637199d94d.jpg,177.26944444444445,1102.7564670679728,40.49341145833333,9.878151041666657,False,False,False,False,fa45e6fb-4502-41bb-bb80-a4a4149318ad,0.32784939236111144,False,False
train,2be0c9f6-caf7-4f26-9b59-b1299865a721_mp4-0086_jpg.rf.3e65dbea69646a4906c16f31d21c6db8.jpg,177.4979904513889,991.1964279430812,40.26724826388889,9.765073784722231,False,False,False,False,fa45e6fb-4502-41bb-bb80-a4a4149318ad,0.31772135416666686,False,False
train,2be0c9f6-caf7-4f26-9b59-b1299865a721_mp4-0086_jpg.rf.aef0abd2b135367befed224e1872ff1a.jpg,177.20400607638888,441.3270788569509,40.49243055555556,2.829691840277775,False,False,False,False,fa45e6fb-4502-41bb-bb80-a4a4149318ad,0.30663628472221993,False,False
train,2be0c9f6-caf7-4f26-9b59-b1299865a721_mp4-0087_jpg.rf.5dffc1b3f8ee629e5fb66ca0d8cbdd5c.jpg,177.83931857638888,1063.2045663782,40.15080295138889,9.865056423611122,False,False,False,False,fa45e6fb-4502-41bb-bb80-a4a4149318ad,0.32317708333333095,False,False
train,2be0c9f6-caf7-4f26-9b59-b1299865a721_mp4-0087_jpg.rf.9c23de1878c3d6562312549d17c5b70e.jpg,176.876796875,374.65039014274686,40.47689236111111,2.7631423611111074,False,False,False,False,fa45e6fb-4502-41bb-bb80-a4a4149318ad,0.3081054687499989,False,False
train,2be0c9f6-caf7-4f26-9b59-b1299865a721_mp4-0088_jpg.rf.81776000fa90076afa0d84c5a8cfee32.jpg,176.0025998263889,620.5745535780164,40.88771267361111,2.985073784722232,False,False,False,False,fa45e6fb-4502-41bb-bb80-a4a4149318ad,0.3104660264756952,False,False
train,2be0c9f6-caf7-4f26-9b59-b1299865a721_mp4-0088_jpg.rf.8c07c1945f44ce4078e76771b52cad5b.jpg,177.65118055555556,1804.3926126707288,40.49564236111111,10.207452256944464,False,False,False,False,fa45e6fb-4502-41bb-bb80-a4a4149318ad,0.3206944444444453,False,False
train,2be0c9f6-caf7-4f26-9b59-b1299865a721_mp4-0089_jpg.rf.3b8fbae1488077da0d432ca045023214.jpg,178.28231770833332,920.5621562585712,39.93438802083333,10.086432291666654,False,False,False,False,fa45e6fb-4502-41bb-bb80-a4a4149318ad,0.3338389756944422,False,False
train,2be0c9f6-caf7-4f26-9b59-b1299865a721_mp4-0089_jpg.rf.8c46cde1c1291828e34a61dc63ce0323.jpg,175.7898828125,573.1105208285109,41.00256510416666,2.987252604166656,False,False,False,False,fa45e6fb-4502-41bb-bb80-a4a4149318ad,0.3073133680555582,False,False
train,2be0c9f6-caf7-4f26-9b59-b1299865a721_mp4-0090_jpg.rf.1046df6d5d50b20f585b08c13356bb0c.jpg,178.48891493055555,1057.8177676413454,39.780286458333336,9.93959201388887,False,False,False,False,fa45e6fb-4502-41bb-bb80-a4a4149318ad,0.3189541818576388,False,False
train,2be0c9f6-caf7-4f26-9b59-b1299865a721_mp4-0090_jpg.rf.d2aa2f43a8cf636bbcaa98c002e402f0.jpg,175.27641493055555,725.1990895362949,41.95240017361111,3.606605902777801,False,False,False,False,fa45e6fb-4502-41bb-bb80-a4a4149318ad,0.3130230034722217,False,False
train,2be0c9f6-caf7-4f26-9b59-b1299865a721_mp4-0091_jpg.rf.19a8bad56dd7d065c1527922e628965b.jpg,176.82348524305556,976.186297815092,39.93901909722222,9.738880208333342,False,False,False,False,fa45e6fb-4502-41bb-bb80-a4a4149318ad,0.31784970920138944,False,False
train,2be0c9f6-caf7-4f26-9b59-b1299865a721_mp4-0091_jpg.rf.9d077b1ddfad8976838ed34a3b86f41d.jpg,175.27,1011.4771042812018,41.99732638888889,3.6318142361111256,False,False,False,False,fa45e6fb-4502-41bb-bb80-a4a4149318ad,0.3141384548611104,False,False
train,2be0c9f6-caf7-4f26-9b59-b1299865a721_mp4-0092_jpg.rf.5858e35fea36c807ddcead2aa28d76a7.jpg,175.62005642361112,969.8736241219792,41.7247265625,3.598511284722236,False,False,False,False,fa45e6fb-4502-41bb-bb80-a4a4149318ad,0.308077256944444,False,False
train,2be0c9f6-caf7-4f26-9b59-b1299865a721_mp4-0092_jpg.rf.6bf0edfe3dc03887a02a4ef9b41d49d1.jpg,176.32947916666666,1170.7546269904242,39.98753472222222,9.482725694444468,False,False,False,False,fa45e6fb-4502-41bb-bb80-a4a4149318ad,0.32029079861111254,False,False
train,2be0c9f6-caf7-4f26-9b59-b1299865a721_mp4-0093_jpg.rf.0393d1ee80170076ea6ccfb2d410db71.jpg,175.18770833333335,2285.91965154321,40.67379774305556,8.877673611111135,False,False,False,False,fa45e6fb-4502-41bb-bb80-a4a4149318ad,0.3079275173611098,False,False
train,2be0c9f6-caf7-4f26-9b59-b1299865a721_mp4-0093_jpg.rf.b7046161cc739a7d86e7f9fdb4084557.jpg,176.30007378472223,887.0849683738237,41.494427083333335,3.3786935763888835,False,False,False,False,fa45e6fb-4502-41bb-bb80-a4a4149318ad,0.30874348958333375,False,False
train,2be0c9f6-caf7-4f26-9b59-b1299865a721_mp4-0094_jpg.rf.89a5120ca7e4fa96822777745861df30.jpg,176.49641059027778,632.136144540217,40.76338975694444,3.2534071180555486,False,False,False,False,fa45e6fb-4502-41bb-bb80-a4a4149318ad,0.30894314236111203,False,False
train,2be0c9f6-caf7-4f26-9b59-b1299865a721_mp4-0094_jpg.rf.d52168d369163224bf03b4f4fc3baaa0.jpg,175.90009114583333,1589.1472090564114,40.241922743055554,8.869539930555561,False,False,False,False,fa45e6fb-4502-41bb-bb80-a4a4149318ad,0.31012152777777935,False,False
train,2be0c9f6-caf7-4f26-9b59-b1299865a721_mp4-0095_jpg.rf.14f7f3f4d8f9b185e423f7e74a041ea1.jpg,176.7943185763889,682.937504328504,40.40605902777778,3.274127604166665,False,False,False,False,fa45e6fb-4502-41bb-bb80-a4a4149318ad,0.3064930555555545,False,False
train,2be0c9f6-caf7-4f26-9b59-b1299865a721_mp4-0095_jpg.rf.a66a084676997abea7f34355c34657c3.jpg,176.5296050347222,1038.9701933117335,39.72508680555556,8.858927951388893,False,False,False,False,fa45e6fb-4502-41bb-bb80-a4a4149318ad,0.318385416666665,False,False
train,2be0c9f6-caf7-4f26-9b59-b1299865a721_mp4-0096_jpg.rf.5965731fdc85d1aee7f459faa0f38702.jpg,176.8665017361111,1097.712745908365,40.46796440972222,3.196909722222216,False,False,False,False,fa45e6fb-4502-41bb-bb80-a4a4149318ad,0.30749565972222304,False,False
train,2be0c9f6-caf7-4f26-9b59-b1299865a721_mp4-0096_jpg.rf.d67fa1455743874bbe95d48d9f58596d.jpg,177.26492621527777,925.7837959906497,39.3571875,8.746623263888893,False,False,False,False,fa45e6fb-4502-41bb-bb80-a4a4149318ad,0.30329669115451474,False,False
train,2be0c9f6-caf7-4f26-9b59-b1299865a721_mp4-0097_jpg.rf.946bfeb26fa675553cff547551050a2f.jpg,176.6419097222222,1032.4776175416548,40.6119140625,3.1299565972222183,False,False,False,False,fa45e6fb-4502-41bb-bb80-a4a4149318ad,0.307953559027776,False,False
train,2be0c9f6-caf7-4f26-9b59-b1299865a721_mp4-0097_jpg.rf.d5d97a09ff83b403da754db39a3a2027.jpg,174.06903645833333,1702.404097791714,39.871059027777775,8.418402777777771,False,False,False,False,fa45e6fb-4502-41bb-bb80-a4a4149318ad,0.30932725694444335,False,False
train,2be0c9f6-caf7-4f26-9b59-b1299865a721_mp4-0098_jpg.rf.404382325bff94b4f648b6833f31fa52.jpg,174.4385329861111,926.9195170233644,39.42955729166667,8.37583767361113,False,False,False,False,fa45e6fb-4502-41bb-bb80-a4a4149318ad,0.30359157986111107,False,False
train,2be0c9f6-caf7-4f26-9b59-b1299865a721_mp4-0098_jpg.rf.7235693a9562b35508014309a232d6b8.jpg,175.66802083333334,1036.049557020399,41.72215277777778,3.406953125000001,False,False,False,False,fa45e6fb-4502-41bb-bb80-a4a4149318ad,0.314702690972222,False,False
train,2be0c9f6-caf7-4f26-9b59-b1299865a721_mp4-0099_jpg.rf.37ad81282b3da8a953e34d236bf056f3.jpg,174.9824565972222,973.1775007097974,38.959049479166666,8.200325520833331,False,False,False,False,fa45e6fb-4502-41bb-bb80-a4a4149318ad,0.28827690972222186,False,False
train,2be0c9f6-caf7-4f26-9b59-b1299865a721_mp4-0099_jpg.rf.74dad1f63f126b4284bb1e3842d5696f.jpg,175.70483506944444,733.5031195289706,41.47993923611112,3.4369140624999943,False,False,False,False,fa45e6fb-4502-41bb-bb80-a4a4149318ad,0.31578086371527725,False,False
train,2be0c9f6-caf7-4f26-9b59-b1299865a721_mp4-0100_jpg.rf.9303fedd8f3adeb231cc281221eb27a2.jpg,175.39496527777777,968.7243676848046,38.71448784722222,8.102426215277802,False,False,False,False,fa45e6fb-4502-41bb-bb80-a4a4149318ad,0.29621527777777734,False,False
train,2be0c9f6-caf7-4f26-9b59-b1299865a721_mp4-0100_jpg.rf.a53ef10ea72d7f4fbb03e113713e2238.jpg,175.1987717013889,841.5769140570558,41.61549479166667,3.590611979166681,False,False,False,False,fa45e6fb-4502-41bb-bb80-a4a4149318ad,0.31595920138889,False,False
train,2be0c9f6-caf7-4f26-9b59-b1299865a721_mp4-0101_jpg.rf.010bd1b49391297484a734664af15c1a.jpg,173.35957465277778,1317.88635335618,39.505785590277775,8.043567708333313,False,False,False,False,fa45e6fb-4502-41bb-bb80-a4a4149318ad,0.29758680555555583,False,False
train,2be0c9f6-caf7-4f26-9b59-b1299865a721_mp4-0101_jpg.rf.499dbacbf9e412389af075a4edd5e1d2.jpg,175.0703298611111,789.8075954351732,41.62164496527778,3.624479166666674,False,False,False,False,fa45e6fb-4502-41bb-bb80-a4a4149318ad,0.31889756944444303,False,False
train,2be0c9f6-caf7-4f26-9b59-b1299865a721_mp4-0102_jpg.rf.b073380f8a26ace80104579ebeab35f0.jpg,171.58889322916667,1132.120116723162,39.854418402777775,7.674960937500003,False,False,False,False,fa45e6fb-4502-41bb-bb80-a4a4149318ad,0.28860026041666764,False,False
train,2be0c9f6-caf7-4f26-9b59-b1299865a721_mp4-0102_jpg.rf.ecd4bcd725b8cdb81d7f6c8357d6abdf.jpg,174.07793836805556,1190.1581422579543,42.71111979166667,4.14736111111111,False,False,False,False,fa45e6fb-4502-41bb-bb80-a4a4149318ad,0.3242740885416667,False,False
train,2be0c9f6-caf7-4f26-9b59-b1299865a721_mp4-0103_jpg.rf.0562e3ba1c5fff96fc2b7838b01daba7.jpg,171.4126736111111,911.1100125079683,39.81029513888889,7.797508680555552,False,False,False,False,fa45e6fb-4502-41bb-bb80-a4a4149318ad,0.29493706597222236,False,False
train,2be0c9f6-caf7-4f26-9b59-b1299865a721_mp4-0103_jpg.rf.821177b7dd664d84327621f37d4e3931.jpg,173.69133680555555,821.6155987220294,42.507113715277775,4.230598958333331,False,False,False,False,fa45e6fb-4502-41bb-bb80-a4a4149318ad,0.3228298611111129,False,False
train,2be0c9f6-caf7-4f26-9b59-b1299865a721_mp4-0104_jpg.rf.107e3f4db1615c84731369f29493bbec.jpg,170.33586371527778,965.8409077659136,39.97335069444444,7.938402777777782,False,False,False,False,fa45e6fb-4502-41bb-bb80-a4a4149318ad,0.29129123263888834,False,False
train,2be0c9f6-caf7-4f26-9b59-b1299865a721_mp4-0104_jpg.rf.abf956a75562b4e760832de1cc748630.jpg,173.62082899305557,1054.741965384759,42.71051215277778,4.443289930555551,False,False,False,False,fa45e6fb-4502-41bb-bb80-a4a4149318ad,0.30661892361110943,False,False
train,2be0c9f6-caf7-4f26-9b59-b1299865a721_mp4-0105_jpg.rf.043dd05fe4f43c76335c6ecd4c4c8fd5.jpg,169.95163194444444,911.4385997103468,39.92559461805556,8.143663194444429,False,False,False,False,fa45e6fb-4502-41bb-bb80-a4a4149318ad,0.3016992187500006,False,False
train,2be0c9f6-caf7-4f26-9b59-b1299865a721_mp4-0105_jpg.rf.d7e8e596d83321002688079da0885e1a.jpg,175.32013020833332,745.2366618501452,41.99479166666666,4.585355902777764,False,False,False,False,fa45e6fb-4502-41bb-bb80-a4a4149318ad,0.3299461046006944,False,False
train,2be0c9f6-caf7-4f26-9b59-b1299865a721_mp4-0106_jpg.rf.d197c37a8e554ba9426e0552cb6aa87d.jpg,175.97743055555554,1074.711323714626,41.96154079861111,5.008350694444459,False,False,False,False,fa45e6fb-4502-41bb-bb80-a4a4149318ad,0.30836371527777673,False,False
train,2be0c9f6-caf7-4f26-9b59-b1299865a721_mp4-0106_jpg.rf.fc54222f09aa4c61654b1d8bef0efa74.jpg,169.50045138888888,1914.4641669336957,40.24028211805555,8.088020833333331,False,False,False,False,fa45e6fb-4502-41bb-bb80-a4a4149318ad,0.28926432291666626,False,False
train,2be0c9f6-caf7-4f26-9b59-b1299865a721_mp4-0107_jpg.rf.3c486991870da1cc84793144cb29bc56.jpg,170.7762673611111,1113.3493052051497,39.75358506944445,8.207530381944451,False,False,False,False,fa45e6fb-4502-41bb-bb80-a4a4149318ad,0.29310329861111306,False,False
train,2be0c9f6-caf7-4f26-9b59-b1299865a721_mp4-0107_jpg.rf.6d8078a4cd426ae3aadd2b36784c1a95.jpg,176.69655815972223,895.7614614359537,41.512035590277776,4.954444444444448,False,False,False,False,fa45e6fb-4502-41bb-bb80-a4a4149318ad,0.32311414930555893,False,False
train,2be0c9f6-caf7-4f26-9b59-b1299865a721_mp4-0108_jpg.rf.fedb7acd40ca2ebf218649bfe9067b19.jpg,171.75914930555555,757.8314617535439,39.198168402777775,8.4400217013889,False,False,False,False,fa45e6fb-4502-41bb-bb80-a4a4149318ad,0.284440104166666,False,False
train,2be0c9f6-caf7-4f26-9b59-b1299865a721_mp4-0108_jpg.rf.ff2d42fdd5b938e3db997304e214e029.jpg,177.16649305555555,1029.7175648099924,41.18561631944444,4.816254340277794,False,False,False,False,fa45e6fb-4502-41bb-bb80-a4a4149318ad,0.32108072916666597,False,False
train,2be0c9f6-caf7-4f26-9b59-b1299865a721_mp4-0109_jpg.rf.4db05748abeb397b71d0ba3301b0ef3f.jpg,172.0927907986111,662.4222353405422,38.96188368055556,8.459982638888874,False,False,False,False,fa45e6fb-4502-41bb-bb80-a4a4149318ad,0.28563368055555416,False,False
train,2be0c9f6-caf7-4f26-9b59-b1299865a721_mp4-0109_jpg.rf.c676d9dbefa81bebcad4af03d900d796.jpg,178.03342013888889,686.5912728705512,40.74771267361111,4.683511284722215,False,False,False,False,fa45e6fb-4502-41bb-bb80-a4a4149318ad,0.3198712152777803,False,False
train,2be0c9f6-caf7-4f26-9b59-b1299865a721_mp4-0110_jpg.rf.716240d2e9c661c38a2f2c8bf232da3c.jpg,172.2929861111111,753.4136187174291,38.806953125,8.576032986111102,False,False,False,False,fa45e6fb-4502-41bb-bb80-a4a4149318ad,0.28422960069444425,False,False
train,2be0c9f6-caf7-4f26-9b59-b1299865a721_mp4-0110_jpg.rf.752f537da012d130cdb0b3cad0435141.jpg,176.3954296875,1151.052978978569,41.79444010416667,4.804066840277756,False,False,False,False,fa45e6fb-4502-41bb-bb80-a4a4149318ad,0.321898632812499,False,False
train,2be0c9f6-caf7-4f26-9b59-b1299865a721_mp4-0111_jpg.rf.8fda76131094299d7dc0b4c83780d570.jpg,177.03756944444444,1063.3995653344425,41.220403645833336,4.921666666666681,False,False,False,False,fa45e6fb-4502-41bb-bb80-a4a4149318ad,0.31597461353515754,False,False
train,2be0c9f6-caf7-4f26-9b59-b1299865a721_mp4-0111_jpg.rf.a94da3d93fc0df40804c2bcc4e9b401b.jpg,172.33361545138888,1421.7595433001293,40.412326388888886,8.726037326388877,False,False,False,False,fa45e6fb-4502-41bb-bb80-a4a4149318ad,0.2832421875000024,False,False
train,2be0c9f6-caf7-4f26-9b59-b1299865a721_mp4-0112_jpg.rf.9edc2f9161fdcf95108b9b44dfab8536.jpg,172.71055989583334,1148.7233585442436,40.10269097222222,8.697395833333331,False,False,False,False,fa45e6fb-4502-41bb-bb80-a4a4149318ad,0.2847960069444442,False,False
train,2be0c9f6-caf7-4f26-9b59-b1299865a721_mp4-0112_jpg.rf.fb41075a5bc1bfe6f5ee3987d6e5f0f1.jpg,179.04367621527777,582.5956462831662,39.40034722222222,5.961032986111093,False,False,False,False,fa45e6fb-4502-41bb-bb80-a4a4149318ad,0.32054650027126963,False,False
train,2be0c9f6-caf7-4f26-9b59-b1299865a721_mp4-0113_jpg.rf.1f5e6209a180f53e4367f06b42068372.jpg,173.14524305555557,1111.227355401762,39.78109809027778,8.592352430555565,False,False,False,False,fa45e6fb-4502-41bb-bb80-a4a4149318ad,0.28461371527777624,False,False
train,2be0c9f6-caf7-4f26-9b59-b1299865a721_mp4-0113_jpg.rf.e86474ab939ac4ea2ce8a7d1eb03199f.jpg,179.636640625,522.7943686191135,37.599895833333335,7.65554253472223,False,False,False,False,fa45e6fb-4502-41bb-bb80-a4a4149318ad,0.3253580729166661,False,False
train,2be0c9f6-caf7-4f26-9b59-b1299865a721_mp4-0114_jpg.rf.090e24abec79047ba5b43e8612f40028.jpg,175.41610677083332,817.6227255060643,39.75036024305555,8.734535590277773,False,False,False,False,fa45e6fb-4502-41bb-bb80-a4a4149318ad,0.32524107302517347,False,False
train,2be0c9f6-caf7-4f26-9b59-b1299865a721_mp4-0114_jpg.rf.244c780e6a2be4d04cc501bee71ca01c.jpg,173.74259114583333,948.4104676159328,39.40321180555556,8.586970486111113,False,False,False,False,fa45e6fb-4502-41bb-bb80-a4a4149318ad,0.28176866319444493,False,False
train,2be0c9f6-caf7-4f26-9b59-b1299865a721_mp4-0115_jpg.rf.9a70015509a827e7edfa089132bf0021.jpg,174.15618923611112,1011.6736227023466,39.18780815972222,8.530828993055536,False,False,False,False,fa45e6fb-4502-41bb-bb80-a4a4149318ad,0.28062282986111187,False,False
train,2be0c9f6-caf7-4f26-9b59-b1299865a721_mp4-0115_jpg.rf.c648da1c00073ee16ab4227e949bd36a.jpg,174.93209635416667,575.2976313230727,39.70215711805555,8.711584201388888,False,False,False,False,fa45e6fb-4502-41bb-bb80-a4a4149318ad,0.330089709546441,False,False
train,2be0c9f6-caf7-4f26-9b59-b1299865a721_mp4-0116_jpg.rf.3edc6b55b2a3817ded9db14121476cae.jpg,175.78919270833333,713.2296393608752,39.508541666666666,9.062821180555574,False,False,False,False,fa45e6fb-4502-41bb-bb80-a4a4149318ad,0.3243301042947049,False,False
train,2be0c9f6-caf7-4f26-9b59-b1299865a721_mp4-0116_jpg.rf.48b74cd3ce1cb505b485155ff66e6b37.jpg,173.87607204861112,1229.8075213268703,38.937838541666665,8.553550347222227,False,False,False,False,fa45e6fb-4502-41bb-bb80-a4a4149318ad,0.2862022569444431,False,False
train,2be0c9f6-caf7-4f26-9b59-b1299865a721_mp4-0117_jpg.rf.6d845494bc50c16a17269e667672be26.jpg,175.88470486111112,1086.9668483479816,39.56246961805556,8.989756944444451,False,False,False,False,fa45e6fb-4502-41bb-bb80-a4a4149318ad,0.32348301895833,False,False
train,2be0c9f6-caf7-4f26-9b59-b1299865a721_mp4-0117_jpg.rf.c53fc81296b0a8204f19980e983081b7.jpg,174.09127604166667,1164.4434699930075,38.71461805555556,8.512200520833318,False,False,False,False,fa45e6fb-4502-41bb-bb80-a4a4149318ad,0.2868728298611112,False,False
train,2be0c9f6-caf7-4f26-9b59-b1299865a721_mp4-0118_jpg.rf.2e524aa481faaaa39764d42f5e4b17b5.jpg,173.9187890625,1216.6939400009153,38.84481770833333,8.612248263888887,False,False,False,False,fa45e6fb-4502-41bb-bb80-a4a4149318ad,0.28351562499999994,False,False
train,2be0c9f6-caf7-4f26-9b59-b1299865a721_mp4-0118_jpg.rf.ab56ce2e7b35742214f1b50a7580b8b8.jpg,175.75519965277778,1515.153980034553,40.555928819444446,9.33892795138891,False,False,False,False,fa45e6fb-4502-41bb-bb80-a4a4149318ad,0.3201019965277785,False,False
train,2be0c9f6-caf7-4f26-9b59-b1299865a721_mp4-0119_jpg.rf.5d7adcf607efd5e1cd5add9d850610d8.jpg,176.5546701388889,1044.2756062183332,40.05645399305556,9.306814236111109,False,False,False,False,fa45e6fb-4502-41bb-bb80-a4a4149318ad,0.3301915034570279,False,False
train,2be0c9f6-caf7-4f26-9b59-b1299865a721_mp4-0119_jpg.rf.efffa165412bbe7b485aa80b5bc47a27.jpg,174.1151519097222,1136.9082768959893,38.80732204861111,8.823819444444467,False,False,False,False,fa45e6fb-4502-41bb-bb80-a4a4149318ad,0.2847743055555565,False,False
train,2be0c9f6-caf7-4f26-9b59-b1299865a721_mp4-0120_jpg.rf.327d9e0c0391913a7b11ae0aff3e2d62.jpg,173.35192274305555,1810.8442010898168,39.424175347222224,9.441284722222209,False,False,False,False,fa45e6fb-4502-41bb-bb80-a4a4149318ad,0.28816406250000015,False,False
train,2be0c9f6-caf7-4f26-9b59-b1299865a721_mp4-0120_jpg.rf.d2c0e410209a7474ab2cef6851299e44.jpg,177.08258680555556,936.0012324652776,39.69379774305556,9.301527777777778,False,False,False,False,fa45e6fb-4502-41bb-bb80-a4a4149318ad,0.3285828993055548,False,False
train,2be0c9f6-caf7-4f26-9b59-b1299865a721_mp4-0121_jpg.rf.c4ab8aa8a1d67fcfe99e2e6848bea889.jpg,173.04067274305555,994.375406199062,39.31648871527778,9.708033854166672,False,False,False,False,fa45e6fb-4502-41bb-bb80-a4a4149318ad,0.2864257812500006,False,False
train,2be0c9f6-caf7-4f26-9b59-b1299865a721_mp4-0121_jpg.rf.da78d13ff3214573b074af7e043b7648.jpg,177.67737847222222,885.4731953448826,39.19546875,9.388342013888888,False,False,False,False,fa45e6fb-4502-41bb-bb80-a4a4149318ad,0.32080946180555386,False,False
train,2be0c9f6-caf7-4f26-9b59-b1299865a721_mp4-0122_jpg.rf.b1b5d6f1d5afc88156ad36778fb81fd9.jpg,173.1108637152778,661.702298968261,39.05614583333333,9.911310763888878,False,False,False,False,fa45e6fb-4502-41bb-bb80-a4a4149318ad,0.28817491319444466,False,False
train,2be0c9f6-caf7-4f26-9b59-b1299865a721_mp4-0122_jpg.rf.cd47826807820092f0ab3211e8511009.jpg,177.16176649305555,1093.8066145289104,40.61661458333333,9.938901909722231,False,False,False,False,fa45e6fb-4502-41bb-bb80-a4a4149318ad,0.31993489583333407,False,False
train,2be0c9f6-caf7-4f26-9b59-b1299865a721_mp4-0123_jpg.rf.5537ccc803dcabedfe98ff7d629dd4c7.jpg,173.01565538194444,583.3212312038845,39.02688802083333,10.146289062499989,False,False,False,False,fa45e6fb-4502-41bb-bb80-a4a4149318ad,0.28619140624999995,False,False
train,2be0c9f6-caf7-4f26-9b59-b1299865a721_mp4-0123_jpg.rf.e31929fcd11a0ac4f02f96a11e7600d7.jpg,177.41245225694445,995.9820225103684,40.37359809027778,9.830876736111094,False,False,False,False,fa45e6fb-4502-41bb-bb80-a4a4149318ad,0.31906684027778087,False,False
train,2be0c9f6-caf7-4f26-9b59-b1299865a721_mp4-0124_jpg.rf.90680df2b481bcf97a04352f0b1e2adb.jpg,177.62055555555557,1073.545791896773,40.29150607638889,9.81741319444444,False,False,False,False,fa45e6fb-4502-41bb-bb80-a4a4149318ad,0.3230946180555567,False,False
train,2be0c9f6-caf7-4f26-9b59-b1299865a721_mp4-0124_jpg.rf.a3bdcbf807bd9fb82779238fb738b6ba.jpg,172.78819010416666,727.6203504683695,39.42385850694444,10.254487847222236,False,False,False,False,fa45e6fb-4502-41bb-bb80-a4a4149318ad,0.28527994791666655,False,False
train,2be0c9f6-caf7-4f26-9b59-b1299865a721_mp4-0125_jpg.rf.8268885026f94202c84f7d7c11ff5d18.jpg,171.764453125,811.5654990937975,40.44416232638889,10.545351562500002,False,False,False,False,fa45e6fb-4502-41bb-bb80-a4a4149318ad,0.2810481770833333,False,False
train,2be0c9f6-caf7-4f26-9b59-b1299865a721_mp4-0125_jpg.rf.998462409b9f62927c452067f318b9e7.jpg,178.11939236111112,973.6674390911336,39.95161024305556,9.88395833333334,False,False,False,False,fa45e6fb-4502-41bb-bb80-a4a4149318ad,0.3221766493055563,False,False
train,2be0c9f6-caf7-4f26-9b59-b1299865a721_mp4-0126_jpg.rf.0d87b838862800c5c2c124016fad9076.jpg,178.1884982638889,930.753299739508,40.018480902777775,10.10735677083332,False,False,False,False,fa45e6fb-4502-41bb-bb80-a4a4149318ad,0.31985460069444704,False,False
train,2be0c9f6-caf7-4f26-9b59-b1299865a721_mp4-0126_jpg.rf.64d22549c5606af3115f8eb3d87917dc.jpg,171.63513454861112,817.2953719676642,40.610989583333335,10.504761284722235,False,False,False,False,fa45e6fb-4502-41bb-bb80-a4a4149318ad,0.28470486111111204,False,False
train,2be0c9f6-caf7-4f26-9b59-b1299865a721_mp4-0127_jpg.rf.2ab9b6dc5defbb82e43740da8aa948c6.jpg,172.35018663194444,836.0040504007975,40.54166232638889,10.490451388888886,False,False,False,False,fa45e6fb-4502-41bb-bb80-a4a4149318ad,0.28445746527777627,False,False
train,2be0c9f6-caf7-4f26-9b59-b1299865a721_mp4-0127_jpg.rf.ed711136e911be675c3f43bdff65e2e5.jpg,178.73369791666667,785.1451789050443,39.59632378472222,9.904049479166645,False,False,False,False,fa45e6fb-4502-41bb-bb80-a4a4149318ad,0.3123003472222222,False,False
train,2be0c9f6-caf7-4f26-9b59-b1299865a721_mp4-0128_jpg.rf.128bcf3c296ceb2cd156948c4593f433.jpg,176.78360243055556,821.5610468964,39.86989149305556,9.692335069444454,False,False,False,False,fa45e6fb-4502-41bb-bb80-a4a4149318ad,0.31025173611111145,False,False
train,2be0c9f6-caf7-4f26-9b59-b1299865a721_mp4-0128_jpg.rf.943e735920be82cac9e9cc595ed2c266.jpg,173.39918402777778,785.7727800541443,40.55174479166666,10.484392361111103,False,False,False,False,fa45e6fb-4502-41bb-bb80-a4a4149318ad,0.28179253472222254,False,False
train,2be0c9f6-caf7-4f26-9b59-b1299865a721_mp4-0129_jpg.rf.a99f3b61d381322037d7d45c85ba9ad3.jpg,176.29713541666666,1219.1615435881251,40.06234375,9.481979166666662,False,False,False,False,fa45e6fb-4502-41bb-bb80-a4a4149318ad,0.3132492940885411,False,False
train,2be0c9f6-caf7-4f26-9b59-b1299865a721_mp4-0129_jpg.rf.f2e161b35658603b978d0945424e7fba.jpg,172.51249565972222,919.916303257902,41.92078125,10.561701388888906,False,False,False,False,fa45e6fb-4502-41bb-bb80-a4a4149318ad,0.2836865516493057,False,False
train,2be0c9f6-caf7-4f26-9b59-b1299865a721_mp4-0130_jpg.rf.d19ad79fddd6696667e185b21ff572fe.jpg,171.77656684027778,591.1499041203817,41.87346788194444,10.71346354166667,False,False,False,False,fa45e6fb-4502-41bb-bb80-a4a4149318ad,0.2797005208333324,False,False
train,2be0c9f6-caf7-4f26-9b59-b1299865a721_mp4-0130_jpg.rf.e5bfc167b6f6cd07347e91c3a22f4161.jpg,175.50674913194445,2008.6913516904287,40.48105034722222,8.887061631944448,False,False,False,False,fa45e6fb-4502-41bb-bb80-a4a4149318ad,0.31113498263888817,False,False
train,2be0c9f6-caf7-4f26-9b59-b1299865a721_mp4-0131_jpg.rf.10465a5d496f2903f39e996c80530250.jpg,176.1549652777778,1406.2406631510414,40.11669704861111,8.831905381944438,False,False,False,False,fa45e6fb-4502-41bb-bb80-a4a4149318ad,0.3163693576388902,False,False
train,2be0c9f6-caf7-4f26-9b59-b1299865a721_mp4-0131_jpg.rf.afa9f3cadd724b0b0810bfc8a096213d.jpg,171.19251302083333,540.5729383264423,41.58705729166667,11.297426215277795,False,False,False,False,fa45e6fb-4502-41bb-bb80-a4a4149318ad,0.2810611979166653,False,False
train,2be0c9f6-caf7-4f26-9b59-b1299865a721_mp4-0132_jpg.rf.382b64504b82dd0790769d19003a04ed.jpg,171.69473958333333,657.9758064609103,40.82087239583333,12.027131076388883,False,False,False,False,fa45e6fb-4502-41bb-bb80-a4a4149318ad,0.28008897569444424,False,False
train,2be0c9f6-caf7-4f26-9b59-b1299865a721_mp4-0132_jpg.rf.53aca16a7e7fedde997e09dde1fdcae1.jpg,177.0437543402778,919.4658282786428,39.45200520833333,8.776006944444447,False,False,False,False,fa45e6fb-4502-41bb-bb80-a4a4149318ad,0.3062760416666671,False,False
train,2be0c9f6-caf7-4f26-9b59-b1299865a721_mp4-0133_jpg.rf.261735b9eb0ce4feacdc1da04d023f79.jpg,176.05467881944443,1132.79373524185,39.74355902777778,8.775681423611104,False,False,False,False,fa45e6fb-4502-41bb-bb80-a4a4149318ad,0.30553603298611165,False,False
train,2be0c9f6-caf7-4f26-9b59-b1299865a721_mp4-0133_jpg.rf.7e08b12d1fda20c61e51c84eeaae0609.jpg,173.04348524305556,713.1041793740166,40.42803385416666,12.04657552083333,False,False,False,False,fa45e6fb-4502-41bb-bb80-a4a4149318ad,0.2754622395833326,False,False
train,2be0c9f6-caf7-4f26-9b59-b1299865a721_mp4-0134_jpg.rf.b5bf10d6c202bfa00fcafad657f4b067.jpg,174.89938802083333,1081.6018081542782,41.05798611111111,12.675603298611122,False,False,False,False,fa45e6fb-4502-41bb-bb80-a4a4149318ad,0.2755750868055553,False,False
train,2be0c9f6-caf7-4f26-9b59-b1299865a721_mp4-0134_jpg.rf.f6b62b6a7a973c5f78ebe9110716fa33.jpg,174.50741319444444,927.7183126807696,39.374700520833336,8.353967013888905,False,False,False,False,fa45e6fb-4502-41bb-bb80-a4a4149318ad,0.3009459939236126,False,False
train,2be0c9f6-caf7-4f26-9b59-b1299865a721_mp4-0135_jpg.rf.63f681845e691ec57a811af9ac9979cb.jpg,175.1154296875,887.6014793980728,38.87592881944445,8.201662326388885,False,False,False,False,fa45e6fb-4502-41bb-bb80-a4a4149318ad,0.29758897569444376,False,False
train,2be0c9f6-caf7-4f26-9b59-b1299865a721_mp4-0135_jpg.rf.80ad38e309c62aa5f0f8628a5de6f9ba.jpg,176.0157638888889,946.2250671725616,40.92364149305556,12.35789496527778,False,False,False,False,fa45e6fb-4502-41bb-bb80-a4a4149318ad,0.2784895833333324,False,False
train,2be0c9f6-caf7-4f26-9b59-b1299865a721_mp4-0136_jpg.rf.e01812a9c6c7d96bdaf68b40a3d1ca87.jpg,176.33901475694444,514.6369097074532,40.73350694444444,11.782165798611118,False,False,False,False,fa45e6fb-4502-41bb-bb80-a4a4149318ad,0.2763888888888888,False,False
train,2be0c9f6-caf7-4f26-9b59-b1299865a721_mp4-0136_jpg.rf.fd3cd7025cec390f1503954f3aeccfb6.jpg,175.2813324652778,1101.6514252748657,38.78237847222222,8.106132812499993,False,False,False,False,fa45e6fb-4502-41bb-bb80-a4a4149318ad,0.2967947048611108,False,False
train,2be0c9f6-caf7-4f26-9b59-b1299865a721_mp4-0137_jpg.rf.25e931eb3236a8cde8bc064348ef42d7.jpg,172.88432291666666,1281.2185866292318,39.69911892361111,8.06543402777777,False,False,False,False,fa45e6fb-4502-41bb-bb80-a4a4149318ad,0.2960382223611104,False,False
train,2be0c9f6-caf7-4f26-9b59-b1299865a721_mp4-0137_jpg.rf.2b0fd1730c93666820ff96d174c88129.jpg,177.19282118055557,430.4565961296176,40.29973958333333,11.926041666666665,False,False,False,False,fa45e6fb-4502-41bb-bb80-a4a4149318ad,0.27746744791666766,False,False
train,2be0c9f6-caf7-4f26-9b59-b1299865a721_mp4-0138_jpg.rf.2a80e6c7e4ab23535d0d2f869c2bb1bf.jpg,171.55645833333332,1006.9695988496568,39.88904513888889,7.743415798611124,False,False,False,False,fa45e6fb-4502-41bb-bb80-a4a4149318ad,0.28703559027777525,False,False
train,2be0c9f6-caf7-4f26-9b59-b1299865a721_mp4-0138_jpg.rf.e8e97b168f60a54517d9d7f9b5183bf5.jpg,174.15770399305555,545.4436513472192,41.13006076388889,11.451519097222215,False,False,False,False,fa45e6fb-4502-41bb-bb80-a4a4149318ad,0.2776953124999997,False,False
train,2be0c9f6-caf7-4f26-9b59-b1299865a721_mp4-0139_jpg.rf.75983283fda6c6c47f992aae25594b57.jpg,171.00151475694443,712.890268595208,39.70102864583333,7.882864583333344,False,False,False,False,fa45e6fb-4502-41bb-bb80-a4a4149318ad,0.29648093484157845,False,False
train,2be0c9f6-caf7-4f26-9b59-b1299865a721_mp4-0139_jpg.rf.b3504ad029a7efc2a7dd128b70952d39.jpg,173.53981336805555,493.7480039638189,39.9600390625,10.448502604166665,False,False,False,False,fa45e6fb-4502-41bb-bb80-a4a4149318ad,0.27715060763888943,False,False
train,2be0c9f6-caf7-4f26-9b59-b1299865a721_mp4-0140_jpg.rf.4b85aa5fe29ac286f0ff09d56e86095d.jpg,170.16369791666668,844.0680703700691,39.78605034722222,8.100976562499994,False,False,False,False,fa45e6fb-4502-41bb-bb80-a4a4149318ad,0.2999171006944442,False,False
train,2be0c9f6-caf7-4f26-9b59-b1299865a721_mp4-0140_jpg.rf.7dfd441a8c2ff7ebba301d602b85b55c.jpg,174.63147135416668,652.1244788182388,39.84369357638889,10.382365451388864,False,False,False,False,fa45e6fb-4502-41bb-bb80-a4a4149318ad,0.27730468750000004,False,False
train,2be0c9f6-caf7-4f26-9b59-b1299865a721_mp4-0141_jpg.rf.000bbbb1aaca2b21d95064c97729d4d9.jpg,169.60525607638888,949.3064812083304,39.80627604166666,8.215269097222233,False,False,False,False,fa45e6fb-4502-41bb-bb80-a4a4149318ad,0.29839607421875003,False,False
train,2be0c9f6-caf7-4f26-9b59-b1299865a721_mp4-0141_jpg.rf.3508d1a4a2d79346e39cf916c965ea09.jpg,174.54538194444444,633.101739705385,39.99273871527778,10.370681423611131,False,False,False,False,fa45e6fb-4502-41bb-bb80-a4a4149318ad,0.27958333333333374,False,False
train,2be0c9f6-caf7-4f26-9b59-b1299865a721_mp4-0142_jpg.rf.2e2fefba5636e68b895de5882513b00d.jpg,171.18108940972223,818.2428133739141,39.4853515625,8.207413194444456,False,False,False,False,fa45e6fb-4502-41bb-bb80-a4a4149318ad,0.2965060763888907,False,False
train,2be0c9f6-caf7-4f26-9b59-b1299865a721_mp4-0143_jpg.rf.3ce5299e96f006c397ef33be681213ba.jpg,171.82629774305556,759.7285596510146,39.16301649305556,8.400633680555558,False,False,False,False,fa45e6fb-4502-41bb-bb80-a4a4149318ad,0.2835742187499992,False,False
train,2be0c9f6-caf7-4f26-9b59-b1299865a721_mp4-0144_jpg.rf.845ebf43a3521807d1c1f163c5820559.jpg,172.08364583333332,783.0343644144693,38.906827256944446,8.483389756944433,False,False,False,False,fa45e6fb-4502-41bb-bb80-a4a4149318ad,0.29262901475694436,False,False
train,2be0c9f6-caf7-4f26-9b59-b1299865a721_mp4-0145_jpg.rf.c154d1be7a8f315673899b0516cf27ae.jpg,172.1908420138889,924.525745065477,38.93707899305556,8.647413194444454,False,False,False,False,fa45e6fb-4502-41bb-bb80-a4a4149318ad,0.29046984005208387,False,False
train,2be0c9f6-caf7-4f26-9b59-b1299865a721_mp4-0146_jpg.rf.ecfe1d7b543059c860a801a9091f30a7.jpg,172.57388454861112,1296.5442479070027,40.25958767361111,8.703680555555565,False,False,False,False,fa45e6fb-4502-41bb-bb80-a4a4149318ad,0.28855966952256806,False,False
train,2be0c9f6-caf7-4f26-9b59-b1299865a721_mp4-0147_jpg.rf.edb140fac52920ddf99c6a35bd182dcc.jpg,172.92930555555554,1256.038356584544,39.93282552083333,8.636796874999987,False,False,False,False,fa45e6fb-4502-41bb-bb80-a4a4149318ad,0.2918590372417552,False,False
train,2be0c9f6-caf7-4f26-9b59-b1299865a721_mp4-0148_jpg.rf.8bafb623ed57b5722331bfb3e520b7ae.jpg,173.59516493055557,964.4708886922012,39.457660590277776,8.581375868055574,False,False,False,False,fa45e6fb-4502-41bb-bb80-a4a4149318ad,0.28958911255425246,False,False
train,2be0c9f6-caf7-4f26-9b59-b1299865a721_mp4-0149_jpg.rf.f49aee2e3c33098828b1b8699bf96443.jpg,173.9100217013889,1226.010057791232,39.3371875,8.568684895833343,False,False,False,False,fa45e6fb-4502-41bb-bb80-a4a4149318ad,0.2852263558615453,False,False
train,2be0c9f6-caf7-4f26-9b59-b1299865a721_mp4-0150_jpg.rf.3b860cc65f8779da023bf2f6e6364a0c.jpg,173.87895833333334,1311.0524348576864,38.93453125,8.54620225694444,False,False,False,False,fa45e6fb-4502-41bb-bb80-a4a4149318ad,0.28559027777777835,False,False
train,2be0c9f6-caf7-4f26-9b59-b1299865a721_mp4-0151_jpg.rf.1ce93f52c31210250167d1ff95e61225.jpg,173.9368967013889,1313.0708448579576,38.8497265625,8.531545138888873,False,False,False,False,fa45e6fb-4502-41bb-bb80-a4a4149318ad,0.2871267361111105,False,False
train,2be0c9f6-caf7-4f26-9b59-b1299865a721_mp4-0152_jpg.rf.0e5708e81710e591e23340ef8910c0b5.jpg,174.14448350694445,1083.7778773472917,38.68879774305555,8.742382812499983,False,False,False,False,fa45e6fb-4502-41bb-bb80-a4a4149318ad,0.2850933159722213,False,False
train,2be0c9f6-caf7-4f26-9b59-b1299865a721_mp4-0153_jpg.rf.b10935bf0feca7c1f06ec0bcdeeb22b4.jpg,173.97430555555556,1283.589638753086,38.87062065972222,8.858111979166665,False,False,False,False,fa45e6fb-4502-41bb-bb80-a4a4149318ad,0.28746310763888694,False,False
train,2be0c9f6-caf7-4f26-9b59-b1299865a721_mp4-0154_jpg.rf.e3a3d787f68b332e67e57cc6f186912c.jpg,173.3084939236111,872.5148282469007,39.09990017361111,9.689496527777775,False,False,False,False,fa45e6fb-4502-41bb-bb80-a4a4149318ad,0.28497395833333217,False,False
train,2be0c9f6-caf7-4f26-9b59-b1299865a721_mp4-0155_jpg.rf.966f4e0d8f1f20c294f755de1ea01cbd.jpg,172.78156684027778,981.7029473680284,39.37657986111111,9.941527777777791,False,False,False,False,fa45e6fb-4502-41bb-bb80-a4a4149318ad,0.2873242187500009,False,False
train,2be0c9f6-caf7-4f26-9b59-b1299865a721_mp4-0156_jpg.rf.2fbf937d083a651f9dcbaafddb1ed47a.jpg,172.90343315972223,703.8539467284402,39.13736111111111,10.151471354166688,False,False,False,False,fa45e6fb-4502-41bb-bb80-a4a4149318ad,0.2856467013888899,False,False
train,2be0c9f6-caf7-4f26-9b59-b1299865a721_mp4-0157_jpg.rf.0b33caa869c130a7dcc64fe483e3018e.jpg,172.60991753472223,879.2784284288196,39.48828125,10.275572916666675,False,False,False,False,fa45e6fb-4502-41bb-bb80-a4a4149318ad,0.28873263888889045,False,False
train,2be0c9f6-caf7-4f26-9b59-b1299865a721_mp4-0158_jpg.rf.d938238d2f26027798448f115da3cada.jpg,171.58493489583333,818.2067270507059,40.52155381944444,10.537035590277782,False,False,False,False,fa45e6fb-4502-41bb-bb80-a4a4149318ad,0.28809461805555436,False,False
train,2be0c9f6-caf7-4f26-9b59-b1299865a721_mp4-0159_jpg.rf.db26b3a830cd50860554a822b8356c61.jpg,171.554375,996.3779155272682,40.72560329861111,10.460386284722231,False,False,False,False,fa45e6fb-4502-41bb-bb80-a4a4149318ad,0.2840473090277771,False,False
train,2be0c9f6-caf7-4f26-9b59-b1299865a721_mp4-0160_jpg.rf.3c4d29a2c896f7463b3c9e7edb6973ad.jpg,173.24306857638888,817.2995091846418,40.5275390625,10.49922743055555,False,False,False,False,fa45e6fb-4502-41bb-bb80-a4a4149318ad,0.28143012152777835,False,False
train,2be0c9f6-caf7-4f26-9b59-b1299865a721_mp4-0161_jpg.rf.8f5ed6293b45bb22344598b509e84a6a.jpg,172.34201388888889,2203.7846115157326,42.32432291666667,10.559053819444443,False,False,False,False,fa45e6fb-4502-41bb-bb80-a4a4149318ad,0.28356336805555404,False,False
train,2be0c9f6-caf7-4f26-9b59-b1299865a721_mp4-0162_jpg.rf.221f3abc99ff120fae488f600b537fd5.jpg,171.71332899305557,773.0929982724602,41.92624565972222,10.691254340277766,False,False,False,False,fa45e6fb-4502-41bb-bb80-a4a4149318ad,0.2827322048611107,False,False
train,2be0c9f6-caf7-4f26-9b59-b1299865a721_mp4-0163_jpg.rf.5ace51d288b978ea59e6993a2e128b0f.jpg,170.85588975694444,825.9773582333976,41.88008246527778,11.342148437499986,False,False,False,False,fa45e6fb-4502-41bb-bb80-a4a4149318ad,0.28270833333333356,False,False
train,2be0c9f6-caf7-4f26-9b59-b1299865a721_mp4-0164_jpg.rf.5ca16e4664c61fe6a8f272fde9ffdf1a.jpg,172.18573350694444,601.8311539351663,40.49302951388889,12.049917534722226,False,False,False,False,fa45e6fb-4502-41bb-bb80-a4a4149318ad,0.2797048611111119,False,False
train,2be0c9f6-caf7-4f26-9b59-b1299865a721_mp4-0165_jpg.rf.fab9c24be3d44c483f8c920ec1a7e7a7.jpg,174.33898003472223,1869.6341316061887,41.36237847222223,12.829691840277777,False,False,False,False,fa45e6fb-4502-41bb-bb80-a4a4149318ad,0.2771354166666664,False,False
train,2be0c9f6-caf7-4f26-9b59-b1299865a721_mp4-0166_jpg.rf.3c0fc89a7802d39586e2ae0dfdfe6bff.jpg,175.7122222222222,773.4531306664736,40.79490451388889,12.464934895833323,False,False,False,False,fa45e6fb-4502-41bb-bb80-a4a4149318ad,0.2786848958333332,False,False
train,2be0c9f6-caf7-4f26-9b59-b1299865a721_mp4-0167_jpg.rf.8ef2ae93d5598c7e49cdcda032269d50.jpg,176.4539670138889,831.1727195936415,41.003276909722224,12.056961805555543,False,False,False,False,fa45e6fb-4502-41bb-bb80-a4a4149318ad,0.2773437499999998,False,False
train,2be0c9f6-caf7-4f26-9b59-b1299865a721_mp4-0168_jpg.rf.1a74208ebbccff79450e3265437953f6.jpg,177.21082899305554,401.2334757303121,40.36174045138889,11.934513888888889,False,False,False,False,fa45e6fb-4502-41bb-bb80-a4a4149318ad,0.2764626736111111,False,False
train,2be0c9f6-caf7-4f26-9b59-b1299865a721_mp4-0169_jpg.rf.3bf49c0640cf733d6df17ec3f35f8de5.jpg,174.1749956597222,508.2776327173869,41.00081163194445,11.516514756944446,False,False,False,False,fa45e6fb-4502-41bb-bb80-a4a4149318ad,0.2661718750000004,False,False
train,2be0c9f6-caf7-4f26-9b59-b1299865a721_mp4-0170_jpg.rf.37b1f01da0c12367107f31faaef4ab5f.jpg,173.3174826388889,640.0921019928355,40.26595920138889,10.495364583333329,False,False,False,False,fa45e6fb-4502-41bb-bb80-a4a4149318ad,0.27741536458333327,False,False
train,2be0c9f6-caf7-4f26-9b59-b1299865a721_mp4-0171_jpg.rf.0a136648995d603d34ac120f78d9684a.jpg,174.9885199652778,509.0525111278205,39.63947482638889,10.311614583333352,False,False,False,False,fa45e6fb-4502-41bb-bb80-a4a4149318ad,0.2778754340277758,False,False
train,2be0c9f6-caf7-4f26-9b59-b1299865a721_mp4-0172_jpg.rf.841ce8daa179578ffab496080e30cb3f.jpg,172.91655381944443,459.72949175317086,40.45815538194445,10.268546006944462,False,False,False,False,fa45e6fb-4502-41bb-bb80-a4a4149318ad,0.27700303819444416,False,False
train,4a7f29af-8d1c-4a3b-90e6-b9cf771fd1c2_mp4-0000_jpg.rf.61f70bd881d319157bacaf2ca57ddf43.jpg,180.2407600308642,4239.309217672372,31.263778935185183,7.804619984567921,False,False,False,False,4a7f29af-8d1c-4a3b-90e6-b9cf771fd1c2,0.28228009259259235,False,False
train,4a7f29af-8d1c-4a3b-90e6-b9cf771fd1c2_mp4-0001_jpg.rf.4ae44aba5bed72000c47a4db53e3ddcf.jpg,181.3543576388889,1667.89606817933,31.237175925925925,8.589683641975313,False,False,False,False,4a7f29af-8d1c-4a3b-90e6-b9cf771fd1c2,0.2885262345679003,False,False
train,4a7f29af-8d1c-4a3b-90e6-b9cf771fd1c2_mp4-0002_jpg.rf.0622c2b32eb9c7c04f9a95cda88897b6.jpg,182.14570216049384,1850.685201522714,31.2120100308642,8.812260802469126,False,False,False,False,4a7f29af-8d1c-4a3b-90e6-b9cf771fd1c2,0.29759162808641815,False,False
train,4a7f29af-8d1c-4a3b-90e6-b9cf771fd1c2_mp4-0003_jpg.rf.812a67f6c93154b14505ec4e8c1334bc.jpg,183.4764486882716,1325.6304897887228,30.088096064814813,7.908767361111103,False,False,True,False,4a7f29af-8d1c-4a3b-90e6-b9cf771fd1c2,0.29869020061728424,False,False
train,4a7f29af-8d1c-4a3b-90e6-b9cf771fd1c2_mp4-0004_jpg.rf.edac98863ed0ac6d39b5929b4babc3d7.jpg,182.27229166666663,1184.1898449962632,30.839106867283952,8.549712577160506,False,False,False,False,4a7f29af-8d1c-4a3b-90e6-b9cf771fd1c2,0.2837133487654313,False,False
train,4a7f29af-8d1c-4a3b-90e6-b9cf771fd1c2_mp4-0005_jpg.rf.4029568a13b4cefffa50c3fa306ce847.jpg,180.28572916666667,687.567656299952,32.06980902777778,11.979340277777766,False,False,False,False,4a7f29af-8d1c-4a3b-90e6-b9cf771fd1c2,0.2546170910493819,False,False
train,4a7f29af-8d1c-4a3b-90e6-b9cf771fd1c2_mp4-0006_jpg.rf.b9678735362917d2380c57080ccac23d.jpg,182.3538252314815,692.8994410016894,28.888948688271604,9.674606481481476,False,False,False,False,4a7f29af-8d1c-4a3b-90e6-b9cf771fd1c2,0.2810546875000006,False,False
train,4a7f29af-8d1c-4a3b-90e6-b9cf771fd1c2_mp4-0007_jpg.rf.f9a6061547e45afbd3f1886f601d0103.jpg,186.32402391975307,618.3260211000461,25.041662808641977,4.935405092592589,False,False,True,False,4a7f29af-8d1c-4a3b-90e6-b9cf771fd1c2,0.3131385030864209,False,False
train,4a7f29af-8d1c-4a3b-90e6-b9cf771fd1c2_mp4-0008_jpg.rf.cc498e65908d010a757e52ebda8e959c.jpg,182.6002276234568,1334.501495398889,27.21806712962963,5.018136574074077,False,False,True,False,4a7f29af-8d1c-4a3b-90e6-b9cf771fd1c2,0.293663194444445,False,False
train,4a7f29af-8d1c-4a3b-90e6-b9cf771fd1c2_mp4-0009_jpg.rf.705dc2d871d9b3b7ea8133cf759fa8bd.jpg,181.91142939814816,1289.392103027474,28.44868441358025,6.677845293209884,False,False,False,False,4a7f29af-8d1c-4a3b-90e6-b9cf771fd1c2,0.28705825617284186,False,False
train,4a7f29af-8d1c-4a3b-90e6-b9cf771fd1c2_mp4-0010_jpg.rf.6c6bb2358201c2a22860891629c7318a.jpg,182.4131635802469,1238.123547174172,28.66135609567901,8.06478009259257,False,False,True,False,4a7f29af-8d1c-4a3b-90e6-b9cf771fd1c2,0.29394772376543266,False,False
train,4a7f29af-8d1c-4a3b-90e6-b9cf771fd1c2_mp4-0011_jpg.rf.4932565fa45f1bc65f059cb14172f01a.jpg,181.7126311728395,1327.9611012248893,28.960734953703703,8.79032600308642,False,False,False,False,4a7f29af-8d1c-4a3b-90e6-b9cf771fd1c2,0.29399884259259323,False,False
train,4a7f29af-8d1c-4a3b-90e6-b9cf771fd1c2_mp4-0012_jpg.rf.1b970aa78c26fc9366aca7e8fa449e11.jpg,180.3245891203704,1756.0257046256072,30.15569058641975,10.204936342592587,False,False,False,False,4a7f29af-8d1c-4a3b-90e6-b9cf771fd1c2,0.3077681327160484,False,False
train,4a7f29af-8d1c-4a3b-90e6-b9cf771fd1c2_mp4-0013_jpg.rf.cab713d573215c222cdc441e4a927dbc.jpg,182.7894212962963,1385.6680028396968,28.3636612654321,9.91537229938271,False,False,True,False,4a7f29af-8d1c-4a3b-90e6-b9cf771fd1c2,0.33343942901234724,False,False
train,4a7f29af-8d1c-4a3b-90e6-b9cf771fd1c2_mp4-0014_jpg.rf.05d13b7d0b1462e64a39ed771128e5c1.jpg,184.13401427469137,1407.7533490697278,27.159567901234567,9.452156635802451,False,False,True,False,4a7f29af-8d1c-4a3b-90e6-b9cf771fd1c2,0.3246547067901242,False,False
train,4a7f29af-8d1c-4a3b-90e6-b9cf771fd1c2_mp4-0015_jpg.rf.99ad5342f8d9c59ba0f3efca3cc6b2a0.jpg,185.14070023148147,1294.5084026910913,27.124043209876543,8.996226851851844,False,False,True,False,4a7f29af-8d1c-4a3b-90e6-b9cf771fd1c2,0.31266300154321147,False,False
train,4a7f29af-8d1c-4a3b-90e6-b9cf771fd1c2_mp4-0016_jpg.rf.be66770cbbd5166112c827f2e32e66f4.jpg,183.59955439814811,1503.7111395722443,28.082382330246915,8.875088734567896,False,False,True,False,4a7f29af-8d1c-4a3b-90e6-b9cf771fd1c2,0.3168885030864179,False,False
train,4a7f29af-8d1c-4a3b-90e6-b9cf771fd1c2_mp4-0017_jpg.rf.6949525a7b94d4850eef9dfb4f1139e9.jpg,182.4094984567901,1541.5009958408314,28.23251350308642,9.528589891975315,False,False,True,False,4a7f29af-8d1c-4a3b-90e6-b9cf771fd1c2,0.3335677083333337,False,False
train,4a7f29af-8d1c-4a3b-90e6-b9cf771fd1c2_mp4-0018_jpg.rf.085d6610b2ede4488a10e91f49780db8.jpg,183.1578221450617,1503.5042906778096,27.54641203703704,10.05999614197532,False,False,True,False,4a7f29af-8d1c-4a3b-90e6-b9cf771fd1c2,0.33950520833333275,False,False
train,4a7f29af-8d1c-4a3b-90e6-b9cf771fd1c2_mp4-0019_jpg.rf.54d4cb985b60a005e5f4cee516b7c7c4.jpg,183.9710474537037,1672.179155956596,26.815478395061728,9.451238425925936,False,False,True,False,4a7f29af-8d1c-4a3b-90e6-b9cf771fd1c2,0.34286058968942923,False,False
train,4a7f29af-8d1c-4a3b-90e6-b9cf771fd1c2_mp4-0020_jpg.rf.316be383423a8375b7e2dee583b70f07.jpg,183.9500578703704,1768.7942601272814,26.67946759259259,9.099396219135798,False,False,True,False,4a7f29af-8d1c-4a3b-90e6-b9cf771fd1c2,0.3534702932098759,False,False
train,4a7f29af-8d1c-4a3b-90e6-b9cf771fd1c2_mp4-0021_jpg.rf.93c2e2ce78eddbad8d739c27c6c83641.jpg,183.0894695216049,2781.521791762984,26.54630787037037,8.897201003086423,False,False,True,False,4a7f29af-8d1c-4a3b-90e6-b9cf771fd1c2,0.3638300540123458,False,True
train,4a7f29af-8d1c-4a3b-90e6-b9cf771fd1c2_mp4-0022_jpg.rf.b23799f21d7703926584ba538c3b82b9.jpg,184.87828896604935,1559.0236379171788,25.91912037037037,8.535783179012327,False,False,True,False,4a7f29af-8d1c-4a3b-90e6-b9cf771fd1c2,0.3625115740740751,False,False
train,4a7f29af-8d1c-4a3b-90e6-b9cf771fd1c2_mp4-0023_jpg.rf.0ae11d88024723a89b989f82ca56b68d.jpg,182.3136612654321,2936.685859643808,26.615233410493826,7.697285879629618,False,False,False,False,4a7f29af-8d1c-4a3b-90e6-b9cf771fd1c2,0.35774691358024835,False,False
train,4a7f29af-8d1c-4a3b-90e6-b9cf771fd1c2_mp4-0024_jpg.rf.d41e32c8582986548fcdd5f693b64ca3.jpg,183.88175154320987,1691.523987367466,25.364729938271605,6.470628858024668,False,False,True,False,4a7f29af-8d1c-4a3b-90e6-b9cf771fd1c2,0.3659375,False,True
train,4a7f29af-8d1c-4a3b-90e6-b9cf771fd1c2_mp4-0025_jpg.rf.23cac51403d12409baf1c884e52b9352.jpg,182.4758236882716,1969.913205192701,25.57284336419753,4.907901234567902,False,False,True,False,4a7f29af-8d1c-4a3b-90e6-b9cf771fd1c2,0.37219714506172696,False,True
train,4a7f29af-8d1c-4a3b-90e6-b9cf771fd1c2_mp4-0026_jpg.rf.442a738cddbb8c411bbc379d36cd23c7.jpg,183.1215856481481,1725.1130728450394,25.01069637345679,4.475785108024695,False,False,True,False,4a7f29af-8d1c-4a3b-90e6-b9cf771fd1c2,0.3748003472222218,False,True
train,4a7f29af-8d1c-4a3b-90e6-b9cf771fd1c2_mp4-0027_jpg.rf.128e7defd237d1ce5a807abc6683b63a.jpg,181.26490933641972,2128.327334790795,25.034980709876542,5.123045910493829,False,False,False,False,4a7f29af-8d1c-4a3b-90e6-b9cf771fd1c2,0.3745727237654308,False,True
train,4a7f29af-8d1c-4a3b-90e6-b9cf771fd1c2_mp4-0028_jpg.rf.ad554ae1f5377c54ecb9e1af848014f5.jpg,181.1692592592593,1845.588240268129,24.6466300154321,6.831805555555548,False,False,False,False,4a7f29af-8d1c-4a3b-90e6-b9cf771fd1c2,0.385122752319639,False,True
train,4a7f29af-8d1c-4a3b-90e6-b9cf771fd1c2_mp4-0029_jpg.rf.8a57889fa660d74f25768bd43cf8befa.jpg,179.62491319444445,1735.3348849890542,23.912654320987656,8.563628472222234,False,False,False,False,4a7f29af-8d1c-4a3b-90e6-b9cf771fd1c2,0.39089409722222346,False,True
train,4a7f29af-8d1c-4a3b-90e6-b9cf771fd1c2_mp4-0030_jpg.rf.c3f9138f4fcd6613d404bd66ca7e0d87.jpg,182.39888888888888,1591.3069387457613,23.358854166666667,8.34219521604939,False,False,False,False,4a7f29af-8d1c-4a3b-90e6-b9cf771fd1c2,0.38917245370370424,False,True
train,4a7f29af-8d1c-4a3b-90e6-b9cf771fd1c2_mp4-0031_jpg.rf.d934fa8d129d79ca2d9f4c6314b5b5d1.jpg,183.51814814814816,1796.6211277750056,23.987253086419752,6.864045138888884,False,False,True,False,4a7f29af-8d1c-4a3b-90e6-b9cf771fd1c2,0.374439481452546,False,True
train,4a7f29af-8d1c-4a3b-90e6-b9cf771fd1c2_mp4-0032_jpg.rf.51d947991fe6bb574941dc63b42a9b24.jpg,182.92503472222225,1416.2250726872949,24.33995177469136,5.566041666666678,False,False,True,False,4a7f29af-8d1c-4a3b-90e6-b9cf771fd1c2,0.36748263888888877,False,True
train,4a7f29af-8d1c-4a3b-90e6-b9cf771fd1c2_mp4-0033_jpg.rf.dcab6d81fedf42c28b7768df9e5b876f.jpg,181.32739583333333,1251.5088164794215,24.25750578703704,4.284301697530879,False,False,False,False,4a7f29af-8d1c-4a3b-90e6-b9cf771fd1c2,0.3652160493827153,False,True
train,4a7f29af-8d1c-4a3b-90e6-b9cf771fd1c2_mp4-0034_jpg.rf.59a382a2021cfe94f2c1d99dbdc9dafe.jpg,180.69720486111112,1431.19914713625,23.943277391975307,3.9857214506172634,False,False,False,False,4a7f29af-8d1c-4a3b-90e6-b9cf771fd1c2,0.3657995756172837,False,True
train,4a7f29af-8d1c-4a3b-90e6-b9cf771fd1c2_mp4-0035_jpg.rf.f95331c3a7483c6de60d64027fd8d552.jpg,179.3968711419753,1834.9450783643367,24.210898919753088,3.452121913580271,False,False,False,False,4a7f29af-8d1c-4a3b-90e6-b9cf771fd1c2,0.3722463348765425,False,True
train,4a7f29af-8d1c-4a3b-90e6-b9cf771fd1c2_mp4-0036_jpg.rf.1acc351b5514b36770b23799e98e9564.jpg,178.42816358024692,1840.425415484071,23.806369598765432,3.486238425925933,False,False,False,False,4a7f29af-8d1c-4a3b-90e6-b9cf771fd1c2,0.38053337191357844,False,True
train,4a7f29af-8d1c-4a3b-90e6-b9cf771fd1c2_mp4-0037_jpg.rf.e92bbc93cecc78b183ca26a334bf9304.jpg,176.08940972222223,1783.7916177283937,22.475976080246912,3.8800713734567855,False,False,False,False,4a7f29af-8d1c-4a3b-90e6-b9cf771fd1c2,0.3934953703703696,False,True
train,4a7f29af-8d1c-4a3b-90e6-b9cf771fd1c2_mp4-0038_jpg.rf.04e5c1902270a9a7d71474dd6b6b9c2f.jpg,176.60171875,1927.3680323330448,22.740939429012347,4.419677854938271,False,False,False,False,4a7f29af-8d1c-4a3b-90e6-b9cf771fd1c2,0.3893412422839502,False,True
train,4a7f29af-8d1c-4a3b-90e6-b9cf771fd1c2_mp4-0039_jpg.rf.0772b5190874db6f0368465482344e70.jpg,175.66747492283952,2576.742288604326,23.72122299382716,4.9037210648148175,False,False,False,False,4a7f29af-8d1c-4a3b-90e6-b9cf771fd1c2,0.3921634575559422,False,True
train,4a7f29af-8d1c-4a3b-90e6-b9cf771fd1c2_mp4-0040_jpg.rf.f438a78be17ba3ddbebc0a398c0ac751.jpg,177.44990354938273,2693.4083521888338,23.37393711419753,5.118711419753083,False,False,False,False,4a7f29af-8d1c-4a3b-90e6-b9cf771fd1c2,0.387011132330247,False,True
train,4a7f29af-8d1c-4a3b-90e6-b9cf771fd1c2_mp4-0041_jpg.rf.7b314d67b7173cd2e8725a214b6a3951.jpg,180.8136342592593,1922.0338378503031,22.780692515432097,4.6879340277778,False,False,False,False,4a7f29af-8d1c-4a3b-90e6-b9cf771fd1c2,0.366594845370372,False,True
train,4a7f29af-8d1c-4a3b-90e6-b9cf771fd1c2_mp4-0042_jpg.rf.c4157de8acebad6987f7701b1e30a9e9.jpg,177.68186728395062,2090.182188142167,23.69519675925926,3.2912885802469134,False,False,False,False,4a7f29af-8d1c-4a3b-90e6-b9cf771fd1c2,0.36284432870370437,False,False
train,4a7f29af-8d1c-4a3b-90e6-b9cf771fd1c2_mp4-0043_jpg.rf.9621e3b8ceeda3b631a2553475cb2f78.jpg,172.4072010030864,1397.4629700716378,23.642027391975308,2.6039004629629687,False,False,False,False,4a7f29af-8d1c-4a3b-90e6-b9cf771fd1c2,0.39203317901234547,False,True
train,4a7f29af-8d1c-4a3b-90e6-b9cf771fd1c2_mp4-0044_jpg.rf.5e44aaf64df1af141bfdce995dd40565.jpg,175.9742013888889,1708.9429830951838,21.9307388117284,4.206263503086433,False,False,False,False,4a7f29af-8d1c-4a3b-90e6-b9cf771fd1c2,0.4107966820987659,False,True
train,4a7f29af-8d1c-4a3b-90e6-b9cf771fd1c2_mp4-0045_jpg.rf.a71fe78b4ac22532fa3298b36d7b9704.jpg,175.92418595679013,1675.74921139826,22.36099729938272,5.028368055555546,False,False,False,False,4a7f29af-8d1c-4a3b-90e6-b9cf771fd1c2,0.4184076003086422,False,True
train,4a7f29af-8d1c-4a3b-90e6-b9cf771fd1c2_mp4-0046_jpg.rf.4ec809496db8fea2dc29a2b7aad8e547.jpg,172.8034124228395,1858.9242395639092,21.15038580246913,5.703923611111094,False,False,False,False,4a7f29af-8d1c-4a3b-90e6-b9cf771fd1c2,0.4439825962123827,False,True
train,4a7f29af-8d1c-4a3b-90e6-b9cf771fd1c2_mp4-0047_jpg.rf.572c03953aa8e901d6cc2f3b37f347f9.jpg,175.59423611111112,1568.777127957283,19.901172839506174,5.928387345679028,False,False,False,False,4a7f29af-8d1c-4a3b-90e6-b9cf771fd1c2,0.4603221450617276,False,True
train,5d81688a-7f52-42a4-b81d-822c2d2319a3_mp4-0000_jpg.rf.76551e5cc2427edc0804f7c5d8a2e0f4.jpg,177.98908950617283,2072.8767199987974,30.06854552469136,-0.2447820216049478,False,False,False,False,5d81688a-7f52-42a4-b81d-822c2d2319a3,0.11168113425926074,False,False
train,5d81688a-7f52-42a4-b81d-822c2d2319a3_mp4-0001_jpg.rf.fba7bd5558a2dfe44ee397f6e0631fdd.jpg,179.70058063271605,628.2583964522211,29.64695216049383,-0.9800385802469124,False,False,False,False,5d81688a-7f52-42a4-b81d-822c2d2319a3,0.10912133487654252,False,False
train,5d81688a-7f52-42a4-b81d-822c2d2319a3_mp4-0002_jpg.rf.9000cbfca1d2465a4d324e556cb94761.jpg,176.4381462191358,674.4322116833514,30.279965277777777,-1.7174016203703673,False,False,False,False,5d81688a-7f52-42a4-b81d-822c2d2319a3,0.10705632716049274,False,False
train,5d81688a-7f52-42a4-b81d-822c2d2319a3_mp4-0003_jpg.rf.461cb4b90eeea920b55c40b4d442056d.jpg,176.54742283950617,624.8741086032612,30.64318672839506,-1.9338560956790047,False,False,False,False,5d81688a-7f52-42a4-b81d-822c2d2319a3,0.10382587577160352,False,False
train,5d81688a-7f52-42a4-b81d-822c2d2319a3_mp4-0004_jpg.rf.f060697417d76985910d9a79c4e2e95c.jpg,175.96448302469136,832.4682757458811,31.110021219135803,-1.3447550154320993,False,False,False,False,5d81688a-7f52-42a4-b81d-822c2d2319a3,0.10349121334876554,False,False
train,5d81688a-7f52-42a4-b81d-822c2d2319a3_mp4-0005_jpg.rf.4495f29d2008f5f4141085778f6497b4.jpg,176.3207426697531,893.4812530911493,30.88200424382716,-1.130420524691374,False,False,False,False,5d81688a-7f52-42a4-b81d-822c2d2319a3,0.10318370756172723,False,False
train,5d81688a-7f52-42a4-b81d-822c2d2319a3_mp4-0006_jpg.rf.ceb01e59e632d243d2a430d4041db494.jpg,175.71986304012347,818.8438536986877,30.819000771604937,-0.7797125771604954,False,False,False,False,5d81688a-7f52-42a4-b81d-822c2d2319a3,0.10459140625000074,False,False
train,5d81688a-7f52-42a4-b81d-822c2d2319a3_mp4-0007_jpg.rf.89a1beaa25229823d16718a850e49f24.jpg,176.7869926697531,758.1084674958406,30.30377314814815,-0.6025945216049422,False,False,False,False,5d81688a-7f52-42a4-b81d-822c2d2319a3,0.10579571759259165,False,False
train,5d81688a-7f52-42a4-b81d-822c2d2319a3_mp4-0008_jpg.rf.9363faedcf88c32199e2155ee91f483b.jpg,175.74566165123457,893.9745404478018,31.035229552469136,-0.1989621913580208,False,False,False,False,5d81688a-7f52-42a4-b81d-822c2d2319a3,0.11247974537036853,False,False
train,5d81688a-7f52-42a4-b81d-822c2d2319a3_mp4-0009_jpg.rf.47d742eeb6c80beb5bb82b8c89e47d37.jpg,176.34696180555557,681.7307884193619,30.061265432098764,0.0073726851851745,False,False,False,False,5d81688a-7f52-42a4-b81d-822c2d2319a3,0.11842785493827312,False,False
train,5d81688a-7f52-42a4-b81d-822c2d2319a3_mp4-0010_jpg.rf.2ed1dbbf1d65af4173b5fc00d9f630cf.jpg,176.25699845679011,631.4224527346393,29.61583140432099,0.4028260030864317,False,False,False,False,5d81688a-7f52-42a4-b81d-822c2d2319a3,0.11255690586419753,False,False
train,5d81688a-7f52-42a4-b81d-822c2d2319a3_mp4-0011_jpg.rf.4c26afaf43ef534211ca5ed98c757dbc.jpg,176.957862654321,584.4851198220159,28.866248070987652,0.3371257716049456,False,False,False,False,5d81688a-7f52-42a4-b81d-822c2d2319a3,0.12090374228394918,False,False
train,5d81688a-7f52-42a4-b81d-822c2d2319a3_mp4-0012_jpg.rf.da297d3121e8360f6004c72c0ddb053a.jpg,177.0585860339506,696.664595874589,28.68614390432099,0.9570698302469224,False,False,False,False,5d81688a-7f52-42a4-b81d-822c2d2319a3,0.12459683641975383,False,False
train,5d81688a-7f52-42a4-b81d-822c2d2319a3_mp4-0013_jpg.rf.0105f5b70ccf22406342118711037183.jpg,179.0112924382716,692.6053631312008,28.137800925925927,1.3642766203703616,False,False,False,False,5d81688a-7f52-42a4-b81d-822c2d2319a3,0.1242274305555564,False,False
train,5d81688a-7f52-42a4-b81d-822c2d2319a3_mp4-0014_jpg.rf.b2280777c686d49642251ee3a77a183a.jpg,180.15589699074076,586.3639550846406,27.34383101851852,1.473736496913574,False,False,False,False,5d81688a-7f52-42a4-b81d-822c2d2319a3,0.1276446759259242,False,False
train,5d81688a-7f52-42a4-b81d-822c2d2319a3_mp4-0015_jpg.rf.9de4f1e4ad19362686fad40466c2dfdf.jpg,180.0303761574074,759.7822661069517,27.52259645061728,1.144575617283948,False,False,False,False,5d81688a-7f52-42a4-b81d-822c2d2319a3,0.1295640432098768,False,False
train,5d81688a-7f52-42a4-b81d-822c2d2319a3_mp4-0016_jpg.rf.97baa96fb5f07e75b25922da7dd4445a.jpg,179.5277912808642,822.4505980393136,28.02744212962963,0.6626581790123396,False,False,False,False,5d81688a-7f52-42a4-b81d-822c2d2319a3,0.12944926697531,False,False
train,5d81688a-7f52-42a4-b81d-822c2d2319a3_mp4-0017_jpg.rf.993fd18bd74a412c1d9d59072d196954.jpg,180.69840084876543,648.2854353643891,27.10071759259259,0.2355459104938404,False,False,False,False,5d81688a-7f52-42a4-b81d-822c2d2319a3,0.13057966820987676,False,False
train,5d81688a-7f52-42a4-b81d-822c2d2319a3_mp4-0018_jpg.rf.c159b8ba08b53f2b733af84175c1d648.jpg,177.95863811728395,677.2621314119419,27.46910300925926,-1.9677488425925844,False,False,False,False,5d81688a-7f52-42a4-b81d-822c2d2319a3,0.11779224537037081,False,False
train,5d81688a-7f52-42a4-b81d-822c2d2319a3_mp4-0019_jpg.rf.f42e54b8031ccdd8ba113081865d516a.jpg,169.52168402777778,1704.910895871378,29.521687885802468,-1.1715412808642045,False,False,False,False,5d81688a-7f52-42a4-b81d-822c2d2319a3,0.11640817901234657,False,False
train,5d81688a-7f52-42a4-b81d-822c2d2319a3_mp4-0020_jpg.rf.3d45a99ba5b55c89fa3bff0a15b62c71.jpg,170.00430362654322,1003.2899109266492,29.67212962962963,-1.314542824074067,False,False,False,False,5d81688a-7f52-42a4-b81d-822c2d2319a3,0.11724151234567914,False,False
train,6f40fbbd-891e-434b-a1ec-365668a5ae66_mp4-0014_jpg.rf.918eab2fc94f469f284e7f80fe9592eb.jpg,172.05859182098766,792.5610669560185,37.10501736111111,-18.924756944444425,False,False,False,False,6f40fbbd-891e-434b-a1ec-365668a5ae66,0.1835368441358043,False,False
train,6f40fbbd-891e-434b-a1ec-365668a5ae66_mp4-0015_jpg.rf.590e6edff3a6cf4e53be3c8781dcfeff.jpg,169.89933063271604,856.0669762059304,37.61267168209877,-18.426689814814807,False,False,False,False,6f40fbbd-891e-434b-a1ec-365668a5ae66,0.18769868827160585,False,False
train,6f40fbbd-891e-434b-a1ec-365668a5ae66_mp4-0016_jpg.rf.72c01c36d773c209f127a97df6bc24a0.jpg,168.5203163580247,914.0148558962138,38.01350694444445,-18.4001774691358,False,False,False,False,6f40fbbd-891e-434b-a1ec-365668a5ae66,0.1739665316358021,False,False
train,6f40fbbd-891e-434b-a1ec-365668a5ae66_mp4-0019_jpg.rf.67467d461ce67785fded46e756ab65f3.jpg,167.46598186728394,695.7852736386025,39.7579475308642,-21.64257330246912,False,False,False,False,6f40fbbd-891e-434b-a1ec-365668a5ae66,0.2307846257716082,False,False
train,6f40fbbd-891e-434b-a1ec-365668a5ae66_mp4-0020_jpg.rf.daa7a449a82f04caea62a9098b374f1f.jpg,171.8368885030864,832.3510067383111,38.48733796296296,-21.790227623456783,False,False,False,False,6f40fbbd-891e-434b-a1ec-365668a5ae66,0.22800124180169945,False,False
train,6f40fbbd-891e-434b-a1ec-365668a5ae66_mp4-0021_jpg.rf.47250fc945f51b6b8f403647b2c44be9.jpg,174.55238425925927,758.1772380736877,39.09967013888889,-22.534226466049372,False,False,False,False,6f40fbbd-891e-434b-a1ec-365668a5ae66,0.22887442129629676,False,False
train,6f40fbbd-891e-434b-a1ec-365668a5ae66_mp4-0022_jpg.rf.8bbe778b2bb78a372fc596c90ac46ed3.jpg,174.68450617283952,881.9968924875685,39.1237287808642,-22.235690586419764,False,False,False,False,6f40fbbd-891e-434b-a1ec-365668a5ae66,0.23427854938271553,False,False
train,6f40fbbd-891e-434b-a1ec-365668a5ae66_mp4-0023_jpg.rf.f931e0becf05deb4411ca3e6e2770b07.jpg,174.35469907407406,607.5957831194414,38.956875,-21.82330054012345,False,False,False,False,6f40fbbd-891e-434b-a1ec-365668a5ae66,0.22660801263503072,False,False
train,6f40fbbd-891e-434b-a1ec-365668a5ae66_mp4-0024_jpg.rf.5ad2fdcd9878fe19c502f3001b9c1d5e.jpg,170.88145833333334,977.9679139696068,39.64360339506173,-21.643144290123477,False,False,False,False,6f40fbbd-891e-434b-a1ec-365668a5ae66,0.22550757137345523,False,False
train,6f40fbbd-891e-434b-a1ec-365668a5ae66_mp4-0025_jpg.rf.34fbaa7814d4e29abbb352f6231501d1.jpg,171.19881172839507,884.4091579703003,39.21919560185185,-21.368838734567905,False,False,False,False,6f40fbbd-891e-434b-a1ec-365668a5ae66,0.22202642746913814,False,False
train,6f40fbbd-891e-434b-a1ec-365668a5ae66_mp4-0026_jpg.rf.38978c62f627fa74eae593503daeca83.jpg,170.58063078703702,835.9200261716034,38.77481481481482,-21.111568287037016,False,False,False,False,6f40fbbd-891e-434b-a1ec-365668a5ae66,0.23148630401234493,False,False
train,6f40fbbd-891e-434b-a1ec-365668a5ae66_mp4-0027_jpg.rf.2b2a41c5299991121dc0386a80919afb.jpg,168.3258063271605,821.5631137530505,39.53854552469136,-21.2604436728395,False,False,False,False,6f40fbbd-891e-434b-a1ec-365668a5ae66,0.2329041280864219,False,False
train,6f40fbbd-891e-434b-a1ec-365668a5ae66_mp4-0028_jpg.rf.84c59b0d836ef26e1695df49152d60f8.jpg,165.01973765432098,946.8465497433305,38.71658564814815,-20.143310185185182,False,False,False,False,6f40fbbd-891e-434b-a1ec-365668a5ae66,0.2273746141975309,False,False
train,6f40fbbd-891e-434b-a1ec-365668a5ae66_mp4-0029_jpg.rf.0a2cb430b008a99e3d1679f8ed6c0187.jpg,167.08655671296296,693.4334657900376,38.10541473765432,-20.27300540123457,False,False,False,False,6f40fbbd-891e-434b-a1ec-365668a5ae66,0.22692804783950593,False,False
train,6f40fbbd-891e-434b-a1ec-365668a5ae66_mp4-0030_jpg.rf.6a4e498bf035c0effcf652bd54c67e4a.jpg,167.1944290123457,589.7728933544186,38.37171489197531,-20.63317322530864,False,False,False,False,6f40fbbd-891e-434b-a1ec-365668a5ae66,0.22041666666666726,False,False
train,6f40fbbd-891e-434b-a1ec-365668a5ae66_mp4-0031_jpg.rf.6f2766a0c200c280be7e038035404a5c.jpg,168.26104552469135,667.3165846693381,39.1593962191358,-21.68594521604939,False,False,False,False,6f40fbbd-891e-434b-a1ec-365668a5ae66,0.22701742476851927,False,False
train,6f40fbbd-891e-434b-a1ec-365668a5ae66_mp4-0032_jpg.rf.8b6ee5fb33dbb9eaf23be785fef5c6d9.jpg,172.0289737654321,611.4883826001748,38.261560570987655,-22.03536458333332,False,False,False,False,6f40fbbd-891e-434b-a1ec-365668a5ae66,0.23655092592592553,False,False
train,6f40fbbd-891e-434b-a1ec-365668a5ae66_mp4-0033_jpg.rf.76e9f1748d45c32cde80ab02632f0fa9.jpg,173.51928433641976,551.4031078031973,38.17445023148148,-22.271790123456785,False,False,False,False,6f40fbbd-891e-434b-a1ec-365668a5ae66,0.2338859953703678,False,False
train,6f40fbbd-891e-434b-a1ec-365668a5ae66_mp4-0034_jpg.rf.4cee857cad3d31117219cb2284c214df.jpg,173.26012345679013,529.9580782459168,38.61311149691358,-22.540835262345663,False,False,False,False,6f40fbbd-891e-434b-a1ec-365668a5ae66,0.2319965277777809,False,False
train,6f40fbbd-891e-434b-a1ec-365668a5ae66_mp4-0035_jpg.rf.e91d7872f5c0577472bb4caeb599d9b3.jpg,171.85591049382717,702.94392869775,40.92885609567901,-23.667891589506183,False,False,False,False,6f40fbbd-891e-434b-a1ec-365668a5ae66,0.22849344135802285,False,False
train,6f40fbbd-891e-434b-a1ec-365668a5ae66_mp4-0036_jpg.rf.7c20c7b91f239afa40aea5a64d92bb71.jpg,171.14795524691357,889.5909200182326,41.416875,-23.907802854938268,False,False,False,False,6f40fbbd-891e-434b-a1ec-365668a5ae66,0.2492428626543226,False,False
train,6f40fbbd-891e-434b-a1ec-365668a5ae66_mp4-0037_jpg.rf.ced76ca9b54ca7e4a8c44b7eff4f569d.jpg,171.76832947530863,938.5538950374332,41.43495563271605,-24.03485339506173,False,False,False,False,6f40fbbd-891e-434b-a1ec-365668a5ae66,0.21798610918209516,False,False
train,6f40fbbd-891e-434b-a1ec-365668a5ae66_mp4-0038_jpg.rf.7ade8b8402b3797dec8432781d8e06d9.jpg,172.16145833333334,1226.51814480363,42.64743055555556,-24.36882137345677,False,False,False,False,6f40fbbd-891e-434b-a1ec-365668a5ae66,0.24675684799382802,False,False
train,6f40fbbd-891e-434b-a1ec-365668a5ae66_mp4-0039_jpg.rf.d18816f4cf811210cdc8736dc696965b.jpg,173.9937750771605,830.0359217966338,41.75678240740741,-23.938885030864185,False,False,False,False,6f40fbbd-891e-434b-a1ec-365668a5ae66,0.25491608796296417,False,False
train,6f40fbbd-891e-434b-a1ec-365668a5ae66_mp4-0040_jpg.rf.5383ffa84007b489fff44eef2f5a8f25.jpg,174.14504436728396,658.5290339063177,42.11798611111111,-23.82996720679012,False,False,False,False,6f40fbbd-891e-434b-a1ec-365668a5ae66,0.2566483410493834,False,False
train,6f40fbbd-891e-434b-a1ec-365668a5ae66_mp4-0041_jpg.rf.aaeac167e8d2500845e817fff25ca4bd.jpg,173.7052411265432,766.6563882249536,42.80287229938271,-24.01175347222224,False,False,False,False,6f40fbbd-891e-434b-a1ec-365668a5ae66,0.25515142746913844,False,False
train,6f40fbbd-891e-434b-a1ec-365668a5ae66_mp4-0042_jpg.rf.1b199840e61489c083d42e1dd7ba2930.jpg,171.1216763117284,712.5595115692515,43.84173418209877,-23.83687500000002,False,False,False,False,6f40fbbd-891e-434b-a1ec-365668a5ae66,0.2542611882716055,False,False
train,6f40fbbd-891e-434b-a1ec-365668a5ae66_mp4-0043_jpg.rf.042bc0ed99d93a91d176926d06fce138.jpg,167.25303433641974,565.1551381306203,45.75306712962963,-24.200696373456797,False,False,False,False,6f40fbbd-891e-434b-a1ec-365668a5ae66,0.25583719135802,False,False
train,6f40fbbd-891e-434b-a1ec-365668a5ae66_mp4-0044_jpg.rf.c83f54d20d9163951235283fc9ca78ac.jpg,163.78708526234567,416.2601758233876,47.041996527777776,-24.334538966049397,False,False,False,False,6f40fbbd-891e-434b-a1ec-365668a5ae66,0.2552642746913591,False,False
train,6f40fbbd-891e-434b-a1ec-365668a5ae66_mp4-0045_jpg.rf.4eee28c81a5adcfc497cfcf4fbf5a63a.jpg,163.1694888117284,514.3998463849736,44.96986689814815,-22.828057484567893,False,False,False,False,6f40fbbd-891e-434b-a1ec-365668a5ae66,0.2632330246913588,False,False
train,6f40fbbd-891e-434b-a1ec-365668a5ae66_mp4-0046_jpg.rf.41ba4f08e670cfcc9e4e6c0da296b8c8.jpg,163.01725308641974,346.2826861808555,45.8020987654321,-23.77929783950617,False,False,False,False,6f40fbbd-891e-434b-a1ec-365668a5ae66,0.26357156635801715,False,False
train,6f40fbbd-891e-434b-a1ec-365668a5ae66_mp4-0047_jpg.rf.8f713fbf96978090cb826bd0f7be3392.jpg,162.10375192901233,338.64581924438386,46.024782021604935,-24.718713348765448,False,False,False,False,6f40fbbd-891e-434b-a1ec-365668a5ae66,0.27619695216049517,False,False
train,6f40fbbd-891e-434b-a1ec-365668a5ae66_mp4-0048_jpg.rf.a5505d17ed6a669e22b0cabae5c8e22a.jpg,164.62785108024693,275.8892727902948,44.33271219135803,-25.134621913580247,False,False,False,False,6f40fbbd-891e-434b-a1ec-365668a5ae66,0.2857349537037011,False,False
train,6f40fbbd-891e-434b-a1ec-365668a5ae66_mp4-0049_jpg.rf.259cc9769ea8b554acc1ad962545b526.jpg,167.5470061728395,249.6601039366104,44.79882330246914,-26.45151041666665,False,False,False,False,6f40fbbd-891e-434b-a1ec-365668a5ae66,0.28850597993827254,False,False
train,6f40fbbd-891e-434b-a1ec-365668a5ae66_mp4-0050_jpg.rf.0b1702fb48c0409202e9a280b7d1fd59.jpg,167.20329089506174,202.02450221970005,44.50882137345679,-26.41836612654322,False,False,False,False,6f40fbbd-891e-434b-a1ec-365668a5ae66,0.2514081790123448,False,False
train,6f40fbbd-891e-434b-a1ec-365668a5ae66_mp4-0051_jpg.rf.a97878591d42f5e1770c0cc83bfca866.jpg,168.8201890432099,275.81320248193634,42.23954475308642,-25.3706847993827,False,False,False,False,6f40fbbd-891e-434b-a1ec-365668a5ae66,0.22207561728394865,False,False
train,6f40fbbd-891e-434b-a1ec-365668a5ae66_mp4-0052_jpg.rf.7b536d7298926b73b87c60fdc3e5662e.jpg,169.90231288580247,414.2492847985455,39.6755362654321,-23.6422260802469,False,False,False,False,6f40fbbd-891e-434b-a1ec-365668a5ae66,0.20645929783950606,False,False
train,6f40fbbd-891e-434b-a1ec-365668a5ae66_mp4-0053_jpg.rf.593540f59576b78a065c4a769636a70e.jpg,171.9657137345679,289.4074598448358,38.76966820987654,-23.291527777777787,False,False,False,False,6f40fbbd-891e-434b-a1ec-365668a5ae66,0.20679398148148098,False,False
train,6f40fbbd-891e-434b-a1ec-365668a5ae66_mp4-0054_jpg.rf.06a981a11596c90a7d1cfb1befaadea9.jpg,172.55304591049384,307.730569055293,38.45119212962963,-23.087407407407422,False,False,False,False,6f40fbbd-891e-434b-a1ec-365668a5ae66,0.20277777777777706,False,False
train,6f40fbbd-891e-434b-a1ec-365668a5ae66_mp4-0055_jpg.rf.d20801bde4cd8f7f1051335a06324bc3.jpg,172.84879822530866,412.58911714195386,38.42857060185185,-22.91602816358025,False,False,False,False,6f40fbbd-891e-434b-a1ec-365668a5ae66,0.19767650462962777,False,False
train,6f40fbbd-891e-434b-a1ec-365668a5ae66_mp4-0056_jpg.rf.21bd23da35044f9815eee9e9ef3e87d1.jpg,169.7589737654321,542.146764343219,37.84425925925926,-12.283173225308644,False,False,False,False,6f40fbbd-891e-434b-a1ec-365668a5ae66,0.120662615740743,False,False
train,6f40fbbd-891e-434b-a1ec-365668a5ae66_mp4-0057_jpg.rf.c78b918ef493cb73e07ad6877888d605.jpg,172.4003973765432,585.7879414423854,35.80434413580247,-14.16472993827162,False,False,False,False,6f40fbbd-891e-434b-a1ec-365668a5ae66,0.14106987847222163,False,False
train,6f40fbbd-891e-434b-a1ec-365668a5ae66_mp4-0058_jpg.rf.0873c208e1f9e4073fda6a56a6683fae.jpg,172.87100308641976,695.2076063364334,35.587417052469135,-14.751383101851872,False,False,False,False,6f40fbbd-891e-434b-a1ec-365668a5ae66,0.1429979263117278,False,False
train,6f40fbbd-891e-434b-a1ec-365668a5ae66_mp4-0059_jpg.rf.516604f7fa6b6760b01a1195ded1189f.jpg,171.79749807098764,1354.0718317835594,37.10112847222222,-14.747422839506156,False,False,False,False,6f40fbbd-891e-434b-a1ec-365668a5ae66,0.13825569058641873,False,False
train,6f40fbbd-891e-434b-a1ec-365668a5ae66_mp4-0060_jpg.rf.8946390dd3aabee807b652eec0b5cfdc.jpg,173.7288175154321,688.5405650130708,36.12095486111111,-14.869008487654328,False,False,False,False,6f40fbbd-891e-434b-a1ec-365668a5ae66,0.1367563657407404,False,False
train,6f40fbbd-891e-434b-a1ec-365668a5ae66_mp4-0061_jpg.rf.a9ff766070b2c4159ad65b8490bdc767.jpg,173.17425347222223,795.9369824801882,35.90114969135802,-15.248873456790136,False,False,False,False,6f40fbbd-891e-434b-a1ec-365668a5ae66,0.14158275462963182,False,False
train,6f40fbbd-891e-434b-a1ec-365668a5ae66_mp4-0062_jpg.rf.b7c2d14b1b29328eb7434c87b382ea72.jpg,172.78814429012343,920.870796710048,36.01303240740741,-14.804882330246926,False,False,False,False,6f40fbbd-891e-434b-a1ec-365668a5ae66,0.14054591049382523,False,False
train,8f435cb5-02c7-452a-a971-cef315681c19_mp4-0000_jpg.rf.33731a56caa33a68399ba03df41fea34.jpg,159.9775424382716,1901.9704599436864,36.47228009259259,-13.77660493827159,False,False,False,False,8f435cb5-02c7-452a-a971-cef315681c19,0.107875192901235,False,False
train,8f435cb5-02c7-452a-a971-cef315681c19_mp4-0001_jpg.rf.cc717742a802c3518246cb6ffbf1573e.jpg,160.1902874228395,1521.9198036903078,36.48329282407408,-14.109672067901244,False,False,False,False,8f435cb5-02c7-452a-a971-cef315681c19,0.10128086419753002,False,False
train,8f435cb5-02c7-452a-a971-cef315681c19_mp4-0002_jpg.rf.a59cbe814996139ae04ac43ad8ca85d9.jpg,159.4492824074074,1202.0094851357542,40.62596064814815,-16.8611651234568,False,False,False,False,8f435cb5-02c7-452a-a971-cef315681c19,0.17214891685956868,False,False
train,8f435cb5-02c7-452a-a971-cef315681c19_mp4-0003_jpg.rf.910cbfcc3793e1e125e159593b93ca4f.jpg,163.23314429012345,1375.9990071520774,41.33985146604938,-18.038817515432072,False,False,False,False,8f435cb5-02c7-452a-a971-cef315681c19,0.24685016396605075,False,False
train,8f435cb5-02c7-452a-a971-cef315681c19_mp4-0004_jpg.rf.e27af9dfd65b7863b87d07b8e281fc13.jpg,164.7088136574074,599.617907403385,40.866402391975306,-18.272563657407403,False,False,False,False,8f435cb5-02c7-452a-a971-cef315681c19,0.22918113425926023,False,False
train,8f435cb5-02c7-452a-a971-cef315681c19_mp4-0005_jpg.rf.448d025dd2d1a8744def9bf962600211.jpg,166.00503279320986,579.8451492673177,41.00077160493827,-18.883437499999985,False,False,False,False,8f435cb5-02c7-452a-a971-cef315681c19,0.222574266975309,False,False
train,8f435cb5-02c7-452a-a971-cef315681c19_mp4-0006_jpg.rf.d9113ad3f8d741d4094a8cfa264e8bff.jpg,169.09591820987654,482.62673901605706,39.77562885802469,-19.05273341049383,False,False,False,False,8f435cb5-02c7-452a-a971-cef315681c19,0.2175327932098778,False,False
train,8f435cb5-02c7-452a-a971-cef315681c19_mp4-0007_jpg.rf.8ad18947fac5ca2c499e36f845060019.jpg,174.732399691358,328.20017596045386,37.9083699845679,-19.461865354938283,False,False,False,False,8f435cb5-02c7-452a-a971-cef315681c19,0.22054205246913483,False,False
train,8f435cb5-02c7-452a-a971-cef315681c19_mp4-0008_jpg.rf.d226c9226cc047088ea8262e86dad97a.jpg,176.20890625,378.5169440149378,39.62689236111111,-20.292158564814827,False,False,False,False,8f435cb5-02c7-452a-a971-cef315681c19,0.2603115354938268,False,False
train,8f435cb5-02c7-452a-a971-cef315681c19_mp4-0009_jpg.rf.ac7886e44ba21347e97826dc8afd6926.jpg,175.40268711419753,325.1335713369864,40.86413387345679,-20.76094328703704,False,False,False,False,8f435cb5-02c7-452a-a971-cef315681c19,0.2897800925925922,False,False
train,8f435cb5-02c7-452a-a971-cef315681c19_mp4-0010_jpg.rf.08c139ad78d9f897976dc3be5623ad52.jpg,175.6445138888889,230.4683526225042,40.31060185185185,-20.717256944444443,False,False,False,False,8f435cb5-02c7-452a-a971-cef315681c19,0.25901620370370404,False,False
train,8f435cb5-02c7-452a-a971-cef315681c19_mp4-0011_jpg.rf.306b5a7a8cb14a503f90acebc3c17573.jpg,175.2360474537037,210.9498914930556,39.32332561728395,-20.21050925925925,False,False,False,False,8f435cb5-02c7-452a-a971-cef315681c19,0.24470100308641785,False,False
train,8f435cb5-02c7-452a-a971-cef315681c19_mp4-0012_jpg.rf.30fdb80cfa98c4c8fd2c76a8227a5130.jpg,178.7886361882716,238.19877451720737,33.47605709876543,-18.32678240740742,False,False,False,False,8f435cb5-02c7-452a-a971-cef315681c19,0.2540374228395059,False,False
train,8f435cb5-02c7-452a-a971-cef315681c19_mp4-0013_jpg.rf.c27ffbaa7235f9b59130a05df8dff545.jpg,181.119106867284,202.49374591126409,30.60248456790124,-16.967280092592603,False,False,False,False,8f435cb5-02c7-452a-a971-cef315681c19,0.2666396604938275,False,False
train,8f435cb5-02c7-452a-a971-cef315681c19_mp4-0014_jpg.rf.d268fabc2e49ab675dc6b287f826ded6.jpg,178.67759066358025,160.834399159674,29.635324074074077,-16.28728395061728,True,False,False,False,8f435cb5-02c7-452a-a971-cef315681c19,0.2765393518518522,False,False
train,8f435cb5-02c7-452a-a971-cef315681c19_mp4-0015_jpg.rf.430e8f131e028ec65dd3ec32fffc43af.jpg,176.63504822530865,169.598614710055,29.671954089506173,-15.998061342592592,True,False,False,False,8f435cb5-02c7-452a-a971-cef315681c19,0.25157793209876544,False,False
train,8f435cb5-02c7-452a-a971-cef315681c19_mp4-0016_jpg.rf.65a6e5ed7a0287a398b5bbb9953538d8.jpg,173.4475038580247,284.35693677795626,29.41403935185185,-15.232216435185194,False,False,False,False,8f435cb5-02c7-452a-a971-cef315681c19,0.25316454475308925,False,False
train,8f435cb5-02c7-452a-a971-cef315681c19_mp4-0017_jpg.rf.f2a6079a3577059b72b8da07fbb917ba.jpg,172.97966820987654,244.96475290529204,29.80884837962963,-15.51405864197531,False,False,False,False,8f435cb5-02c7-452a-a971-cef315681c19,0.300110556520063,False,False
train,8f435cb5-02c7-452a-a971-cef315681c19_mp4-0018_jpg.rf.8dfbeceee17c873b3d3ac8dcf9ba6dfa.jpg,173.28269483024692,273.0125635365427,29.458072916666666,-15.507129629629617,False,False,False,False,8f435cb5-02c7-452a-a971-cef315681c19,0.31983314043209954,False,False
train,8f435cb5-02c7-452a-a971-cef315681c19_mp4-0019_jpg.rf.c8f6bdd3f52dd744feed943b16b8736d.jpg,173.94640432098765,246.55329943331915,28.834328703703704,-15.178402777777762,False,False,False,False,8f435cb5-02c7-452a-a971-cef315681c19,0.33281346450617566,False,False
train,8f435cb5-02c7-452a-a971-cef315681c19_mp4-0020_jpg.rf.17fbb473ee65120e5e1ae4ac85e7cc76.jpg,172.46582947530865,311.1114879299756,28.223917824074075,-14.511936728395083,False,False,False,False,8f435cb5-02c7-452a-a971-cef315681c19,0.3297636959876543,False,False
train,8f435cb5-02c7-452a-a971-cef315681c19_mp4-0021_jpg.rf.481a433872d13672f4e471c0371138d7.jpg,174.0717862654321,249.40496805073303,27.478358410493826,-14.252793209876527,False,False,False,False,8f435cb5-02c7-452a-a971-cef315681c19,0.2605989583333333,False,False
train,8f435cb5-02c7-452a-a971-cef315681c19_mp4-0022_jpg.rf.2cb46988d97ab9d077e6bf5f9cb25793.jpg,173.16996334876544,232.1336473679103,27.46042438271605,-14.214224537037012,False,False,False,False,8f435cb5-02c7-452a-a971-cef315681c19,0.2737364969135786,False,False
train,8f435cb5-02c7-452a-a971-cef315681c19_mp4-0023_jpg.rf.ec5f8c11129f35fdcfa163852d9b9a5f.jpg,174.94976466049383,185.81220807017792,26.936641589506173,-14.007652391975313,True,False,False,False,8f435cb5-02c7-452a-a971-cef315681c19,0.27242060908564736,False,False
train,8f435cb5-02c7-452a-a971-cef315681c19_mp4-0024_jpg.rf.03fa57ee716dfbe9f2b20e3c6e209fa1.jpg,174.93482831790124,242.2610862169352,26.727170138888887,-13.863026620370364,False,False,False,False,8f435cb5-02c7-452a-a971-cef315681c19,0.2463792438271606,False,False
train,8f435cb5-02c7-452a-a971-cef315681c19_mp4-0025_jpg.rf.9f6227ea25a14f1fe5812867fed5c5d8.jpg,174.39971064814816,218.6653559355829,25.96206211419753,-13.437737268518504,False,False,False,False,8f435cb5-02c7-452a-a971-cef315681c19,0.2731047453703752,False,False
train,8f435cb5-02c7-452a-a971-cef315681c19_mp4-0026_jpg.rf.1c3a7f81bd63cfa969e425e79a516855.jpg,172.8581674382716,241.27982918571865,26.33193672839506,-13.79422067901237,False,False,False,False,8f435cb5-02c7-452a-a971-cef315681c19,0.2872820216049409,False,False
train,8f435cb5-02c7-452a-a971-cef315681c19_mp4-0027_jpg.rf.51ce7156ca03d03fb302fb085e35542d.jpg,170.98366705246914,193.04842418975525,27.07920524691358,-13.620248842592588,False,False,False,False,8f435cb5-02c7-452a-a971-cef315681c19,0.2728231095679001,False,False
train,d56fcb3c-0531-4696-8b67-2645d89e4a7f_mp4-0000_jpg.rf.c741e272b0956f5de1ca80073b54ff44.jpg,161.42085021219137,1406.4349034622826,33.067009066358025,-5.895022545331784,False,False,False,False,d56fcb3c-0531-4696-8b67-2645d89e4a7f,0.10182773919753119,False,False
train,d56fcb3c-0531-4696-8b67-2645d89e4a7f_mp4-0001_jpg.rf.f1b41e917b3bb2dde3eeb85146a2be42.jpg,163.48852840470678,1323.3512602437836,32.42745707947531,-5.515594859182102,False,False,False,False,d56fcb3c-0531-4696-8b67-2645d89e4a7f,0.1022904007523146,False,False
train,d56fcb3c-0531-4696-8b67-2645d89e4a7f_mp4-0002_jpg.rf.84f3e76c87ed4f03b4154620d447ebed.jpg,164.5063777970679,1120.5626595212889,32.04952739197531,-5.517966941550924,False,False,False,False,d56fcb3c-0531-4696-8b67-2645d89e4a7f,0.10169964072145099,False,False
train,d56fcb3c-0531-4696-8b67-2645d89e4a7f_mp4-0003_jpg.rf.3d4e389858cd08586fd3cba5acabd8fb.jpg,165.68824146412038,3044.2618115908344,32.47090506847994,-5.316098813657419,False,False,False,False,d56fcb3c-0531-4696-8b67-2645d89e4a7f,0.10166648582175897,False,False
train,d56fcb3c-0531-4696-8b67-2645d89e4a7f_mp4-0004_jpg.rf.3dd4d909169d9a84f4042a97eb56b261.jpg,168.87418318383487,1545.264597147008,31.246184172453702,-5.483648606288597,False,False,False,False,d56fcb3c-0531-4696-8b67-2645d89e4a7f,0.1104404779128087,False,False
train,d56fcb3c-0531-4696-8b67-2645d89e4a7f_mp4-0005_jpg.rf.21137629b1f2288b2791f53fddf9ff80.jpg,168.708984375,1601.493192101448,31.647587528935187,-5.813777970679013,False,False,False,False,d56fcb3c-0531-4696-8b67-2645d89e4a7f,0.11535343123071018,False,False
train,d56fcb3c-0531-4696-8b67-2645d89e4a7f_mp4-0006_jpg.rf.44a720a4eb1d71cc65ca050a4b1abcf5.jpg,168.9680778597608,1438.6949829143769,31.62616644965278,-5.81357904128086,False,False,False,False,d56fcb3c-0531-4696-8b67-2645d89e4a7f,0.1374767915702158,False,False
train,d56fcb3c-0531-4696-8b67-2645d89e4a7f_mp4-0007_jpg.rf.d21e422a17411b466d573dbb817d4dc5.jpg,167.28110532407408,1296.1198609696075,32.39013370466821,-5.801688488618822,False,False,False,False,d56fcb3c-0531-4696-8b67-2645d89e4a7f,0.13724772135416652,False,False
train,d56fcb3c-0531-4696-8b67-2645d89e4a7f_mp4-0008_jpg.rf.fb8c252f7948caccf9a53fbe2265b821.jpg,169.02316623263889,899.0572100567881,31.90793487172068,-5.435739776234584,False,False,False,False,d56fcb3c-0531-4696-8b67-2645d89e4a7f,0.14189543547453787,False,False
train,d56fcb3c-0531-4696-8b67-2645d89e4a7f_mp4-0009_jpg.rf.aa5c17da55f9b0a14b849822c2639066.jpg,173.12974115065586,782.7548971958795,30.093361183449076,-4.75181146315586,False,False,False,False,d56fcb3c-0531-4696-8b67-2645d89e4a7f,0.14599910783179082,False,False
train,d56fcb3c-0531-4696-8b67-2645d89e4a7f_mp4-0010_jpg.rf.2630dbf2c94b7c9f308d0239f72082dd.jpg,176.2116096402392,1573.4554242397332,30.428068938078702,-5.266209731867292,False,False,False,False,d56fcb3c-0531-4696-8b67-2645d89e4a7f,0.14431423611111183,False,False
train,d56fcb3c-0531-4696-8b67-2645d89e4a7f_mp4-0011_jpg.rf.18d4c79bdc83441bc549cd3adbad6db1.jpg,175.98573133680554,1410.7455383700997,30.751054928626544,-5.539053457754619,False,False,False,False,d56fcb3c-0531-4696-8b67-2645d89e4a7f,0.1511351032021595,False,False
train,d56fcb3c-0531-4696-8b67-2645d89e4a7f_mp4-0012_jpg.rf.a66691516d64960d358df4ee3f83a9fe.jpg,176.97091411072532,1287.823217022975,30.42081404320988,-5.673047477816368,False,False,False,False,d56fcb3c-0531-4696-8b67-2645d89e4a7f,0.15068751205632758,False,False
train,d56fcb3c-0531-4696-8b67-2645d89e4a7f_mp4-0013_jpg.rf.cbaf6f623f44c1a0b8f0617ad3bb4d9b.jpg,177.66028585551695,1071.093373069266,30.175449701003085,-5.871012369791657,False,False,False,False,d56fcb3c-0531-4696-8b67-2645d89e4a7f,0.1283154899691359,False,False
train,d56fcb3c-0531-4696-8b67-2645d89e4a7f_mp4-0014_jpg.rf.60cd05dde1aedc87fe8b13c56d12b94f.jpg,176.78344123746143,1081.7021510078764,31.38890697337963,-6.838617018711403,False,False,False,False,d56fcb3c-0531-4696-8b67-2645d89e4a7f,0.14926637249228425,False,False
train,d56fcb3c-0531-4696-8b67-2645d89e4a7f_mp4-0015_jpg.rf.f4a646c344a6f16203073ea8fb162b22.jpg,175.8410282841435,917.8437882662274,31.831356095679013,-6.72230963059414,False,False,False,False,d56fcb3c-0531-4696-8b67-2645d89e4a7f,0.14783468364197605,False,False
train,d56fcb3c-0531-4696-8b67-2645d89e4a7f_mp4-0016_jpg.rf.0cca3f3848400dde7344a1d24f195a94.jpg,176.28127109857252,867.3261078100545,31.506929374035494,-6.218038676697546,False,False,False,False,d56fcb3c-0531-4696-8b67-2645d89e4a7f,0.13864324122299365,False,False
train,d56fcb3c-0531-4696-8b67-2645d89e4a7f_mp4-0017_jpg.rf.68531ef66b524ecddc50ce55bac561c6.jpg,175.84618839216822,853.6819137277499,30.464177637924383,-5.482798635223787,False,False,False,False,d56fcb3c-0531-4696-8b67-2645d89e4a7f,0.18663119092399727,False,False
train,d56fcb3c-0531-4696-8b67-2645d89e4a7f_mp4-0018_jpg.rf.f8ccb1a69afecde74b5656eacc4b25bc.jpg,175.80709575135032,710.5903237137085,30.53367934992284,-5.661241319444429,False,False,False,False,d56fcb3c-0531-4696-8b67-2645d89e4a7f,0.16314923321759445,False,False
train,d56fcb3c-0531-4696-8b67-2645d89e4a7f_mp4-0019_jpg.rf.97300d5d87bca1e1df91a7bd4076494a.jpg,176.62109073591822,582.8542535032755,30.307954764660494,-5.907995153356495,False,False,False,False,d56fcb3c-0531-4696-8b67-2645d89e4a7f,0.2100001205632716,False,False
train,d56fcb3c-0531-4696-8b67-2645d89e4a7f_mp4-0020_jpg.rf.2392ac5c4a3b1226044f425c0b31e5da.jpg,175.46913278838736,706.5176111589643,31.061005015432094,-6.204767674575606,False,False,False,False,d56fcb3c-0531-4696-8b67-2645d89e4a7f,0.21986119851948355,False,False
train,d56fcb3c-0531-4696-8b67-2645d89e4a7f_mp4-0021_jpg.rf.327d40b7c0f16c525ed6104745f546ff.jpg,176.20144314236111,654.1009920044855,31.33882197627315,-6.62983458719134,False,False,False,False,d56fcb3c-0531-4696-8b67-2645d89e4a7f,0.21047634548610994,False,False
train,d56fcb3c-0531-4696-8b67-2645d89e4a7f_mp4-0022_jpg.rf.5536baa23f908972c4e96ab2214024b5.jpg,174.82160554108796,735.197481111998,32.27157178337191,-7.054681471836432,False,False,False,False,d56fcb3c-0531-4696-8b67-2645d89e4a7f,0.21729570553626537,False,False
train,d56fcb3c-0531-4696-8b67-2645d89e4a7f_mp4-0023_jpg.rf.76bb0cc8c6d007b44977a1c58d68532b.jpg,174.6476176697531,580.2112297939739,32.460593894675924,-7.237298659336432,False,False,False,False,d56fcb3c-0531-4696-8b67-2645d89e4a7f,0.21807333863811773,False,False
train,d56fcb3c-0531-4696-8b67-2645d89e4a7f_mp4-0024_jpg.rf.668401bf16689451b0775e7ab5c7b415.jpg,174.95811933352624,643.0652336561812,33.03147002797068,-7.065122251157419,False,False,False,False,d56fcb3c-0531-4696-8b67-2645d89e4a7f,0.13971625434027768,False,False
train,d56fcb3c-0531-4696-8b67-2645d89e4a7f_mp4-0025_jpg.rf.635ccc7c80b4879c28f343e472b10b4a.jpg,176.3108814380787,473.4346841685093,31.53419174382716,-6.217372564621911,False,False,False,False,d56fcb3c-0531-4696-8b67-2645d89e4a7f,0.21458755304783916,False,False
train,d56fcb3c-0531-4696-8b67-2645d89e4a7f_mp4-0026_jpg.rf.211cd242bf0424beabdc8b6924fdae5c.jpg,177.21506076388889,484.9342462253032,29.98294331114969,-5.026557074652772,False,False,False,False,d56fcb3c-0531-4696-8b67-2645d89e4a7f,0.15380256558641925,False,False
train,d56fcb3c-0531-4696-8b67-2645d89e4a7f_mp4-0027_jpg.rf.bf2ff9f4dd8a1bac28c4442b04ff528e.jpg,178.96608856577933,480.6527104704705,28.50186873070988,-4.437873746142003,False,False,False,False,d56fcb3c-0531-4696-8b67-2645d89e4a7f,0.15632987316743763,False,False
train,d56fcb3c-0531-4696-8b67-2645d89e4a7f_mp4-0028_jpg.rf.e4d2a68226de8ce517ecca9416083cd8.jpg,179.41509331597223,461.1767220701992,27.849775149498456,-4.255157093942898,False,False,False,False,d56fcb3c-0531-4696-8b67-2645d89e4a7f,0.15499011381172856,False,False
train,d56fcb3c-0531-4696-8b67-2645d89e4a7f_mp4-0029_jpg.rf.165c496eca2f8319d54e8b7ba033c484.jpg,178.78541847511573,440.9216315526821,27.985203872492285,-4.31974585262347,False,False,False,False,d56fcb3c-0531-4696-8b67-2645d89e4a7f,0.14728732638888875,False,False
train,d56fcb3c-0531-4696-8b67-2645d89e4a7f_mp4-0030_jpg.rf.c2216714b2e16c5daef43bc57df21aea.jpg,178.8023937837577,437.00962759107193,28.47610134548611,-4.686550564236114,False,False,False,False,d56fcb3c-0531-4696-8b67-2645d89e4a7f,0.147842218846452,False,False
train,d56fcb3c-0531-4696-8b67-2645d89e4a7f_mp4-0031_jpg.rf.91a7896e4ae4095de4b7508497540ca6.jpg,178.87080439814815,605.6125709389137,27.904170283564813,-4.786325713734556,False,False,False,False,d56fcb3c-0531-4696-8b67-2645d89e4a7f,0.14148899709442497,False,False
train,d56fcb3c-0531-4696-8b67-2645d89e4a7f_mp4-0032_jpg.rf.701b5236f93f0b6d4d29975f5c88c0be.jpg,179.68532383294752,645.102034880128,27.9860237027392,-4.877106843171305,False,False,False,False,d56fcb3c-0531-4696-8b67-2645d89e4a7f,0.1392740719642167,False,False
train,d56fcb3c-0531-4696-8b67-2645d89e4a7f_mp4-0033_jpg.rf.cab747a5b7e7cc49375e9aa5252676c5.jpg,179.47127580054013,661.817332261184,28.059030791859566,-5.062738112461432,False,False,False,False,d56fcb3c-0531-4696-8b67-2645d89e4a7f,0.14153223861882713,False,False
train,d56fcb3c-0531-4696-8b67-2645d89e4a7f_mp4-0034_jpg.rf.11b3cef34d91fded07cacf59549675cb.jpg,179.03874300733025,986.68407617039,28.09892216435185,-5.082323615933632,False,False,False,False,d56fcb3c-0531-4696-8b67-2645d89e4a7f,0.13181483892746915,False,False
train,d56fcb3c-0531-4696-8b67-2645d89e4a7f_mp4-0035_jpg.rf.e1914345dfdbac3f1a9e958c6a794ad8.jpg,180.08498505015433,712.0261419184542,27.90016155478395,-5.497031129436721,False,False,False,False,d56fcb3c-0531-4696-8b67-2645d89e4a7f,0.13291497878086345,False,False
train,d56fcb3c-0531-4696-8b67-2645d89e4a7f_mp4-0036_jpg.rf.4500240d37153d091ff432f832acfe26.jpg,179.99599127121914,701.2605290226122,27.86256691261574,-6.013014805169746,False,False,False,False,d56fcb3c-0531-4696-8b67-2645d89e4a7f,0.13403621720679082,False,False
train,d56fcb3c-0531-4696-8b67-2645d89e4a7f_mp4-0037_jpg.rf.6c2b10b9b15a1c6c6d7540beeb385573.jpg,179.704776716821,1194.135656890846,28.00951545621142,-6.188313802083343,False,False,False,False,d56fcb3c-0531-4696-8b67-2645d89e4a7f,0.13591399016203676,False,False
train,d56fcb3c-0531-4696-8b67-2645d89e4a7f_mp4-0038_jpg.rf.ab61a0a5ad4debbd3b0756a61b36572d.jpg,178.78977080922067,1800.997781754185,29.07194914641204,-6.4626042872299365,False,False,False,False,d56fcb3c-0531-4696-8b67-2645d89e4a7f,0.13976598668981488,False,False
train,d56fcb3c-0531-4696-8b67-2645d89e4a7f_mp4-0039_jpg.rf.60ff7e1db496856d8246cbe58ad7345f.jpg,178.6468520929784,1875.7309083523971,29.036681375385804,-6.536696445794746,False,False,False,False,d56fcb3c-0531-4696-8b67-2645d89e4a7f,0.14118712625385776,False,False
train,d56fcb3c-0531-4696-8b67-2645d89e4a7f_mp4-0040_jpg.rf.d980081bd6f94ae902ad287dc8e4bcfe.jpg,179.12600368923611,1490.0280513527862,28.809401523919757,-6.51057641300153,False,False,False,False,d56fcb3c-0531-4696-8b67-2645d89e4a7f,0.14034016927083304,False,False
train,d56fcb3c-0531-4696-8b67-2645d89e4a7f_mp4-0041_jpg.rf.f35534eb3db7a14e093d2f3188852923.jpg,178.44438114872685,1875.516398833776,29.14258415316358,-6.35134247202933,False,False,False,False,d56fcb3c-0531-4696-8b67-2645d89e4a7f,0.14295036410108075,False,False
train,d56fcb3c-0531-4696-8b67-2645d89e4a7f_mp4-0042_jpg.rf.e5a79791b4d2c4a81466f05a6f0db53b.jpg,179.57593376253857,1252.1108832134648,28.96644422743056,-6.494538483796305,False,False,False,False,d56fcb3c-0531-4696-8b67-2645d89e4a7f,0.14661548755787068,False,False
train,d56fcb3c-0531-4696-8b67-2645d89e4a7f_mp4-0043_jpg.rf.1c3c0175bc71e37786f6f1b190ec9456.jpg,180.25901511863427,1184.2012757214172,28.75285734953704,-6.404821325231467,False,False,False,False,d56fcb3c-0531-4696-8b67-2645d89e4a7f,0.14864095052083348,False,False
train,d56fcb3c-0531-4696-8b67-2645d89e4a7f_mp4-0044_jpg.rf.4b1999b56ce4ee943f5e306cee159142.jpg,180.45338421103395,1174.766367426625,28.59493453414352,-6.363781587577165,False,False,False,False,d56fcb3c-0531-4696-8b67-2645d89e4a7f,0.14735092351466061,False,False
train,d56fcb3c-0531-4696-8b67-2645d89e4a7f_mp4-0045_jpg.rf.b364a3116c1bcc292d115ebf049b21ee.jpg,179.5436107494213,1584.818541596965,29.882978274498456,-6.385347342785479,False,False,False,False,d56fcb3c-0531-4696-8b67-2645d89e4a7f,0.14617543161651247,False,False
train,d56fcb3c-0531-4696-8b67-2645d89e4a7f_mp4-0046_jpg.rf.b441333ec89ad43a3fc17b5524c14571.jpg,180.0907600308642,1394.1195190014898,29.72292148919753,-6.3498746141975175,False,False,False,False,d56fcb3c-0531-4696-8b67-2645d89e4a7f,0.145858953028549,False,False
train,d56fcb3c-0531-4696-8b67-2645d89e4a7f_mp4-0047_jpg.rf.dece17ceb73cc7be75bc00b9649036e8.jpg,179.87059039834105,1502.0824158314506,29.96931061921296,-6.299632884837962,False,False,False,False,d56fcb3c-0531-4696-8b67-2645d89e4a7f,0.15799816743827133,False,False
train,d56fcb3c-0531-4696-8b67-2645d89e4a7f_mp4-0048_jpg.rf.2992a85e8ae502bc121efd5905003820.jpg,177.33375831886573,1158.9674175874686,30.626151379243822,-5.520522882908949,False,False,False,False,d56fcb3c-0531-4696-8b67-2645d89e4a7f,0.14999879436728447,False,False
train,d56fcb3c-0531-4696-8b67-2645d89e4a7f_mp4-0049_jpg.rf.0a5b1f40e2565ec0e0f5d55fa8d2bc38.jpg,176.69409481095678,1180.369752479597,31.16736894772377,-5.426010320216051,False,False,False,False,d56fcb3c-0531-4696-8b67-2645d89e4a7f,0.15043734326774594,False,False
train,d56fcb3c-0531-4696-8b67-2645d89e4a7f_mp4-0050_jpg.rf.ed5296478b0d842a0a1d1bdb618575db.jpg,177.44986677758487,1035.5540330432805,31.1888442804784,-5.506462191358025,False,False,False,False,d56fcb3c-0531-4696-8b67-2645d89e4a7f,0.154604311342591,False,False
train,d56fcb3c-0531-4696-8b67-2645d89e4a7f_mp4-0051_jpg.rf.6471eaff1de1d7562752a54b5a8547ad.jpg,175.7298930603781,1188.0102961033951,31.756266276041668,-5.822672526041657,False,False,False,False,d56fcb3c-0531-4696-8b67-2645d89e4a7f,0.1657232590663571,False,False
train,d56fcb3c-0531-4696-8b67-2645d89e4a7f_mp4-0052_jpg.rf.d8ac8d950cf38875a8f94ee12b852a23.jpg,174.44478503568672,1077.502382545278,31.349928867669757,-5.752350983796305,False,False,False,False,d56fcb3c-0531-4696-8b67-2645d89e4a7f,0.15210413049768512,False,False
train,d56fcb3c-0531-4696-8b67-2645d89e4a7f_mp4-0053_jpg.rf.d39dc0b375a861cdb9570eb6374e6ce7.jpg,173.23209635416666,1233.0105225479178,31.580442828896604,-6.149968653549365,False,False,False,False,d56fcb3c-0531-4696-8b67-2645d89e4a7f,0.15450936776620416,False,False
train,d56fcb3c-0531-4696-8b67-2645d89e4a7f_mp4-0054_jpg.rf.d9e700caf2c20607f5e74093286eaec1.jpg,172.5975326726466,1299.0443422078831,31.85134548611111,-6.480058834876559,False,False,False,False,d56fcb3c-0531-4696-8b67-2645d89e4a7f,0.15409342447916607,False,False
train,d56fcb3c-0531-4696-8b67-2645d89e4a7f_mp4-0055_jpg.rf.1dd28261e21c475752a86521d0878ad8.jpg,167.90440538194446,2228.919284023393,33.91899353780864,-6.282422477816368,False,False,False,False,d56fcb3c-0531-4696-8b67-2645d89e4a7f,0.15406629774305491,False,False
train,d56fcb3c-0531-4696-8b67-2645d89e4a7f_mp4-0056_jpg.rf.cbc3f4e3b898f956a919824121e09387.jpg,166.9108585310571,1463.4755045532852,33.911732614776234,-6.369972511574076,False,False,False,False,d56fcb3c-0531-4696-8b67-2645d89e4a7f,0.15459225501543106,False,False
train,download_jpg.rf.29620bb57720ad9437179eaf67a17b61.jpg,173.12304137323943,658.8170207613003,33.64086707746479,1.4831646126760631,False,False,False,False,fa45e6fb-4502-41bb-bb80-a4a4149318ad,0.20651408450704223,False,False
train,download_jpg.rf.a248b304a7038b4ed4c00e105108b828.jpg,107.69150528169014,1568.6700082134118,71.56247799295775,-27.99540052816901,False,True,False,False,fa45e6fb-4502-41bb-bb80-a4a4149318ad,0.07968750000000002,False,False
train,download_jpg.rf.e0d0d9731c3fd3cbcb4d1386407c9a6c.jpg,109.09212147887324,1392.6057615439142,70.6946522887324,-27.025374119718307,False,True,False,False,fa45e6fb-4502-41bb-bb80-a4a4149318ad,0.1462477992957747,False,False
train,fa45e6fb-4502-41bb-bb80-a4a4149318ad_mp4-0000_jpg.rf.9cf29cd24bddf2174c7473c074a60557.jpg,167.42461480034723,2043.3245345012224,38.06017614293982,-15.715609326774684,False,False,False,False,fa45e6fb-4502-41bb-bb80-a4a4149318ad,0.057416751060957116,True,False
train,fa45e6fb-4502-41bb-bb80-a4a4149318ad_mp4-0001_jpg.rf.30483987f7cc655704e843c9da4bf42e.jpg,168.70166317033178,1423.991532440421,37.60021520543982,-15.933922284915129,False,False,False,False,fa45e6fb-4502-41bb-bb80-a4a4149318ad,0.05933521412037046,True,False
train,fa45e6fb-4502-41bb-bb80-a4a4149318ad_mp4-0002_jpg.rf.999ac9a53e0882b848584bb2e578489d.jpg,169.74723608699847,1362.7030823551252,37.11674141589506,-15.577633704668187,False,False,False,False,fa45e6fb-4502-41bb-bb80-a4a4149318ad,0.06024546682098775,True,False
train,fa45e6fb-4502-41bb-bb80-a4a4149318ad_mp4-0003_jpg.rf.3a003140d1be485af899c1db3acf39cc.jpg,169.9447006413966,1191.8530547164269,37.14547164351852,-15.92946747202933,False,False,False,False,fa45e6fb-4502-41bb-bb80-a4a4149318ad,0.06076841001157396,True,False
train,fa45e6fb-4502-41bb-bb80-a4a4149318ad_mp4-0004_jpg.rf.c8cfeab44d769e157a2d911aea23b394.jpg,167.62785132137347,1098.8699236831785,39.76105263792438,-17.46803264853395,False,False,False,False,fa45e6fb-4502-41bb-bb80-a4a4149318ad,0.12905243296682078,False,False
train,fa45e6fb-4502-41bb-bb80-a4a4149318ad_mp4-0005_jpg.rf.d1d29e1a364fc106eda275c7048d8d49.jpg,162.32429711612653,930.5080586412552,44.22666799286265,-18.417194130979965,False,False,False,False,fa45e6fb-4502-41bb-bb80-a4a4149318ad,0.15424488208912113,False,False
train,fa45e6fb-4502-41bb-bb80-a4a4149318ad_mp4-0006_jpg.rf.4eede65a8d3bc1b65a9beb3fed312105.jpg,161.52291606385032,849.0739022706762,44.97182737750772,-18.48821795428242,False,False,False,False,fa45e6fb-4502-41bb-bb80-a4a4149318ad,0.19436909239968864,False,False
train,fa45e6fb-4502-41bb-bb80-a4a4149318ad_mp4-0007_jpg.rf.1ae86f9ef22c4ec8ebe0b9eee2155358.jpg,160.3610478153935,732.9584783249612,44.796621817129626,-18.12683858989197,False,False,False,False,fa45e6fb-4502-41bb-bb80-a4a4149318ad,0.19303686824845756,False,False
train,fa45e6fb-4502-41bb-bb80-a4a4149318ad_mp4-0008_jpg.rf.8edb52b8829314ea294155966e07a3e0.jpg,158.5311535493827,745.0618423163991,45.90256679205247,-18.41078016493057,False,False,False,False,fa45e6fb-4502-41bb-bb80-a4a4149318ad,0.16799286265431923,False,False
train,fa45e6fb-4502-41bb-bb80-a4a4149318ad_mp4-0009_jpg.rf.42377039928d1825a4a44610c78be8f2.jpg,159.51075424382717,772.9938312812271,45.76706573109568,-18.54032841435188,False,False,False,False,fa45e6fb-4502-41bb-bb80-a4a4149318ad,0.17324248890817717,False,False
train,fa45e6fb-4502-41bb-bb80-a4a4149318ad_mp4-0010_jpg.rf.0e5941bf0f23cbba63fac58c74655df0.jpg,160.78736557195217,715.2477235100632,44.99853515625,-18.79043390721452,False,False,False,False,fa45e6fb-4502-41bb-bb80-a4a4149318ad,0.16528923128858025,False,False
train,fa45e6fb-4502-41bb-bb80-a4a4149318ad_mp4-0011_jpg.rf.8a6a2bd9be2b7fcc360d6eca406f20fc.jpg,162.11791087962962,1140.2088090079058,46.74211516203704,-19.749463493441368,False,False,False,False,fa45e6fb-4502-41bb-bb80-a4a4149318ad,0.16457790798611072,False,False
train,fa45e6fb-4502-41bb-bb80-a4a4149318ad_mp4-0012_jpg.rf.4c63587bc646dd7829dbde80224aeb90.jpg,162.09657720871914,837.3262801987609,46.547607421875,-19.91183810763889,False,False,False,False,fa45e6fb-4502-41bb-bb80-a4a4149318ad,0.1714198736496908,False,False
train,fa45e6fb-4502-41bb-bb80-a4a4149318ad_mp4-0013_jpg.rf.7753bdb989766041e2405b1d2e4eb323.jpg,161.58209454571758,900.850720220796,46.723765432098766,-20.17884054301697,False,False,False,False,fa45e6fb-4502-41bb-bb80-a4a4149318ad,0.17411898389274752,False,False
train,fa45e6fb-4502-41bb-bb80-a4a4149318ad_mp4-0014_jpg.rf.cd31af3c281a6881bbcbaf0630ae69d9.jpg,162.6710190007716,824.3841050395766,46.653172622492285,-20.556378399884267,False,False,False,False,fa45e6fb-4502-41bb-bb80-a4a4149318ad,0.17449725115740766,False,False
train,fa45e6fb-4502-41bb-bb80-a4a4149318ad_mp4-0015_jpg.rf.2d128d5ed59b7f7b2b16d6ecca38b1a0.jpg,163.61167173032408,711.539972742226,46.67257125289352,-20.9965579185957,False,False,False,False,fa45e6fb-4502-41bb-bb80-a4a4149318ad,0.16417703510802356,False,False
train,fa45e6fb-4502-41bb-bb80-a4a4149318ad_mp4-0016_jpg.rf.8ae3a7338169ab109319a0c82aa2931b.jpg,162.84660433545525,813.3703881875442,47.21228178047839,-21.19831452546296,False,False,False,False,fa45e6fb-4502-41bb-bb80-a4a4149318ad,0.1724763093171296,False,False
train,fa45e6fb-4502-41bb-bb80-a4a4149318ad_mp4-0017_jpg.rf.28124124eb050c59b5017c044b0ae28b.jpg,163.12401439525462,1016.9072834945744,49.70777271412037,-22.676540798611114,False,False,False,False,fa45e6fb-4502-41bb-bb80-a4a4149318ad,0.17022705078124878,False,False
train,fa45e6fb-4502-41bb-bb80-a4a4149318ad_mp4-0018_jpg.rf.d2279a5445af20fb604f9fcc68bb8418.jpg,164.16434582368828,857.9615982933808,48.790934244791664,-22.76631823881172,False,False,False,False,fa45e6fb-4502-41bb-bb80-a4a4149318ad,0.1649606963734569,False,False
train,fa45e6fb-4502-41bb-bb80-a4a4149318ad_mp4-0019_jpg.rf.5a330894e00388be6e544c033f9caf59.jpg,165.02514347029322,810.3760542319308,48.423261477623456,-22.89186981577933,False,False,False,False,fa45e6fb-4502-41bb-bb80-a4a4149318ad,0.16577751253858014,False,False
train,fa45e6fb-4502-41bb-bb80-a4a4149318ad_mp4-0020_jpg.rf.cbf500a7b71864260a0074661cc6ff88.jpg,165.8007149402006,741.687111469862,48.074191623263886,-22.78669343171296,False,False,False,False,fa45e6fb-4502-41bb-bb80-a4a4149318ad,0.17268729504243774,False,False
train,fa45e6fb-4502-41bb-bb80-a4a4149318ad_mp4-0021_jpg.rf.5705ecbe28b9cecf40abe7999d6e027c.jpg,167.32182255497685,655.081973120636,47.11345908082562,-22.44434196566357,False,False,False,False,fa45e6fb-4502-41bb-bb80-a4a4149318ad,0.17746160059799376,False,False
train,fa45e6fb-4502-41bb-bb80-a4a4149318ad_mp4-0022_jpg.rf.877809ecfdf84612feff653adce1e6cb.jpg,168.21607048128857,786.389976359444,47.54617874710648,-22.59507016782408,False,False,False,False,fa45e6fb-4502-41bb-bb80-a4a4149318ad,0.17528844762731421,False,False
train,fa45e6fb-4502-41bb-bb80-a4a4149318ad_mp4-0023_jpg.rf.4532e4605a2f112beaee69be036c9c1f.jpg,167.39393144772376,824.4174678536782,48.04862618152006,-22.38542570891204,False,False,False,False,fa45e6fb-4502-41bb-bb80-a4a4149318ad,0.17567575713734562,False,False
train,fa45e6fb-4502-41bb-bb80-a4a4149318ad_mp4-0024_jpg.rf.c98ebe71205415024f578954de8240ad.jpg,165.4922236689815,730.535714759521,49.21246865354938,-22.127522786458343,False,False,False,False,fa45e6fb-4502-41bb-bb80-a4a4149318ad,0.17938307773919787,False,False
train,fa45e6fb-4502-41bb-bb80-a4a4149318ad_mp4-0025_jpg.rf.f2a27c2123b476027954257474e08169.jpg,165.96362003279322,700.5514157458225,48.80375916280864,-22.10837131076389,False,False,False,False,fa45e6fb-4502-41bb-bb80-a4a4149318ad,0.18764618296682112,False,False
train,fa45e6fb-4502-41bb-bb80-a4a4149318ad_mp4-0026_jpg.rf.bf4c65aea6a2435c32227dc207339ffe.jpg,167.04803240740742,614.8397682095751,47.84342447916666,-22.07559618537809,False,False,False,False,fa45e6fb-4502-41bb-bb80-a4a4149318ad,0.19013732156635788,False,False
train,fa45e6fb-4502-41bb-bb80-a4a4149318ad_mp4-0027_jpg.rf.3dba5e90a89c48337f5e07ae046514ae.jpg,167.7613269193673,599.6241068424674,46.89312668788581,-21.9387809847608,False,False,False,False,fa45e6fb-4502-41bb-bb80-a4a4149318ad,0.193163958514179,False,False
train,fa45e6fb-4502-41bb-bb80-a4a4149318ad_mp4-0028_jpg.rf.e344e8d241b7dab48251c19fc97d270a.jpg,168.59498275945217,540.0277227812144,44.19370298032408,-20.790274160879648,False,False,False,False,fa45e6fb-4502-41bb-bb80-a4a4149318ad,0.19676227334105056,False,False
train,fa45e6fb-4502-41bb-bb80-a4a4149318ad_mp4-0029_jpg.rf.7cca5790d322eef969e859ef1b270886.jpg,168.46389130015433,488.7044116745287,43.7124656394676,-20.71234809027777,False,False,False,False,fa45e6fb-4502-41bb-bb80-a4a4149318ad,0.19569679542823937,False,False
train,fa45e6fb-4502-41bb-bb80-a4a4149318ad_mp4-0030_jpg.rf.4b1baaf885532af57e429177611db792.jpg,170.51662266107252,452.0257520993624,42.31070360725309,-20.93625819830245,False,False,False,False,fa45e6fb-4502-41bb-bb80-a4a4149318ad,0.19501410590277762,False,False
train,fa45e6fb-4502-41bb-bb80-a4a4149318ad_mp4-0031_jpg.rf.374f41e5b33ca6f820cb45185a2a8a85.jpg,174.01780418113427,366.1281556396236,40.18743067611883,-20.87977430555557,False,False,False,False,fa45e6fb-4502-41bb-bb80-a4a4149318ad,0.20167824074074037,False,False
train,fa45e6fb-4502-41bb-bb80-a4a4149318ad_mp4-0032_jpg.rf.3b62075506a83ae4f1d4cd9386678a17.jpg,175.36982783564815,372.8221987831649,39.495406539351855,-20.86762152777777,False,False,False,False,fa45e6fb-4502-41bb-bb80-a4a4149318ad,0.2031596619405862,False,False
train,fa45e6fb-4502-41bb-bb80-a4a4149318ad_mp4-0033_jpg.rf.11f88269da946d160b5e5f648d2f611d.jpg,176.0318889853395,348.0705560030615,39.54063886477624,-21.07667522665895,False,False,False,False,fa45e6fb-4502-41bb-bb80-a4a4149318ad,0.2031506196952163,False,False
train,fa45e6fb-4502-41bb-bb80-a4a4149318ad_mp4-0034_jpg.rf.da128fad1edce2c29ee650c29d6073f4.jpg,175.83747166763118,358.47177296893267,38.0707103587963,-20.068778332368822,False,False,False,False,fa45e6fb-4502-41bb-bb80-a4a4149318ad,0.2112110279224525,False,False
train,fa45e6fb-4502-41bb-bb80-a4a4149318ad_mp4-0035_jpg.rf.a31683fa5bdee0db434beab3d04addff.jpg,177.47947108892748,263.0667127431338,37.1738914207176,-20.097186053240733,False,False,False,False,fa45e6fb-4502-41bb-bb80-a4a4149318ad,0.23649842062114187,False,False
train,fa45e6fb-4502-41bb-bb80-a4a4149318ad_mp4-0036_jpg.rf.82e44428f037a8a4c43eb37e9b417626.jpg,175.9220317322531,252.2135646115024,37.66519880883487,-20.12547321084105,False,False,False,False,fa45e6fb-4502-41bb-bb80-a4a4149318ad,0.2463861159336423,False,False
train,fa45e6fb-4502-41bb-bb80-a4a4149318ad_mp4-0037_jpg.rf.3b8f2c0c1e3898308f61246586d0051f.jpg,174.95899944540895,241.85127314684,37.7574146412037,-20.034273124035508,False,False,False,False,fa45e6fb-4502-41bb-bb80-a4a4149318ad,0.2330005787037045,False,False
train,fa45e6fb-4502-41bb-bb80-a4a4149318ad_mp4-0038_jpg.rf.136863ff9233b3f4fa1b54df22eeb15c.jpg,174.16186222029322,255.6664496466365,37.964470003858025,-20.214617693865733,False,False,False,False,fa45e6fb-4502-41bb-bb80-a4a4149318ad,0.23749005353009173,False,False
train,fa45e6fb-4502-41bb-bb80-a4a4149318ad_mp4-0039_jpg.rf.77f2f1767efcb3c5c31fb0db82b354b5.jpg,173.93348825713736,244.50488366536152,37.4331356095679,-19.932370032793216,False,False,False,False,fa45e6fb-4502-41bb-bb80-a4a4149318ad,0.22376091097608075,False,False
train,fa45e6fb-4502-41bb-bb80-a4a4149318ad_mp4-0040_jpg.rf.2a4bf02f95d80acddb84484ba0a49d10.jpg,174.65722354841822,224.81384656426025,35.455557364004626,-18.93650233892745,False,False,False,False,fa45e6fb-4502-41bb-bb80-a4a4149318ad,0.21758807146990744,False,False
train,fa45e6fb-4502-41bb-bb80-a4a4149318ad_mp4-0041_jpg.rf.08c59e4420fa9216211c362317478b9e.jpg,175.7299201871142,213.13249601878655,33.46311668113426,-17.86495707947529,False,False,False,False,fa45e6fb-4502-41bb-bb80-a4a4149318ad,0.18284475067515427,False,False
valid,0a48349e-f671-436a-8af5-de54f079109f_mp4-0000_jpg.rf.8d73fc8aae9dc52e4bedc3caf62770f5.jpg,125.7050607638889,632.5813893292274,63.609943576388886,8.39203993055554,False,False,False,False,0a48349e-f671-436a-8af5-de54f079109f,0.1310850694444463,False,False
valid,0a48349e-f671-436a-8af5-de54f079109f_mp4-0001_jpg.rf.65807a1edc21b97c96cf58c8c45c20eb.jpg,125.74462673611112,623.6043529322307,63.67223958333334,7.945507812500011,False,False,False,False,0a48349e-f671-436a-8af5-de54f079109f,0.13508897569444522,False,False
valid,0a48349e-f671-436a-8af5-de54f079109f_mp4-0002_jpg.rf.971195cad50e6197c6ad57dfa4044a80.jpg,126.57105902777778,525.4509624091065,62.67400607638889,7.62542100694445,False,False,False,False,0a48349e-f671-436a-8af5-de54f079109f,0.1382313368055516,False,False
valid,0a48349e-f671-436a-8af5-de54f079109f_mp4-0003_jpg.rf.ba01b8c5587f4991768f741bf44a2c78.jpg,125.47261284722222,581.5991714644067,61.28930989583333,6.802578124999997,False,False,False,False,0a48349e-f671-436a-8af5-de54f079109f,0.14442274305555447,False,False
valid,0a48349e-f671-436a-8af5-de54f079109f_mp4-0004_jpg.rf.1a5ae744af4355d8333c1b71b6b7f96c.jpg,125.94878038194445,513.5325081983025,60.83849392361111,6.636909722222214,False,False,False,False,0a48349e-f671-436a-8af5-de54f079109f,0.14531105685764056,False,False
valid,0a48349e-f671-436a-8af5-de54f079109f_mp4-0005_jpg.rf.186030c1b8d6e1044f24df2050ed52f6.jpg,123.92766493055557,665.4366485368894,62.806640625,6.361618923611104,False,False,False,False,0a48349e-f671-436a-8af5-de54f079109f,0.1458159722222228,False,False
valid,0a48349e-f671-436a-8af5-de54f079109f_mp4-0006_jpg.rf.7c4e859a2535edae8fd4092d40b5feb4.jpg,124.5633810763889,534.6355606878586,62.08834201388889,6.370881076388898,False,False,False,False,0a48349e-f671-436a-8af5-de54f079109f,0.15164930555555323,False,False
valid,0a48349e-f671-436a-8af5-de54f079109f_mp4-0007_jpg.rf.2f9cb608ec35d037aa7a7e734fbdf356.jpg,123.78102864583332,661.9254248069293,61.63980034722222,5.880733506944438,False,False,False,False,0a48349e-f671-436a-8af5-de54f079109f,0.15095486111110828,False,False
valid,0a48349e-f671-436a-8af5-de54f079109f_mp4-0008_jpg.rf.86c66d0d13d3e0b8d033b68637119ffe.jpg,124.15784288194445,561.3373554875691,61.045269097222224,5.83101996527779,False,False,False,False,0a48349e-f671-436a-8af5-de54f079109f,0.15135416666666796,False,False
valid,0a48349e-f671-436a-8af5-de54f079109f_mp4-0009_jpg.rf.bd71069f58d002ef7d7bd813f897843f.jpg,123.92560763888888,716.2929790783353,61.30434461805555,5.878580729166671,False,False,False,False,0a48349e-f671-436a-8af5-de54f079109f,0.15278211805555575,False,False
valid,0a48349e-f671-436a-8af5-de54f079109f_mp4-0010_jpg.rf.9874839be3af139dfe2e9dca2e2e87f6.jpg,124.22212673611112,599.2334366141425,60.61697916666667,5.841206597222225,False,False,False,False,0a48349e-f671-436a-8af5-de54f079109f,0.15172309027777775,False,False
valid,0a48349e-f671-436a-8af5-de54f079109f_mp4-0011_jpg.rf.8bda46943d5e2683b3f1a6e11098d9f7.jpg,124.29655815972222,668.9484436711629,59.17163628472223,5.386753472222225,False,False,False,False,0a48349e-f671-436a-8af5-de54f079109f,0.15385850694444414,False,False
valid,0a48349e-f671-436a-8af5-de54f079109f_mp4-0012_jpg.rf.cd3b8c47c5db39137e093610dfd5ade1.jpg,124.78438802083332,553.3479296791924,58.45694878472222,5.416019965277769,False,False,False,False,0a48349e-f671-436a-8af5-de54f079109f,0.15392144097222393,False,False
valid,0a48349e-f671-436a-8af5-de54f079109f_mp4-0013_jpg.rf.3e973f61e81eb803b3b353f5327e6975.jpg,124.43842447916668,623.614229369194,58.73883680555556,5.428585069444452,False,False,False,False,0a48349e-f671-436a-8af5-de54f079109f,0.15731987847222273,False,False
valid,0a48349e-f671-436a-8af5-de54f079109f_mp4-0014_jpg.rf.79f1c3c6eaa83f83586f9a3ecd67c833.jpg,123.96192708333334,546.9338637748812,58.163372395833335,5.4969531250000045,False,False,False,False,0a48349e-f671-436a-8af5-de54f079109f,0.1582638888888861,False,False
valid,0a48349e-f671-436a-8af5-de54f079109f_mp4-0015_jpg.rf.d38ce010f9c0d0b35c69a2bf310dce07.jpg,123.10828559027776,540.6487972608024,58.272144097222224,5.648684895833341,False,False,False,False,0a48349e-f671-436a-8af5-de54f079109f,0.15978298611111175,False,False
valid,0a48349e-f671-436a-8af5-de54f079109f_mp4-0016_jpg.rf.2ff24b42fc562758926b62ffd3d6b91c.jpg,122.36648003472222,456.2518227773408,58.45362413194445,6.36142795138889,False,False,False,False,0a48349e-f671-436a-8af5-de54f079109f,0.15527560763888826,False,False
valid,0a48349e-f671-436a-8af5-de54f079109f_mp4-0017_jpg.rf.89df7d50d9bbb1cf562708e672e06b66.jpg,120.0865625,466.810763685137,58.71458767361111,7.2775564236111165,False,False,False,False,0a48349e-f671-436a-8af5-de54f079109f,0.15107421874999694,False,False
valid,0a48349e-f671-436a-8af5-de54f079109f_mp4-0018_jpg.rf.37c422ac4c8efb68e5339dddc6e9ea7a.jpg,117.10395833333334,377.2764650185479,58.47275173611112,7.493797743055552,False,False,False,False,0a48349e-f671-436a-8af5-de54f079109f,0.14835937499999885,False,False
valid,0a48349e-f671-436a-8af5-de54f079109f_mp4-0019_jpg.rf.89cc60b55d8906deb12d5c44ff537e4c.jpg,114.9274001736111,454.22776865046,60.3299609375,8.704140624999994,False,False,False,False,0a48349e-f671-436a-8af5-de54f079109f,0.15881727430555456,False,False
valid,0a48349e-f671-436a-8af5-de54f079109f_mp4-0020_jpg.rf.d5c134b8c146de130bf1b10c5b0a0a71.jpg,114.3027170138889,347.86511932749806,58.86194444444445,9.293480902777771,False,False,False,False,0a48349e-f671-436a-8af5-de54f079109f,0.16060329861111067,False,False
valid,0a48349e-f671-436a-8af5-de54f079109f_mp4-0021_jpg.rf.5800e88200ec09dabb458f4df71827ae.jpg,114.61903645833333,440.3844489329961,59.02375,10.551801215277775,False,False,False,False,0a48349e-f671-436a-8af5-de54f079109f,0.15511501736111133,False,False
valid,0a48349e-f671-436a-8af5-de54f079109f_mp4-0022_jpg.rf.8018a993858dd505f69881e38b8e2f17.jpg,115.65917100694443,537.8300556925267,64.94685329861112,13.026571180555564,False,False,False,False,0a48349e-f671-436a-8af5-de54f079109f,0.16600260416666673,False,False
valid,0a48349e-f671-436a-8af5-de54f079109f_mp4-0023_jpg.rf.35984d01a7d197996823926ff75af787.jpg,117.52720920138889,650.5644409936222,64.97340277777778,13.524704861111104,False,False,False,False,0a48349e-f671-436a-8af5-de54f079109f,0.1691840277777786,False,False
valid,0a48349e-f671-436a-8af5-de54f079109f_mp4-0024_jpg.rf.fcf32412cd1a37fab69f79b0bb775f81.jpg,119.16483940972222,587.3129026751295,63.78715277777778,13.306927083333337,False,False,False,False,0a48349e-f671-436a-8af5-de54f079109f,0.17460503472222394,False,False
valid,0a48349e-f671-436a-8af5-de54f079109f_mp4-0025_jpg.rf.d06b0ee462f866743048c5a08dcbedb0.jpg,120.58653211805556,679.1726057724001,63.48536024305555,13.014969618055543,False,False,False,False,0a48349e-f671-436a-8af5-de54f079109f,0.17092664930555618,False,False
valid,0a48349e-f671-436a-8af5-de54f079109f_mp4-0026_jpg.rf.d70ba0bd8ed30bf1faca27768ff8611b.jpg,121.15208333333334,785.3395337026901,65.16868489583334,13.75878472222223,False,False,False,False,0a48349e-f671-436a-8af5-de54f079109f,0.16518229166666618,False,False
valid,0a48349e-f671-436a-8af5-de54f079109f_mp4-0027_jpg.rf.bef3c1bcf7d60c68c063090c82c5dd54.jpg,120.55095920138888,992.1722659618048,66.0742361111111,13.778710937499994,False,False,False,False,0a48349e-f671-436a-8af5-de54f079109f,0.16654079861111232,False,False
valid,0a48349e-f671-436a-8af5-de54f079109f_mp4-0028_jpg.rf.ec5352ee83ea64061c1dadc385f63577.jpg,121.7809375,867.5049597882119,65.07244791666666,13.623433159722223,False,False,False,False,0a48349e-f671-436a-8af5-de54f079109f,0.16795572916666668,False,False
valid,0a48349e-f671-436a-8af5-de54f079109f_mp4-0029_jpg.rf.477bca0fe1fcfc4b41ac6df688a016ec.jpg,121.29851996527778,900.6953259536554,65.31471354166666,13.13957899305555,False,False,False,False,0a48349e-f671-436a-8af5-de54f079109f,0.16698350694444353,False,False
valid,0a48349e-f671-436a-8af5-de54f079109f_mp4-0030_jpg.rf.5cc25ce2a0355ec9e110a8c474d79d07.jpg,121.90568142361111,894.2027716199899,64.87653211805555,12.63646701388889,False,False,False,False,0a48349e-f671-436a-8af5-de54f079109f,0.14216796875000112,False,False
valid,0a48349e-f671-436a-8af5-de54f079109f_mp4-0031_jpg.rf.29fca1312fd17356328cfd1fc490438b.jpg,121.67154513888887,853.0201285578221,64.90584635416667,12.188350694444452,False,False,False,False,0a48349e-f671-436a-8af5-de54f079109f,0.1413064236111134,False,False
valid,0a48349e-f671-436a-8af5-de54f079109f_mp4-0032_jpg.rf.2ea4e05eadad6f411e9dc31a6b5ad07a.jpg,122.11173611111111,975.8374561672446,64.68967447916667,12.056896701388894,False,False,False,False,0a48349e-f671-436a-8af5-de54f079109f,0.13967881944444452,False,False
valid,0a48349e-f671-436a-8af5-de54f079109f_mp4-0033_jpg.rf.4694641f67fd4f7f6b0f21b2ae5599a8.jpg,122.24434895833332,784.3399900459948,64.58528211805556,12.021041666666676,False,False,False,False,0a48349e-f671-436a-8af5-de54f079109f,0.14178385416666794,False,False
valid,0a48349e-f671-436a-8af5-de54f079109f_mp4-0034_jpg.rf.a1463033542c8370146f489e6738b939.jpg,122.16794270833331,791.731934016927,63.48912760416667,11.382378472222229,False,False,False,False,0a48349e-f671-436a-8af5-de54f079109f,0.1415017361111088,False,False
valid,0a48349e-f671-436a-8af5-de54f079109f_mp4-0035_jpg.rf.8fc4e68def48028f28900f624b89a5a6.jpg,122.47456163194444,805.1628105250043,63.50092447916666,11.48425781249999,False,False,False,False,0a48349e-f671-436a-8af5-de54f079109f,0.1417534722222225,False,False
valid,0a48349e-f671-436a-8af5-de54f079109f_mp4-0036_jpg.rf.ce8b5580ab88e6d7d813b229de9c2844.jpg,123.13286024305556,785.416743979202,63.11603298611111,11.4964453125,False,False,False,False,0a48349e-f671-436a-8af5-de54f079109f,0.13967447916666392,False,False
valid,0a48349e-f671-436a-8af5-de54f079109f_mp4-0037_jpg.rf.0bb8770c1bb83341fca82558320b0404.jpg,122.8753125,823.1032180447048,63.732122395833336,11.559956597222223,False,False,False,False,0a48349e-f671-436a-8af5-de54f079109f,0.1409635416666657,False,False
valid,0a48349e-f671-436a-8af5-de54f079109f_mp4-0038_jpg.rf.63b0e34bbdc04c2d4919d3350f63a905.jpg,123.00687065972222,825.4816196695776,64.3791623263889,11.85294270833333,False,False,False,False,0a48349e-f671-436a-8af5-de54f079109f,0.1409071180555556,False,False
valid,0a48349e-f671-436a-8af5-de54f079109f_mp4-0039_jpg.rf.79643e2efd9d2df5f831fcc2093949d0.jpg,123.10915798611111,818.4512376286824,64.90838975694444,11.961844618055563,False,False,False,False,0a48349e-f671-436a-8af5-de54f079109f,0.13951171875000362,False,False
valid,0a48349e-f671-436a-8af5-de54f079109f_mp4-0040_jpg.rf.33e091988dd340a984de6900022be068.jpg,123.62840711805556,898.9479585232018,64.60452256944444,11.99737413194444,False,False,False,False,0a48349e-f671-436a-8af5-de54f079109f,0.13853949652777803,False,False
valid,0a48349e-f671-436a-8af5-de54f079109f_mp4-0041_jpg.rf.094d3328bb693e7bd2d95ade9bf839dd.jpg,124.62374565972222,751.3893388634953,63.53602864583333,12.074327256944455,False,False,False,False,0a48349e-f671-436a-8af5-de54f079109f,0.13958984375000244,False,False
valid,0a48349e-f671-436a-8af5-de54f079109f_mp4-0042_jpg.rf.db21cae3bb6daef84eb29e49977d72bb.jpg,125.07166666666669,773.5427118808324,62.58447482638889,12.193320312500006,False,False,False,False,0a48349e-f671-436a-8af5-de54f079109f,0.14069444444444457,False,False
valid,0a48349e-f671-436a-8af5-de54f079109f_mp4-0043_jpg.rf.c6f24015cb95bcea5ba00d12353e8925.jpg,125.81042100694444,659.815485926574,62.03118489583333,12.374162326388898,False,False,False,False,0a48349e-f671-436a-8af5-de54f079109f,0.14485026041666854,False,False
valid,0a48349e-f671-436a-8af5-de54f079109f_mp4-0044_jpg.rf.0725d6e790a3e8b21f5a6f1c09b185ab.jpg,126.30657552083332,666.3472658413358,61.69907986111111,12.473650173611103,False,False,False,False,0a48349e-f671-436a-8af5-de54f079109f,0.1436979166666661,False,False
valid,0a48349e-f671-436a-8af5-de54f079109f_mp4-0045_jpg.rf.7c530cce9d2b3687ffe7a231425e4eea.jpg,125.15716579861112,816.9981760518392,63.108098958333336,12.413546006944443,False,False,False,False,0a48349e-f671-436a-8af5-de54f079109f,0.14521918402777667,False,False
valid,0a48349e-f671-436a-8af5-de54f079109f_mp4-0046_jpg.rf.88b39e9ed59a9cafccb72e5bcd604518.jpg,126.32416666666668,636.168388965277,61.69743923611111,12.11504774305554,False,False,False,False,0a48349e-f671-436a-8af5-de54f079109f,0.1445464409722239,False,False
valid,0a48349e-f671-436a-8af5-de54f079109f_mp4-0047_jpg.rf.28918d67b2ab85f9225e75ab82364622.jpg,126.10472222222222,775.0979857230293,62.91234375,12.235716145833337,False,False,False,False,0a48349e-f671-436a-8af5-de54f079109f,0.15032986111110913,False,False
valid,0a48349e-f671-436a-8af5-de54f079109f_mp4-0048_jpg.rf.79388ed30e5b7f06ed0bf73d39330ea6.jpg,126.06665798611112,785.7730968315972,63.004583333333336,12.2749045138889,False,False,False,False,0a48349e-f671-436a-8af5-de54f079109f,0.137888454861109,False,False
valid,0a48349e-f671-436a-8af5-de54f079109f_mp4-0049_jpg.rf.59ce37ec7c8b14cfe796535d74c4e5ea.jpg,126.10772569444444,969.5565542939928,62.99430121527778,12.18746527777776,False,False,False,False,0a48349e-f671-436a-8af5-de54f079109f,0.13908203125000185,False,False
valid,0a48349e-f671-436a-8af5-de54f079109f_mp4-0050_jpg.rf.72b5e24e7089cb41fb6b154eecc5c6e0.jpg,126.29166232638887,836.5261019602834,62.749552951388885,12.21058159722223,False,False,False,False,0a48349e-f671-436a-8af5-de54f079109f,0.13812065972222243,False,False
valid,0a48349e-f671-436a-8af5-de54f079109f_mp4-0051_jpg.rf.c72c47386fe0c07fcf6bd7821bbcf2d9.jpg,126.49670572916666,738.2317280537924,62.44571614583333,12.518168402777777,False,False,False,False,0a48349e-f671-436a-8af5-de54f079109f,0.13805121527777864,False,False
valid,0a48349e-f671-436a-8af5-de54f079109f_mp4-0052_jpg.rf.2c13f95f1f9c4de40ec8cde3947bf194.jpg,126.7695703125,678.8491205420976,61.74599392361111,12.89140190972222,False,False,False,False,0a48349e-f671-436a-8af5-de54f079109f,0.14036024305555372,False,False
valid,0a48349e-f671-436a-8af5-de54f079109f_mp4-0053_jpg.rf.edcc075f51b7cdb2a94a521a36cff653.jpg,126.08605034722224,587.1674379810286,62.53598524305556,13.560251736111113,False,False,False,False,0a48349e-f671-436a-8af5-de54f079109f,0.14232855902777786,False,False
valid,0a48349e-f671-436a-8af5-de54f079109f_mp4-0054_jpg.rf.bface24cd6cf7ff0a43eb0368f3e998f.jpg,126.54262152777778,623.4289531383939,62.25503038194445,13.818745659722223,False,False,False,False,0a48349e-f671-436a-8af5-de54f079109f,0.14250000000000007,False,False
valid,0a48349e-f671-436a-8af5-de54f079109f_mp4-0055_jpg.rf.7aa171ec58a87e23984ba44a4af98ff7.jpg,126.31391927083334,695.3578597668119,62.81572048611111,13.644900173611106,False,False,False,False,0a48349e-f671-436a-8af5-de54f079109f,0.1432964409722226,False,False
valid,0a48349e-f671-436a-8af5-de54f079109f_mp4-0056_jpg.rf.6ff2d9d6889084a8e038a271b581d742.jpg,127.49030381944443,640.3111418472101,61.75196180555555,13.543862847222217,False,False,False,False,0a48349e-f671-436a-8af5-de54f079109f,0.1419618055555567,False,False
valid,0a48349e-f671-436a-8af5-de54f079109f_mp4-0057_jpg.rf.351b67d2860ef7d37b56b425f64746d5.jpg,127.14105902777776,604.5853691758709,61.15105902777778,13.59519531250001,False,False,False,False,0a48349e-f671-436a-8af5-de54f079109f,0.14085069444444542,False,False
valid,0a48349e-f671-436a-8af5-de54f079109f_mp4-0058_jpg.rf.47d0946733a5df9fdeb5cc865cb85fb6.jpg,127.41604166666669,701.4905988811729,61.06826822916667,13.534539930555551,False,False,False,False,0a48349e-f671-436a-8af5-de54f079109f,0.14021267361111,False,False
valid,0a48349e-f671-436a-8af5-de54f079109f_mp4-0059_jpg.rf.1e80a13f49849e538b9ee08b0ae77682.jpg,127.13400173611112,625.5740017342273,60.85587673611112,13.345273437500012,False,False,False,False,0a48349e-f671-436a-8af5-de54f079109f,0.1397851562500012,False,False
valid,0a48349e-f671-436a-8af5-de54f079109f_mp4-0060_jpg.rf.67cdfd272a7f40b6854a4af0d3d59d88.jpg,128.55581163194444,608.7435884045071,60.2195703125,13.109995659722216,False,False,False,False,0a48349e-f671-436a-8af5-de54f079109f,0.14372178819444414,False,False
valid,0a48349e-f671-436a-8af5-de54f079109f_mp4-0061_jpg.rf.fa4e7dd44cd91e51055d996cf28f9d11.jpg,130.06743489583334,564.1258672824248,59.71627604166667,12.88440104166665,False,False,False,False,0a48349e-f671-436a-8af5-de54f079109f,0.1489388020833342,False,False
valid,0a48349e-f671-436a-8af5-de54f079109f_mp4-0062_jpg.rf.a6a966e48353d87043da5ea7cee9d03c.jpg,131.05397135416666,578.9755047736274,59.75204427083333,12.781354166666674,False,False,False,False,0a48349e-f671-436a-8af5-de54f079109f,0.154572482638887,False,False
valid,0a48349e-f671-436a-8af5-de54f079109f_mp4-0063_jpg.rf.c2660d2a207527a182500b30a6259705.jpg,130.4715060763889,748.4544836152818,61.08174913194444,12.923971354166651,False,False,False,False,0a48349e-f671-436a-8af5-de54f079109f,0.15705729166666416,False,False
valid,0a48349e-f671-436a-8af5-de54f079109f_mp4-0064_jpg.rf.4da41c73bd80f8a88223205b8251a96c.jpg,131.43584635416667,722.8720269458723,61.15037326388889,12.950104166666662,False,False,False,False,0a48349e-f671-436a-8af5-de54f079109f,0.15925998263888808,False,False
valid,0a48349e-f671-436a-8af5-de54f079109f_mp4-0065_jpg.rf.d7084deb43d02228515904c4590e5274.jpg,130.76605902777777,907.7898127892764,61.19960069444444,12.334835069444452,False,False,False,False,0a48349e-f671-436a-8af5-de54f079109f,0.16126519097222314,False,False
valid,0a48349e-f671-436a-8af5-de54f079109f_mp4-0066_jpg.rf.6225ecbbd002ccd7ef4e93d00c6e96a9.jpg,130.9361501736111,750.32136716821,60.47993055555556,12.48078993055556,False,False,False,False,0a48349e-f671-436a-8af5-de54f079109f,0.15972873263888943,False,False
valid,0a48349e-f671-436a-8af5-de54f079109f_mp4-0067_jpg.rf.82682e9bbf38388a42a2c6b1b0608d11.jpg,130.69868055555557,696.9290856764052,60.70876302083333,12.687673611111109,False,False,False,False,0a48349e-f671-436a-8af5-de54f079109f,0.15914062500000092,False,False
valid,0a48349e-f671-436a-8af5-de54f079109f_mp4-0068_jpg.rf.37e83709f03751faba3de760d917ec95.jpg,129.69921440972223,685.5803567705319,61.33489583333333,12.590455729166663,False,False,False,False,0a48349e-f671-436a-8af5-de54f079109f,0.15893446180555593,False,False
valid,0a48349e-f671-436a-8af5-de54f079109f_mp4-0069_jpg.rf.232847ccdf727ca9a07c6a289dca8895.jpg,128.56049913194445,658.6989496195475,61.072482638888886,11.550989583333331,False,False,False,False,0a48349e-f671-436a-8af5-de54f079109f,0.15889322916666693,False,False
valid,0a48349e-f671-436a-8af5-de54f079109f_mp4-0070_jpg.rf.bc8c4fb1767a27ed42dc46d67d04df24.jpg,130.92764756944445,502.0273618977112,58.556514756944445,10.886540798611108,False,False,False,False,0a48349e-f671-436a-8af5-de54f079109f,0.1680425347222254,False,False
valid,0a48349e-f671-436a-8af5-de54f079109f_mp4-0071_jpg.rf.87fb24dc2bf716a75b7fe643cf973741.jpg,131.71801649305556,475.013328607837,58.46564670138889,10.25251302083332,False,False,False,False,0a48349e-f671-436a-8af5-de54f079109f,0.1944335937500007,False,False
valid,0a48349e-f671-436a-8af5-de54f079109f_mp4-0072_jpg.rf.555d5d3e231f13b5d99f57ea129bbb28.jpg,131.14959201388888,486.3337671331711,58.55845920138889,9.490056423611122,False,False,False,False,0a48349e-f671-436a-8af5-de54f079109f,0.19436197916666687,False,False
valid,0a48349e-f671-436a-8af5-de54f079109f_mp4-0073_jpg.rf.7d45ed826f0f08df9fdf1ebfe9aec6a5.jpg,128.50650173611112,452.3238800948344,56.2744140625,7.727096354166647,False,False,False,False,0a48349e-f671-436a-8af5-de54f079109f,0.19536892361110958,False,False
valid,0a48349e-f671-436a-8af5-de54f079109f_mp4-0074_jpg.rf.4a79ee91fbae17e4db2b68309db35012.jpg,126.82861545138888,458.08996480258895,57.1635546875,8.336328125000009,False,False,False,False,0a48349e-f671-436a-8af5-de54f079109f,0.183964843750001,False,False
valid,0a48349e-f671-436a-8af5-de54f079109f_mp4-0075_jpg.rf.0ab4264584c682a105c01a330175290b.jpg,124.98239149305556,375.1654646592128,58.048802083333335,9.380976562499995,False,False,False,False,0a48349e-f671-436a-8af5-de54f079109f,0.17843750000000114,False,False
valid,0a48349e-f671-436a-8af5-de54f079109f_mp4-0076_jpg.rf.0c2d0e6f9cb684e4e56402f0121a9010.jpg,121.23621527777776,507.2546477211846,60.774453125,10.757773437500006,False,False,False,False,0a48349e-f671-436a-8af5-de54f079109f,0.17018663194444628,False,False
valid,0a48349e-f671-436a-8af5-de54f079109f_mp4-0077_jpg.rf.bc4932dc2f9d982c605c677cbcb32a0c.jpg,118.76088107638888,414.7120001500259,68.48608940972223,14.232183159722226,False,False,False,False,0a48349e-f671-436a-8af5-de54f079109f,0.16327690972222264,False,False
valid,0a48349e-f671-436a-8af5-de54f079109f_mp4-0078_jpg.rf.cba541a6eebb6963e936d422b9e8f2cd.jpg,119.58953559027778,421.2474074684237,67.0316189236111,15.702430555555551,False,False,False,False,0a48349e-f671-436a-8af5-de54f079109f,0.1637087673611095,False,False
valid,0a48349e-f671-436a-8af5-de54f079109f_mp4-0079_jpg.rf.ea3ce500cd62e5b92e90cf8f52bca87d.jpg,119.51409288194444,406.3978200954861,66.62455295138889,16.4644357638889,False,False,False,False,0a48349e-f671-436a-8af5-de54f079109f,0.16295789930555382,False,False
valid,0a48349e-f671-436a-8af5-de54f079109f_mp4-0080_jpg.rf.2cfa94d7cbf2b47053f1b3f8a594b638.jpg,120.78350260416669,677.110663472324,66.551640625,16.89949652777777,False,False,False,False,0a48349e-f671-436a-8af5-de54f079109f,0.16052951388888737,False,False
valid,26af764e-8020-42d8-9c9c-841a31f39dcc_jpg.rf.a63303c17dd77ab4b085512ca8d33713.jpg,150.47031555295038,1150.3756544470425,33.62624987788198,-1.480727334896443,False,False,False,False,26af764e-8020-42d8-9c9c-841a31f39dcc,0.31650446066578986,False,False
valid,51647d0e-59fc-4bf9-b510-488636e21705_jpg.rf.491913c8d8533e33a70ceb09c7e55586.jpg,125.044957091773,853.9078661136466,52.84872925165412,-19.00518968344946,False,False,False,False,51647d0e-59fc-4bf9-b510-488636e21705,0.20567198854151347,False,False
valid,6459c886-45a3-4065-82bc-2ed15b2875b0_mp4-0000_jpg.rf.9c49f9faf68c5981dab33cecc313ab39.jpg,129.84094618055556,1268.9408239969134,41.870121527777776,7.442070312499993,False,False,False,False,6459c886-45a3-4065-82bc-2ed15b2875b0,0.22369357638888893,False,False
valid,6459c886-45a3-4065-82bc-2ed15b2875b0_mp4-0001_jpg.rf.53ee81dce767b3f61430daf9a5f99bbe.jpg,125.89351996527778,1079.901030718316,44.17583333333334,5.619548611111114,False,False,False,False,6459c886-45a3-4065-82bc-2ed15b2875b0,0.2139453124999997,False,False
valid,6459c886-45a3-4065-82bc-2ed15b2875b0_mp4-0002_jpg.rf.435cf0b1dd1928b9ba51959824cfca59.jpg,127.98244791666669,731.4732650270062,43.71586371527778,5.714709201388899,False,False,False,False,6459c886-45a3-4065-82bc-2ed15b2875b0,0.26311414930555693,False,False
valid,6459c886-45a3-4065-82bc-2ed15b2875b0_mp4-0003_jpg.rf.2ce7617900d24b70c86942142f8ccb40.jpg,127.51184027777778,555.8680510565675,42.88765625,6.464986979166682,False,False,False,False,6459c886-45a3-4065-82bc-2ed15b2875b0,0.2931260850694435,False,False
valid,6459c886-45a3-4065-82bc-2ed15b2875b0_mp4-0004_jpg.rf.4efd88794fb42629e2013ca1396653df.jpg,123.23922309027778,436.551457502577,42.74957465277778,6.148094618055552,False,False,False,False,6459c886-45a3-4065-82bc-2ed15b2875b0,0.2473546006944446,False,False
valid,6459c886-45a3-4065-82bc-2ed15b2875b0_mp4-0005_jpg.rf.3eccc9a6aab88b4f6bfed6a21d1d5387.jpg,123.31497395833334,445.3125610960219,42.43493923611111,6.178602430555557,False,False,False,False,6459c886-45a3-4065-82bc-2ed15b2875b0,0.2647122644357649,False,False
valid,6459c886-45a3-4065-82bc-2ed15b2875b0_mp4-0006_jpg.rf.08c7d17139fc55d82177e4d0a38ac474.jpg,125.14308159722222,461.745554517939,45.31642795138889,8.998346354166657,False,False,False,False,6459c886-45a3-4065-82bc-2ed15b2875b0,0.28676866319444666,False,False
valid,6459c886-45a3-4065-82bc-2ed15b2875b0_mp4-0007_jpg.rf.5ceb0cec03e05324b291ecbd1e34a88c.jpg,122.81030381944444,389.995976155128,45.68834201388889,9.027625868055566,False,False,False,False,6459c886-45a3-4065-82bc-2ed15b2875b0,0.2565190972222233,False,False
valid,6459c886-45a3-4065-82bc-2ed15b2875b0_mp4-0008_jpg.rf.39185efe1a9ecf0f4d629264e5f53586.jpg,122.84279513888887,387.6398206845696,45.772174479166665,9.4631076388889,False,False,False,False,6459c886-45a3-4065-82bc-2ed15b2875b0,0.2572196180555546,False,False
valid,6459c886-45a3-4065-82bc-2ed15b2875b0_mp4-0009_jpg.rf.71c2cc61030fd6062b1e778ba321af0c.jpg,120.88712239583332,346.31122556406655,47.75717013888889,10.464657118055555,False,False,False,False,6459c886-45a3-4065-82bc-2ed15b2875b0,0.2564453124999998,False,False
valid,6459c886-45a3-4065-82bc-2ed15b2875b0_mp4-0010_jpg.rf.6fd8481a5f394a8dce124329db91c409.jpg,123.21171440972222,578.5074649142042,47.39350260416666,11.279926215277769,False,False,False,False,6459c886-45a3-4065-82bc-2ed15b2875b0,0.26298828124999984,False,False
valid,6459c886-45a3-4065-82bc-2ed15b2875b0_mp4-0011_jpg.rf.454d2b5d85c3861c68f64bda6bccb601.jpg,124.30476996527776,459.2106992842874,47.99347222222222,13.259479166666663,False,False,False,False,6459c886-45a3-4065-82bc-2ed15b2875b0,0.2639518272569443,False,False
valid,6459c886-45a3-4065-82bc-2ed15b2875b0_mp4-0012_jpg.rf.98295bc37e2e1dfb3ca85dcb301904dd.jpg,124.60666232638889,376.4272492015509,47.55774739583333,13.318237847222209,False,False,False,False,6459c886-45a3-4065-82bc-2ed15b2875b0,0.25265842013888967,False,False
valid,6459c886-45a3-4065-82bc-2ed15b2875b0_mp4-0013_jpg.rf.b1102e9646996f5bd124202d0bd977e8.jpg,126.70164496527778,421.496472496805,46.99505642361111,14.666979166666678,False,False,False,False,6459c886-45a3-4065-82bc-2ed15b2875b0,0.2773977671180554,False,False
valid,6459c886-45a3-4065-82bc-2ed15b2875b0_mp4-0014_jpg.rf.2e0895546cf86bffb716cf40fb97ba81.jpg,127.56425347222222,502.9550060287475,48.200108506944446,15.7883029513889,False,False,False,False,6459c886-45a3-4065-82bc-2ed15b2875b0,0.2825699200347227,False,False
valid,6459c886-45a3-4065-82bc-2ed15b2875b0_mp4-0015_jpg.rf.c9fd5f3f2a2e2124055b17a25826229e.jpg,127.3473046875,437.2889417150239,53.73098524305556,18.54865885416666,False,False,False,False,6459c886-45a3-4065-82bc-2ed15b2875b0,0.2862934027777778,False,False
valid,6459c886-45a3-4065-82bc-2ed15b2875b0_mp4-0016_jpg.rf.5b4c36bdf2259305c1a9ae3b6c8985e3.jpg,129.95362413194445,415.7211881869092,53.57667100694445,18.76034722222224,False,False,False,False,6459c886-45a3-4065-82bc-2ed15b2875b0,0.30510758643446156,False,False
valid,6459c886-45a3-4065-82bc-2ed15b2875b0_mp4-0017_jpg.rf.585b1d7589635fab26423e046f767929.jpg,130.52838107638888,364.0950605275849,54.08127604166667,19.18178819444445,False,False,False,False,6459c886-45a3-4065-82bc-2ed15b2875b0,0.35377604166666654,False,False
valid,6459c886-45a3-4065-82bc-2ed15b2875b0_mp4-0018_jpg.rf.8f799cd668fb343d8c1e50a5766df881.jpg,130.95147135416667,416.8581803366578,53.61818576388889,19.204787326388896,False,False,False,False,6459c886-45a3-4065-82bc-2ed15b2875b0,0.30729817708333235,False,False
valid,6459c886-45a3-4065-82bc-2ed15b2875b0_mp4-0019_jpg.rf.dd1d3bc3e19a5c80cfab827da654197f.jpg,130.32380208333333,353.6286030612334,51.505078125,17.79274305555556,False,False,False,False,6459c886-45a3-4065-82bc-2ed15b2875b0,0.29574218750000125,False,False
valid,6459c886-45a3-4065-82bc-2ed15b2875b0_mp4-0020_jpg.rf.997f7e5cfc6994fc5edcd33642c18ad1.jpg,129.68252170138888,362.6238665337457,51.202786458333335,16.788207465277793,False,False,False,False,6459c886-45a3-4065-82bc-2ed15b2875b0,0.27716416108506936,False,False
valid,6459c886-45a3-4065-82bc-2ed15b2875b0_mp4-0021_jpg.rf.c67a3c99ba35af6506a71914682e1d19.jpg,129.5168402777778,398.8818720145331,50.34901909722223,16.15020399305557,False,False,False,False,6459c886-45a3-4065-82bc-2ed15b2875b0,0.2859743923611106,False,False
valid,6459c886-45a3-4065-82bc-2ed15b2875b0_mp4-0022_jpg.rf.42032d459ad6305b37fcf24e2cb18076.jpg,131.48319444444445,401.14290485628857,48.31022135416666,15.462434895833326,False,False,False,False,6459c886-45a3-4065-82bc-2ed15b2875b0,0.1755837673611108,False,False
valid,6459c886-45a3-4065-82bc-2ed15b2875b0_mp4-0023_jpg.rf.341374452180b4a6ab9ebd37bf7270cd.jpg,132.6555685763889,329.9028426250693,46.03228732638889,14.041714409722218,False,False,False,False,6459c886-45a3-4065-82bc-2ed15b2875b0,0.17012369791666715,False,False
valid,6459c886-45a3-4065-82bc-2ed15b2875b0_mp4-0024_jpg.rf.96798868e9186f3e6443b13c8b7efafb.jpg,133.14321180555555,341.29696862672404,45.05024305555556,12.339431423611105,False,False,False,False,6459c886-45a3-4065-82bc-2ed15b2875b0,0.16902343750000082,False,False
valid,6459c886-45a3-4065-82bc-2ed15b2875b0_mp4-0025_jpg.rf.ba3c4bbcb392f4027fc027906b75ecf6.jpg,133.0541579861111,360.4860801240709,43.97033420138889,10.993980034722227,False,False,False,False,6459c886-45a3-4065-82bc-2ed15b2875b0,0.16872612847222102,False,False
valid,6459c886-45a3-4065-82bc-2ed15b2875b0_mp4-0026_jpg.rf.731e83820809a987ec67b82d66cd0ba2.jpg,133.26163194444445,315.129790555808,43.62357204861111,9.948255208333336,False,False,False,False,6459c886-45a3-4065-82bc-2ed15b2875b0,0.17496961805555566,False,False
valid,6459c886-45a3-4065-82bc-2ed15b2875b0_mp4-0027_jpg.rf.37a79ca8ccf7c9a1260ec9c3f5a4c913.jpg,133.52358506944444,330.4144691499498,44.36743923611111,8.26902343750001,False,False,False,False,6459c886-45a3-4065-82bc-2ed15b2875b0,0.17603732638888892,False,False
valid,6459c886-45a3-4065-82bc-2ed15b2875b0_mp4-0028_jpg.rf.2d1e5f2ec8d688fe63e051f7433d36fa.jpg,132.69774739583335,338.31535330396105,44.898029513888886,6.352343749999989,False,False,False,False,6459c886-45a3-4065-82bc-2ed15b2875b0,0.17777126736111137,False,False
valid,6459c886-45a3-4065-82bc-2ed15b2875b0_mp4-0029_jpg.rf.b8cc677b71bb1adc13964af2a524e703.jpg,131.38739149305556,378.0221919123143,45.14216579861111,4.429665798611126,False,False,False,False,6459c886-45a3-4065-82bc-2ed15b2875b0,0.1798263888888893,False,False
valid,6459c886-45a3-4065-82bc-2ed15b2875b0_mp4-0030_jpg.rf.e7bb3997e03c0f831ba6549ad8066548.jpg,129.8191449652778,373.5700780525867,46.09346788194444,3.301015624999991,False,False,False,False,6459c886-45a3-4065-82bc-2ed15b2875b0,0.1852669270833327,False,False
valid,6459c886-45a3-4065-82bc-2ed15b2875b0_mp4-0031_jpg.rf.beb1338020cd85dd0f0ea37d14c4e7ae.jpg,128.17763020833334,440.28820742366463,46.87333767361111,1.484539930555556,False,False,False,False,6459c886-45a3-4065-82bc-2ed15b2875b0,0.18329861111111168,False,False
valid,6459c886-45a3-4065-82bc-2ed15b2875b0_mp4-0032_jpg.rf.65eab879a4755e4a7dcc04989f425fd8.jpg,127.01154079861112,434.0034373263889,47.44784722222222,1.0950781250000006,False,False,False,False,6459c886-45a3-4065-82bc-2ed15b2875b0,0.17746961805555656,False,False
valid,6459c886-45a3-4065-82bc-2ed15b2875b0_mp4-0033_jpg.rf.3a4fe5d13c77a207920c29a43066c623.jpg,126.01823784722222,483.2296131123861,48.02603732638889,0.9028689236111092,False,False,False,False,6459c886-45a3-4065-82bc-2ed15b2875b0,0.1803559027777778,False,False
valid,6459c886-45a3-4065-82bc-2ed15b2875b0_mp4-0034_jpg.rf.d91c04608de298b90e33387233420e05.jpg,125.24811197916668,400.1294206289598,48.53038194444444,0.9812109375000092,False,False,False,False,6459c886-45a3-4065-82bc-2ed15b2875b0,0.1827526649305556,False,False
valid,6459c886-45a3-4065-82bc-2ed15b2875b0_mp4-0035_jpg.rf.04e591d881dc0595327baff681a3dafe.jpg,124.6120703125,456.5736116192664,47.87952690972222,0.7000086805555554,False,False,False,False,6459c886-45a3-4065-82bc-2ed15b2875b0,0.1807118055555561,False,False
valid,6459c886-45a3-4065-82bc-2ed15b2875b0_mp4-0036_jpg.rf.3d937d9c82e4cfbffa9611ad7c3dfe23.jpg,127.26065538194445,385.65521980249855,47.651744791666665,0.6033116319444503,False,False,False,False,6459c886-45a3-4065-82bc-2ed15b2875b0,0.18679687500000014,False,False
valid,6459c886-45a3-4065-82bc-2ed15b2875b0_mp4-0037_jpg.rf.aa334ccbce7bdd786b3be95ac71f1078.jpg,132.1861154513889,369.0287214072145,47.11002604166666,0.6582421874999795,False,False,False,False,6459c886-45a3-4065-82bc-2ed15b2875b0,0.19237847222222149,False,False
valid,6459c886-45a3-4065-82bc-2ed15b2875b0_mp4-0038_jpg.rf.083c468f9daea52e428a05cb435d9118.jpg,138.1530251736111,304.4902321747203,45.992916666666666,1.6238888888888994,False,False,False,False,6459c886-45a3-4065-82bc-2ed15b2875b0,0.2141417100694456,False,False
valid,6459c886-45a3-4065-82bc-2ed15b2875b0_mp4-0039_jpg.rf.d178b941430881ee8df5d0f086cc0332.jpg,140.87016493055555,320.82498055728865,46.333585069444446,3.1553645833333235,False,False,False,False,6459c886-45a3-4065-82bc-2ed15b2875b0,0.22107421875000055,False,False
valid,6459c886-45a3-4065-82bc-2ed15b2875b0_mp4-0040_jpg.rf.6b3282dcdcba330788ee0e064ccacd45.jpg,138.72043402777777,298.39877625800244,48.18306423611112,3.306119791666646,False,False,False,False,6459c886-45a3-4065-82bc-2ed15b2875b0,0.21968098958333382,False,False
valid,6459c886-45a3-4065-82bc-2ed15b2875b0_mp4-0041_jpg.rf.f375479729346cd809c2509bd6f23a0c.jpg,135.3200260416667,326.10492336469105,48.570577256944446,2.952751736111111,False,False,False,False,6459c886-45a3-4065-82bc-2ed15b2875b0,0.2268532986111107,False,False
valid,6459c886-45a3-4065-82bc-2ed15b2875b0_mp4-0042_jpg.rf.d180876fdde0f3d552ba675013a519cf.jpg,134.58639322916667,295.25002735277343,49.89957465277778,3.282547743055545,False,False,False,False,6459c886-45a3-4065-82bc-2ed15b2875b0,0.21847294270833206,False,False
valid,6459c886-45a3-4065-82bc-2ed15b2875b0_mp4-0043_jpg.rf.d477ccbcbbad1175da643baa74979555.jpg,134.24526475694444,426.4553131232368,49.14802517361111,3.2560416666666754,False,False,False,False,6459c886-45a3-4065-82bc-2ed15b2875b0,0.2362651909722231,False,False
valid,6459c886-45a3-4065-82bc-2ed15b2875b0_mp4-0044_jpg.rf.bbf56897c506d95f4f96af5c4db83766.jpg,134.6719140625,372.1336266384548,48.46943142361111,3.4050607638888835,False,False,False,False,6459c886-45a3-4065-82bc-2ed15b2875b0,0.2290093315972226,False,False
valid,6459c886-45a3-4065-82bc-2ed15b2875b0_mp4-0045_jpg.rf.041cc6fce199002b546833abe29c0046.jpg,133.54174479166667,368.85448785986256,48.190546875,3.040438368055561,False,False,False,False,6459c886-45a3-4065-82bc-2ed15b2875b0,0.2395898437499997,False,False
valid,6459c886-45a3-4065-82bc-2ed15b2875b0_mp4-0046_jpg.rf.70a870254f6a2b35760ae23b72c1465b.jpg,133.40799045138888,333.1152020261976,48.20595486111111,2.768559027777769,False,False,False,False,6459c886-45a3-4065-82bc-2ed15b2875b0,0.22229600694444196,False,False
valid,6459c886-45a3-4065-82bc-2ed15b2875b0_mp4-0047_jpg.rf.6f391cad0d1e5fce1b9bcbd3e009ebcb.jpg,133.60314670138888,391.2004054976099,48.06809895833333,2.9009895833333417,False,False,False,False,6459c886-45a3-4065-82bc-2ed15b2875b0,0.22064670138888687,False,False
valid,6459c886-45a3-4065-82bc-2ed15b2875b0_mp4-0048_jpg.rf.b78ab45ab23985e5e675d2b7271ef28b.jpg,133.83934027777778,371.46859139447616,47.72112413194444,3.250342881944448,False,False,False,False,6459c886-45a3-4065-82bc-2ed15b2875b0,0.22170572916666842,False,False
valid,96ecd4fe-5910-4cd4-8a24-11ed20aab3b7_mp4-0000_jpg.rf.1d969246aa15d18710ab4221b7611b9e.jpg,181.7332118055556,666.5649416637843,26.73444444444445,-0.9576953125000216,False,False,False,False,96ecd4fe-5910-4cd4-8a24-11ed20aab3b7,0.06174696180555567,True,False
valid,96ecd4fe-5910-4cd4-8a24-11ed20aab3b7_mp4-0001_jpg.rf.a505cc4cb7b4f149d85f630fadbd9bfa.jpg,181.39921440972225,592.9038577306488,27.165755208333334,-0.8284071180555372,False,False,False,False,96ecd4fe-5910-4cd4-8a24-11ed20aab3b7,0.06480468749999968,True,False
valid,96ecd4fe-5910-4cd4-8a24-11ed20aab3b7_mp4-0002_jpg.rf.f3b426ba15d50529bf3cdc4a0bdd436f.jpg,182.3411111111111,398.8945448091295,26.50875,-0.666506076388913,False,False,False,False,96ecd4fe-5910-4cd4-8a24-11ed20aab3b7,0.06423828124999933,True,False
valid,96ecd4fe-5910-4cd4-8a24-11ed20aab3b7_mp4-0003_jpg.rf.534f8ccd573ae9aa55be6b50626de8e7.jpg,182.58264322916668,648.8234423823416,26.61756076388889,-0.4830598958333212,False,False,True,False,96ecd4fe-5910-4cd4-8a24-11ed20aab3b7,0.07014539930555569,True,False
valid,96ecd4fe-5910-4cd4-8a24-11ed20aab3b7_mp4-0004_jpg.rf.ac4537d4e1b504b7db24a8c9a8bc5279.jpg,182.72671006944444,557.1544767853725,26.35198350694445,-0.5726432291666868,False,False,True,False,96ecd4fe-5910-4cd4-8a24-11ed20aab3b7,0.06398437499999987,True,False
valid,96ecd4fe-5910-4cd4-8a24-11ed20aab3b7_mp4-0005_jpg.rf.d7e708f96e1a3d1c85d7a929f9384225.jpg,183.33721788194444,564.920531013696,25.975095486111112,-0.9750911458333462,False,False,True,False,96ecd4fe-5910-4cd4-8a24-11ed20aab3b7,0.09326388888888887,False,False
valid,96ecd4fe-5910-4cd4-8a24-11ed20aab3b7_mp4-0006_jpg.rf.b5f7d8baa8cccacd12ca846369839490.jpg,183.55577690972223,482.7490814208985,25.53915798611111,-1.5841362847222342,False,False,True,False,96ecd4fe-5910-4cd4-8a24-11ed20aab3b7,0.09782118055555494,False,False
valid,96ecd4fe-5910-4cd4-8a24-11ed20aab3b7_mp4-0007_jpg.rf.df5a877d30b6e42012335fcea95a5422.jpg,184.53213107638888,454.5339216820988,26.26977864583333,-2.7531423611111165,False,False,True,False,96ecd4fe-5910-4cd4-8a24-11ed20aab3b7,0.08462456597222218,False,False
valid,96ecd4fe-5910-4cd4-8a24-11ed20aab3b7_mp4-0008_jpg.rf.baf26b1e0b008efb221e31beea65557c.jpg,185.4745920138889,460.0225737026639,25.17375,-2.958637152777783,False,False,True,False,96ecd4fe-5910-4cd4-8a24-11ed20aab3b7,0.08655598958333308,False,False
valid,96ecd4fe-5910-4cd4-8a24-11ed20aab3b7_mp4-0009_jpg.rf.f758cc58a61f7a44f5197fd64761b10b.jpg,184.4902517361111,601.2316729599941,24.51161892361111,-3.070811631944423,False,False,True,False,96ecd4fe-5910-4cd4-8a24-11ed20aab3b7,0.09916883680555544,False,False
valid,96ecd4fe-5910-4cd4-8a24-11ed20aab3b7_mp4-0010_jpg.rf.e4d5be69a095b078616dd2daf39c8bbe.jpg,184.093828125,545.141723020935,24.33405381944445,-3.583997395833336,False,False,True,False,96ecd4fe-5910-4cd4-8a24-11ed20aab3b7,0.09693793402777795,False,False
valid,96ecd4fe-5910-4cd4-8a24-11ed20aab3b7_mp4-0011_jpg.rf.c9917fbb3a19f831ccd91ae24d5780b4.jpg,183.19410590277775,483.612926716821,24.82131510416667,-4.110407986111113,False,False,True,False,96ecd4fe-5910-4cd4-8a24-11ed20aab3b7,0.09985894097222209,False,False
valid,96ecd4fe-5910-4cd4-8a24-11ed20aab3b7_mp4-0012_jpg.rf.4ba3cabb2c3aeb3ae912ac662d326272.jpg,178.8786675347222,763.6600506449382,25.404014756944445,-4.439613715277801,False,False,False,False,96ecd4fe-5910-4cd4-8a24-11ed20aab3b7,0.10041883680555541,False,False
valid,96ecd4fe-5910-4cd4-8a24-11ed20aab3b7_mp4-0013_jpg.rf.c359550df0d249b52246d39d38f7084e.jpg,177.46194010416667,566.9324420138889,25.425160590277777,-4.798936631944429,False,False,False,False,96ecd4fe-5910-4cd4-8a24-11ed20aab3b7,0.10608289930555542,False,False
valid,96ecd4fe-5910-4cd4-8a24-11ed20aab3b7_mp4-0014_jpg.rf.f76ca03d1cde7e5c7606f1e680c38ae8.jpg,177.9641970486111,581.8655004067315,24.772803819444444,-4.873368055555574,False,False,False,False,96ecd4fe-5910-4cd4-8a24-11ed20aab3b7,0.09129557291666679,False,False
valid,96ecd4fe-5910-4cd4-8a24-11ed20aab3b7_mp4-0015_jpg.rf.21b7bf1e2296aad43949d73749af763c.jpg,180.16991753472223,812.130057758077,24.3980078125,-4.846649305555559,False,False,False,False,96ecd4fe-5910-4cd4-8a24-11ed20aab3b7,0.10928385416666703,False,False
valid,96ecd4fe-5910-4cd4-8a24-11ed20aab3b7_mp4-0016_jpg.rf.f2d8481ce7965c293169eb7413e55a7f.jpg,179.4022048611111,711.7377782380092,24.403984375,-4.747734374999993,False,False,False,False,96ecd4fe-5910-4cd4-8a24-11ed20aab3b7,0.1039344618055561,False,False
valid,96ecd4fe-5910-4cd4-8a24-11ed20aab3b7_mp4-0017_jpg.rf.ab588d3d110678feba632e1554033b30.jpg,176.67431423611112,977.34123830265,25.43696614583333,-5.074357638888898,False,False,False,False,96ecd4fe-5910-4cd4-8a24-11ed20aab3b7,0.08317057291666635,False,False
valid,96ecd4fe-5910-4cd4-8a24-11ed20aab3b7_mp4-0018_jpg.rf.dba977b451a5fe06fa9cf3369b4f1b99.jpg,174.37172743055555,901.0150545435588,25.88185763888889,-5.019479166666656,False,False,False,False,96ecd4fe-5910-4cd4-8a24-11ed20aab3b7,0.11327907986111047,False,False
valid,96ecd4fe-5910-4cd4-8a24-11ed20aab3b7_mp4-0019_jpg.rf.08d59f16bf297c1cc580bf3960684da4.jpg,177.4176605902778,675.9885713003465,24.18688368055556,-4.843003472222222,False,False,False,False,96ecd4fe-5910-4cd4-8a24-11ed20aab3b7,0.10097656250000003,False,False
valid,96ecd4fe-5910-4cd4-8a24-11ed20aab3b7_mp4-0020_jpg.rf.34cf7303f21f5b8666cafb1970dc1931.jpg,180.5168967013889,555.8126356480728,23.81758680555556,-5.178880208333311,False,False,False,False,96ecd4fe-5910-4cd4-8a24-11ed20aab3b7,0.10153428819444443,False,False
valid,96ecd4fe-5910-4cd4-8a24-11ed20aab3b7_mp4-0021_jpg.rf.45f8e5868e9258b23d32b3181aacfeb0.jpg,179.7207378472222,639.2312113350574,24.4749609375,-5.361137152777786,False,False,False,False,96ecd4fe-5910-4cd4-8a24-11ed20aab3b7,0.0976345486111112,False,False
valid,96ecd4fe-5910-4cd4-8a24-11ed20aab3b7_mp4-0022_jpg.rf.923e3ca033848d49c57b33e632eab0d5.jpg,178.20532552083333,625.4304789785691,26.48109809027778,-5.27542968749998,False,False,False,False,96ecd4fe-5910-4cd4-8a24-11ed20aab3b7,0.10241753472222198,False,False
valid,96ecd4fe-5910-4cd4-8a24-11ed20aab3b7_mp4-0023_jpg.rf.276593f4fea65d246e65c0ebd924ee94.jpg,176.57003472222223,823.7328616589016,26.778776041666667,-5.136540798611122,False,False,False,False,96ecd4fe-5910-4cd4-8a24-11ed20aab3b7,0.1000173611111107,False,False
valid,96ecd4fe-5910-4cd4-8a24-11ed20aab3b7_mp4-0024_jpg.rf.a7dce0ee5008482c2213f520266ca538.jpg,175.3448046875,899.7587239218628,27.329027777777775,-4.770425347222243,False,False,False,False,96ecd4fe-5910-4cd4-8a24-11ed20aab3b7,0.10560763888888902,False,False
valid,96ecd4fe-5910-4cd4-8a24-11ed20aab3b7_mp4-0025_jpg.rf.6c885142635d507bf60de7eea240ea0f.jpg,174.21239583333335,598.2012575590157,27.75047743055556,-3.8237196180555486,False,False,False,False,96ecd4fe-5910-4cd4-8a24-11ed20aab3b7,0.10024305555555557,False,False
valid,96ecd4fe-5910-4cd4-8a24-11ed20aab3b7_mp4-0026_jpg.rf.761e2b60f56a3cf52a29a53fd8ac0689.jpg,177.00515190972223,565.9267720327684,27.3894921875,-2.023085937499985,False,False,False,False,96ecd4fe-5910-4cd4-8a24-11ed20aab3b7,0.11555338541666638,False,False
valid,96ecd4fe-5910-4cd4-8a24-11ed20aab3b7_mp4-0028_jpg.rf.e12313c9e1439e94eb253dc9309a00a4.jpg,181.7692361111111,433.7460608479817,27.31953993055556,-0.0902994791666742,False,False,False,False,96ecd4fe-5910-4cd4-8a24-11ed20aab3b7,0.12172092013888897,False,False
valid,96ecd4fe-5910-4cd4-8a24-11ed20aab3b7_mp4-0029_jpg.rf.f4a3c27fe8e724f17ba49af327437082.jpg,179.9873828125,541.8244099704131,28.593259548611112,-0.1181250000000204,False,False,False,False,96ecd4fe-5910-4cd4-8a24-11ed20aab3b7,0.1269422743055561,False,False
valid,96ecd4fe-5910-4cd4-8a24-11ed20aab3b7_mp4-0030_jpg.rf.929d67ff9af9494120bc7f32bbbaa112.jpg,179.9779861111111,507.7257139729818,29.06185763888889,-0.3649435763888959,False,False,False,False,96ecd4fe-5910-4cd4-8a24-11ed20aab3b7,0.12185980902777821,False,False
valid,96ecd4fe-5910-4cd4-8a24-11ed20aab3b7_mp4-0031_jpg.rf.a6e963ff44562049f917eefae1ff580e.jpg,180.86859375,696.2710994465393,29.6171875,-1.0349479166666526,False,False,False,False,96ecd4fe-5910-4cd4-8a24-11ed20aab3b7,0.06459201388888858,True,False
valid,96ecd4fe-5910-4cd4-8a24-11ed20aab3b7_mp4-0032_jpg.rf.e3df293c6c24f70fc8f4c8db3d7c57f8.jpg,181.1709982638889,703.7109935903856,29.425182291666665,-1.5762456597222183,False,False,False,False,96ecd4fe-5910-4cd4-8a24-11ed20aab3b7,0.13064670138888876,False,False
valid,96ecd4fe-5910-4cd4-8a24-11ed20aab3b7_mp4-0033_jpg.rf.c5c90c0304222af8071c0ba9e2b6caa3.jpg,181.94229600694445,550.6748672957054,28.695221354166662,-2.080629340277796,False,False,False,False,96ecd4fe-5910-4cd4-8a24-11ed20aab3b7,0.13200694444444466,False,False
valid,96ecd4fe-5910-4cd4-8a24-11ed20aab3b7_mp4-0034_jpg.rf.6649a20c18a820e2a236e03aafa108db.jpg,182.23553385416668,516.3228015353544,27.744835069444445,-2.830959201388879,False,False,False,False,96ecd4fe-5910-4cd4-8a24-11ed20aab3b7,0.1358723958333331,False,False
valid,96ecd4fe-5910-4cd4-8a24-11ed20aab3b7_mp4-0035_jpg.rf.904f3379ae783f6f7d64cae0c8a90bf1.jpg,182.0758637152778,588.1351108940219,27.265941840277776,-3.9873914930555534,False,False,False,False,96ecd4fe-5910-4cd4-8a24-11ed20aab3b7,0.13603732638888855,False,False
valid,96ecd4fe-5910-4cd4-8a24-11ed20aab3b7_mp4-0036_jpg.rf.61bd22559fb523f702b65a23892bee3d.jpg,182.37527777777777,674.1745577229818,28.46301215277778,-5.480347222222207,False,False,False,False,96ecd4fe-5910-4cd4-8a24-11ed20aab3b7,0.14066189236111099,False,False
valid,96ecd4fe-5910-4cd4-8a24-11ed20aab3b7_mp4-0037_jpg.rf.57f91c06f8b36fe8b3860fabe81bcb46.jpg,181.8087109375,704.0421397560214,28.066675347222223,-6.5399479166666765,False,False,False,False,96ecd4fe-5910-4cd4-8a24-11ed20aab3b7,0.1308384956315109,False,False
valid,96ecd4fe-5910-4cd4-8a24-11ed20aab3b7_mp4-0038_jpg.rf.5e068034852d51abed37d8cfadd0c55b.jpg,181.93620659722225,641.827441222975,27.521822916666668,-7.289344618055566,False,False,False,False,96ecd4fe-5910-4cd4-8a24-11ed20aab3b7,0.13877821180555594,False,False
valid,96ecd4fe-5910-4cd4-8a24-11ed20aab3b7_mp4-0039_jpg.rf.e9933a02e54f617cd131629e44755444.jpg,181.0472395833333,486.3225446215972,27.304982638888887,-7.90062934027776,False,False,False,False,96ecd4fe-5910-4cd4-8a24-11ed20aab3b7,0.14554687500000035,False,False
valid,96ecd4fe-5910-4cd4-8a24-11ed20aab3b7_mp4-0040_jpg.rf.5a15059a6bb512fa36b2b00000a4dc97.jpg,180.6831727430556,1031.3186487193166,26.95927083333333,-8.311375868055563,False,False,False,False,96ecd4fe-5910-4cd4-8a24-11ed20aab3b7,0.14054904513888922,False,False
valid,96ecd4fe-5910-4cd4-8a24-11ed20aab3b7_mp4-0041_jpg.rf.f4180c5cdc446daa93df4e7215a0fd77.jpg,181.18631510416665,478.342427285258,26.305243055555557,-8.478103298611103,False,False,False,False,96ecd4fe-5910-4cd4-8a24-11ed20aab3b7,0.14679904513888908,False,False
valid,96ecd4fe-5910-4cd4-8a24-11ed20aab3b7_mp4-0042_jpg.rf.dc97cc448ff178f3e98d2113b3de6b77.jpg,180.62465277777775,546.3239201675226,26.389761284722223,-8.552703993055559,False,False,False,False,96ecd4fe-5910-4cd4-8a24-11ed20aab3b7,0.1489127604166668,False,False
valid,96ecd4fe-5910-4cd4-8a24-11ed20aab3b7_mp4-0043_jpg.rf.4109ebdd447622033a4b5ade25f83a21.jpg,180.24366753472225,530.8000042949911,26.63736111111111,-8.680112847222233,False,False,False,False,96ecd4fe-5910-4cd4-8a24-11ed20aab3b7,0.15113281249999988,False,False
valid,96ecd4fe-5910-4cd4-8a24-11ed20aab3b7_mp4-0044_jpg.rf.4c7871ba225f6127db6479a10d756f0f.jpg,180.04698350694446,620.0606473656925,26.988927951388888,-8.862026909722232,False,False,False,False,96ecd4fe-5910-4cd4-8a24-11ed20aab3b7,0.1548068576388889,False,False
valid,96ecd4fe-5910-4cd4-8a24-11ed20aab3b7_mp4-0045_jpg.rf.bd966dcd5bc73281f5afda2a2295c1c3.jpg,179.74805121527777,979.3022933357898,27.454453125,-9.08499565972221,False,False,False,False,96ecd4fe-5910-4cd4-8a24-11ed20aab3b7,0.15473741319444517,False,False
valid,96ecd4fe-5910-4cd4-8a24-11ed20aab3b7_mp4-0046_jpg.rf.a3c9e7b785ad7468cd87cf286aa74292.jpg,179.94859375,862.2254065090415,27.293111979166667,-9.178689236111095,False,False,False,False,96ecd4fe-5910-4cd4-8a24-11ed20aab3b7,0.15850043402777714,False,False
valid,96ecd4fe-5910-4cd4-8a24-11ed20aab3b7_mp4-0047_jpg.rf.4c70a0b82dea11dd7b472d081bc80c2e.jpg,179.61848958333334,602.8207649664232,27.63858506944445,-9.40520399305555,False,False,False,False,96ecd4fe-5910-4cd4-8a24-11ed20aab3b7,0.15867838541666685,False,False
valid,96ecd4fe-5910-4cd4-8a24-11ed20aab3b7_mp4-0048_jpg.rf.b54595590e01f622f980cd1731dc7356.jpg,179.20674913194443,525.2714262708688,27.835078125,-9.485559895833347,False,False,False,False,96ecd4fe-5910-4cd4-8a24-11ed20aab3b7,0.16475694444444433,False,False
valid,96ecd4fe-5910-4cd4-8a24-11ed20aab3b7_mp4-0049_jpg.rf.7d40b1364d5565987eb2ba2fa1ee49d4.jpg,178.61965711805556,714.834852831353,28.251571180555555,-9.638515624999997,False,False,False,False,96ecd4fe-5910-4cd4-8a24-11ed20aab3b7,0.17656467013888905,False,False
valid,96ecd4fe-5910-4cd4-8a24-11ed20aab3b7_mp4-0050_jpg.rf.238b5fa25f392b4ab2751b478c326d02.jpg,177.27197916666665,533.4324699103461,29.77459201388889,-10.508771701388897,False,False,False,False,96ecd4fe-5910-4cd4-8a24-11ed20aab3b7,0.171236979166667,False,False
valid,96ecd4fe-5910-4cd4-8a24-11ed20aab3b7_mp4-0051_jpg.rf.52c96c0187476a9529aeee335d96439a.jpg,176.48247395833334,696.0368211135676,30.147039930555557,-10.434071180555549,False,False,False,False,96ecd4fe-5910-4cd4-8a24-11ed20aab3b7,0.18007595486111133,False,False
valid,96ecd4fe-5910-4cd4-8a24-11ed20aab3b7_mp4-0052_jpg.rf.e9e7763209a3c7968bff1f0c3d9e863f.jpg,176.05444444444444,649.0616794798109,30.683958333333333,-10.555182291666654,False,False,False,False,96ecd4fe-5910-4cd4-8a24-11ed20aab3b7,0.19007161458333366,False,False
valid,96ecd4fe-5910-4cd4-8a24-11ed20aab3b7_mp4-0053_jpg.rf.635ee63c39a75eb61c5ad32712727c54.jpg,176.0898611111111,474.90610358675735,30.89748263888889,-10.88089409722224,False,False,False,False,96ecd4fe-5910-4cd4-8a24-11ed20aab3b7,0.18421766493055725,False,False
valid,96ecd4fe-5910-4cd4-8a24-11ed20aab3b7_mp4-0054_jpg.rf.248e3feabe62e3e3cb1149b21bd3be5b.jpg,177.722265625,461.8289818238812,30.97563368055556,-11.34782552083334,False,False,False,False,96ecd4fe-5910-4cd4-8a24-11ed20aab3b7,0.17789930555555566,False,False
valid,96ecd4fe-5910-4cd4-8a24-11ed20aab3b7_mp4-0055_jpg.rf.9605ecdfd61cd15b16f4b07a41b3a974.jpg,177.48153211805555,435.1263848331404,31.128923611111112,-11.587565104166655,False,False,False,False,96ecd4fe-5910-4cd4-8a24-11ed20aab3b7,0.18133463541666772,False,False
valid,96ecd4fe-5910-4cd4-8a24-11ed20aab3b7_mp4-0056_jpg.rf.30ef2f04d0ba2ca2d3548fbea68949df.jpg,177.54819444444445,466.9671163826648,31.250260416666663,-11.75778211805556,False,False,False,False,96ecd4fe-5910-4cd4-8a24-11ed20aab3b7,0.05562065972222219,True,False
valid,96ecd4fe-5910-4cd4-8a24-11ed20aab3b7_mp4-0057_jpg.rf.b2bc985b278b99933111c7de76e6a0e1.jpg,178.42678819444444,516.6702398184128,30.74194444444445,-11.457625868055572,False,False,False,False,96ecd4fe-5910-4cd4-8a24-11ed20aab3b7,0.1684939236111106,False,False
valid,96ecd4fe-5910-4cd4-8a24-11ed20aab3b7_mp4-0061_jpg.rf.678db25d1eee874cdb7bb821f05dc96b.jpg,177.04480902777777,430.25588907725023,29.607196180555555,-9.82583333333332,False,False,False,False,96ecd4fe-5910-4cd4-8a24-11ed20aab3b7,0.09129991319444414,False,False
valid,96ecd4fe-5910-4cd4-8a24-11ed20aab3b7_mp4-0062_jpg.rf.d16d45b994f1fd25a78699f1647f8b23.jpg,177.21539930555556,445.0373357143826,29.7478125,-9.651540798611109,False,False,False,False,96ecd4fe-5910-4cd4-8a24-11ed20aab3b7,0.05749348958333389,True,False
valid,96ecd4fe-5910-4cd4-8a24-11ed20aab3b7_mp4-0064_jpg.rf.a5d0141481a4083e1095cdea8ad5db15.jpg,176.76553819444445,677.6791039710528,29.675776909722224,-8.8817013888889,False,False,False,False,96ecd4fe-5910-4cd4-8a24-11ed20aab3b7,0.08430121527777823,False,False
valid,96ecd4fe-5910-4cd4-8a24-11ed20aab3b7_mp4-0065_jpg.rf.20ec4e441e0ebc01919de175dc80f379.jpg,176.27784288194445,644.3347696419986,29.93435763888889,-9.096419270833309,False,False,False,False,96ecd4fe-5910-4cd4-8a24-11ed20aab3b7,0.08541232638888818,False,False
valid,96ecd4fe-5910-4cd4-8a24-11ed20aab3b7_mp4-0066_jpg.rf.03933fe2ff252843c43683c4f72668d2.jpg,176.03139756944444,622.5366117754147,30.0475390625,-9.183146701388893,False,False,False,False,96ecd4fe-5910-4cd4-8a24-11ed20aab3b7,0.08763671875000023,False,False
valid,b029e315-2e53-4152-a536-1adea99e32f7_mp4-0000_jpg.rf.794c570615243283de76877ea0a90c0d.jpg,172.59473958333334,1771.1308495465482,31.332457561728397,-16.069870756172833,False,False,False,False,b029e315-2e53-4152-a536-1adea99e32f7,0.27737045476465827,False,False
valid,b029e315-2e53-4152-a536-1adea99e32f7_mp4-0001_jpg.rf.4a42b26a6d5fcc57d34032c980b506d7.jpg,173.50208333333333,1245.5239267478064,30.457270447530863,-15.813732638888894,False,False,False,False,b029e315-2e53-4152-a536-1adea99e32f7,0.2778906250000003,False,False
valid,b029e315-2e53-4152-a536-1adea99e32f7_mp4-0002_jpg.rf.8562bcccbf7ed450032928e73d53d3f2.jpg,174.43592206790123,892.1833741967472,29.377050540123456,-15.5819502314815,False,False,False,False,b029e315-2e53-4152-a536-1adea99e32f7,0.27872685185184914,False,False
valid,b029e315-2e53-4152-a536-1adea99e32f7_mp4-0003_jpg.rf.d345dc5393412b9b2762e9f24c2b7cc5.jpg,172.55282214506173,824.5546973760074,29.96671875,-15.70723958333332,False,False,False,False,b029e315-2e53-4152-a536-1adea99e32f7,0.27600790895061245,False,False
valid,b029e315-2e53-4152-a536-1adea99e32f7_mp4-0004_jpg.rf.4b16d405c9c409cd5d6cbfbe080f08b9.jpg,172.01321759259258,1696.0426516187297,31.355588348765437,-16.32914351851852,False,False,False,False,b029e315-2e53-4152-a536-1adea99e32f7,0.2802330430169732,False,False
valid,b029e315-2e53-4152-a536-1adea99e32f7_mp4-0005_jpg.rf.c0cf3d5a70a50c686e549a437d81c507.jpg,171.6219926697531,801.6636238622251,31.435530478395066,-16.418128858024687,False,False,False,False,b029e315-2e53-4152-a536-1adea99e32f7,0.27807581018518224,False,False
valid,b029e315-2e53-4152-a536-1adea99e32f7_mp4-0006_jpg.rf.2826ab7767d6a44bf9b2c80d2a63a7cb.jpg,170.8667824074074,894.1983098429604,31.956564429012342,-16.440221836419767,False,False,False,False,b029e315-2e53-4152-a536-1adea99e32f7,0.27744598765432277,False,False
valid,b029e315-2e53-4152-a536-1adea99e32f7_mp4-0007_jpg.rf.385daab6d72deababf255a6be886bfb3.jpg,171.3126311728395,792.864606756362,32.14648341049383,-16.56372878086421,False,False,False,False,b029e315-2e53-4152-a536-1adea99e32f7,0.2725443672839516,False,False
valid,b029e315-2e53-4152-a536-1adea99e32f7_mp4-0008_jpg.rf.3d2666118084be462cbe8b20defa4527.jpg,170.6470910493827,2248.6457352629677,34.532806712962966,-17.465900848765415,False,False,False,False,b029e315-2e53-4152-a536-1adea99e32f7,0.2752652391975335,False,False
valid,b029e315-2e53-4152-a536-1adea99e32f7_mp4-0009_jpg.rf.67dd7190ce2a667a587dd293ca4f865b.jpg,169.9602237654321,1024.3564185610137,34.73652584876543,-17.668879243827178,False,False,False,False,b029e315-2e53-4152-a536-1adea99e32f7,0.26667534722222175,False,False
valid,b029e315-2e53-4152-a536-1adea99e32f7_mp4-0010_jpg.rf.20c39a0619fb2c1c832861235c8fd20b.jpg,170.1282600308642,931.6305110601731,34.680979938271605,-17.61594714506174,False,False,False,False,b029e315-2e53-4152-a536-1adea99e32f7,0.2726892240547865,False,False
valid,b029e315-2e53-4152-a536-1adea99e32f7_mp4-0011_jpg.rf.34d70b2b31c437706f543b913d4782e9.jpg,171.0400462962963,939.4865727326924,34.65503858024692,-17.61104938271606,False,False,False,False,b029e315-2e53-4152-a536-1adea99e32f7,0.26603780864197685,False,False
valid,b029e315-2e53-4152-a536-1adea99e32f7_mp4-0012_jpg.rf.943f92f13805433c2cbbeb57974b8830.jpg,171.3664699074074,2216.787125829025,36.29581404320987,-18.479131944444447,False,False,False,False,b029e315-2e53-4152-a536-1adea99e32f7,0.2695129243827152,False,False
valid,b029e315-2e53-4152-a536-1adea99e32f7_mp4-0013_jpg.rf.8308caee917ec8175e9200298f358658.jpg,169.68909529320987,913.4580425153724,38.22992283950617,-19.399870756172845,False,False,False,False,b029e315-2e53-4152-a536-1adea99e32f7,0.2735474537037041,False,False
valid,b029e315-2e53-4152-a536-1adea99e32f7_mp4-0014_jpg.rf.582847bb6f201b85d7a5c87216a7acaf.jpg,169.18570216049383,908.2788841458964,38.584029706790126,-19.28251350308642,False,False,False,False,b029e315-2e53-4152-a536-1adea99e32f7,0.2767432243441355,False,False
valid,b029e315-2e53-4152-a536-1adea99e32f7_mp4-0015_jpg.rf.0c0bbfc5cd727794a3cd6709cb8c5132.jpg,166.89048225308642,817.0131773804845,39.47146026234568,-18.87324459876541,False,False,False,False,b029e315-2e53-4152-a536-1adea99e32f7,0.28019965277777814,False,False
valid,b029e315-2e53-4152-a536-1adea99e32f7_mp4-0016_jpg.rf.31d2b050ad995b091efacf7a48451c8a.jpg,160.8664949845679,2459.0542734901314,40.13501929012346,-16.951902006172844,False,False,False,False,b029e315-2e53-4152-a536-1adea99e32f7,0.2787991898148158,False,False
valid,b029e315-2e53-4152-a536-1adea99e32f7_mp4-0017_jpg.rf.426a6e272e9a39de1539106fa24e8bfe.jpg,161.0731886574074,1308.5923866048809,39.60325231481482,-17.076331018518516,False,False,False,False,b029e315-2e53-4152-a536-1adea99e32f7,0.2770736882716057,False,False
valid,b029e315-2e53-4152-a536-1adea99e32f7_mp4-0018_jpg.rf.28739ffde4622b64e2c9a3b3d9620a58.jpg,161.3694212962963,1273.0938158621375,39.28319444444445,-16.98713348765432,False,False,False,False,b029e315-2e53-4152-a536-1adea99e32f7,0.27546248070987656,False,False
valid,b029e315-2e53-4152-a536-1adea99e32f7_mp4-0019_jpg.rf.c5010ac5d30a8a7751eb0708a51e284f.jpg,162.38526813271605,1158.384828853723,38.87713348765432,-16.89939621913578,False,False,False,False,b029e315-2e53-4152-a536-1adea99e32f7,0.27397280092592263,False,False
valid,b029e315-2e53-4152-a536-1adea99e32f7_mp4-0020_jpg.rf.b2d34ca190cef325783126294f779f89.jpg,162.97681134259258,3043.912326375936,40.26856867283951,-17.087395833333346,False,False,False,False,b029e315-2e53-4152-a536-1adea99e32f7,0.28165123456789953,False,False
valid,b029e315-2e53-4152-a536-1adea99e32f7_mp4-0021_jpg.rf.0926ee9e039957dc6f0003e9b20aa124.jpg,163.4130150462963,1306.4207546274863,39.55498456790124,-16.96571952160494,False,False,False,False,b029e315-2e53-4152-a536-1adea99e32f7,0.28340567129629546,False,False
valid,b029e315-2e53-4152-a536-1adea99e32f7_mp4-0022_jpg.rf.1be0f083dc2fef2a8a0751d3b607d999.jpg,163.86578125,1151.6156630403875,39.054151234567904,-16.791913580246927,False,False,False,False,b029e315-2e53-4152-a536-1adea99e32f7,0.28510320216049573,False,False
valid,b029e315-2e53-4152-a536-1adea99e32f7_mp4-0023_jpg.rf.02e19cbbcd291500315944e3eae321f8.jpg,163.65926311728396,1181.299756572916,39.18478780864198,-16.79674768518518,False,False,False,False,b029e315-2e53-4152-a536-1adea99e32f7,0.28026909722222265,False,False
valid,b029e315-2e53-4152-a536-1adea99e32f7_mp4-0024_jpg.rf.5f8218262f482ac00b2708eaa0524546.jpg,163.45772762345678,2931.334997344259,38.18864583333333,-15.829149305555577,False,False,False,False,b029e315-2e53-4152-a536-1adea99e32f7,0.27549672067900977,False,False
valid,b029e315-2e53-4152-a536-1adea99e32f7_mp4-0025_jpg.rf.399b435ad9eb1fea10c4ad17c82ae574.jpg,164.16302469135803,1335.9190402089523,37.75374035493827,-15.912907021604951,False,False,False,False,b029e315-2e53-4152-a536-1adea99e32f7,0.2758169367283968,False,False
valid,b029e315-2e53-4152-a536-1adea99e32f7_mp4-0026_jpg.rf.bbe707d16a5f25a1fb91fea7cee0649f.jpg,163.66181905864198,1425.5494720198508,38.38373649691358,-15.908229166666644,False,False,False,False,b029e315-2e53-4152-a536-1adea99e32f7,0.27534529320987666,False,False
valid,b029e315-2e53-4152-a536-1adea99e32f7_mp4-0027_jpg.rf.9b5811359a5ea098142ab1c3aac42512.jpg,163.45054398148147,1441.4636265134377,38.49546489197531,-15.772297453703686,False,False,False,False,b029e315-2e53-4152-a536-1adea99e32f7,0.2794333526234569,False,False
valid,b029e315-2e53-4152-a536-1adea99e32f7_mp4-0028_jpg.rf.a52052f5317a6d7b593f8f72ea108703.jpg,163.83516782407406,1908.624415121816,37.1731462191358,-15.33947916666665,False,False,False,False,b029e315-2e53-4152-a536-1adea99e32f7,0.28017168209876603,False,False
valid,b029e315-2e53-4152-a536-1adea99e32f7_mp4-0029_jpg.rf.df8a3f4237d217028d95a24098bcaabe.jpg,164.76738040123456,1325.8840016999086,36.22265817901235,-15.010925925925932,False,False,False,False,b029e315-2e53-4152-a536-1adea99e32f7,0.2850424382716042,False,False
valid,b029e315-2e53-4152-a536-1adea99e32f7_mp4-0030_jpg.rf.8511303dac73368f2d55a24ac6ac2e14.jpg,165.5860686728395,1373.680299998199,35.72800733024691,-14.677166280864212,False,False,False,False,b029e315-2e53-4152-a536-1adea99e32f7,0.28720775462962866,False,False
valid,c6f16e4e-55cb-4abc-91ea-0d01ae0d6d28_jpg.rf.c194075dea18c914988161f0f09163d6.jpg,169.0323832551778,832.6829736810156,25.733268610785466,2.049789346424376,False,False,False,False,c6f16e4e-55cb-4abc-91ea-0d01ae0d6d28,0.07665988911684224,False,False
test,04802d75-aef4-4463-b9ac-241ba1c9d161_jpg.rf.263e5baf01630c0c2c22cc775d06affb.jpg,135.79220550411523,728.347170104026,44.99505401234568,11.799283693415646,False,False,False,False,04802d75-aef4-4463-b9ac-241ba1c9d161,0.3022582304526755,False,False
test,2f4b2f2f-9d1c-4a87-b5eb-75cd2824d881_jpg.rf.5e526e9dd311437b90f79db3ce16cc36.jpg,142.96187597694413,614.2002782515742,52.647705402500975,-25.42565516314967,False,False,False,False,2f4b2f2f-9d1c-4a87-b5eb-75cd2824d881,0.057673896053147156,True,False
test,5079fbab-a649-4a32-b4de-6ffd03974c2b_mp4-0000_jpg.rf.85f5626cf6b7e24cd779e990ac7e61ee.jpg,160.84356519911023,4197.091204463053,32.9351552327474,-10.82947794596356,False,False,False,False,5079fbab-a649-4a32-b4de-6ffd03974c2b,0.28659566243489576,False,False
test,5079fbab-a649-4a32-b4de-6ffd03974c2b_mp4-0001_jpg.rf.a7687d304ba73502041f21f77b5cf57c.jpg,160.943844265408,1413.7004426055485,32.49035305447049,-11.30070665147568,False,False,False,False,5079fbab-a649-4a32-b4de-6ffd03974c2b,0.286083645290799,False,False
test,5d14519a-5463-48e4-be39-5ac0f51b2859_jpg.rf.907a50e15248cfffca6b3bd3a142bc22.jpg,138.58322530864197,342.4765546830529,30.78843364197531,6.890684156378597,False,False,False,False,5d14519a-5463-48e4-be39-5ac0f51b2859,0.3103290174897101,False,False
test,68935cd9-3fa0-403f-ba48-4764b89115a0_jpg.rf.cba60b875e151d124bab08a28944bf6a.jpg,136.94722415123456,367.5674353461677,43.62627764917696,5.859676568930041,False,False,False,False,68935cd9-3fa0-403f-ba48-4764b89115a0,0.16186422968106973,False,False
test,7a600bac-e654-415e-b91d-010d2db77b5b_jpg.rf.854d1ab158b6288ba17176d2aaab25b5.jpg,161.84426305639542,248.9050781919693,30.50701795766128,-17.26109430033071,False,False,False,False,7a600bac-e654-415e-b91d-010d2db77b5b,0.032638238795096974,True,False
test,7b6b3d3f-a6f6-4877-8d0f-c12776e0b494-1-_jpg.rf.5d55d29c18ac4987a99d6609d38f044a.jpg,154.69741231926534,2151.1349196419974,17.475568459359124,-1.9602090660414149,False,False,False,False,7b6b3d3f-a6f6-4877-8d0f-c12776e0b494-1-,0.27607585971082005,False,False
test,9056e676-f14d-410c-9dc7-c5686b3fca04_jpg.rf.6fc669c89bf6cb1267ccf00e86958e00.jpg,159.03941358929268,2019.981108476668,20.93011613423212,5.42370921258302,False,False,False,False,9056e676-f14d-410c-9dc7-c5686b3fca04,0.2501956941187998,False,False
test,bbf45eda-4ffb-4bf1-9b29-a4e91475c8ec_mp4-0000_jpg.rf.83453101a2426120052779dce9303705.jpg,181.1651053722994,1188.4813052028203,28.25660083912037,7.447561005015416,False,False,False,False,bbf45eda-4ffb-4bf1-9b29-a4e91475c8ec,0.17437744140625044,False,False
test,bbf45eda-4ffb-4bf1-9b29-a4e91475c8ec_mp4-0001_jpg.rf.fed03ea46a27eecff20bcc65391d4c2a.jpg,182.0549979504244,797.7314357249461,27.63982024016204,7.236572265625,False,False,False,False,bbf45eda-4ffb-4bf1-9b29-a4e91475c8ec,0.17537058135609862,False,False
test,bbf45eda-4ffb-4bf1-9b29-a4e91475c8ec_mp4-0002_jpg.rf.edc3593175e923e3a5af4b4f84137a8a.jpg,180.4856318721065,768.4081753830852,28.26907612364969,7.665611738040127,False,False,False,False,bbf45eda-4ffb-4bf1-9b29-a4e91475c8ec,0.22019223813657396,False,False
test,bbf45eda-4ffb-4bf1-9b29-a4e91475c8ec_mp4-0003_jpg.rf.b78cb84122d3c12d99d7a353449dabd6.jpg,177.42684220679013,824.5645193125557,30.26002182195216,8.067165798611114,False,False,False,False,bbf45eda-4ffb-4bf1-9b29-a4e91475c8ec,0.2529568142361116,False,False
test,bbf45eda-4ffb-4bf1-9b29-a4e91475c8ec_mp4-0004_jpg.rf.d699859e0531ab9ff61784ca1bdee145.jpg,177.32411024305554,850.1025300136318,28.65161434220679,7.325978973765416,False,False,False,False,bbf45eda-4ffb-4bf1-9b29-a4e91475c8ec,0.26777705439814803,False,False
test,bbf45eda-4ffb-4bf1-9b29-a4e91475c8ec_mp4-0005_jpg.rf.f1a263c6281ebfe8bf510de2d85fbf15.jpg,175.76631823881172,847.0913034563221,28.165461033950617,7.170967761381178,False,False,False,False,bbf45eda-4ffb-4bf1-9b29-a4e91475c8ec,0.2102322048611115,False,False
test,bbf45eda-4ffb-4bf1-9b29-a4e91475c8ec_mp4-0006_jpg.rf.667665cdb383d9ed3f5a97dc0e370f91.jpg,174.72050118152006,768.3866166868982,29.60145399305556,7.991066261574076,False,False,False,False,bbf45eda-4ffb-4bf1-9b29-a4e91475c8ec,0.28024480372299343,False,False
test,bbf45eda-4ffb-4bf1-9b29-a4e91475c8ec_mp4-0007_jpg.rf.eb989daf8b22bd32af61a8d0ba684f39.jpg,174.59391878858025,555.0878099563681,29.50047321084105,8.116554542824076,False,False,False,False,bbf45eda-4ffb-4bf1-9b29-a4e91475c8ec,0.28407570167824103,False,False
test,bbf45eda-4ffb-4bf1-9b29-a4e91475c8ec_mp4-0008_jpg.rf.53bdc856a3f67e83bc4a57f80518740a.jpg,175.42963927469137,541.0700721739905,28.482090326003085,8.111442660108025,False,False,False,False,bbf45eda-4ffb-4bf1-9b29-a4e91475c8ec,0.29694432840229523,False,False
test,bbf45eda-4ffb-4bf1-9b29-a4e91475c8ec_mp4-0009_jpg.rf.1886859faf4f712c7cd8e95ba7bc4042.jpg,177.34969075520834,532.1711386805663,27.92015094521605,9.12128966531634,False,False,False,False,bbf45eda-4ffb-4bf1-9b29-a4e91475c8ec,0.2956517906659921,False,False
test,bbf45eda-4ffb-4bf1-9b29-a4e91475c8ec_mp4-0010_jpg.rf.f5480140c6582d3d460b95ef75fb73a9.jpg,179.04188970871914,518.3480181066824,27.824990354938272,9.097629123263886,False,False,False,False,bbf45eda-4ffb-4bf1-9b29-a4e91475c8ec,0.28472372926311906,False,False
test,bbf45eda-4ffb-4bf1-9b29-a4e91475c8ec_mp4-0011_jpg.rf.0eb047f5a787b55124c9220e74e3f882.jpg,178.86606626157408,508.3579279802645,27.799225983796298,8.970347463348787,False,False,False,False,bbf45eda-4ffb-4bf1-9b29-a4e91475c8ec,0.30038489824459746,False,False
test,bbf45eda-4ffb-4bf1-9b29-a4e91475c8ec_mp4-0012_jpg.rf.a02328fa95e52f5bea19f4a225b1f8cb.jpg,177.19838686342592,477.60854976486274,27.478817033179013,9.29554277584876,False,False,False,False,bbf45eda-4ffb-4bf1-9b29-a4e91475c8ec,0.3360002999011371,False,False
test,bbf45eda-4ffb-4bf1-9b29-a4e91475c8ec_mp4-0013_jpg.rf.5c5e11459e1468845370aa533cbd4ba5.jpg,179.28516529224538,443.30121843793233,27.391559365354937,8.97107385706019,False,False,False,False,bbf45eda-4ffb-4bf1-9b29-a4e91475c8ec,0.30417359905478447,False,False
test,bbf45eda-4ffb-4bf1-9b29-a4e91475c8ec_mp4-0014_jpg.rf.7069e414c47281e1135e8b1e5dd2544a.jpg,178.15447169174382,693.5712854567869,28.70892107928241,9.217390649112644,False,False,False,False,bbf45eda-4ffb-4bf1-9b29-a4e91475c8ec,0.3151117018711417,False,False
test,bbf45eda-4ffb-4bf1-9b29-a4e91475c8ec_mp4-0015_jpg.rf.d44f6326221a985a6ed87476023a7f18.jpg,178.35448314525462,422.538234583217,28.150053047839503,9.154755015432102,False,False,False,False,bbf45eda-4ffb-4bf1-9b29-a4e91475c8ec,0.32252182195216106,False,False
test,bbf45eda-4ffb-4bf1-9b29-a4e91475c8ec_mp4-0016_jpg.rf.7c6d1e09a36ca405400b41be1c1a0fbe.jpg,176.79651933834876,383.2405964449182,28.10325641396605,9.464882933063253,False,False,False,False,bbf45eda-4ffb-4bf1-9b29-a4e91475c8ec,0.34295880353009167,False,False
test,bbf45eda-4ffb-4bf1-9b29-a4e91475c8ec_mp4-0017_jpg.rf.4b1e479cf86297cec8c9d55f247c3e16.jpg,177.23484519675927,499.3041161663411,27.880527826003085,9.147614655671276,False,False,False,False,bbf45eda-4ffb-4bf1-9b29-a4e91475c8ec,0.3431954089506176,False,False
test,bbf45eda-4ffb-4bf1-9b29-a4e91475c8ec_mp4-0018_jpg.rf.c863fb52f0a3d2f87e701f8350bf6740.jpg,177.62415907118054,533.325948594529,27.870295018325617,9.314552589699076,False,False,False,False,bbf45eda-4ffb-4bf1-9b29-a4e91475c8ec,0.3396026234567895,False,False
test,bbf45eda-4ffb-4bf1-9b29-a4e91475c8ec_mp4-0019_jpg.rf.086c2910862bd82b5fef41220e95b434.jpg,177.1178325135031,488.0979487542753,28.865605107060187,10.228244357638886,False,False,False,False,bbf45eda-4ffb-4bf1-9b29-a4e91475c8ec,0.3455946180555549,False,False
test,bbf45eda-4ffb-4bf1-9b29-a4e91475c8ec_mp4-0020_jpg.rf.3a1e3f8425b9ebb8cc28870b7d51dac1.jpg,175.6885428722994,448.7906486878688,29.22384078414352,9.994728370949076,False,False,False,False,bbf45eda-4ffb-4bf1-9b29-a4e91475c8ec,0.3234727647569434,False,False
test,bbf45eda-4ffb-4bf1-9b29-a4e91475c8ec_mp4-0021_jpg.rf.e8d1659c58684f8e43d2def10a27e126.jpg,175.52266589506172,427.8680106990586,30.464207778742285,10.403947241512356,False,False,False,False,bbf45eda-4ffb-4bf1-9b29-a4e91475c8ec,0.3298158998842596,False,False
test,bbf45eda-4ffb-4bf1-9b29-a4e91475c8ec_mp4-0022_jpg.rf.560e0824853f714bf0dffc285077742d.jpg,175.34662543402777,489.2622799889704,31.14206271701389,10.950743875385824,False,False,False,False,bbf45eda-4ffb-4bf1-9b29-a4e91475c8ec,0.3166662145543976,False,False
test,bbf45eda-4ffb-4bf1-9b29-a4e91475c8ec_mp4-0023_jpg.rf.1b1a44a3b55bcf5f4b5f4449c9bc2ed3.jpg,177.22467869888118,551.8658488937366,30.702754267939813,11.004949122299363,False,False,False,False,bbf45eda-4ffb-4bf1-9b29-a4e91475c8ec,0.37271130672501934,False,True
test,bbf45eda-4ffb-4bf1-9b29-a4e91475c8ec_mp4-0024_jpg.rf.5bf15d578871f14886086b027afd7593.jpg,177.7616222993827,394.3610528038327,30.57703993055556,9.617106119791686,False,False,False,False,bbf45eda-4ffb-4bf1-9b29-a4e91475c8ec,0.28451123649691423,False,False
test,bbf45eda-4ffb-4bf1-9b29-a4e91475c8ec_mp4-0025_jpg.rf.986bc6947ffdc5063ab128afafbcd65c.jpg,177.3882499035494,407.1796125380881,30.272048008294757,7.879554277584901,False,False,False,False,bbf45eda-4ffb-4bf1-9b29-a4e91475c8ec,0.20614360291280587,False,False
test,bbf45eda-4ffb-4bf1-9b29-a4e91475c8ec_mp4-0026_jpg.rf.8fd3bebdab2ba1b58d35905abcd08d48.jpg,177.19572542920525,430.8592688625968,29.66406551408179,6.795548804012356,False,False,False,False,bbf45eda-4ffb-4bf1-9b29-a4e91475c8ec,0.2036780840084876,False,False
test,bbf45eda-4ffb-4bf1-9b29-a4e91475c8ec_mp4-0027_jpg.rf.5555ddfde94ed3ca48999e6337b2a237.jpg,177.89460358796296,471.28280757197047,28.82825761959877,6.119879075038568,False,False,False,False,bbf45eda-4ffb-4bf1-9b29-a4e91475c8ec,0.21191406249999634,False,False
test,bbf45eda-4ffb-4bf1-9b29-a4e91475c8ec_mp4-0028_jpg.rf.67599c1db2717e5dc50f720e5bd03dfb.jpg,178.26230951003086,767.6875300855465,26.8048110773534,3.4323067370756064,False,False,False,False,bbf45eda-4ffb-4bf1-9b29-a4e91475c8ec,0.13340552059220567,False,False
test,bbf45eda-4ffb-4bf1-9b29-a4e91475c8ec_mp4-0029_jpg.rf.dcfeb175e9f04fe54ad697cead910f41.jpg,178.43101972415124,740.3981540924418,26.477126133294757,3.3988685136959877,False,False,False,False,bbf45eda-4ffb-4bf1-9b29-a4e91475c8ec,0.08733151282793075,False,False
test,bbf45eda-4ffb-4bf1-9b29-a4e91475c8ec_mp4-0030_jpg.rf.526ff9e7bae3a4c5c1f9e72fca6fdce6.jpg,178.353458357446,789.5153390169598,26.416452666859566,3.382480951003089,False,False,False,False,bbf45eda-4ffb-4bf1-9b29-a4e91475c8ec,0.0798731674382711,False,False
test,bbf45eda-4ffb-4bf1-9b29-a4e91475c8ec_mp4-0031_jpg.rf.584eb2ade757b1c12ddb72aa3a3f3566.jpg,177.85320216049382,941.2280960524524,26.495506004050927,3.4785819347993936,False,False,False,False,bbf45eda-4ffb-4bf1-9b29-a4e91475c8ec,0.09283221209490808,False,False
test,bbf45eda-4ffb-4bf1-9b29-a4e91475c8ec_mp4-0032_jpg.rf.1c2a92369ddbfedfacd9a7f2fa19f846.jpg,177.60814224054783,1068.3282118807242,26.7135024836034,3.296826774691368,False,False,False,False,bbf45eda-4ffb-4bf1-9b29-a4e91475c8ec,0.103072554976852,False,False
test,bbf45eda-4ffb-4bf1-9b29-a4e91475c8ec_mp4-0033_jpg.rf.48ee2f87714b0470410fa52c2fd5dead.jpg,177.5323742525077,1234.6342389192127,27.745635609567906,2.697765962577165,False,False,False,False,bbf45eda-4ffb-4bf1-9b29-a4e91475c8ec,0.07190770278742187,False,False
test,bbf45eda-4ffb-4bf1-9b29-a4e91475c8ec_mp4-0034_jpg.rf.786ea9ff908cfe2b1360bad114e11190.jpg,177.78200954861111,1213.4899630239142,27.559540171682094,2.8524094569830254,False,False,False,False,bbf45eda-4ffb-4bf1-9b29-a4e91475c8ec,0.0991185860339506,False,False
test,bbf45eda-4ffb-4bf1-9b29-a4e91475c8ec_mp4-0035_jpg.rf.013bc61d6ca4f7d1a91b387696b23869.jpg,178.3711238908179,850.1873973563773,27.149230203510804,3.0410427517361143,False,False,False,False,bbf45eda-4ffb-4bf1-9b29-a4e91475c8ec,0.10020917727623377,False,False
test,e9eebbd1-234c-467a-91b7-690191769c63-1-_mp4-0000_jpg.rf.96a7fd5302a1a14e4e0820543359a4cd.jpg,173.16612847222223,489.2238184575522,24.550353009259258,-0.648761574074058,False,False,False,False,e9eebbd1-234c-467a-91b7-690191769c63-1-,0.08188946759259141,False,False
test,e9eebbd1-234c-467a-91b7-690191769c63-1-_mp4-0001_jpg.rf.bf53b91510757b9d43ace2439132afd3.jpg,170.60804783950618,268.3043638780382,28.986089891975308,5.511134259259251,False,False,False,False,e9eebbd1-234c-467a-91b7-690191769c63-1-,0.07854648919753027,False,False
test,e9eebbd1-234c-467a-91b7-690191769c63-1-_mp4-0002_jpg.rf.b8192d37039a031a660ccc5050a1fc5f.jpg,177.73210069444443,230.86196588666323,26.52842206790124,7.901062885802474,False,False,False,False,e9eebbd1-234c-467a-91b7-690191769c63-1-,0.07739197530864184,False,False
test,f9b12ec3-0036-45f7-8cc3-4d2e6f481cdc_mp4-0000_jpg.rf.743d95f6211d81f88d40d7a330043ce5.jpg,143.72612268518515,644.5252337925417,48.14345679012346,10.550976080246926,False,False,False,False,f9b12ec3-0036-45f7-8cc3-4d2e6f481cdc,0.2329716435185202,False,False
test,f9b12ec3-0036-45f7-8cc3-4d2e6f481cdc_mp4-0001_jpg.rf.30fd4ba7084a42e400145c8413d0ebec.jpg,149.16034915123456,192.0075000113717,49.35022183641976,10.805480324074068,False,False,False,False,f9b12ec3-0036-45f7-8cc3-4d2e6f481cdc,0.21494405864197438,False,False
test,f9b12ec3-0036-45f7-8cc3-4d2e6f481cdc_mp4-0002_jpg.rf.71a9f664e2eeabf363c5a65c747dab7a.jpg,162.3614988425926,232.31380020334632,42.07002314814815,8.980156249999993,False,False,False,False,f9b12ec3-0036-45f7-8cc3-4d2e6f481cdc,0.21663001543209914,False,False
test,f9b12ec3-0036-45f7-8cc3-4d2e6f481cdc_mp4-0003_jpg.rf.e85916cfc591b3ef40e48db52d81276e.jpg,164.7186111111111,186.76599343328695,36.939552469135805,3.338800154321006,False,False,False,False,f9b12ec3-0036-45f7-8cc3-4d2e6f481cdc,0.19230227623456786,False,False
test,f9b12ec3-0036-45f7-8cc3-4d2e6f481cdc_mp4-0004_jpg.rf.c5593864a2d0ed4d8b3014c573533bfb.jpg,158.49898341049382,245.04228447394743,33.38142939814815,0.4194637345678984,False,False,False,False,f9b12ec3-0036-45f7-8cc3-4d2e6f481cdc,0.20289183063271676,False,False
test,f9b12ec3-0036-45f7-8cc3-4d2e6f481cdc_mp4-0005_jpg.rf.e5001a14fbe74c1f2207edc8abe287d3.jpg,162.2149787808642,195.42252473954983,26.246537422839506,2.8010358796296373,False,False,False,False,f9b12ec3-0036-45f7-8cc3-4d2e6f481cdc,0.2001547067901237,False,False
test,f9b12ec3-0036-45f7-8cc3-4d2e6f481cdc_mp4-0006_jpg.rf.0710da59dd48bd0a50ee09446a048b8a.jpg,159.53770833333334,281.93024738829814,27.76679012345679,4.808242669753071,False,False,False,False,f9b12ec3-0036-45f7-8cc3-4d2e6f481cdc,0.18786964699073883,False,False
test,f9b12ec3-0036-45f7-8cc3-4d2e6f481cdc_mp4-0007_jpg.rf.575cd82f3a642c47e574bf96c785344c.jpg,159.52996720679013,279.0703674018012,29.03533564814815,6.244519675925943,False,False,False,False,f9b12ec3-0036-45f7-8cc3-4d2e6f481cdc,0.20888020833333354,False,False
test,f9b12ec3-0036-45f7-8cc3-4d2e6f481cdc_mp4-0008_jpg.rf.ec5cc4da02c081ec3a808bf56f105ddf.jpg,163.16406442901234,280.01574038946626,28.268288966049383,5.706633873456781,False,False,False,False,f9b12ec3-0036-45f7-8cc3-4d2e6f481cdc,0.19765046296296251,False,False
test,f9b12ec3-0036-45f7-8cc3-4d2e6f481cdc_mp4-0009_jpg.rf.f0d9214f90f9ce93b786de9799f80b13.jpg,161.9753375771605,316.033201409593,29.64364390432099,4.160271990740739,False,False,False,False,f9b12ec3-0036-45f7-8cc3-4d2e6f481cdc,0.19630497685185122,False,False
test,f9b12ec3-0036-45f7-8cc3-4d2e6f481cdc_mp4-0010_jpg.rf.96882cb4ff527d2cdd3945373f3e0602.jpg,159.81644483024692,342.78876860990846,29.070140817901237,2.758584104938251,False,False,False,False,f9b12ec3-0036-45f7-8cc3-4d2e6f481cdc,0.21555941358024844,False,False
test,f9b12ec3-0036-45f7-8cc3-4d2e6f481cdc_mp4-0011_jpg.rf.925508396bca82642733a7e20c1caf67.jpg,161.3027276234568,274.122193050733,28.815418595679013,3.193479938271622,False,False,False,False,f9b12ec3-0036-45f7-8cc3-4d2e6f481cdc,0.1963908179012338,False,False
test,f9b12ec3-0036-45f7-8cc3-4d2e6f481cdc_mp4-0012_jpg.rf.f0c2a08ffe7fbfe689754387f02791c3.jpg,155.9168537808642,276.0254976789301,31.342590663580246,5.187748842592583,False,False,False,False,f9b12ec3-0036-45f7-8cc3-4d2e6f481cdc,0.20551215277777812,False,False
test,f9b12ec3-0036-45f7-8cc3-4d2e6f481cdc_mp4-0013_jpg.rf.40f6b0bbfad08f6bf396053d7cc01e08.jpg,156.19243055555555,340.8756608362268,32.99495949074074,9.017602237654302,False,False,False,False,f9b12ec3-0036-45f7-8cc3-4d2e6f481cdc,0.20396412037037015,False,False
test,f9b12ec3-0036-45f7-8cc3-4d2e6f481cdc_mp4-0014_jpg.rf.c9fcd3950ba5bcb04480ecdb07f018dd.jpg,155.8930362654321,235.8645558449074,35.90512152777778,12.20334683641974,False,False,False,False,f9b12ec3-0036-45f7-8cc3-4d2e6f481cdc,0.22979841820987668,False,False
test,f9b12ec3-0036-45f7-8cc3-4d2e6f481cdc_mp4-0015_jpg.rf.8eb9b250e4ba2bcc4282987312955148.jpg,153.6165489969136,158.71879870246755,37.75410300925926,13.646346450617273,True,False,False,False,f9b12ec3-0036-45f7-8cc3-4d2e6f481cdc,0.21308545524691258,False,False
test,f9b12ec3-0036-45f7-8cc3-4d2e6f481cdc_mp4-0016_jpg.rf.905b9e88efbe725f506fb3c316f45b3d.jpg,155.0868325617284,60.312346679951695,33.192511574074075,17.97229552469136,True,False,False,False,f9b12ec3-0036-45f7-8cc3-4d2e6f481cdc,0.17874614197530825,False,False
test,f9b12ec3-0036-45f7-8cc3-4d2e6f481cdc_mp4-0017_jpg.rf.fa0a214383f039202d012de8ff922ca5.jpg,159.91894483024691,174.20872385220414,26.775738811728395,17.62940586419751,True,False,False,False,f9b12ec3-0036-45f7-8cc3-4d2e6f481cdc,0.08017843364197527,False,False
test,f9b12ec3-0036-45f7-8cc3-4d2e6f481cdc_mp4-0018_jpg.rf.31577d6dd1c9ee030341c6cb6f954b20.jpg,168.90022183641975,99.7746556495614,25.667052469135804,12.42262345679012,True,False,False,False,f9b12ec3-0036-45f7-8cc3-4d2e6f481cdc,0.07410976080246917,False,False
test,f9b12ec3-0036-45f7-8cc3-4d2e6f481cdc_mp4-0021_jpg.rf.91f7ef55a957a730364d0f34fac979a2.jpg,151.9381211419753,66.83751926630849,33.007038966049386,-1.0912056327160258,True,False,False,False,f9b12ec3-0036-45f7-8cc3-4d2e6f481cdc,0.21543788580246814,False,False
test,f9b12ec3-0036-45f7-8cc3-4d2e6f481cdc_mp4-0022_jpg.rf.b76d6a533fa9af372af7fa4cb6ec41a7.jpg,155.2611072530864,111.2369975677439,31.488007330246912,-8.134023919753076,True,False,False,False,f9b12ec3-0036-45f7-8cc3-4d2e6f481cdc,0.20596450617283946,False,False
test,f9b12ec3-0036-45f7-8cc3-4d2e6f481cdc_mp4-0023_jpg.rf.6a06878fdfd53253609488816187f520.jpg,160.94393711419752,127.10695072086418,28.58181712962963,-11.810935570987652,True,False,False,False,f9b12ec3-0036-45f7-8cc3-4d2e6f481cdc,0.24942901234567927,False,False
test,f9b12ec3-0036-45f7-8cc3-4d2e6f481cdc_mp4-0024_jpg.rf.0f3589c5d4550d480b3d43d10ca9115f.jpg,162.24879436728395,150.00942532363052,28.583643904320983,-12.438553240740733,True,False,False,False,f9b12ec3-0036-45f7-8cc3-4d2e6f481cdc,0.2590268132716045,False,False
test,f9b12ec3-0036-45f7-8cc3-4d2e6f481cdc_mp4-0025_jpg.rf.98b9c3c1d0dda7f801534eddfc56d4b5.jpg,162.66994598765433,349.8740823734562,29.72464699074074,-13.4381211419753,False,False,False,False,f9b12ec3-0036-45f7-8cc3-4d2e6f481cdc,0.24830054012345948,False,False
test,f9b12ec3-0036-45f7-8cc3-4d2e6f481cdc_mp4-0026_jpg.rf.b25b0141f9a43cf4e1d3a39b269466ea.jpg,160.50921682098766,256.6974005937927,32.093956404320984,-15.174415509259262,False,False,False,False,f9b12ec3-0036-45f7-8cc3-4d2e6f481cdc,0.2512143132716034,False,False
test,f9b12ec3-0036-45f7-8cc3-4d2e6f481cdc_mp4-0027_jpg.rf.46252f43c624d8ccc5fc6297a0ac200d.jpg,165.55742091049382,63.284276774330415,33.12516203703704,-15.826738040123471,True,False,False,False,f9b12ec3-0036-45f7-8cc3-4d2e6f481cdc,0.2539602623456796,False,False
test,f9b12ec3-0036-45f7-8cc3-4d2e6f481cdc_mp4-0028_jpg.rf.67c2e9cf748b8d5c9f0ac08976ec528c.jpg,162.8130073302469,158.93737759106844,34.41915895061729,-16.229729938271618,True,False,False,False,f9b12ec3-0036-45f7-8cc3-4d2e6f481cdc,0.25936149691358246,False,False
test,f9b12ec3-0036-45f7-8cc3-4d2e6f481cdc_mp4-0029_jpg.rf.420c5294741aa78d4dce98884474fe5c.jpg,163.41697916666666,508.126223894297,38.254376929012345,-18.49515432098764,False,False,False,False,f9b12ec3-0036-45f7-8cc3-4d2e6f481cdc,0.26224537037036943,False,False
test,f9b12ec3-0036-45f7-8cc3-4d2e6f481cdc_mp4-0030_jpg.rf.29f76b9fc7d266e24a7d092db379c41b.jpg,162.27223765432095,289.4993669114845,39.32826774691358,-19.045794753086422,False,False,False,False,f9b12ec3-0036-45f7-8cc3-4d2e6f481cdc,0.26762635030864246,False,False
test,f9b12ec3-0036-45f7-8cc3-4d2e6f481cdc_mp4-0031_jpg.rf.4d65c7b8db1196fb1081c105688afcc9.jpg,160.0359760802469,311.17991506987306,40.41394675925926,-19.785652006172853,False,False,False,False,f9b12ec3-0036-45f7-8cc3-4d2e6f481cdc,0.2831925154320991,False,False
test,f9b12ec3-0036-45f7-8cc3-4d2e6f481cdc_mp4-0032_jpg.rf.ae0b0c3b63ed8e04e754a408d20c24d5.jpg,160.29318287037037,238.4318062682036,39.263198302469135,-19.15013310185185,False,False,False,False,f9b12ec3-0036-45f7-8cc3-4d2e6f481cdc,0.28580632716049426,False,False
test,f9b12ec3-0036-45f7-8cc3-4d2e6f481cdc_mp4-0033_jpg.rf.178a491e593a85a162ec0b75bdbf948e.jpg,160.3592959104938,256.72387552510514,38.63246334876544,-18.30609375,False,False,False,False,f9b12ec3-0036-45f7-8cc3-4d2e6f481cdc,0.2910599922839505,False,False
test,f9b12ec3-0036-45f7-8cc3-4d2e6f481cdc_mp4-0034_jpg.rf.b684640fdcd126251717e3532457a59f.jpg,159.04145061728394,357.37168333502643,39.34152584876544,-18.05914544753085,False,False,False,False,f9b12ec3-0036-45f7-8cc3-4d2e6f481cdc,0.29946759259259215,False,False
test,f9b12ec3-0036-45f7-8cc3-4d2e6f481cdc_mp4-0035_jpg.rf.90c0c9f2fceaacb5f9627b146d573e94.jpg,158.31473186728394,327.2348468780811,39.49927083333333,-18.178667052469137,False,False,False,False,f9b12ec3-0036-45f7-8cc3-4d2e6f481cdc,0.3229764660493812,False,False
test,f9b12ec3-0036-45f7-8cc3-4d2e6f481cdc_mp4-0036_jpg.rf.b1dea660bb4dd65a4d1356c40f2a2539.jpg,160.49587577160494,290.1698144841998,39.20380979938272,-18.43658757716048,False,False,False,False,f9b12ec3-0036-45f7-8cc3-4d2e6f481cdc,0.3100646219135802,False,False
test,f9b12ec3-0036-45f7-8cc3-4d2e6f481cdc_mp4-0037_jpg.rf.c272af24c204ac41423bc6542f3c8b4b.jpg,160.21984567901234,288.78875471372254,39.65989197530864,-18.45434799382716,False,False,False,False,f9b12ec3-0036-45f7-8cc3-4d2e6f481cdc,0.3191705246913576,False,False
test,f9b12ec3-0036-45f7-8cc3-4d2e6f481cdc_mp4-0038_jpg.rf.825f3da72b129a2584970bfa87d0ea2c.jpg,160.4047550154321,280.65745773782515,40.107708333333335,-18.36869020061729,False,False,False,False,f9b12ec3-0036-45f7-8cc3-4d2e6f481cdc,0.33104456018518474,False,False
test,f9b12ec3-0036-45f7-8cc3-4d2e6f481cdc_mp4-0039_jpg.rf.44553d9d856ea1f849fc05069ee906af.jpg,161.19882137345678,272.4660730451335,40.27257137345679,-18.04486111111112,False,False,False,False,f9b12ec3-0036-45f7-8cc3-4d2e6f481cdc,0.3114535108024705,False,False
test,f9b12ec3-0036-45f7-8cc3-4d2e6f481cdc_mp4-0040_jpg.rf.80b981733b24511bda8590cd18dbd47b.jpg,161.27714313271605,224.81895408414408,40.34099151234568,-18.164859182098752,False,False,False,False,f9b12ec3-0036-45f7-8cc3-4d2e6f481cdc,0.33552276234567785,False,False
test,f9b12ec3-0036-45f7-8cc3-4d2e6f481cdc_mp4-0041_jpg.rf.fa804a9f8468e6bb8e73bf7107dc74cc.jpg,161.78953703703704,206.4287919220673,40.70705439814815,-18.747312885802444,False,False,False,False,f9b12ec3-0036-45f7-8cc3-4d2e6f481cdc,0.3620216049382686,False,False
test,f9b12ec3-0036-45f7-8cc3-4d2e6f481cdc_mp4-0042_jpg.rf.9cd3381dca75240a2a2046b9067465d8.jpg,161.96447530864197,228.8130932604201,41.90311149691358,-19.44657793209879,False,False,False,False,f9b12ec3-0036-45f7-8cc3-4d2e6f481cdc,0.3773967978395061,False,True
test,f9b12ec3-0036-45f7-8cc3-4d2e6f481cdc_mp4-0043_jpg.rf.698e4a8ea3da1298844460d2ccd3c6c4.jpg,162.39410300925925,178.56523605389563,42.631658950617286,-20.18041859567901,True,False,False,False,f9b12ec3-0036-45f7-8cc3-4d2e6f481cdc,0.35093074845679184,False,False
test,f9b12ec3-0036-45f7-8cc3-4d2e6f481cdc_mp4-0044_jpg.rf.83ebbcdc808ebf1e88f427cbc27fd9af.jpg,163.76157407407408,163.2433244740725,42.96733989197531,-20.45762731481483,True,False,False,False,f9b12ec3-0036-45f7-8cc3-4d2e6f481cdc,0.3725713734567888,False,True
test,f9b12ec3-0036-45f7-8cc3-4d2e6f481cdc_mp4-0045_jpg.rf.05489f8244979b8ddae55513d29c3aba.jpg,163.2228549382716,151.13000738359247,43.25346450617284,-20.64120370370369,True,False,False,False,f9b12ec3-0036-45f7-8cc3-4d2e6f481cdc,0.36616216965663756,False,True
test,f9b12ec3-0036-45f7-8cc3-4d2e6f481cdc_mp4-0046_jpg.rf.2dfd92f234ccdfe25bf6933279289898.jpg,164.07624035493828,183.89222501272616,40.33769290123457,-19.7609664351852,True,False,False,False,f9b12ec3-0036-45f7-8cc3-4d2e6f481cdc,0.3450713734567914,False,False
test,f9b12ec3-0036-45f7-8cc3-4d2e6f481cdc_mp4-0047_jpg.rf.959b73bd322a3eb293c8abcb58f2be99.jpg,165.63257908950618,175.34598008110186,39.09069637345679,-18.991186342592584,True,False,False,False,f9b12ec3-0036-45f7-8cc3-4d2e6f481cdc,0.2921296296296292,False,False
test,f9b12ec3-0036-45f7-8cc3-4d2e6f481cdc_mp4-0048_jpg.rf.f03045d2add26360b5af6dadf3ee4704.jpg,164.8071836419753,194.83613824850443,37.64905092592593,-18.21442901234568,False,False,False,False,f9b12ec3-0036-45f7-8cc3-4d2e6f481cdc,0.1641184413580259,False,False
test,f9b12ec3-0036-45f7-8cc3-4d2e6f481cdc_mp4-0049_jpg.rf.7a9be5233ce9e9c788395dd12d377f25.jpg,163.50448302469135,225.901796540102,37.21270447530864,-18.100401234567897,False,False,False,False,f9b12ec3-0036-45f7-8cc3-4d2e6f481cdc,0.1241763117283945,False,False
test,f9b12ec3-0036-45f7-8cc3-4d2e6f481cdc_mp4-0050_jpg.rf.1224755beb90411f57f66dafe7677f08.jpg,163.1837673611111,233.18127544294356,35.83612461419753,-17.60053433641974,False,False,False,False,f9b12ec3-0036-45f7-8cc3-4d2e6f481cdc,0.11634548611111065,False,False
test,f9b12ec3-0036-45f7-8cc3-4d2e6f481cdc_mp4-0051_jpg.rf.1e052fd49342b3fe0d518a9233029e9a.jpg,163.76587577160493,209.74664861955057,36.67917824074074,-17.260183256172837,False,False,False,False,f9b12ec3-0036-45f7-8cc3-4d2e6f481cdc,0.109122299382717,False,False
test,f9b12ec3-0036-45f7-8cc3-4d2e6f481cdc_mp4-0052_jpg.rf.218a2704641c5251beb5c4186da30c05.jpg,163.33845871913582,197.17116171910357,37.44391203703704,-17.47182484567901,False,False,False,False,f9b12ec3-0036-45f7-8cc3-4d2e6f481cdc,0.10795814043209884,False,False
test,f9b12ec3-0036-45f7-8cc3-4d2e6f481cdc_mp4-0053_jpg.rf.b745164dac4121609c95fe8f8a0eee09.jpg,162.4490084876543,268.83363763503087,37.51268325617284,-17.5818672839506,False,False,False,False,f9b12ec3-0036-45f7-8cc3-4d2e6f481cdc,0.1087750771604945,False,False
test,f9b12ec3-0036-45f7-8cc3-4d2e6f481cdc_mp4-0054_jpg.rf.f53863c226b665d5190153944c64c933.jpg,163.4957947530864,411.4519825489538,37.90663580246913,-18.383298611111115,False,False,False,False,f9b12ec3-0036-45f7-8cc3-4d2e6f481cdc,0.11295621141975232,False,False
test,f9b12ec3-0036-45f7-8cc3-4d2e6f481cdc_mp4-0055_jpg.rf.4596d0f3b0d88ac8d38bf7b6ba00d1b0.jpg,164.17802662037036,305.3394349945129,38.32304591049383,-18.28436342592593,False,False,False,False,f9b12ec3-0036-45f7-8cc3-4d2e6f481cdc,0.11015721450617386,False,False
test,f9b12ec3-0036-45f7-8cc3-4d2e6f481cdc_mp4-0056_jpg.rf.220b381bfe26b6ba08fab3cd57f83489.jpg,164.83814236111112,290.0738062893505,38.92888310185185,-18.264286265432105,False,False,False,False,f9b12ec3-0036-45f7-8cc3-4d2e6f481cdc,0.10991801697530867,False,False
test,f9b12ec3-0036-45f7-8cc3-4d2e6f481cdc_mp4-0057_jpg.rf.9b38f88d640844547a1a592c2360b077.jpg,164.05973379629629,318.9477393636068,39.24557098765432,-18.35605902777777,False,False,False,False,f9b12ec3-0036-45f7-8cc3-4d2e6f481cdc,0.10840567129629708,False,False
test,fe3e6f0d-5f1f-4948-8468-9538c3b384da_jpg.rf.ed2555e903d23777a178cf828971d272.jpg,136.82176440329218,490.7780560710499,31.719455375514404,6.4120826903292425,False,False,False,False,fe3e6f0d-5f1f-4948-8468-9538c3b384da,0.1818065200617287,False,False
