image,group,merged_group,bronze_split,new_split
07451999-bdf8-4862-b869-6db57c35f0c1_mp4-0000_jpg.rf.7765e8724b4515244673af137ac2b4c3.jpg,07451999-bdf8-4862-b869-6db57c35f0c1,fa45e6fb-4502-41bb-bb80-a4a4149318ad,train,train
07451999-bdf8-4862-b869-6db57c35f0c1_mp4-0001_jpg.rf.8a2d6e716c3fe1d5b7ffd1b7c91bd29d.jpg,07451999-bdf8-4862-b869-6db57c35f0c1,fa45e6fb-4502-41bb-bb80-a4a4149318ad,train,train
07451999-bdf8-4862-b869-6db57c35f0c1_mp4-0003_jpg.rf.8b8fda99d5b034945b1c50b88d50f31d.jpg,07451999-bdf8-4862-b869-6db57c35f0c1,fa45e6fb-4502-41bb-bb80-a4a4149318ad,train,train
07451999-bdf8-4862-b869-6db57c35f0c1_mp4-0004_jpg.rf.0ae22cf237fe1986a1db706272192f9f.jpg,07451999-bdf8-4862-b869-6db57c35f0c1,fa45e6fb-4502-41bb-bb80-a4a4149318ad,train,train
07451999-bdf8-4862-b869-6db57c35f0c1_mp4-0005_jpg.rf.960c7dfe2b35227f7f2f8923dcb37e2b.jpg,07451999-bdf8-4862-b869-6db57c35f0c1,fa45e6fb-4502-41bb-bb80-a4a4149318ad,train,train
07451999-bdf8-4862-b869-6db57c35f0c1_mp4-0006_jpg.rf.b005ac47c10222b284bbb24f149c4678.jpg,07451999-bdf8-4862-b869-6db57c35f0c1,fa45e6fb-4502-41bb-bb80-a4a4149318ad,train,train
07451999-bdf8-4862-b869-6db57c35f0c1_mp4-0007_jpg.rf.ab711e51f3d71228168fd74e345aa8fe.jpg,07451999-bdf8-4862-b869-6db57c35f0c1,fa45e6fb-4502-41bb-bb80-a4a4149318ad,train,train
07451999-bdf8-4862-b869-6db57c35f0c1_mp4-0008_jpg.rf.bcedb69438f1c28e26eddbd68596dcdc.jpg,07451999-bdf8-4862-b869-6db57c35f0c1,fa45e6fb-4502-41bb-bb80-a4a4149318ad,train,train
07451999-bdf8-4862-b869-6db57c35f0c1_mp4-0011_jpg.rf.f15a039cee51c3c498456a7ed2918a56.jpg,07451999-bdf8-4862-b869-6db57c35f0c1,fa45e6fb-4502-41bb-bb80-a4a4149318ad,train,train
07451999-bdf8-4862-b869-6db57c35f0c1_mp4-0014_jpg.rf.196c0d7568bf9e44229411555abbb189.jpg,07451999-bdf8-4862-b869-6db57c35f0c1,fa45e6fb-4502-41bb-bb80-a4a4149318ad,train,train
07451999-bdf8-4862-b869-6db57c35f0c1_mp4-0015_jpg.rf.5f969eda7aa1b613588237d129affba4.jpg,07451999-bdf8-4862-b869-6db57c35f0c1,fa45e6fb-4502-41bb-bb80-a4a4149318ad,train,train
07451999-bdf8-4862-b869-6db57c35f0c1_mp4-0016_jpg.rf.2f9489051fb4c8398ad143d8a05edcf2.jpg,07451999-bdf8-4862-b869-6db57c35f0c1,fa45e6fb-4502-41bb-bb80-a4a4149318ad,train,train
07451999-bdf8-4862-b869-6db57c35f0c1_mp4-0018_jpg.rf.948702e0720750da7ed7e9b3659f8916.jpg,07451999-bdf8-4862-b869-6db57c35f0c1,fa45e6fb-4502-41bb-bb80-a4a4149318ad,train,train
07451999-bdf8-4862-b869-6db57c35f0c1_mp4-0019_jpg.rf.085c4a8e37087435613ad095904d8b6b.jpg,07451999-bdf8-4862-b869-6db57c35f0c1,fa45e6fb-4502-41bb-bb80-a4a4149318ad,train,train
07451999-bdf8-4862-b869-6db57c35f0c1_mp4-0020_jpg.rf.fd89f651268756c3543baf230e9e1e3d.jpg,07451999-bdf8-4862-b869-6db57c35f0c1,fa45e6fb-4502-41bb-bb80-a4a4149318ad,train,train
07451999-bdf8-4862-b869-6db57c35f0c1_mp4-0021_jpg.rf.2ce6aafc12451e8ad4f2670fe8c2209c.jpg,07451999-bdf8-4862-b869-6db57c35f0c1,fa45e6fb-4502-41bb-bb80-a4a4149318ad,train,train
07451999-bdf8-4862-b869-6db57c35f0c1_mp4-0023_jpg.rf.0cfc8f16767f7a04d2aa49fa4478d315.jpg,07451999-bdf8-4862-b869-6db57c35f0c1,fa45e6fb-4502-41bb-bb80-a4a4149318ad,train,train
07451999-bdf8-4862-b869-6db57c35f0c1_mp4-0024_jpg.rf.fa04109f0af356c4b1fdf554a59ef3e4.jpg,07451999-bdf8-4862-b869-6db57c35f0c1,fa45e6fb-4502-41bb-bb80-a4a4149318ad,train,train
07451999-bdf8-4862-b869-6db57c35f0c1_mp4-0025_jpg.rf.907f582bfa5d9fa8e17a275f3514b092.jpg,07451999-bdf8-4862-b869-6db57c35f0c1,fa45e6fb-4502-41bb-bb80-a4a4149318ad,train,train
07451999-bdf8-4862-b869-6db57c35f0c1_mp4-0026_jpg.rf.6d84dc3b7b04d024c479cdee4fab093e.jpg,07451999-bdf8-4862-b869-6db57c35f0c1,fa45e6fb-4502-41bb-bb80-a4a4149318ad,train,train
07451999-bdf8-4862-b869-6db57c35f0c1_mp4-0027_jpg.rf.99e5750e5776ffc079ec54db15e7280a.jpg,07451999-bdf8-4862-b869-6db57c35f0c1,fa45e6fb-4502-41bb-bb80-a4a4149318ad,train,train
07451999-bdf8-4862-b869-6db57c35f0c1_mp4-0028_jpg.rf.6cc5baf3c10e9c1c2235bcd6b33c72c2.jpg,07451999-bdf8-4862-b869-6db57c35f0c1,fa45e6fb-4502-41bb-bb80-a4a4149318ad,train,train
07451999-bdf8-4862-b869-6db57c35f0c1_mp4-0031_jpg.rf.8a82813520c94a229808c96f13dff77c.jpg,07451999-bdf8-4862-b869-6db57c35f0c1,fa45e6fb-4502-41bb-bb80-a4a4149318ad,train,train
07451999-bdf8-4862-b869-6db57c35f0c1_mp4-0032_jpg.rf.5da2ec40c98683759dbe4c648e68fc6e.jpg,07451999-bdf8-4862-b869-6db57c35f0c1,fa45e6fb-4502-41bb-bb80-a4a4149318ad,train,train
07451999-bdf8-4862-b869-6db57c35f0c1_mp4-0034_jpg.rf.f7221de48d6da41e6a706e90d3a8805a.jpg,07451999-bdf8-4862-b869-6db57c35f0c1,fa45e6fb-4502-41bb-bb80-a4a4149318ad,train,train
07451999-bdf8-4862-b869-6db57c35f0c1_mp4-0036_jpg.rf.8a6ba202db78127502121820de8b0f3c.jpg,07451999-bdf8-4862-b869-6db57c35f0c1,fa45e6fb-4502-41bb-bb80-a4a4149318ad,train,train
07451999-bdf8-4862-b869-6db57c35f0c1_mp4-0037_jpg.rf.f4ad26051dfa1ac1c9e9bb1b5cfc8341.jpg,07451999-bdf8-4862-b869-6db57c35f0c1,fa45e6fb-4502-41bb-bb80-a4a4149318ad,train,train
0a48349e-f671-436a-8af5-de54f079109f_mp4-0000_jpg.rf.8d73fc8aae9dc52e4bedc3caf62770f5.jpg,0a48349e-f671-436a-8af5-de54f079109f,0a48349e-f671-436a-8af5-de54f079109f,train,valid
0a48349e-f671-436a-8af5-de54f079109f_mp4-0002_jpg.rf.971195cad50e6197c6ad57dfa4044a80.jpg,0a48349e-f671-436a-8af5-de54f079109f,0a48349e-f671-436a-8af5-de54f079109f,train,valid
0a48349e-f671-436a-8af5-de54f079109f_mp4-0003_jpg.rf.ba01b8c5587f4991768f741bf44a2c78.jpg,0a48349e-f671-436a-8af5-de54f079109f,0a48349e-f671-436a-8af5-de54f079109f,train,valid
0a48349e-f671-436a-8af5-de54f079109f_mp4-0004_jpg.rf.1a5ae744af4355d8333c1b71b6b7f96c.jpg,0a48349e-f671-436a-8af5-de54f079109f,0a48349e-f671-436a-8af5-de54f079109f,train,valid
0a48349e-f671-436a-8af5-de54f079109f_mp4-0005_jpg.rf.186030c1b8d6e1044f24df2050ed52f6.jpg,0a48349e-f671-436a-8af5-de54f079109f,0a48349e-f671-436a-8af5-de54f079109f,train,valid
0a48349e-f671-436a-8af5-de54f079109f_mp4-0006_jpg.rf.7c4e859a2535edae8fd4092d40b5feb4.jpg,0a48349e-f671-436a-8af5-de54f079109f,0a48349e-f671-436a-8af5-de54f079109f,train,valid
0a48349e-f671-436a-8af5-de54f079109f_mp4-0007_jpg.rf.2f9cb608ec35d037aa7a7e734fbdf356.jpg,0a48349e-f671-436a-8af5-de54f079109f,0a48349e-f671-436a-8af5-de54f079109f,train,valid
0a48349e-f671-436a-8af5-de54f079109f_mp4-0008_jpg.rf.86c66d0d13d3e0b8d033b68637119ffe.jpg,0a48349e-f671-436a-8af5-de54f079109f,0a48349e-f671-436a-8af5-de54f079109f,train,valid
0a48349e-f671-436a-8af5-de54f079109f_mp4-0010_jpg.rf.9874839be3af139dfe2e9dca2e2e87f6.jpg,0a48349e-f671-436a-8af5-de54f079109f,0a48349e-f671-436a-8af5-de54f079109f,train,valid
0a48349e-f671-436a-8af5-de54f079109f_mp4-0011_jpg.rf.8bda46943d5e2683b3f1a6e11098d9f7.jpg,0a48349e-f671-436a-8af5-de54f079109f,0a48349e-f671-436a-8af5-de54f079109f,train,valid
0a48349e-f671-436a-8af5-de54f079109f_mp4-0012_jpg.rf.cd3b8c47c5db39137e093610dfd5ade1.jpg,0a48349e-f671-436a-8af5-de54f079109f,0a48349e-f671-436a-8af5-de54f079109f,train,valid
0a48349e-f671-436a-8af5-de54f079109f_mp4-0013_jpg.rf.3e973f61e81eb803b3b353f5327e6975.jpg,0a48349e-f671-436a-8af5-de54f079109f,0a48349e-f671-436a-8af5-de54f079109f,train,valid
0a48349e-f671-436a-8af5-de54f079109f_mp4-0014_jpg.rf.79f1c3c6eaa83f83586f9a3ecd67c833.jpg,0a48349e-f671-436a-8af5-de54f079109f,0a48349e-f671-436a-8af5-de54f079109f,train,valid
0a48349e-f671-436a-8af5-de54f079109f_mp4-0015_jpg.rf.d38ce010f9c0d0b35c69a2bf310dce07.jpg,0a48349e-f671-436a-8af5-de54f079109f,0a48349e-f671-436a-8af5-de54f079109f,train,valid
0a48349e-f671-436a-8af5-de54f079109f_mp4-0017_jpg.rf.89df7d50d9bbb1cf562708e672e06b66.jpg,0a48349e-f671-436a-8af5-de54f079109f,0a48349e-f671-436a-8af5-de54f079109f,train,valid
0a48349e-f671-436a-8af5-de54f079109f_mp4-0018_jpg.rf.37c422ac4c8efb68e5339dddc6e9ea7a.jpg,0a48349e-f671-436a-8af5-de54f079109f,0a48349e-f671-436a-8af5-de54f079109f,train,valid
0a48349e-f671-436a-8af5-de54f079109f_mp4-0022_jpg.rf.8018a993858dd505f69881e38b8e2f17.jpg,0a48349e-f671-436a-8af5-de54f079109f,0a48349e-f671-436a-8af5-de54f079109f,train,valid
0a48349e-f671-436a-8af5-de54f079109f_mp4-0023_jpg.rf.35984d01a7d197996823926ff75af787.jpg,0a48349e-f671-436a-8af5-de54f079109f,0a48349e-f671-436a-8af5-de54f079109f,train,valid
0a48349e-f671-436a-8af5-de54f079109f_mp4-0024_jpg.rf.fcf32412cd1a37fab69f79b0bb775f81.jpg,0a48349e-f671-436a-8af5-de54f079109f,0a48349e-f671-436a-8af5-de54f079109f,train,valid
0a48349e-f671-436a-8af5-de54f079109f_mp4-0025_jpg.rf.d06b0ee462f866743048c5a08dcbedb0.jpg,0a48349e-f671-436a-8af5-de54f079109f,0a48349e-f671-436a-8af5-de54f079109f,train,valid
0a48349e-f671-436a-8af5-de54f079109f_mp4-0026_jpg.rf.d70ba0bd8ed30bf1faca27768ff8611b.jpg,0a48349e-f671-436a-8af5-de54f079109f,0a48349e-f671-436a-8af5-de54f079109f,train,valid
0a48349e-f671-436a-8af5-de54f079109f_mp4-0027_jpg.rf.bef3c1bcf7d60c68c063090c82c5dd54.jpg,0a48349e-f671-436a-8af5-de54f079109f,0a48349e-f671-436a-8af5-de54f079109f,train,valid
0a48349e-f671-436a-8af5-de54f079109f_mp4-0029_jpg.rf.477bca0fe1fcfc4b41ac6df688a016ec.jpg,0a48349e-f671-436a-8af5-de54f079109f,0a48349e-f671-436a-8af5-de54f079109f,train,valid
0a48349e-f671-436a-8af5-de54f079109f_mp4-0030_jpg.rf.5cc25ce2a0355ec9e110a8c474d79d07.jpg,0a48349e-f671-436a-8af5-de54f079109f,0a48349e-f671-436a-8af5-de54f079109f,train,valid
0a48349e-f671-436a-8af5-de54f079109f_mp4-0032_jpg.rf.2ea4e05eadad6f411e9dc31a6b5ad07a.jpg,0a48349e-f671-436a-8af5-de54f079109f,0a48349e-f671-436a-8af5-de54f079109f,train,valid
0a48349e-f671-436a-8af5-de54f079109f_mp4-0033_jpg.rf.4694641f67fd4f7f6b0f21b2ae5599a8.jpg,0a48349e-f671-436a-8af5-de54f079109f,0a48349e-f671-436a-8af5-de54f079109f,train,valid
0a48349e-f671-436a-8af5-de54f079109f_mp4-0034_jpg.rf.a1463033542c8370146f489e6738b939.jpg,0a48349e-f671-436a-8af5-de54f079109f,0a48349e-f671-436a-8af5-de54f079109f,train,valid
0a48349e-f671-436a-8af5-de54f079109f_mp4-0035_jpg.rf.8fc4e68def48028f28900f624b89a5a6.jpg,0a48349e-f671-436a-8af5-de54f079109f,0a48349e-f671-436a-8af5-de54f079109f,train,valid
0a48349e-f671-436a-8af5-de54f079109f_mp4-0036_jpg.rf.ce8b5580ab88e6d7d813b229de9c2844.jpg,0a48349e-f671-436a-8af5-de54f079109f,0a48349e-f671-436a-8af5-de54f079109f,train,valid
0a48349e-f671-436a-8af5-de54f079109f_mp4-0037_jpg.rf.0bb8770c1bb83341fca82558320b0404.jpg,0a48349e-f671-436a-8af5-de54f079109f,0a48349e-f671-436a-8af5-de54f079109f,train,valid
0a48349e-f671-436a-8af5-de54f079109f_mp4-0039_jpg.rf.79643e2efd9d2df5f831fcc2093949d0.jpg,0a48349e-f671-436a-8af5-de54f079109f,0a48349e-f671-436a-8af5-de54f079109f,train,valid
0a48349e-f671-436a-8af5-de54f079109f_mp4-0043_jpg.rf.c6f24015cb95bcea5ba00d12353e8925.jpg,0a48349e-f671-436a-8af5-de54f079109f,0a48349e-f671-436a-8af5-de54f079109f,train,valid
0a48349e-f671-436a-8af5-de54f079109f_mp4-0046_jpg.rf.88b39e9ed59a9cafccb72e5bcd604518.jpg,0a48349e-f671-436a-8af5-de54f079109f,0a48349e-f671-436a-8af5-de54f079109f,train,valid
0a48349e-f671-436a-8af5-de54f079109f_mp4-0047_jpg.rf.28918d67b2ab85f9225e75ab82364622.jpg,0a48349e-f671-436a-8af5-de54f079109f,0a48349e-f671-436a-8af5-de54f079109f,train,valid
0a48349e-f671-436a-8af5-de54f079109f_mp4-0049_jpg.rf.59ce37ec7c8b14cfe796535d74c4e5ea.jpg,0a48349e-f671-436a-8af5-de54f079109f,0a48349e-f671-436a-8af5-de54f079109f,train,valid
0a48349e-f671-436a-8af5-de54f079109f_mp4-0050_jpg.rf.72b5e24e7089cb41fb6b154eecc5c6e0.jpg,0a48349e-f671-436a-8af5-de54f079109f,0a48349e-f671-436a-8af5-de54f079109f,train,valid
0a48349e-f671-436a-8af5-de54f079109f_mp4-0052_jpg.rf.2c13f95f1f9c4de40ec8cde3947bf194.jpg,0a48349e-f671-436a-8af5-de54f079109f,0a48349e-f671-436a-8af5-de54f079109f,train,valid
0a48349e-f671-436a-8af5-de54f079109f_mp4-0054_jpg.rf.bface24cd6cf7ff0a43eb0368f3e998f.jpg,0a48349e-f671-436a-8af5-de54f079109f,0a48349e-f671-436a-8af5-de54f079109f,train,valid
0a48349e-f671-436a-8af5-de54f079109f_mp4-0055_jpg.rf.7aa171ec58a87e23984ba44a4af98ff7.jpg,0a48349e-f671-436a-8af5-de54f079109f,0a48349e-f671-436a-8af5-de54f079109f,train,valid
0a48349e-f671-436a-8af5-de54f079109f_mp4-0056_jpg.rf.6ff2d9d6889084a8e038a271b581d742.jpg,0a48349e-f671-436a-8af5-de54f079109f,0a48349e-f671-436a-8af5-de54f079109f,train,valid
0a48349e-f671-436a-8af5-de54f079109f_mp4-0060_jpg.rf.67cdfd272a7f40b6854a4af0d3d59d88.jpg,0a48349e-f671-436a-8af5-de54f079109f,0a48349e-f671-436a-8af5-de54f079109f,train,valid
0a48349e-f671-436a-8af5-de54f079109f_mp4-0062_jpg.rf.a6a966e48353d87043da5ea7cee9d03c.jpg,0a48349e-f671-436a-8af5-de54f079109f,0a48349e-f671-436a-8af5-de54f079109f,train,valid
0a48349e-f671-436a-8af5-de54f079109f_mp4-0063_jpg.rf.c2660d2a207527a182500b30a6259705.jpg,0a48349e-f671-436a-8af5-de54f079109f,0a48349e-f671-436a-8af5-de54f079109f,train,valid
0a48349e-f671-436a-8af5-de54f079109f_mp4-0064_jpg.rf.4da41c73bd80f8a88223205b8251a96c.jpg,0a48349e-f671-436a-8af5-de54f079109f,0a48349e-f671-436a-8af5-de54f079109f,train,valid
0a48349e-f671-436a-8af5-de54f079109f_mp4-0065_jpg.rf.d7084deb43d02228515904c4590e5274.jpg,0a48349e-f671-436a-8af5-de54f079109f,0a48349e-f671-436a-8af5-de54f079109f,train,valid
0a48349e-f671-436a-8af5-de54f079109f_mp4-0066_jpg.rf.6225ecbbd002ccd7ef4e93d00c6e96a9.jpg,0a48349e-f671-436a-8af5-de54f079109f,0a48349e-f671-436a-8af5-de54f079109f,train,valid
0a48349e-f671-436a-8af5-de54f079109f_mp4-0067_jpg.rf.82682e9bbf38388a42a2c6b1b0608d11.jpg,0a48349e-f671-436a-8af5-de54f079109f,0a48349e-f671-436a-8af5-de54f079109f,train,valid
0a48349e-f671-436a-8af5-de54f079109f_mp4-0068_jpg.rf.37e83709f03751faba3de760d917ec95.jpg,0a48349e-f671-436a-8af5-de54f079109f,0a48349e-f671-436a-8af5-de54f079109f,train,valid
0a48349e-f671-436a-8af5-de54f079109f_mp4-0069_jpg.rf.232847ccdf727ca9a07c6a289dca8895.jpg,0a48349e-f671-436a-8af5-de54f079109f,0a48349e-f671-436a-8af5-de54f079109f,train,valid
0a48349e-f671-436a-8af5-de54f079109f_mp4-0070_jpg.rf.bc8c4fb1767a27ed42dc46d67d04df24.jpg,0a48349e-f671-436a-8af5-de54f079109f,0a48349e-f671-436a-8af5-de54f079109f,train,valid
0a48349e-f671-436a-8af5-de54f079109f_mp4-0074_jpg.rf.4a79ee91fbae17e4db2b68309db35012.jpg,0a48349e-f671-436a-8af5-de54f079109f,0a48349e-f671-436a-8af5-de54f079109f,train,valid
0a48349e-f671-436a-8af5-de54f079109f_mp4-0075_jpg.rf.0ab4264584c682a105c01a330175290b.jpg,0a48349e-f671-436a-8af5-de54f079109f,0a48349e-f671-436a-8af5-de54f079109f,train,valid
0a48349e-f671-436a-8af5-de54f079109f_mp4-0076_jpg.rf.0c2d0e6f9cb684e4e56402f0121a9010.jpg,0a48349e-f671-436a-8af5-de54f079109f,0a48349e-f671-436a-8af5-de54f079109f,train,valid
0a48349e-f671-436a-8af5-de54f079109f_mp4-0077_jpg.rf.bc4932dc2f9d982c605c677cbcb32a0c.jpg,0a48349e-f671-436a-8af5-de54f079109f,0a48349e-f671-436a-8af5-de54f079109f,train,valid
0a48349e-f671-436a-8af5-de54f079109f_mp4-0078_jpg.rf.cba541a6eebb6963e936d422b9e8f2cd.jpg,0a48349e-f671-436a-8af5-de54f079109f,0a48349e-f671-436a-8af5-de54f079109f,train,valid
0a48349e-f671-436a-8af5-de54f079109f_mp4-0079_jpg.rf.ea3ce500cd62e5b92e90cf8f52bca87d.jpg,0a48349e-f671-436a-8af5-de54f079109f,0a48349e-f671-436a-8af5-de54f079109f,train,valid
0a48349e-f671-436a-8af5-de54f079109f_mp4-0080_jpg.rf.2cfa94d7cbf2b47053f1b3f8a594b638.jpg,0a48349e-f671-436a-8af5-de54f079109f,0a48349e-f671-436a-8af5-de54f079109f,train,valid
0f964fdb-9fc1-4941-9c12-15445855221a-1-_mp4-0000_jpg.rf.1e2cc30a16afb0a5c0150a0b95c82646.jpg,0f964fdb-9fc1-4941-9c12-15445855221a-1-,5d81688a-7f52-42a4-b81d-822c2d2319a3,train,train
0f964fdb-9fc1-4941-9c12-15445855221a-1-_mp4-0002_jpg.rf.14b2a426fc06ed32b5cbf2ad57779660.jpg,0f964fdb-9fc1-4941-9c12-15445855221a-1-,5d81688a-7f52-42a4-b81d-822c2d2319a3,train,train
0f964fdb-9fc1-4941-9c12-15445855221a-1-_mp4-0004_jpg.rf.3d1539787137de5cf9bb988eeaaa7dbc.jpg,0f964fdb-9fc1-4941-9c12-15445855221a-1-,5d81688a-7f52-42a4-b81d-822c2d2319a3,train,train
0f964fdb-9fc1-4941-9c12-15445855221a-1-_mp4-0005_jpg.rf.bb1d88bb42435de30d9e1fcd411e4cef.jpg,0f964fdb-9fc1-4941-9c12-15445855221a-1-,5d81688a-7f52-42a4-b81d-822c2d2319a3,train,train
0f964fdb-9fc1-4941-9c12-15445855221a-1-_mp4-0006_jpg.rf.2751b54aa4f0fd1a31cc7d7c0a6f60af.jpg,0f964fdb-9fc1-4941-9c12-15445855221a-1-,5d81688a-7f52-42a4-b81d-822c2d2319a3,train,train
0f964fdb-9fc1-4941-9c12-15445855221a-1-_mp4-0008_jpg.rf.7ebf7b8b93c30f3af2772a8ca6101417.jpg,0f964fdb-9fc1-4941-9c12-15445855221a-1-,5d81688a-7f52-42a4-b81d-822c2d2319a3,train,train
0f964fdb-9fc1-4941-9c12-15445855221a-1-_mp4-0011_jpg.rf.b813763c1a9e8e7d51eb8e98d262a70c.jpg,0f964fdb-9fc1-4941-9c12-15445855221a-1-,5d81688a-7f52-42a4-b81d-822c2d2319a3,train,train
0f964fdb-9fc1-4941-9c12-15445855221a-1-_mp4-0012_jpg.rf.3f2798b1cc5a0e709a42d505a922ef83.jpg,0f964fdb-9fc1-4941-9c12-15445855221a-1-,5d81688a-7f52-42a4-b81d-822c2d2319a3,train,train
0f964fdb-9fc1-4941-9c12-15445855221a-1-_mp4-0013_jpg.rf.d605b5fc7f759c29f489829ee437f9c9.jpg,0f964fdb-9fc1-4941-9c12-15445855221a-1-,5d81688a-7f52-42a4-b81d-822c2d2319a3,train,train
0f964fdb-9fc1-4941-9c12-15445855221a-1-_mp4-0015_jpg.rf.148000ec8a02f714c1445973b6c04902.jpg,0f964fdb-9fc1-4941-9c12-15445855221a-1-,5d81688a-7f52-42a4-b81d-822c2d2319a3,train,train
0f964fdb-9fc1-4941-9c12-15445855221a-1-_mp4-0017_jpg.rf.5dca7ce152fa1057732dadbf528d3f57.jpg,0f964fdb-9fc1-4941-9c12-15445855221a-1-,5d81688a-7f52-42a4-b81d-822c2d2319a3,train,train
0f964fdb-9fc1-4941-9c12-15445855221a-1-_mp4-0018_jpg.rf.ef6fc78df9ff30258bcd6c7aa2988680.jpg,0f964fdb-9fc1-4941-9c12-15445855221a-1-,5d81688a-7f52-42a4-b81d-822c2d2319a3,train,train
0f964fdb-9fc1-4941-9c12-15445855221a-1-_mp4-0019_jpg.rf.7b0a7e32794f371d6d3e0bb591f174e7.jpg,0f964fdb-9fc1-4941-9c12-15445855221a-1-,5d81688a-7f52-42a4-b81d-822c2d2319a3,train,train
0f964fdb-9fc1-4941-9c12-15445855221a-1-_mp4-0020_jpg.rf.cc211d287bcd7fa47b43853bea4fb442.jpg,0f964fdb-9fc1-4941-9c12-15445855221a-1-,5d81688a-7f52-42a4-b81d-822c2d2319a3,train,train
0f964fdb-9fc1-4941-9c12-15445855221a-1-_mp4-0021_jpg.rf.41e13015ec3798232e68e937f1f9447a.jpg,0f964fdb-9fc1-4941-9c12-15445855221a-1-,5d81688a-7f52-42a4-b81d-822c2d2319a3,train,train
0f964fdb-9fc1-4941-9c12-15445855221a-1-_mp4-0022_jpg.rf.2c614bf1be7b4033165bb042ddcea9f9.jpg,0f964fdb-9fc1-4941-9c12-15445855221a-1-,5d81688a-7f52-42a4-b81d-822c2d2319a3,train,train
0f964fdb-9fc1-4941-9c12-15445855221a-1-_mp4-0023_jpg.rf.d9149373828e89d0aa3f8fb215e76665.jpg,0f964fdb-9fc1-4941-9c12-15445855221a-1-,5d81688a-7f52-42a4-b81d-822c2d2319a3,train,train
0f964fdb-9fc1-4941-9c12-15445855221a-1-_mp4-0026_jpg.rf.2ef68e2abe7479ded6836559966dd8d6.jpg,0f964fdb-9fc1-4941-9c12-15445855221a-1-,5d81688a-7f52-42a4-b81d-822c2d2319a3,train,train
0f964fdb-9fc1-4941-9c12-15445855221a-1-_mp4-0027_jpg.rf.2d828929c1360b149c828813fd42d40e.jpg,0f964fdb-9fc1-4941-9c12-15445855221a-1-,5d81688a-7f52-42a4-b81d-822c2d2319a3,train,train
0f964fdb-9fc1-4941-9c12-15445855221a-1-_mp4-0028_jpg.rf.1a2a75574ac8739214738cf363851bbd.jpg,0f964fdb-9fc1-4941-9c12-15445855221a-1-,5d81688a-7f52-42a4-b81d-822c2d2319a3,train,train
0f964fdb-9fc1-4941-9c12-15445855221a-1-_mp4-0031_jpg.rf.bbbed1eddeed233c018cf20c0dc12dd6.jpg,0f964fdb-9fc1-4941-9c12-15445855221a-1-,5d81688a-7f52-42a4-b81d-822c2d2319a3,train,train
0f964fdb-9fc1-4941-9c12-15445855221a-1-_mp4-0033_jpg.rf.fd5a3403838f87b7c4b7c7cc270fdb36.jpg,0f964fdb-9fc1-4941-9c12-15445855221a-1-,5d81688a-7f52-42a4-b81d-822c2d2319a3,train,train
0f964fdb-9fc1-4941-9c12-15445855221a-1-_mp4-0034_jpg.rf.5a1c235bb7492b93f3ed04c83e80c30b.jpg,0f964fdb-9fc1-4941-9c12-15445855221a-1-,5d81688a-7f52-42a4-b81d-822c2d2319a3,train,train
0f964fdb-9fc1-4941-9c12-15445855221a-1-_mp4-0035_jpg.rf.1e30ce038fd0097d13e54172a8ea8cf8.jpg,0f964fdb-9fc1-4941-9c12-15445855221a-1-,5d81688a-7f52-42a4-b81d-822c2d2319a3,train,train
0f964fdb-9fc1-4941-9c12-15445855221a-1-_mp4-0036_jpg.rf.48551ee74a7938e1021ffb322ccb8eea.jpg,0f964fdb-9fc1-4941-9c12-15445855221a-1-,5d81688a-7f52-42a4-b81d-822c2d2319a3,train,train
0f964fdb-9fc1-4941-9c12-15445855221a-1-_mp4-0037_jpg.rf.e930a1ac296ac73166eba8f6217e5a63.jpg,0f964fdb-9fc1-4941-9c12-15445855221a-1-,5d81688a-7f52-42a4-b81d-822c2d2319a3,train,train
0f964fdb-9fc1-4941-9c12-15445855221a-1-_mp4-0038_jpg.rf.cabba7a36ba89fbec92bbe0b29c7d0fe.jpg,0f964fdb-9fc1-4941-9c12-15445855221a-1-,5d81688a-7f52-42a4-b81d-822c2d2319a3,train,train
0f964fdb-9fc1-4941-9c12-15445855221a-1-_mp4-0039_jpg.rf.0ad49b35ff9176ff8d7b9e894e203dc8.jpg,0f964fdb-9fc1-4941-9c12-15445855221a-1-,5d81688a-7f52-42a4-b81d-822c2d2319a3,train,train
0f964fdb-9fc1-4941-9c12-15445855221a-1-_mp4-0042_jpg.rf.01a491d85bd503b84f3143e91fbef4cc.jpg,0f964fdb-9fc1-4941-9c12-15445855221a-1-,5d81688a-7f52-42a4-b81d-822c2d2319a3,train,train
0f964fdb-9fc1-4941-9c12-15445855221a-1-_mp4-0044_jpg.rf.9b27e304ec265171e902d228d47b00f9.jpg,0f964fdb-9fc1-4941-9c12-15445855221a-1-,5d81688a-7f52-42a4-b81d-822c2d2319a3,train,train
0f964fdb-9fc1-4941-9c12-15445855221a-1-_mp4-0045_jpg.rf.4be1ca5d418ec03a54d27df9532d1546.jpg,0f964fdb-9fc1-4941-9c12-15445855221a-1-,5d81688a-7f52-42a4-b81d-822c2d2319a3,train,train
0f964fdb-9fc1-4941-9c12-15445855221a-1-_mp4-0046_jpg.rf.62c0c14e47e97870178c3cfa64381c8e.jpg,0f964fdb-9fc1-4941-9c12-15445855221a-1-,5d81688a-7f52-42a4-b81d-822c2d2319a3,train,train
0f964fdb-9fc1-4941-9c12-15445855221a-1-_mp4-0047_jpg.rf.a666f5b3cd407ee4af9014a78bde30a3.jpg,0f964fdb-9fc1-4941-9c12-15445855221a-1-,5d81688a-7f52-42a4-b81d-822c2d2319a3,train,train
0f964fdb-9fc1-4941-9c12-15445855221a-1-_mp4-0050_jpg.rf.3f1125d18d5f6f89466cb655b4122309.jpg,0f964fdb-9fc1-4941-9c12-15445855221a-1-,5d81688a-7f52-42a4-b81d-822c2d2319a3,train,train
0f964fdb-9fc1-4941-9c12-15445855221a-1-_mp4-0051_jpg.rf.1d611c3ec1fbe3aae7e31ab85a4d8728.jpg,0f964fdb-9fc1-4941-9c12-15445855221a-1-,5d81688a-7f52-42a4-b81d-822c2d2319a3,train,train
0f964fdb-9fc1-4941-9c12-15445855221a-1-_mp4-0052_jpg.rf.cb286d20108e5bf2ceb365166c8825f5.jpg,0f964fdb-9fc1-4941-9c12-15445855221a-1-,5d81688a-7f52-42a4-b81d-822c2d2319a3,train,train
0f964fdb-9fc1-4941-9c12-15445855221a-1-_mp4-0053_jpg.rf.da1a87b005ff52c8b31e74930d5605f7.jpg,0f964fdb-9fc1-4941-9c12-15445855221a-1-,5d81688a-7f52-42a4-b81d-822c2d2319a3,train,train
0f964fdb-9fc1-4941-9c12-15445855221a-1-_mp4-0054_jpg.rf.2055f8f0916c0d27e950d257aa4cf937.jpg,0f964fdb-9fc1-4941-9c12-15445855221a-1-,5d81688a-7f52-42a4-b81d-822c2d2319a3,train,train
0f964fdb-9fc1-4941-9c12-15445855221a-1-_mp4-0055_jpg.rf.300c9f084c411455dbb0a539b5548e03.jpg,0f964fdb-9fc1-4941-9c12-15445855221a-1-,5d81688a-7f52-42a4-b81d-822c2d2319a3,train,train
0f964fdb-9fc1-4941-9c12-15445855221a-1-_mp4-0057_jpg.rf.89feb5020d2ca72cc9754eb4631e4047.jpg,0f964fdb-9fc1-4941-9c12-15445855221a-1-,5d81688a-7f52-42a4-b81d-822c2d2319a3,train,train
0f964fdb-9fc1-4941-9c12-15445855221a-1-_mp4-0058_jpg.rf.03f37a8b9997f4315fa5630695ce624c.jpg,0f964fdb-9fc1-4941-9c12-15445855221a-1-,5d81688a-7f52-42a4-b81d-822c2d2319a3,train,train
0f964fdb-9fc1-4941-9c12-15445855221a-1-_mp4-0060_jpg.rf.bf220db7ffa442cd84ede093ec74eaf1.jpg,0f964fdb-9fc1-4941-9c12-15445855221a-1-,5d81688a-7f52-42a4-b81d-822c2d2319a3,train,train
0f964fdb-9fc1-4941-9c12-15445855221a-1-_mp4-0061_jpg.rf.f9d91e37f7b72d5a37e08ff99fc8c817.jpg,0f964fdb-9fc1-4941-9c12-15445855221a-1-,5d81688a-7f52-42a4-b81d-822c2d2319a3,train,train
0f964fdb-9fc1-4941-9c12-15445855221a-1-_mp4-0062_jpg.rf.b8479030e8d95135aef66d6af517e3b1.jpg,0f964fdb-9fc1-4941-9c12-15445855221a-1-,5d81688a-7f52-42a4-b81d-822c2d2319a3,train,train
0f964fdb-9fc1-4941-9c12-15445855221a-1-_mp4-0064_jpg.rf.db45fd8497ddd3b8fd48391ed67608a7.jpg,0f964fdb-9fc1-4941-9c12-15445855221a-1-,5d81688a-7f52-42a4-b81d-822c2d2319a3,train,train
0f964fdb-9fc1-4941-9c12-15445855221a-1-_mp4-0066_jpg.rf.214b9c9437cdf087562a96cb64ba3e66.jpg,0f964fdb-9fc1-4941-9c12-15445855221a-1-,5d81688a-7f52-42a4-b81d-822c2d2319a3,train,train
0f964fdb-9fc1-4941-9c12-15445855221a-1-_mp4-0067_jpg.rf.af6bf9998aff17d3ec78054ac0c7f45e.jpg,0f964fdb-9fc1-4941-9c12-15445855221a-1-,5d81688a-7f52-42a4-b81d-822c2d2319a3,train,train
0f964fdb-9fc1-4941-9c12-15445855221a-1-_mp4-0068_jpg.rf.c9b1a42a2d1e7ad44ff64493ff962a4e.jpg,0f964fdb-9fc1-4941-9c12-15445855221a-1-,5d81688a-7f52-42a4-b81d-822c2d2319a3,train,train
0f964fdb-9fc1-4941-9c12-15445855221a-1-_mp4-0069_jpg.rf.ee5c193ef7819f4a489637e1d6b784ee.jpg,0f964fdb-9fc1-4941-9c12-15445855221a-1-,5d81688a-7f52-42a4-b81d-822c2d2319a3,train,train
0f964fdb-9fc1-4941-9c12-15445855221a-1-_mp4-0070_jpg.rf.7e1f989046e07effd50adad7cb04c4af.jpg,0f964fdb-9fc1-4941-9c12-15445855221a-1-,5d81688a-7f52-42a4-b81d-822c2d2319a3,train,train
0f964fdb-9fc1-4941-9c12-15445855221a-1-_mp4-0071_jpg.rf.efe4100431bd1998b07e6c54d235df4e.jpg,0f964fdb-9fc1-4941-9c12-15445855221a-1-,5d81688a-7f52-42a4-b81d-822c2d2319a3,train,train
0f964fdb-9fc1-4941-9c12-15445855221a-1-_mp4-0072_jpg.rf.0feb5e00e40812c7a5880368d88b44cb.jpg,0f964fdb-9fc1-4941-9c12-15445855221a-1-,5d81688a-7f52-42a4-b81d-822c2d2319a3,train,train
0f964fdb-9fc1-4941-9c12-15445855221a-1-_mp4-0074_jpg.rf.4a9ef4afd4d9bfc5ca3228e65052b4c6.jpg,0f964fdb-9fc1-4941-9c12-15445855221a-1-,5d81688a-7f52-42a4-b81d-822c2d2319a3,train,train
0f964fdb-9fc1-4941-9c12-15445855221a-1-_mp4-0075_jpg.rf.2faa4fe1a8dbd3f2c1cdc5372926c0d7.jpg,0f964fdb-9fc1-4941-9c12-15445855221a-1-,5d81688a-7f52-42a4-b81d-822c2d2319a3,train,train
0f964fdb-9fc1-4941-9c12-15445855221a-1-_mp4-0076_jpg.rf.5385a67a9ac765cd539b12fafddf37a9.jpg,0f964fdb-9fc1-4941-9c12-15445855221a-1-,5d81688a-7f52-42a4-b81d-822c2d2319a3,train,train
0f964fdb-9fc1-4941-9c12-15445855221a-1-_mp4-0077_jpg.rf.28190911a019b07c1ee58217637d67a2.jpg,0f964fdb-9fc1-4941-9c12-15445855221a-1-,5d81688a-7f52-42a4-b81d-822c2d2319a3,train,train
0f964fdb-9fc1-4941-9c12-15445855221a-1-_mp4-0080_jpg.rf.880abb1585faa32ffff9fffe07102b0d.jpg,0f964fdb-9fc1-4941-9c12-15445855221a-1-,5d81688a-7f52-42a4-b81d-822c2d2319a3,train,train
0f964fdb-9fc1-4941-9c12-15445855221a-1-_mp4-0081_jpg.rf.4ba65aa73aa316c9e4835b644f194ac7.jpg,0f964fdb-9fc1-4941-9c12-15445855221a-1-,5d81688a-7f52-42a4-b81d-822c2d2319a3,train,train
0f964fdb-9fc1-4941-9c12-15445855221a-1-_mp4-0083_jpg.rf.8a65e04ae1a71b04fb2ba5f61face1b4.jpg,0f964fdb-9fc1-4941-9c12-15445855221a-1-,5d81688a-7f52-42a4-b81d-822c2d2319a3,train,train
0f964fdb-9fc1-4941-9c12-15445855221a-1-_mp4-0085_jpg.rf.d46ea0c44971ceb74cf376b8351ac98a.jpg,0f964fdb-9fc1-4941-9c12-15445855221a-1-,5d81688a-7f52-42a4-b81d-822c2d2319a3,train,train
0f964fdb-9fc1-4941-9c12-15445855221a-1-_mp4-0086_jpg.rf.215ae887ba1775a80d11ed759aca9282.jpg,0f964fdb-9fc1-4941-9c12-15445855221a-1-,5d81688a-7f52-42a4-b81d-822c2d2319a3,train,train
0f964fdb-9fc1-4941-9c12-15445855221a-1-_mp4-0087_jpg.rf.594184b2028aedef281506c1e7ff8535.jpg,0f964fdb-9fc1-4941-9c12-15445855221a-1-,5d81688a-7f52-42a4-b81d-822c2d2319a3,train,train
1991989f-1bf5-4e50-89bb-7301b220ac01_mp4-0001_jpg.rf.c62605d0ee2e99eb8a807abd06ff40a0.jpg,1991989f-1bf5-4e50-89bb-7301b220ac01,1991989f-1bf5-4e50-89bb-7301b220ac01,train,train
1991989f-1bf5-4e50-89bb-7301b220ac01_mp4-0003_jpg.rf.98471c342ef8cb8e0c424db2e260aeec.jpg,1991989f-1bf5-4e50-89bb-7301b220ac01,1991989f-1bf5-4e50-89bb-7301b220ac01,train,train
1991989f-1bf5-4e50-89bb-7301b220ac01_mp4-0005_jpg.rf.e62d1a58915511edd7b3419d81a78685.jpg,1991989f-1bf5-4e50-89bb-7301b220ac01,1991989f-1bf5-4e50-89bb-7301b220ac01,train,train
1991989f-1bf5-4e50-89bb-7301b220ac01_mp4-0006_jpg.rf.733ac1bcd138f19f0884706df49ad38b.jpg,1991989f-1bf5-4e50-89bb-7301b220ac01,1991989f-1bf5-4e50-89bb-7301b220ac01,train,train
1991989f-1bf5-4e50-89bb-7301b220ac01_mp4-0007_jpg.rf.6e1e1663fd3a459f87c069e841390559.jpg,1991989f-1bf5-4e50-89bb-7301b220ac01,1991989f-1bf5-4e50-89bb-7301b220ac01,train,train
1991989f-1bf5-4e50-89bb-7301b220ac01_mp4-0008_jpg.rf.01427c0b29e2fbedc0b211567ef0fe26.jpg,1991989f-1bf5-4e50-89bb-7301b220ac01,1991989f-1bf5-4e50-89bb-7301b220ac01,train,train
1991989f-1bf5-4e50-89bb-7301b220ac01_mp4-0010_jpg.rf.888b0dfb53e9d2a7a741b09780b717d8.jpg,1991989f-1bf5-4e50-89bb-7301b220ac01,1991989f-1bf5-4e50-89bb-7301b220ac01,train,train
1991989f-1bf5-4e50-89bb-7301b220ac01_mp4-0011_jpg.rf.aba8bf31c476ae0deee11a38c869e8a9.jpg,1991989f-1bf5-4e50-89bb-7301b220ac01,1991989f-1bf5-4e50-89bb-7301b220ac01,train,train
1991989f-1bf5-4e50-89bb-7301b220ac01_mp4-0014_jpg.rf.5256ef06a60001787fad587b7320215d.jpg,1991989f-1bf5-4e50-89bb-7301b220ac01,1991989f-1bf5-4e50-89bb-7301b220ac01,train,train
1991989f-1bf5-4e50-89bb-7301b220ac01_mp4-0015_jpg.rf.38d7a90b4089d002d8f45f9c05a6ca4c.jpg,1991989f-1bf5-4e50-89bb-7301b220ac01,1991989f-1bf5-4e50-89bb-7301b220ac01,train,train
1991989f-1bf5-4e50-89bb-7301b220ac01_mp4-0016_jpg.rf.11e85a3e45437a41fcda5d33697c3d46.jpg,1991989f-1bf5-4e50-89bb-7301b220ac01,1991989f-1bf5-4e50-89bb-7301b220ac01,train,train
1991989f-1bf5-4e50-89bb-7301b220ac01_mp4-0017_jpg.rf.41ee5ad61a908c1dec7ad0fc64a7dcad.jpg,1991989f-1bf5-4e50-89bb-7301b220ac01,1991989f-1bf5-4e50-89bb-7301b220ac01,train,train
1991989f-1bf5-4e50-89bb-7301b220ac01_mp4-0018_jpg.rf.96a2f310e3b0d589b752559af3ec7e47.jpg,1991989f-1bf5-4e50-89bb-7301b220ac01,1991989f-1bf5-4e50-89bb-7301b220ac01,train,train
1991989f-1bf5-4e50-89bb-7301b220ac01_mp4-0019_jpg.rf.5c807a45393dcf1d13acec9fb6dea105.jpg,1991989f-1bf5-4e50-89bb-7301b220ac01,1991989f-1bf5-4e50-89bb-7301b220ac01,train,train
1991989f-1bf5-4e50-89bb-7301b220ac01_mp4-0020_jpg.rf.bd37ef4c9a99cf749fbb419fbf23baeb.jpg,1991989f-1bf5-4e50-89bb-7301b220ac01,1991989f-1bf5-4e50-89bb-7301b220ac01,train,train
1991989f-1bf5-4e50-89bb-7301b220ac01_mp4-0021_jpg.rf.235c164baa2897cfdff301cc64df3987.jpg,1991989f-1bf5-4e50-89bb-7301b220ac01,1991989f-1bf5-4e50-89bb-7301b220ac01,train,train
1991989f-1bf5-4e50-89bb-7301b220ac01_mp4-0023_jpg.rf.4aa45dc2f454f7512e50c9f33b613f0f.jpg,1991989f-1bf5-4e50-89bb-7301b220ac01,1991989f-1bf5-4e50-89bb-7301b220ac01,train,train
1991989f-1bf5-4e50-89bb-7301b220ac01_mp4-0026_jpg.rf.66c195c418bb3365b33c867383d2b45c.jpg,1991989f-1bf5-4e50-89bb-7301b220ac01,1991989f-1bf5-4e50-89bb-7301b220ac01,train,train
1991989f-1bf5-4e50-89bb-7301b220ac01_mp4-0027_jpg.rf.6138741d98daabcea25e2140cf547969.jpg,1991989f-1bf5-4e50-89bb-7301b220ac01,1991989f-1bf5-4e50-89bb-7301b220ac01,train,train
1991989f-1bf5-4e50-89bb-7301b220ac01_mp4-0029_jpg.rf.318f086b13987cd67e2f5b5492060767.jpg,1991989f-1bf5-4e50-89bb-7301b220ac01,1991989f-1bf5-4e50-89bb-7301b220ac01,train,train
1991989f-1bf5-4e50-89bb-7301b220ac01_mp4-0032_jpg.rf.f17160c7517c6aea88700276e01c090a.jpg,1991989f-1bf5-4e50-89bb-7301b220ac01,1991989f-1bf5-4e50-89bb-7301b220ac01,train,train
1991989f-1bf5-4e50-89bb-7301b220ac01_mp4-0033_jpg.rf.600c85e7332b64d0bd0c10f7880bf50e.jpg,1991989f-1bf5-4e50-89bb-7301b220ac01,1991989f-1bf5-4e50-89bb-7301b220ac01,train,train
1991989f-1bf5-4e50-89bb-7301b220ac01_mp4-0034_jpg.rf.11cdbe4f1aa0dfb9ca80b38b78056205.jpg,1991989f-1bf5-4e50-89bb-7301b220ac01,1991989f-1bf5-4e50-89bb-7301b220ac01,train,train
1991989f-1bf5-4e50-89bb-7301b220ac01_mp4-0035_jpg.rf.a8c40be4bcc3e0e7f94d3672ce0752bc.jpg,1991989f-1bf5-4e50-89bb-7301b220ac01,1991989f-1bf5-4e50-89bb-7301b220ac01,train,train
1991989f-1bf5-4e50-89bb-7301b220ac01_mp4-0037_jpg.rf.990311651c1c36c5b4bfbd65c612c4cd.jpg,1991989f-1bf5-4e50-89bb-7301b220ac01,1991989f-1bf5-4e50-89bb-7301b220ac01,train,train
1991989f-1bf5-4e50-89bb-7301b220ac01_mp4-0040_jpg.rf.281545d31cef1b2ebd418a8bcbcd3bd2.jpg,1991989f-1bf5-4e50-89bb-7301b220ac01,1991989f-1bf5-4e50-89bb-7301b220ac01,train,train
1991989f-1bf5-4e50-89bb-7301b220ac01_mp4-0042_jpg.rf.b7fac1c48698310c5b2787a325e508b5.jpg,1991989f-1bf5-4e50-89bb-7301b220ac01,1991989f-1bf5-4e50-89bb-7301b220ac01,train,train
1991989f-1bf5-4e50-89bb-7301b220ac01_mp4-0043_jpg.rf.08fc51f6c4d6e11ba483abbe36f89a09.jpg,1991989f-1bf5-4e50-89bb-7301b220ac01,1991989f-1bf5-4e50-89bb-7301b220ac01,train,train
1991989f-1bf5-4e50-89bb-7301b220ac01_mp4-0044_jpg.rf.c21b7fa2f046b6f1581e7e265200655d.jpg,1991989f-1bf5-4e50-89bb-7301b220ac01,1991989f-1bf5-4e50-89bb-7301b220ac01,train,train
1991989f-1bf5-4e50-89bb-7301b220ac01_mp4-0045_jpg.rf.dad18bcf1520fce864fae4b34edb716b.jpg,1991989f-1bf5-4e50-89bb-7301b220ac01,1991989f-1bf5-4e50-89bb-7301b220ac01,train,train
1991989f-1bf5-4e50-89bb-7301b220ac01_mp4-0046_jpg.rf.ce3f260f61e43f4b7662b3136e5c688e.jpg,1991989f-1bf5-4e50-89bb-7301b220ac01,1991989f-1bf5-4e50-89bb-7301b220ac01,train,train
1991989f-1bf5-4e50-89bb-7301b220ac01_mp4-0047_jpg.rf.bec0389a1085753ce2c0334f1efffe11.jpg,1991989f-1bf5-4e50-89bb-7301b220ac01,1991989f-1bf5-4e50-89bb-7301b220ac01,train,train
1991989f-1bf5-4e50-89bb-7301b220ac01_mp4-0048_jpg.rf.2bc33a1a41c50e4458ed07c00ae1a94f.jpg,1991989f-1bf5-4e50-89bb-7301b220ac01,1991989f-1bf5-4e50-89bb-7301b220ac01,train,train
1991989f-1bf5-4e50-89bb-7301b220ac01_mp4-0053_jpg.rf.b02c295c5a58c1b6ba17b582a8056c73.jpg,1991989f-1bf5-4e50-89bb-7301b220ac01,1991989f-1bf5-4e50-89bb-7301b220ac01,train,train
1991989f-1bf5-4e50-89bb-7301b220ac01_mp4-0054_jpg.rf.8de5d90a9a4f332a747216fb41eff90f.jpg,1991989f-1bf5-4e50-89bb-7301b220ac01,1991989f-1bf5-4e50-89bb-7301b220ac01,train,train
1991989f-1bf5-4e50-89bb-7301b220ac01_mp4-0056_jpg.rf.92ce524d08466150ed65529ff6689ce1.jpg,1991989f-1bf5-4e50-89bb-7301b220ac01,1991989f-1bf5-4e50-89bb-7301b220ac01,train,train
1991989f-1bf5-4e50-89bb-7301b220ac01_mp4-0057_jpg.rf.3446a8e9e0c97d35562e3cf55239003e.jpg,1991989f-1bf5-4e50-89bb-7301b220ac01,1991989f-1bf5-4e50-89bb-7301b220ac01,train,train
1991989f-1bf5-4e50-89bb-7301b220ac01_mp4-0058_jpg.rf.dfc4f996a3927a5b4e75d763696254ee.jpg,1991989f-1bf5-4e50-89bb-7301b220ac01,1991989f-1bf5-4e50-89bb-7301b220ac01,train,train
1991989f-1bf5-4e50-89bb-7301b220ac01_mp4-0059_jpg.rf.ea6ba40e5409b1acf5dabec1aa15a509.jpg,1991989f-1bf5-4e50-89bb-7301b220ac01,1991989f-1bf5-4e50-89bb-7301b220ac01,train,train
1991989f-1bf5-4e50-89bb-7301b220ac01_mp4-0060_jpg.rf.6926eaf14201ada0346fb6fbeb5feaeb.jpg,1991989f-1bf5-4e50-89bb-7301b220ac01,1991989f-1bf5-4e50-89bb-7301b220ac01,train,train
1991989f-1bf5-4e50-89bb-7301b220ac01_mp4-0062_jpg.rf.70770885a045cd7eba5a6d46c8bde944.jpg,1991989f-1bf5-4e50-89bb-7301b220ac01,1991989f-1bf5-4e50-89bb-7301b220ac01,train,train
1991989f-1bf5-4e50-89bb-7301b220ac01_mp4-0063_jpg.rf.8198504d7a93ad91edd75318f35e05b0.jpg,1991989f-1bf5-4e50-89bb-7301b220ac01,1991989f-1bf5-4e50-89bb-7301b220ac01,train,train
1991989f-1bf5-4e50-89bb-7301b220ac01_mp4-0064_jpg.rf.39bb82e648c61047ec856ec8ed86a034.jpg,1991989f-1bf5-4e50-89bb-7301b220ac01,1991989f-1bf5-4e50-89bb-7301b220ac01,train,train
26af764e-8020-42d8-9c9c-841a31f39dcc_jpg.rf.a63303c17dd77ab4b085512ca8d33713.jpg,26af764e-8020-42d8-9c9c-841a31f39dcc,26af764e-8020-42d8-9c9c-841a31f39dcc,train,valid
2be0c9f6-caf7-4f26-9b59-b1299865a721_mp4-0000_jpg.rf.9b485b811ccf258cb48b6c004fcd1d45.jpg,2be0c9f6-caf7-4f26-9b59-b1299865a721,fa45e6fb-4502-41bb-bb80-a4a4149318ad,train,train
2be0c9f6-caf7-4f26-9b59-b1299865a721_mp4-0001_jpg.rf.3ed8a7f1802b523ec0331173e713a9a4.jpg,2be0c9f6-caf7-4f26-9b59-b1299865a721,fa45e6fb-4502-41bb-bb80-a4a4149318ad,train,train
2be0c9f6-caf7-4f26-9b59-b1299865a721_mp4-0001_jpg.rf.43b844b10ac57a1a1ec7eb87821eb352.jpg,2be0c9f6-caf7-4f26-9b59-b1299865a721,fa45e6fb-4502-41bb-bb80-a4a4149318ad,train,train
2be0c9f6-caf7-4f26-9b59-b1299865a721_mp4-0002_jpg.rf.4dfea425940bb2bde8d93defc59899de.jpg,2be0c9f6-caf7-4f26-9b59-b1299865a721,fa45e6fb-4502-41bb-bb80-a4a4149318ad,train,train
2be0c9f6-caf7-4f26-9b59-b1299865a721_mp4-0002_jpg.rf.98821ac14bb080a4620ac8dd3a65ea95.jpg,2be0c9f6-caf7-4f26-9b59-b1299865a721,fa45e6fb-4502-41bb-bb80-a4a4149318ad,train,train
2be0c9f6-caf7-4f26-9b59-b1299865a721_mp4-0003_jpg.rf.54b78678f35daa53a2b1eda1a459276f.jpg,2be0c9f6-caf7-4f26-9b59-b1299865a721,fa45e6fb-4502-41bb-bb80-a4a4149318ad,train,train
2be0c9f6-caf7-4f26-9b59-b1299865a721_mp4-0003_jpg.rf.aa7f99d843383387a0ffbd24f5d9550b.jpg,2be0c9f6-caf7-4f26-9b59-b1299865a721,fa45e6fb-4502-41bb-bb80-a4a4149318ad,train,train
2be0c9f6-caf7-4f26-9b59-b1299865a721_mp4-0004_jpg.rf.1d2c1945f06dc4da62d79c19a01523fe.jpg,2be0c9f6-caf7-4f26-9b59-b1299865a721,fa45e6fb-4502-41bb-bb80-a4a4149318ad,train,train
2be0c9f6-caf7-4f26-9b59-b1299865a721_mp4-0004_jpg.rf.f33d09518e3422efe196aa2431867acc.jpg,2be0c9f6-caf7-4f26-9b59-b1299865a721,fa45e6fb-4502-41bb-bb80-a4a4149318ad,train,train
2be0c9f6-caf7-4f26-9b59-b1299865a721_mp4-0005_jpg.rf.223a58adafabd4965514783a97f5910b.jpg,2be0c9f6-caf7-4f26-9b59-b1299865a721,fa45e6fb-4502-41bb-bb80-a4a4149318ad,train,train
2be0c9f6-caf7-4f26-9b59-b1299865a721_mp4-0005_jpg.rf.92f5d5204e03ed6d7586cc78fa302b05.jpg,2be0c9f6-caf7-4f26-9b59-b1299865a721,fa45e6fb-4502-41bb-bb80-a4a4149318ad,train,train
2be0c9f6-caf7-4f26-9b59-b1299865a721_mp4-0007_jpg.rf.5c1fd70ea6bd65a01c69964bb20daf93.jpg,2be0c9f6-caf7-4f26-9b59-b1299865a721,fa45e6fb-4502-41bb-bb80-a4a4149318ad,train,train
2be0c9f6-caf7-4f26-9b59-b1299865a721_mp4-0007_jpg.rf.60fe8d8acf8c9f972d7f6c1dd6685d36.jpg,2be0c9f6-caf7-4f26-9b59-b1299865a721,fa45e6fb-4502-41bb-bb80-a4a4149318ad,train,train
2be0c9f6-caf7-4f26-9b59-b1299865a721_mp4-0008_jpg.rf.16c7b3f12069753da2e126092e38518d.jpg,2be0c9f6-caf7-4f26-9b59-b1299865a721,fa45e6fb-4502-41bb-bb80-a4a4149318ad,train,train
2be0c9f6-caf7-4f26-9b59-b1299865a721_mp4-0010_jpg.rf.650f61a40c4bcf230b7cd2e10ca2a883.jpg,2be0c9f6-caf7-4f26-9b59-b1299865a721,fa45e6fb-4502-41bb-bb80-a4a4149318ad,train,train
2be0c9f6-caf7-4f26-9b59-b1299865a721_mp4-0010_jpg.rf.6cbf10a43d8971007292b71e787b711f.jpg,2be0c9f6-caf7-4f26-9b59-b1299865a721,fa45e6fb-4502-41bb-bb80-a4a4149318ad,train,train
2be0c9f6-caf7-4f26-9b59-b1299865a721_mp4-0011_jpg.rf.5e0703fe76834b3f8c833e4ce503e064.jpg,2be0c9f6-caf7-4f26-9b59-b1299865a721,fa45e6fb-4502-41bb-bb80-a4a4149318ad,train,train
2be0c9f6-caf7-4f26-9b59-b1299865a721_mp4-0011_jpg.rf.d1226802177262648ffdd2b9df4011d4.jpg,2be0c9f6-caf7-4f26-9b59-b1299865a721,fa45e6fb-4502-41bb-bb80-a4a4149318ad,train,train
2be0c9f6-caf7-4f26-9b59-b1299865a721_mp4-0012_jpg.rf.bcd7a30e9e3d7998c5dcca4d1ad6f27f.jpg,2be0c9f6-caf7-4f26-9b59-b1299865a721,fa45e6fb-4502-41bb-bb80-a4a4149318ad,train,train
2be0c9f6-caf7-4f26-9b59-b1299865a721_mp4-0012_jpg.rf.e2633c56cd25eab325b13e3cf0285304.jpg,2be0c9f6-caf7-4f26-9b59-b1299865a721,fa45e6fb-4502-41bb-bb80-a4a4149318ad,train,train
2be0c9f6-caf7-4f26-9b59-b1299865a721_mp4-0013_jpg.rf.c29ea91432240aa33d22b27bf184d35c.jpg,2be0c9f6-caf7-4f26-9b59-b1299865a721,fa45e6fb-4502-41bb-bb80-a4a4149318ad,train,train
2be0c9f6-caf7-4f26-9b59-b1299865a721_mp4-0013_jpg.rf.cf2b28651c7c46c0213f2bce2839fe93.jpg,2be0c9f6-caf7-4f26-9b59-b1299865a721,fa45e6fb-4502-41bb-bb80-a4a4149318ad,train,train
2be0c9f6-caf7-4f26-9b59-b1299865a721_mp4-0014_jpg.rf.08b28d7d4a67e70b105af9bbc79155e5.jpg,2be0c9f6-caf7-4f26-9b59-b1299865a721,fa45e6fb-4502-41bb-bb80-a4a4149318ad,train,train
2be0c9f6-caf7-4f26-9b59-b1299865a721_mp4-0014_jpg.rf.f7126bd97ee380c04646c06d370dd368.jpg,2be0c9f6-caf7-4f26-9b59-b1299865a721,fa45e6fb-4502-41bb-bb80-a4a4149318ad,train,train
2be0c9f6-caf7-4f26-9b59-b1299865a721_mp4-0015_jpg.rf.ef4e73451546b86ed0aa89648b28ccce.jpg,2be0c9f6-caf7-4f26-9b59-b1299865a721,fa45e6fb-4502-41bb-bb80-a4a4149318ad,train,train
2be0c9f6-caf7-4f26-9b59-b1299865a721_mp4-0016_jpg.rf.a7b15dbcf11ddff8f14b21d1e0c41bed.jpg,2be0c9f6-caf7-4f26-9b59-b1299865a721,fa45e6fb-4502-41bb-bb80-a4a4149318ad,train,train
2be0c9f6-caf7-4f26-9b59-b1299865a721_mp4-0017_jpg.rf.7b3b13f046ebc06788667b3bcf6a834c.jpg,2be0c9f6-caf7-4f26-9b59-b1299865a721,fa45e6fb-4502-41bb-bb80-a4a4149318ad,train,train
2be0c9f6-caf7-4f26-9b59-b1299865a721_mp4-0018_jpg.rf.5ce3c2c0e8d62ea998012a467a87cdb9.jpg,2be0c9f6-caf7-4f26-9b59-b1299865a721,fa45e6fb-4502-41bb-bb80-a4a4149318ad,train,train
2be0c9f6-caf7-4f26-9b59-b1299865a721_mp4-0018_jpg.rf.ed8f520e9e3790d0167c608a94387a87.jpg,2be0c9f6-caf7-4f26-9b59-b1299865a721,fa45e6fb-4502-41bb-bb80-a4a4149318ad,train,train
2be0c9f6-caf7-4f26-9b59-b1299865a721_mp4-0019_jpg.rf.2de861b68677783a33783a9e10fb8912.jpg,2be0c9f6-caf7-4f26-9b59-b1299865a721,fa45e6fb-4502-41bb-bb80-a4a4149318ad,train,train
2be0c9f6-caf7-4f26-9b59-b1299865a721_mp4-0019_jpg.rf.9a0996dca0ec7f7d2e47745006ca3268.jpg,2be0c9f6-caf7-4f26-9b59-b1299865a721,fa45e6fb-4502-41bb-bb80-a4a4149318ad,train,train
2be0c9f6-caf7-4f26-9b59-b1299865a721_mp4-0020_jpg.rf.6f683db5c2070f25b3299451334774ac.jpg,2be0c9f6-caf7-4f26-9b59-b1299865a721,fa45e6fb-4502-41bb-bb80-a4a4149318ad,train,train
2be0c9f6-caf7-4f26-9b59-b1299865a721_mp4-0020_jpg.rf.7fc42a91611f8a9e1c7f9abba1d4d383.jpg,2be0c9f6-caf7-4f26-9b59-b1299865a721,fa45e6fb-4502-41bb-bb80-a4a4149318ad,train,train
2be0c9f6-caf7-4f26-9b59-b1299865a721_mp4-0021_jpg.rf.38e378a0d9cf0719bbd11bb6f34840ec.jpg,2be0c9f6-caf7-4f26-9b59-b1299865a721,fa45e6fb-4502-41bb-bb80-a4a4149318ad,train,train
2be0c9f6-caf7-4f26-9b59-b1299865a721_mp4-0022_jpg.rf.45f8011731e75302e57b018789d38f15.jpg,2be0c9f6-caf7-4f26-9b59-b1299865a721,fa45e6fb-4502-41bb-bb80-a4a4149318ad,train,train
2be0c9f6-caf7-4f26-9b59-b1299865a721_mp4-0024_jpg.rf.b68469ed7dbc2761e9d97caa5e98626f.jpg,2be0c9f6-caf7-4f26-9b59-b1299865a721,fa45e6fb-4502-41bb-bb80-a4a4149318ad,train,train
2be0c9f6-caf7-4f26-9b59-b1299865a721_mp4-0024_jpg.rf.ee27d997b44c966cedd87cd9ff9aad79.jpg,2be0c9f6-caf7-4f26-9b59-b1299865a721,fa45e6fb-4502-41bb-bb80-a4a4149318ad,train,train
2be0c9f6-caf7-4f26-9b59-b1299865a721_mp4-0025_jpg.rf.98cc0a2c362f5bd72b5d42ee89284c0a.jpg,2be0c9f6-caf7-4f26-9b59-b1299865a721,fa45e6fb-4502-41bb-bb80-a4a4149318ad,train,train
2be0c9f6-caf7-4f26-9b59-b1299865a721_mp4-0025_jpg.rf.e27a5ce69b6b94aeed1ee76ab4b607b9.jpg,2be0c9f6-caf7-4f26-9b59-b1299865a721,fa45e6fb-4502-41bb-bb80-a4a4149318ad,train,train
2be0c9f6-caf7-4f26-9b59-b1299865a721_mp4-0026_jpg.rf.5d82fc79ff130640b52c973c36e2cf33.jpg,2be0c9f6-caf7-4f26-9b59-b1299865a721,fa45e6fb-4502-41bb-bb80-a4a4149318ad,train,train
2be0c9f6-caf7-4f26-9b59-b1299865a721_mp4-0027_jpg.rf.63b4a21409bb8e60a72dd97f4fc5b5c2.jpg,2be0c9f6-caf7-4f26-9b59-b1299865a721,fa45e6fb-4502-41bb-bb80-a4a4149318ad,train,train
2be0c9f6-caf7-4f26-9b59-b1299865a721_mp4-0027_jpg.rf.b68eb4c264609fb7db889f82cfad18ed.jpg,2be0c9f6-caf7-4f26-9b59-b1299865a721,fa45e6fb-4502-41bb-bb80-a4a4149318ad,train,train
2be0c9f6-caf7-4f26-9b59-b1299865a721_mp4-0028_jpg.rf.9e235aea11a773451d49de11b913d31b.jpg,2be0c9f6-caf7-4f26-9b59-b1299865a721,fa45e6fb-4502-41bb-bb80-a4a4149318ad,train,train
2be0c9f6-caf7-4f26-9b59-b1299865a721_mp4-0028_jpg.rf.eb994ffd337c7229787a3acd7086a842.jpg,2be0c9f6-caf7-4f26-9b59-b1299865a721,fa45e6fb-4502-41bb-bb80-a4a4149318ad,train,train
2be0c9f6-caf7-4f26-9b59-b1299865a721_mp4-0029_jpg.rf.601774c9eb483e7a2b6d61f707965ccf.jpg,2be0c9f6-caf7-4f26-9b59-b1299865a721,fa45e6fb-4502-41bb-bb80-a4a4149318ad,train,train
2be0c9f6-caf7-4f26-9b59-b1299865a721_mp4-0030_jpg.rf.f7f50ef34ed3071e5f35d4946ac44815.jpg,2be0c9f6-caf7-4f26-9b59-b1299865a721,fa45e6fb-4502-41bb-bb80-a4a4149318ad,train,train
2be0c9f6-caf7-4f26-9b59-b1299865a721_mp4-0031_jpg.rf.b3400ccf1cff118eb5a017300e89dece.jpg,2be0c9f6-caf7-4f26-9b59-b1299865a721,fa45e6fb-4502-41bb-bb80-a4a4149318ad,train,train
2be0c9f6-caf7-4f26-9b59-b1299865a721_mp4-0031_jpg.rf.ef4b7042af4ae1df14f77bf616fe9fe6.jpg,2be0c9f6-caf7-4f26-9b59-b1299865a721,fa45e6fb-4502-41bb-bb80-a4a4149318ad,train,train
2be0c9f6-caf7-4f26-9b59-b1299865a721_mp4-0032_jpg.rf.045add0ba34a509372bc04112901d968.jpg,2be0c9f6-caf7-4f26-9b59-b1299865a721,fa45e6fb-4502-41bb-bb80-a4a4149318ad,train,train
2be0c9f6-caf7-4f26-9b59-b1299865a721_mp4-0032_jpg.rf.a314daee81bd8d588ad0d4f57fb07fcf.jpg,2be0c9f6-caf7-4f26-9b59-b1299865a721,fa45e6fb-4502-41bb-bb80-a4a4149318ad,train,train
2be0c9f6-caf7-4f26-9b59-b1299865a721_mp4-0033_jpg.rf.94ee9fa89ee52f504ce9925c13d2b22c.jpg,2be0c9f6-caf7-4f26-9b59-b1299865a721,fa45e6fb-4502-41bb-bb80-a4a4149318ad,train,train
2be0c9f6-caf7-4f26-9b59-b1299865a721_mp4-0033_jpg.rf.e6b67500f1c4f6b51e2525be0b964ff8.jpg,2be0c9f6-caf7-4f26-9b59-b1299865a721,fa45e6fb-4502-41bb-bb80-a4a4149318ad,train,train
2be0c9f6-caf7-4f26-9b59-b1299865a721_mp4-0034_jpg.rf.61046bb8e358526017a92cd7e23d2b30.jpg,2be0c9f6-caf7-4f26-9b59-b1299865a721,fa45e6fb-4502-41bb-bb80-a4a4149318ad,train,train
2be0c9f6-caf7-4f26-9b59-b1299865a721_mp4-0034_jpg.rf.abaeaebbaa34f861d5a9682445e7b6ed.jpg,2be0c9f6-caf7-4f26-9b59-b1299865a721,fa45e6fb-4502-41bb-bb80-a4a4149318ad,train,train
2be0c9f6-caf7-4f26-9b59-b1299865a721_mp4-0035_jpg.rf.520d6d3f3b3d5995f421f57724ab738a.jpg,2be0c9f6-caf7-4f26-9b59-b1299865a721,fa45e6fb-4502-41bb-bb80-a4a4149318ad,train,train
2be0c9f6-caf7-4f26-9b59-b1299865a721_mp4-0035_jpg.rf.fbbc2f43b00b7c70996ddf0eed710352.jpg,2be0c9f6-caf7-4f26-9b59-b1299865a721,fa45e6fb-4502-41bb-bb80-a4a4149318ad,train,train
2be0c9f6-caf7-4f26-9b59-b1299865a721_mp4-0036_jpg.rf.26457b08c73705699c838a9f692a32ab.jpg,2be0c9f6-caf7-4f26-9b59-b1299865a721,fa45e6fb-4502-41bb-bb80-a4a4149318ad,train,train
2be0c9f6-caf7-4f26-9b59-b1299865a721_mp4-0037_jpg.rf.a16400343f61299132431ffed74900f3.jpg,2be0c9f6-caf7-4f26-9b59-b1299865a721,fa45e6fb-4502-41bb-bb80-a4a4149318ad,train,train
2be0c9f6-caf7-4f26-9b59-b1299865a721_mp4-0038_jpg.rf.55579cca6e1370a4c06ef808441708b4.jpg,2be0c9f6-caf7-4f26-9b59-b1299865a721,fa45e6fb-4502-41bb-bb80-a4a4149318ad,train,train
2be0c9f6-caf7-4f26-9b59-b1299865a721_mp4-0038_jpg.rf.61afa88295b8f5d3c4d7cc6eb7644147.jpg,2be0c9f6-caf7-4f26-9b59-b1299865a721,fa45e6fb-4502-41bb-bb80-a4a4149318ad,train,train
2be0c9f6-caf7-4f26-9b59-b1299865a721_mp4-0039_jpg.rf.a317d5918ec22cbcabb085c2b76258eb.jpg,2be0c9f6-caf7-4f26-9b59-b1299865a721,fa45e6fb-4502-41bb-bb80-a4a4149318ad,train,train
2be0c9f6-caf7-4f26-9b59-b1299865a721_mp4-0039_jpg.rf.d57fc8f7edc2b6a526dbf627d6525e3a.jpg,2be0c9f6-caf7-4f26-9b59-b1299865a721,fa45e6fb-4502-41bb-bb80-a4a4149318ad,train,train
2be0c9f6-caf7-4f26-9b59-b1299865a721_mp4-0040_jpg.rf.f84ef8628d0b7456720c0c53c6eeb412.jpg,2be0c9f6-caf7-4f26-9b59-b1299865a721,fa45e6fb-4502-41bb-bb80-a4a4149318ad,train,train
2be0c9f6-caf7-4f26-9b59-b1299865a721_mp4-0041_jpg.rf.024208d504a66deee7b9ac9bd5b574fe.jpg,2be0c9f6-caf7-4f26-9b59-b1299865a721,fa45e6fb-4502-41bb-bb80-a4a4149318ad,train,train
2be0c9f6-caf7-4f26-9b59-b1299865a721_mp4-0042_jpg.rf.1f3125525f7beea1bbb7d6054734fb7b.jpg,2be0c9f6-caf7-4f26-9b59-b1299865a721,fa45e6fb-4502-41bb-bb80-a4a4149318ad,train,train
2be0c9f6-caf7-4f26-9b59-b1299865a721_mp4-0042_jpg.rf.6e9d4ef273e04cf2eebbdfea67a65649.jpg,2be0c9f6-caf7-4f26-9b59-b1299865a721,fa45e6fb-4502-41bb-bb80-a4a4149318ad,train,train
2be0c9f6-caf7-4f26-9b59-b1299865a721_mp4-0043_jpg.rf.8e1c30815d8aada36849fe421d320157.jpg,2be0c9f6-caf7-4f26-9b59-b1299865a721,fa45e6fb-4502-41bb-bb80-a4a4149318ad,train,train
2be0c9f6-caf7-4f26-9b59-b1299865a721_mp4-0045_jpg.rf.7c9c5c167980db43f022197e54615a0f.jpg,2be0c9f6-caf7-4f26-9b59-b1299865a721,fa45e6fb-4502-41bb-bb80-a4a4149318ad,train,train
2be0c9f6-caf7-4f26-9b59-b1299865a721_mp4-0046_jpg.rf.468c6996f8f4646a09437434c8e2a6ea.jpg,2be0c9f6-caf7-4f26-9b59-b1299865a721,fa45e6fb-4502-41bb-bb80-a4a4149318ad,train,train
2be0c9f6-caf7-4f26-9b59-b1299865a721_mp4-0046_jpg.rf.b15e165a1ed2d222af974ba21a21e5a1.jpg,2be0c9f6-caf7-4f26-9b59-b1299865a721,fa45e6fb-4502-41bb-bb80-a4a4149318ad,train,train
2be0c9f6-caf7-4f26-9b59-b1299865a721_mp4-0047_jpg.rf.94a30c3d3ae86973624c59e7efb53e36.jpg,2be0c9f6-caf7-4f26-9b59-b1299865a721,fa45e6fb-4502-41bb-bb80-a4a4149318ad,train,train
2be0c9f6-caf7-4f26-9b59-b1299865a721_mp4-0048_jpg.rf.0e699cf057db5d55df562d25a7711f2f.jpg,2be0c9f6-caf7-4f26-9b59-b1299865a721,fa45e6fb-4502-41bb-bb80-a4a4149318ad,train,train
2be0c9f6-caf7-4f26-9b59-b1299865a721_mp4-0049_jpg.rf.0c268fa6123d96c5dc08f1a94071efaa.jpg,2be0c9f6-caf7-4f26-9b59-b1299865a721,fa45e6fb-4502-41bb-bb80-a4a4149318ad,train,train
2be0c9f6-caf7-4f26-9b59-b1299865a721_mp4-0049_jpg.rf.b12d718faca5eeaafb3f0bb8cfbb77b4.jpg,2be0c9f6-caf7-4f26-9b59-b1299865a721,fa45e6fb-4502-41bb-bb80-a4a4149318ad,train,train
2be0c9f6-caf7-4f26-9b59-b1299865a721_mp4-0050_jpg.rf.af70034938ad66bc93612ad75de597cb.jpg,2be0c9f6-caf7-4f26-9b59-b1299865a721,fa45e6fb-4502-41bb-bb80-a4a4149318ad,train,train
2be0c9f6-caf7-4f26-9b59-b1299865a721_mp4-0051_jpg.rf.8b24708dd9c4cd534e827b8386646171.jpg,2be0c9f6-caf7-4f26-9b59-b1299865a721,fa45e6fb-4502-41bb-bb80-a4a4149318ad,train,train
2be0c9f6-caf7-4f26-9b59-b1299865a721_mp4-0051_jpg.rf.c1e4b0c5db6921a19b7bfdf54594e579.jpg,2be0c9f6-caf7-4f26-9b59-b1299865a721,fa45e6fb-4502-41bb-bb80-a4a4149318ad,train,train
2be0c9f6-caf7-4f26-9b59-b1299865a721_mp4-0052_jpg.rf.63b4cc3a8bf30df4c751aa5d8836f052.jpg,2be0c9f6-caf7-4f26-9b59-b1299865a721,fa45e6fb-4502-41bb-bb80-a4a4149318ad,train,train
2be0c9f6-caf7-4f26-9b59-b1299865a721_mp4-0052_jpg.rf.e94f0276a69cde5a941c6a02995d7830.jpg,2be0c9f6-caf7-4f26-9b59-b1299865a721,fa45e6fb-4502-41bb-bb80-a4a4149318ad,train,train
2be0c9f6-caf7-4f26-9b59-b1299865a721_mp4-0053_jpg.rf.6aaecf1fdb371d00032d0ba9ae319860.jpg,2be0c9f6-caf7-4f26-9b59-b1299865a721,fa45e6fb-4502-41bb-bb80-a4a4149318ad,train,train
2be0c9f6-caf7-4f26-9b59-b1299865a721_mp4-0054_jpg.rf.2ca01e867f540553ab356a613cc446e2.jpg,2be0c9f6-caf7-4f26-9b59-b1299865a721,fa45e6fb-4502-41bb-bb80-a4a4149318ad,train,train
2be0c9f6-caf7-4f26-9b59-b1299865a721_mp4-0055_jpg.rf.113c61626f792ac1f433ec0722dc57d8.jpg,2be0c9f6-caf7-4f26-9b59-b1299865a721,fa45e6fb-4502-41bb-bb80-a4a4149318ad,train,train
2be0c9f6-caf7-4f26-9b59-b1299865a721_mp4-0055_jpg.rf.974d545d5a2b8d3c8526409a795be4e3.jpg,2be0c9f6-caf7-4f26-9b59-b1299865a721,fa45e6fb-4502-41bb-bb80-a4a4149318ad,train,train
2be0c9f6-caf7-4f26-9b59-b1299865a721_mp4-0056_jpg.rf.adb13c12eb3b2e237bf73d611723fccf.jpg,2be0c9f6-caf7-4f26-9b59-b1299865a721,fa45e6fb-4502-41bb-bb80-a4a4149318ad,train,train
2be0c9f6-caf7-4f26-9b59-b1299865a721_mp4-0056_jpg.rf.be1d4b804c07679510ddc200060454a1.jpg,2be0c9f6-caf7-4f26-9b59-b1299865a721,fa45e6fb-4502-41bb-bb80-a4a4149318ad,train,train
2be0c9f6-caf7-4f26-9b59-b1299865a721_mp4-0057_jpg.rf.38565cb6e1b5f9ab1025787256c569fa.jpg,2be0c9f6-caf7-4f26-9b59-b1299865a721,fa45e6fb-4502-41bb-bb80-a4a4149318ad,train,train
2be0c9f6-caf7-4f26-9b59-b1299865a721_mp4-0057_jpg.rf.f5d20789fb8b512f3d6220a725e77132.jpg,2be0c9f6-caf7-4f26-9b59-b1299865a721,fa45e6fb-4502-41bb-bb80-a4a4149318ad,train,train
2be0c9f6-caf7-4f26-9b59-b1299865a721_mp4-0058_jpg.rf.382e6548bda5b59c86a3f567c813faeb.jpg,2be0c9f6-caf7-4f26-9b59-b1299865a721,fa45e6fb-4502-41bb-bb80-a4a4149318ad,train,train
2be0c9f6-caf7-4f26-9b59-b1299865a721_mp4-0058_jpg.rf.5fa0bc5f197101db2139ccb0ace29aa1.jpg,2be0c9f6-caf7-4f26-9b59-b1299865a721,fa45e6fb-4502-41bb-bb80-a4a4149318ad,train,train
2be0c9f6-caf7-4f26-9b59-b1299865a721_mp4-0059_jpg.rf.b8388138bc3efe1678da5b78cd7350bb.jpg,2be0c9f6-caf7-4f26-9b59-b1299865a721,fa45e6fb-4502-41bb-bb80-a4a4149318ad,train,train
2be0c9f6-caf7-4f26-9b59-b1299865a721_mp4-0060_jpg.rf.d2fc9a4ee324058f51d7cdbd95eb4455.jpg,2be0c9f6-caf7-4f26-9b59-b1299865a721,fa45e6fb-4502-41bb-bb80-a4a4149318ad,train,train
2be0c9f6-caf7-4f26-9b59-b1299865a721_mp4-0061_jpg.rf.a2f386082a895f147965c1949d625e82.jpg,2be0c9f6-caf7-4f26-9b59-b1299865a721,fa45e6fb-4502-41bb-bb80-a4a4149318ad,train,train
2be0c9f6-caf7-4f26-9b59-b1299865a721_mp4-0062_jpg.rf.035a31615d0c21948389cd1eb25df01c.jpg,2be0c9f6-caf7-4f26-9b59-b1299865a721,fa45e6fb-4502-41bb-bb80-a4a4149318ad,train,train
2be0c9f6-caf7-4f26-9b59-b1299865a721_mp4-0062_jpg.rf.4db84b7db1386e84311bb28ae5681ffc.jpg,2be0c9f6-caf7-4f26-9b59-b1299865a721,fa45e6fb-4502-41bb-bb80-a4a4149318ad,train,train
2be0c9f6-caf7-4f26-9b59-b1299865a721_mp4-0063_jpg.rf.06d6c826d985396d08b94813ac69b6bf.jpg,2be0c9f6-caf7-4f26-9b59-b1299865a721,fa45e6fb-4502-41bb-bb80-a4a4149318ad,train,train
2be0c9f6-caf7-4f26-9b59-b1299865a721_mp4-0064_jpg.rf.ce29877f8f52463a43e3a77abd5c9682.jpg,2be0c9f6-caf7-4f26-9b59-b1299865a721,fa45e6fb-4502-41bb-bb80-a4a4149318ad,train,train
2be0c9f6-caf7-4f26-9b59-b1299865a721_mp4-0065_jpg.rf.2a87720ab22540d06d31bdcfd13d0493.jpg,2be0c9f6-caf7-4f26-9b59-b1299865a721,fa45e6fb-4502-41bb-bb80-a4a4149318ad,train,train
2be0c9f6-caf7-4f26-9b59-b1299865a721_mp4-0068_jpg.rf.61d1a02d8f3d2347f1c84c792e34f210.jpg,2be0c9f6-caf7-4f26-9b59-b1299865a721,fa45e6fb-4502-41bb-bb80-a4a4149318ad,train,train
2be0c9f6-caf7-4f26-9b59-b1299865a721_mp4-0068_jpg.rf.e5f578afb8e7a0e9100313464d40a361.jpg,2be0c9f6-caf7-4f26-9b59-b1299865a721,fa45e6fb-4502-41bb-bb80-a4a4149318ad,train,train
2be0c9f6-caf7-4f26-9b59-b1299865a721_mp4-0069_jpg.rf.77d61389b3f9bb7706bcc00d81ff4991.jpg,2be0c9f6-caf7-4f26-9b59-b1299865a721,fa45e6fb-4502-41bb-bb80-a4a4149318ad,train,train
2be0c9f6-caf7-4f26-9b59-b1299865a721_mp4-0069_jpg.rf.9b728e01fdfa584eabbe418bedc77bae.jpg,2be0c9f6-caf7-4f26-9b59-b1299865a721,fa45e6fb-4502-41bb-bb80-a4a4149318ad,train,train
2be0c9f6-caf7-4f26-9b59-b1299865a721_mp4-0071_jpg.rf.0d9f9b39154af51977ddeffb0731b863.jpg,2be0c9f6-caf7-4f26-9b59-b1299865a721,fa45e6fb-4502-41bb-bb80-a4a4149318ad,train,train
2be0c9f6-caf7-4f26-9b59-b1299865a721_mp4-0072_jpg.rf.06aa14c7ca734a3735f2c15a61af6b9a.jpg,2be0c9f6-caf7-4f26-9b59-b1299865a721,fa45e6fb-4502-41bb-bb80-a4a4149318ad,train,train
2be0c9f6-caf7-4f26-9b59-b1299865a721_mp4-0072_jpg.rf.2ef0e9f88d0dc04c098760f2ebe7fa4f.jpg,2be0c9f6-caf7-4f26-9b59-b1299865a721,fa45e6fb-4502-41bb-bb80-a4a4149318ad,train,train
2be0c9f6-caf7-4f26-9b59-b1299865a721_mp4-0073_jpg.rf.144821eba990c9b397e3b7aff56e233f.jpg,2be0c9f6-caf7-4f26-9b59-b1299865a721,fa45e6fb-4502-41bb-bb80-a4a4149318ad,train,train
2be0c9f6-caf7-4f26-9b59-b1299865a721_mp4-0073_jpg.rf.57775593750413ffb9c3af3d4a797408.jpg,2be0c9f6-caf7-4f26-9b59-b1299865a721,fa45e6fb-4502-41bb-bb80-a4a4149318ad,train,train
2be0c9f6-caf7-4f26-9b59-b1299865a721_mp4-0074_jpg.rf.7af35edb55074e11f90ba30789f18e14.jpg,2be0c9f6-caf7-4f26-9b59-b1299865a721,fa45e6fb-4502-41bb-bb80-a4a4149318ad,train,train
2be0c9f6-caf7-4f26-9b59-b1299865a721_mp4-0074_jpg.rf.808a0eb896b28567c0d453b4fed63fd4.jpg,2be0c9f6-caf7-4f26-9b59-b1299865a721,fa45e6fb-4502-41bb-bb80-a4a4149318ad,train,train
2be0c9f6-caf7-4f26-9b59-b1299865a721_mp4-0075_jpg.rf.5f39bd57df73ec839c9d51b52481c79e.jpg,2be0c9f6-caf7-4f26-9b59-b1299865a721,fa45e6fb-4502-41bb-bb80-a4a4149318ad,train,train
2be0c9f6-caf7-4f26-9b59-b1299865a721_mp4-0075_jpg.rf.8c169a3b3f7ff62e37db167c4b2ae991.jpg,2be0c9f6-caf7-4f26-9b59-b1299865a721,fa45e6fb-4502-41bb-bb80-a4a4149318ad,train,train
2be0c9f6-caf7-4f26-9b59-b1299865a721_mp4-0076_jpg.rf.5089945554efb85504211da9d0da503b.jpg,2be0c9f6-caf7-4f26-9b59-b1299865a721,fa45e6fb-4502-41bb-bb80-a4a4149318ad,train,train
2be0c9f6-caf7-4f26-9b59-b1299865a721_mp4-0076_jpg.rf.fc5391644342b9f57a8419fbaef59a01.jpg,2be0c9f6-caf7-4f26-9b59-b1299865a721,fa45e6fb-4502-41bb-bb80-a4a4149318ad,train,train
2be0c9f6-caf7-4f26-9b59-b1299865a721_mp4-0077_jpg.rf.3c1fd1bede79cb07a759a429595dc68f.jpg,2be0c9f6-caf7-4f26-9b59-b1299865a721,fa45e6fb-4502-41bb-bb80-a4a4149318ad,train,train
2be0c9f6-caf7-4f26-9b59-b1299865a721_mp4-0078_jpg.rf.3a929807afcc46c1b1201baffe7dddc4.jpg,2be0c9f6-caf7-4f26-9b59-b1299865a721,fa45e6fb-4502-41bb-bb80-a4a4149318ad,train,train
2be0c9f6-caf7-4f26-9b59-b1299865a721_mp4-0078_jpg.rf.dfb6793af1f0e11b444f88bf8ef3409c.jpg,2be0c9f6-caf7-4f26-9b59-b1299865a721,fa45e6fb-4502-41bb-bb80-a4a4149318ad,train,train
2be0c9f6-caf7-4f26-9b59-b1299865a721_mp4-0079_jpg.rf.b9c5c02d9843939a380d5cec6b27f6e3.jpg,2be0c9f6-caf7-4f26-9b59-b1299865a721,fa45e6fb-4502-41bb-bb80-a4a4149318ad,train,train
2be0c9f6-caf7-4f26-9b59-b1299865a721_mp4-0080_jpg.rf.e5e00b60234f171a3aa98047c4ee8555.jpg,2be0c9f6-caf7-4f26-9b59-b1299865a721,fa45e6fb-4502-41bb-bb80-a4a4149318ad,train,train
2be0c9f6-caf7-4f26-9b59-b1299865a721_mp4-0081_jpg.rf.3811d7e562ce6ffd9128bbeed80f5c1a.jpg,2be0c9f6-caf7-4f26-9b59-b1299865a721,fa45e6fb-4502-41bb-bb80-a4a4149318ad,train,train
2be0c9f6-caf7-4f26-9b59-b1299865a721_mp4-0082_jpg.rf.4e6bceb486f0dfa56633214083a28f7a.jpg,2be0c9f6-caf7-4f26-9b59-b1299865a721,fa45e6fb-4502-41bb-bb80-a4a4149318ad,train,train
2be0c9f6-caf7-4f26-9b59-b1299865a721_mp4-0083_jpg.rf.36d8bcfc1dcf00421491d35de8ca5f68.jpg,2be0c9f6-caf7-4f26-9b59-b1299865a721,fa45e6fb-4502-41bb-bb80-a4a4149318ad,train,train
2be0c9f6-caf7-4f26-9b59-b1299865a721_mp4-0083_jpg.rf.e1bb75c75d74792d4a548a5c4dad8c1d.jpg,2be0c9f6-caf7-4f26-9b59-b1299865a721,fa45e6fb-4502-41bb-bb80-a4a4149318ad,train,train
2be0c9f6-caf7-4f26-9b59-b1299865a721_mp4-0084_jpg.rf.03797bb56c3cbbfac0ef7a81665bb1c1.jpg,2be0c9f6-caf7-4f26-9b59-b1299865a721,fa45e6fb-4502-41bb-bb80-a4a4149318ad,train,train
2be0c9f6-caf7-4f26-9b59-b1299865a721_mp4-0085_jpg.rf.4494d72e373f1122ae3bb0fcc941899c.jpg,2be0c9f6-caf7-4f26-9b59-b1299865a721,fa45e6fb-4502-41bb-bb80-a4a4149318ad,train,train
2be0c9f6-caf7-4f26-9b59-b1299865a721_mp4-0085_jpg.rf.d7ebfb4f3436a5e213d939637199d94d.jpg,2be0c9f6-caf7-4f26-9b59-b1299865a721,fa45e6fb-4502-41bb-bb80-a4a4149318ad,train,train
2be0c9f6-caf7-4f26-9b59-b1299865a721_mp4-0086_jpg.rf.3e65dbea69646a4906c16f31d21c6db8.jpg,2be0c9f6-caf7-4f26-9b59-b1299865a721,fa45e6fb-4502-41bb-bb80-a4a4149318ad,train,train
2be0c9f6-caf7-4f26-9b59-b1299865a721_mp4-0086_jpg.rf.aef0abd2b135367befed224e1872ff1a.jpg,2be0c9f6-caf7-4f26-9b59-b1299865a721,fa45e6fb-4502-41bb-bb80-a4a4149318ad,train,train
2be0c9f6-caf7-4f26-9b59-b1299865a721_mp4-0087_jpg.rf.5dffc1b3f8ee629e5fb66ca0d8cbdd5c.jpg,2be0c9f6-caf7-4f26-9b59-b1299865a721,fa45e6fb-4502-41bb-bb80-a4a4149318ad,train,train
2be0c9f6-caf7-4f26-9b59-b1299865a721_mp4-0087_jpg.rf.9c23de1878c3d6562312549d17c5b70e.jpg,2be0c9f6-caf7-4f26-9b59-b1299865a721,fa45e6fb-4502-41bb-bb80-a4a4149318ad,train,train
2be0c9f6-caf7-4f26-9b59-b1299865a721_mp4-0088_jpg.rf.8c07c1945f44ce4078e76771b52cad5b.jpg,2be0c9f6-caf7-4f26-9b59-b1299865a721,fa45e6fb-4502-41bb-bb80-a4a4149318ad,train,train
2be0c9f6-caf7-4f26-9b59-b1299865a721_mp4-0089_jpg.rf.8c46cde1c1291828e34a61dc63ce0323.jpg,2be0c9f6-caf7-4f26-9b59-b1299865a721,fa45e6fb-4502-41bb-bb80-a4a4149318ad,train,train
2be0c9f6-caf7-4f26-9b59-b1299865a721_mp4-0090_jpg.rf.d2aa2f43a8cf636bbcaa98c002e402f0.jpg,2be0c9f6-caf7-4f26-9b59-b1299865a721,fa45e6fb-4502-41bb-bb80-a4a4149318ad,train,train
2be0c9f6-caf7-4f26-9b59-b1299865a721_mp4-0091_jpg.rf.19a8bad56dd7d065c1527922e628965b.jpg,2be0c9f6-caf7-4f26-9b59-b1299865a721,fa45e6fb-4502-41bb-bb80-a4a4149318ad,train,train
2be0c9f6-caf7-4f26-9b59-b1299865a721_mp4-0091_jpg.rf.9d077b1ddfad8976838ed34a3b86f41d.jpg,2be0c9f6-caf7-4f26-9b59-b1299865a721,fa45e6fb-4502-41bb-bb80-a4a4149318ad,train,train
2be0c9f6-caf7-4f26-9b59-b1299865a721_mp4-0092_jpg.rf.5858e35fea36c807ddcead2aa28d76a7.jpg,2be0c9f6-caf7-4f26-9b59-b1299865a721,fa45e6fb-4502-41bb-bb80-a4a4149318ad,train,train
2be0c9f6-caf7-4f26-9b59-b1299865a721_mp4-0093_jpg.rf.0393d1ee80170076ea6ccfb2d410db71.jpg,2be0c9f6-caf7-4f26-9b59-b1299865a721,fa45e6fb-4502-41bb-bb80-a4a4149318ad,train,train
2be0c9f6-caf7-4f26-9b59-b1299865a721_mp4-0093_jpg.rf.b7046161cc739a7d86e7f9fdb4084557.jpg,2be0c9f6-caf7-4f26-9b59-b1299865a721,fa45e6fb-4502-41bb-bb80-a4a4149318ad,train,train
2be0c9f6-caf7-4f26-9b59-b1299865a721_mp4-0094_jpg.rf.d52168d369163224bf03b4f4fc3baaa0.jpg,2be0c9f6-caf7-4f26-9b59-b1299865a721,fa45e6fb-4502-41bb-bb80-a4a4149318ad,train,train
2be0c9f6-caf7-4f26-9b59-b1299865a721_mp4-0095_jpg.rf.14f7f3f4d8f9b185e423f7e74a041ea1.jpg,2be0c9f6-caf7-4f26-9b59-b1299865a721,fa45e6fb-4502-41bb-bb80-a4a4149318ad,train,train
2be0c9f6-caf7-4f26-9b59-b1299865a721_mp4-0096_jpg.rf.5965731fdc85d1aee7f459faa0f38702.jpg,2be0c9f6-caf7-4f26-9b59-b1299865a721,fa45e6fb-4502-41bb-bb80-a4a4149318ad,train,train
2be0c9f6-caf7-4f26-9b59-b1299865a721_mp4-0097_jpg.rf.946bfeb26fa675553cff547551050a2f.jpg,2be0c9f6-caf7-4f26-9b59-b1299865a721,fa45e6fb-4502-41bb-bb80-a4a4149318ad,train,train
2be0c9f6-caf7-4f26-9b59-b1299865a721_mp4-0097_jpg.rf.d5d97a09ff83b403da754db39a3a2027.jpg,2be0c9f6-caf7-4f26-9b59-b1299865a721,fa45e6fb-4502-41bb-bb80-a4a4149318ad,train,train
2be0c9f6-caf7-4f26-9b59-b1299865a721_mp4-0098_jpg.rf.404382325bff94b4f648b6833f31fa52.jpg,2be0c9f6-caf7-4f26-9b59-b1299865a721,fa45e6fb-4502-41bb-bb80-a4a4149318ad,train,train
2be0c9f6-caf7-4f26-9b59-b1299865a721_mp4-0098_jpg.rf.7235693a9562b35508014309a232d6b8.jpg,2be0c9f6-caf7-4f26-9b59-b1299865a721,fa45e6fb-4502-41bb-bb80-a4a4149318ad,train,train
2be0c9f6-caf7-4f26-9b59-b1299865a721_mp4-0099_jpg.rf.37ad81282b3da8a953e34d236bf056f3.jpg,2be0c9f6-caf7-4f26-9b59-b1299865a721,fa45e6fb-4502-41bb-bb80-a4a4149318ad,train,train
2be0c9f6-caf7-4f26-9b59-b1299865a721_mp4-0099_jpg.rf.74dad1f63f126b4284bb1e3842d5696f.jpg,2be0c9f6-caf7-4f26-9b59-b1299865a721,fa45e6fb-4502-41bb-bb80-a4a4149318ad,train,train
2be0c9f6-caf7-4f26-9b59-b1299865a721_mp4-0100_jpg.rf.9303fedd8f3adeb231cc281221eb27a2.jpg,2be0c9f6-caf7-4f26-9b59-b1299865a721,fa45e6fb-4502-41bb-bb80-a4a4149318ad,train,train
2be0c9f6-caf7-4f26-9b59-b1299865a721_mp4-0101_jpg.rf.010bd1b49391297484a734664af15c1a.jpg,2be0c9f6-caf7-4f26-9b59-b1299865a721,fa45e6fb-4502-41bb-bb80-a4a4149318ad,train,train
2be0c9f6-caf7-4f26-9b59-b1299865a721_mp4-0101_jpg.rf.499dbacbf9e412389af075a4edd5e1d2.jpg,2be0c9f6-caf7-4f26-9b59-b1299865a721,fa45e6fb-4502-41bb-bb80-a4a4149318ad,train,train
2be0c9f6-caf7-4f26-9b59-b1299865a721_mp4-0102_jpg.rf.b073380f8a26ace80104579ebeab35f0.jpg,2be0c9f6-caf7-4f26-9b59-b1299865a721,fa45e6fb-4502-41bb-bb80-a4a4149318ad,train,train
2be0c9f6-caf7-4f26-9b59-b1299865a721_mp4-0102_jpg.rf.ecd4bcd725b8cdb81d7f6c8357d6abdf.jpg,2be0c9f6-caf7-4f26-9b59-b1299865a721,fa45e6fb-4502-41bb-bb80-a4a4149318ad,train,train
2be0c9f6-caf7-4f26-9b59-b1299865a721_mp4-0103_jpg.rf.0562e3ba1c5fff96fc2b7838b01daba7.jpg,2be0c9f6-caf7-4f26-9b59-b1299865a721,fa45e6fb-4502-41bb-bb80-a4a4149318ad,train,train
2be0c9f6-caf7-4f26-9b59-b1299865a721_mp4-0103_jpg.rf.821177b7dd664d84327621f37d4e3931.jpg,2be0c9f6-caf7-4f26-9b59-b1299865a721,fa45e6fb-4502-41bb-bb80-a4a4149318ad,train,train
2be0c9f6-caf7-4f26-9b59-b1299865a721_mp4-0104_jpg.rf.107e3f4db1615c84731369f29493bbec.jpg,2be0c9f6-caf7-4f26-9b59-b1299865a721,fa45e6fb-4502-41bb-bb80-a4a4149318ad,train,train
2be0c9f6-caf7-4f26-9b59-b1299865a721_mp4-0104_jpg.rf.abf956a75562b4e760832de1cc748630.jpg,2be0c9f6-caf7-4f26-9b59-b1299865a721,fa45e6fb-4502-41bb-bb80-a4a4149318ad,train,train
2be0c9f6-caf7-4f26-9b59-b1299865a721_mp4-0105_jpg.rf.043dd05fe4f43c76335c6ecd4c4c8fd5.jpg,2be0c9f6-caf7-4f26-9b59-b1299865a721,fa45e6fb-4502-41bb-bb80-a4a4149318ad,train,train
2be0c9f6-caf7-4f26-9b59-b1299865a721_mp4-0105_jpg.rf.d7e8e596d83321002688079da0885e1a.jpg,2be0c9f6-caf7-4f26-9b59-b1299865a721,fa45e6fb-4502-41bb-bb80-a4a4149318ad,train,train
2be0c9f6-caf7-4f26-9b59-b1299865a721_mp4-0107_jpg.rf.3c486991870da1cc84793144cb29bc56.jpg,2be0c9f6-caf7-4f26-9b59-b1299865a721,fa45e6fb-4502-41bb-bb80-a4a4149318ad,train,train
2be0c9f6-caf7-4f26-9b59-b1299865a721_mp4-0108_jpg.rf.fedb7acd40ca2ebf218649bfe9067b19.jpg,2be0c9f6-caf7-4f26-9b59-b1299865a721,fa45e6fb-4502-41bb-bb80-a4a4149318ad,train,train
2be0c9f6-caf7-4f26-9b59-b1299865a721_mp4-0108_jpg.rf.ff2d42fdd5b938e3db997304e214e029.jpg,2be0c9f6-caf7-4f26-9b59-b1299865a721,fa45e6fb-4502-41bb-bb80-a4a4149318ad,train,train
2be0c9f6-caf7-4f26-9b59-b1299865a721_mp4-0109_jpg.rf.c676d9dbefa81bebcad4af03d900d796.jpg,2be0c9f6-caf7-4f26-9b59-b1299865a721,fa45e6fb-4502-41bb-bb80-a4a4149318ad,train,train
2be0c9f6-caf7-4f26-9b59-b1299865a721_mp4-0111_jpg.rf.8fda76131094299d7dc0b4c83780d570.jpg,2be0c9f6-caf7-4f26-9b59-b1299865a721,fa45e6fb-4502-41bb-bb80-a4a4149318ad,train,train
2be0c9f6-caf7-4f26-9b59-b1299865a721_mp4-0113_jpg.rf.1f5e6209a180f53e4367f06b42068372.jpg,2be0c9f6-caf7-4f26-9b59-b1299865a721,fa45e6fb-4502-41bb-bb80-a4a4149318ad,train,train
2be0c9f6-caf7-4f26-9b59-b1299865a721_mp4-0113_jpg.rf.e86474ab939ac4ea2ce8a7d1eb03199f.jpg,2be0c9f6-caf7-4f26-9b59-b1299865a721,fa45e6fb-4502-41bb-bb80-a4a4149318ad,train,train
2be0c9f6-caf7-4f26-9b59-b1299865a721_mp4-0114_jpg.rf.090e24abec79047ba5b43e8612f40028.jpg,2be0c9f6-caf7-4f26-9b59-b1299865a721,fa45e6fb-4502-41bb-bb80-a4a4149318ad,train,train
2be0c9f6-caf7-4f26-9b59-b1299865a721_mp4-0116_jpg.rf.3edc6b55b2a3817ded9db14121476cae.jpg,2be0c9f6-caf7-4f26-9b59-b1299865a721,fa45e6fb-4502-41bb-bb80-a4a4149318ad,train,train
2be0c9f6-caf7-4f26-9b59-b1299865a721_mp4-0116_jpg.rf.48b74cd3ce1cb505b485155ff66e6b37.jpg,2be0c9f6-caf7-4f26-9b59-b1299865a721,fa45e6fb-4502-41bb-bb80-a4a4149318ad,train,train
2be0c9f6-caf7-4f26-9b59-b1299865a721_mp4-0117_jpg.rf.6d845494bc50c16a17269e667672be26.jpg,2be0c9f6-caf7-4f26-9b59-b1299865a721,fa45e6fb-4502-41bb-bb80-a4a4149318ad,train,train
2be0c9f6-caf7-4f26-9b59-b1299865a721_mp4-0117_jpg.rf.c53fc81296b0a8204f19980e983081b7.jpg,2be0c9f6-caf7-4f26-9b59-b1299865a721,fa45e6fb-4502-41bb-bb80-a4a4149318ad,train,train
2be0c9f6-caf7-4f26-9b59-b1299865a721_mp4-0118_jpg.rf.2e524aa481faaaa39764d42f5e4b17b5.jpg,2be0c9f6-caf7-4f26-9b59-b1299865a721,fa45e6fb-4502-41bb-bb80-a4a4149318ad,train,train
2be0c9f6-caf7-4f26-9b59-b1299865a721_mp4-0119_jpg.rf.efffa165412bbe7b485aa80b5bc47a27.jpg,2be0c9f6-caf7-4f26-9b59-b1299865a721,fa45e6fb-4502-41bb-bb80-a4a4149318ad,train,train
2be0c9f6-caf7-4f26-9b59-b1299865a721_mp4-0120_jpg.rf.327d9e0c0391913a7b11ae0aff3e2d62.jpg,2be0c9f6-caf7-4f26-9b59-b1299865a721,fa45e6fb-4502-41bb-bb80-a4a4149318ad,train,train
2be0c9f6-caf7-4f26-9b59-b1299865a721_mp4-0120_jpg.rf.d2c0e410209a7474ab2cef6851299e44.jpg,2be0c9f6-caf7-4f26-9b59-b1299865a721,fa45e6fb-4502-41bb-bb80-a4a4149318ad,train,train
2be0c9f6-caf7-4f26-9b59-b1299865a721_mp4-0121_jpg.rf.c4ab8aa8a1d67fcfe99e2e6848bea889.jpg,2be0c9f6-caf7-4f26-9b59-b1299865a721,fa45e6fb-4502-41bb-bb80-a4a4149318ad,train,train
2be0c9f6-caf7-4f26-9b59-b1299865a721_mp4-0121_jpg.rf.da78d13ff3214573b074af7e043b7648.jpg,2be0c9f6-caf7-4f26-9b59-b1299865a721,fa45e6fb-4502-41bb-bb80-a4a4149318ad,train,train
2be0c9f6-caf7-4f26-9b59-b1299865a721_mp4-0122_jpg.rf.b1b5d6f1d5afc88156ad36778fb81fd9.jpg,2be0c9f6-caf7-4f26-9b59-b1299865a721,fa45e6fb-4502-41bb-bb80-a4a4149318ad,train,train
2be0c9f6-caf7-4f26-9b59-b1299865a721_mp4-0123_jpg.rf.5537ccc803dcabedfe98ff7d629dd4c7.jpg,2be0c9f6-caf7-4f26-9b59-b1299865a721,fa45e6fb-4502-41bb-bb80-a4a4149318ad,train,train
2be0c9f6-caf7-4f26-9b59-b1299865a721_mp4-0123_jpg.rf.e31929fcd11a0ac4f02f96a11e7600d7.jpg,2be0c9f6-caf7-4f26-9b59-b1299865a721,fa45e6fb-4502-41bb-bb80-a4a4149318ad,train,train
2be0c9f6-caf7-4f26-9b59-b1299865a721_mp4-0124_jpg.rf.90680df2b481bcf97a04352f0b1e2adb.jpg,2be0c9f6-caf7-4f26-9b59-b1299865a721,fa45e6fb-4502-41bb-bb80-a4a4149318ad,train,train
2be0c9f6-caf7-4f26-9b59-b1299865a721_mp4-0124_jpg.rf.a3bdcbf807bd9fb82779238fb738b6ba.jpg,2be0c9f6-caf7-4f26-9b59-b1299865a721,fa45e6fb-4502-41bb-bb80-a4a4149318ad,train,train
2be0c9f6-caf7-4f26-9b59-b1299865a721_mp4-0127_jpg.rf.ed711136e911be675c3f43bdff65e2e5.jpg,2be0c9f6-caf7-4f26-9b59-b1299865a721,fa45e6fb-4502-41bb-bb80-a4a4149318ad,train,train
2be0c9f6-caf7-4f26-9b59-b1299865a721_mp4-0128_jpg.rf.128bcf3c296ceb2cd156948c4593f433.jpg,2be0c9f6-caf7-4f26-9b59-b1299865a721,fa45e6fb-4502-41bb-bb80-a4a4149318ad,train,train
2be0c9f6-caf7-4f26-9b59-b1299865a721_mp4-0128_jpg.rf.943e735920be82cac9e9cc595ed2c266.jpg,2be0c9f6-caf7-4f26-9b59-b1299865a721,fa45e6fb-4502-41bb-bb80-a4a4149318ad,train,train
2be0c9f6-caf7-4f26-9b59-b1299865a721_mp4-0129_jpg.rf.a99f3b61d381322037d7d45c85ba9ad3.jpg,2be0c9f6-caf7-4f26-9b59-b1299865a721,fa45e6fb-4502-41bb-bb80-a4a4149318ad,train,train
2be0c9f6-caf7-4f26-9b59-b1299865a721_mp4-0130_jpg.rf.d19ad79fddd6696667e185b21ff572fe.jpg,2be0c9f6-caf7-4f26-9b59-b1299865a721,fa45e6fb-4502-41bb-bb80-a4a4149318ad,train,train
2be0c9f6-caf7-4f26-9b59-b1299865a721_mp4-0130_jpg.rf.e5bfc167b6f6cd07347e91c3a22f4161.jpg,2be0c9f6-caf7-4f26-9b59-b1299865a721,fa45e6fb-4502-41bb-bb80-a4a4149318ad,train,train
2be0c9f6-caf7-4f26-9b59-b1299865a721_mp4-0131_jpg.rf.10465a5d496f2903f39e996c80530250.jpg,2be0c9f6-caf7-4f26-9b59-b1299865a721,fa45e6fb-4502-41bb-bb80-a4a4149318ad,train,train
2be0c9f6-caf7-4f26-9b59-b1299865a721_mp4-0133_jpg.rf.261735b9eb0ce4feacdc1da04d023f79.jpg,2be0c9f6-caf7-4f26-9b59-b1299865a721,fa45e6fb-4502-41bb-bb80-a4a4149318ad,train,train
2be0c9f6-caf7-4f26-9b59-b1299865a721_mp4-0133_jpg.rf.7e08b12d1fda20c61e51c84eeaae0609.jpg,2be0c9f6-caf7-4f26-9b59-b1299865a721,fa45e6fb-4502-41bb-bb80-a4a4149318ad,train,train
2be0c9f6-caf7-4f26-9b59-b1299865a721_mp4-0134_jpg.rf.f6b62b6a7a973c5f78ebe9110716fa33.jpg,2be0c9f6-caf7-4f26-9b59-b1299865a721,fa45e6fb-4502-41bb-bb80-a4a4149318ad,train,train
2be0c9f6-caf7-4f26-9b59-b1299865a721_mp4-0135_jpg.rf.63f681845e691ec57a811af9ac9979cb.jpg,2be0c9f6-caf7-4f26-9b59-b1299865a721,fa45e6fb-4502-41bb-bb80-a4a4149318ad,train,train
2be0c9f6-caf7-4f26-9b59-b1299865a721_mp4-0135_jpg.rf.80ad38e309c62aa5f0f8628a5de6f9ba.jpg,2be0c9f6-caf7-4f26-9b59-b1299865a721,fa45e6fb-4502-41bb-bb80-a4a4149318ad,train,train
2be0c9f6-caf7-4f26-9b59-b1299865a721_mp4-0136_jpg.rf.e01812a9c6c7d96bdaf68b40a3d1ca87.jpg,2be0c9f6-caf7-4f26-9b59-b1299865a721,fa45e6fb-4502-41bb-bb80-a4a4149318ad,train,train
2be0c9f6-caf7-4f26-9b59-b1299865a721_mp4-0137_jpg.rf.25e931eb3236a8cde8bc064348ef42d7.jpg,2be0c9f6-caf7-4f26-9b59-b1299865a721,fa45e6fb-4502-41bb-bb80-a4a4149318ad,train,train
2be0c9f6-caf7-4f26-9b59-b1299865a721_mp4-0138_jpg.rf.2a80e6c7e4ab23535d0d2f869c2bb1bf.jpg,2be0c9f6-caf7-4f26-9b59-b1299865a721,fa45e6fb-4502-41bb-bb80-a4a4149318ad,train,train
2be0c9f6-caf7-4f26-9b59-b1299865a721_mp4-0139_jpg.rf.b3504ad029a7efc2a7dd128b70952d39.jpg,2be0c9f6-caf7-4f26-9b59-b1299865a721,fa45e6fb-4502-41bb-bb80-a4a4149318ad,train,train
2be0c9f6-caf7-4f26-9b59-b1299865a721_mp4-0140_jpg.rf.4b85aa5fe29ac286f0ff09d56e86095d.jpg,2be0c9f6-caf7-4f26-9b59-b1299865a721,fa45e6fb-4502-41bb-bb80-a4a4149318ad,train,train
2be0c9f6-caf7-4f26-9b59-b1299865a721_mp4-0140_jpg.rf.7dfd441a8c2ff7ebba301d602b85b55c.jpg,2be0c9f6-caf7-4f26-9b59-b1299865a721,fa45e6fb-4502-41bb-bb80-a4a4149318ad,train,train
2be0c9f6-caf7-4f26-9b59-b1299865a721_mp4-0141_jpg.rf.000bbbb1aaca2b21d95064c97729d4d9.jpg,2be0c9f6-caf7-4f26-9b59-b1299865a721,fa45e6fb-4502-41bb-bb80-a4a4149318ad,train,train
2be0c9f6-caf7-4f26-9b59-b1299865a721_mp4-0144_jpg.rf.845ebf43a3521807d1c1f163c5820559.jpg,2be0c9f6-caf7-4f26-9b59-b1299865a721,fa45e6fb-4502-41bb-bb80-a4a4149318ad,train,train
2be0c9f6-caf7-4f26-9b59-b1299865a721_mp4-0147_jpg.rf.edb140fac52920ddf99c6a35bd182dcc.jpg,2be0c9f6-caf7-4f26-9b59-b1299865a721,fa45e6fb-4502-41bb-bb80-a4a4149318ad,train,train
2be0c9f6-caf7-4f26-9b59-b1299865a721_mp4-0149_jpg.rf.f49aee2e3c33098828b1b8699bf96443.jpg,2be0c9f6-caf7-4f26-9b59-b1299865a721,fa45e6fb-4502-41bb-bb80-a4a4149318ad,train,train
2be0c9f6-caf7-4f26-9b59-b1299865a721_mp4-0153_jpg.rf.b10935bf0feca7c1f06ec0bcdeeb22b4.jpg,2be0c9f6-caf7-4f26-9b59-b1299865a721,fa45e6fb-4502-41bb-bb80-a4a4149318ad,train,train
2be0c9f6-caf7-4f26-9b59-b1299865a721_mp4-0155_jpg.rf.966f4e0d8f1f20c294f755de1ea01cbd.jpg,2be0c9f6-caf7-4f26-9b59-b1299865a721,fa45e6fb-4502-41bb-bb80-a4a4149318ad,train,train
2be0c9f6-caf7-4f26-9b59-b1299865a721_mp4-0156_jpg.rf.2fbf937d083a651f9dcbaafddb1ed47a.jpg,2be0c9f6-caf7-4f26-9b59-b1299865a721,fa45e6fb-4502-41bb-bb80-a4a4149318ad,train,train
2be0c9f6-caf7-4f26-9b59-b1299865a721_mp4-0157_jpg.rf.0b33caa869c130a7dcc64fe483e3018e.jpg,2be0c9f6-caf7-4f26-9b59-b1299865a721,fa45e6fb-4502-41bb-bb80-a4a4149318ad,train,train
2be0c9f6-caf7-4f26-9b59-b1299865a721_mp4-0159_jpg.rf.db26b3a830cd50860554a822b8356c61.jpg,2be0c9f6-caf7-4f26-9b59-b1299865a721,fa45e6fb-4502-41bb-bb80-a4a4149318ad,train,train
2be0c9f6-caf7-4f26-9b59-b1299865a721_mp4-0161_jpg.rf.8f5ed6293b45bb22344598b509e84a6a.jpg,2be0c9f6-caf7-4f26-9b59-b1299865a721,fa45e6fb-4502-41bb-bb80-a4a4149318ad,train,train
2be0c9f6-caf7-4f26-9b59-b1299865a721_mp4-0162_jpg.rf.221f3abc99ff120fae488f600b537fd5.jpg,2be0c9f6-caf7-4f26-9b59-b1299865a721,fa45e6fb-4502-41bb-bb80-a4a4149318ad,train,train
2be0c9f6-caf7-4f26-9b59-b1299865a721_mp4-0164_jpg.rf.5ca16e4664c61fe6a8f272fde9ffdf1a.jpg,2be0c9f6-caf7-4f26-9b59-b1299865a721,fa45e6fb-4502-41bb-bb80-a4a4149318ad,train,train
2be0c9f6-caf7-4f26-9b59-b1299865a721_mp4-0166_jpg.rf.3c0fc89a7802d39586e2ae0dfdfe6bff.jpg,2be0c9f6-caf7-4f26-9b59-b1299865a721,fa45e6fb-4502-41bb-bb80-a4a4149318ad,train,train
2be0c9f6-caf7-4f26-9b59-b1299865a721_mp4-0167_jpg.rf.8ef2ae93d5598c7e49cdcda032269d50.jpg,2be0c9f6-caf7-4f26-9b59-b1299865a721,fa45e6fb-4502-41bb-bb80-a4a4149318ad,train,train
2be0c9f6-caf7-4f26-9b59-b1299865a721_mp4-0168_jpg.rf.1a74208ebbccff79450e3265437953f6.jpg,2be0c9f6-caf7-4f26-9b59-b1299865a721,fa45e6fb-4502-41bb-bb80-a4a4149318ad,train,train
2be0c9f6-caf7-4f26-9b59-b1299865a721_mp4-0169_jpg.rf.3bf49c0640cf733d6df17ec3f35f8de5.jpg,2be0c9f6-caf7-4f26-9b59-b1299865a721,fa45e6fb-4502-41bb-bb80-a4a4149318ad,train,train
2be0c9f6-caf7-4f26-9b59-b1299865a721_mp4-0171_jpg.rf.0a136648995d603d34ac120f78d9684a.jpg,2be0c9f6-caf7-4f26-9b59-b1299865a721,fa45e6fb-4502-41bb-bb80-a4a4149318ad,train,train
2be0c9f6-caf7-4f26-9b59-b1299865a721_mp4-0172_jpg.rf.841ce8daa179578ffab496080e30cb3f.jpg,2be0c9f6-caf7-4f26-9b59-b1299865a721,fa45e6fb-4502-41bb-bb80-a4a4149318ad,train,train
2f4b2f2f-9d1c-4a87-b5eb-75cd2824d881_jpg.rf.5e526e9dd311437b90f79db3ce16cc36.jpg,2f4b2f2f-9d1c-4a87-b5eb-75cd2824d881,2f4b2f2f-9d1c-4a87-b5eb-75cd2824d881,train,test
4a7f29af-8d1c-4a3b-90e6-b9cf771fd1c2_mp4-0000_jpg.rf.61f70bd881d319157bacaf2ca57ddf43.jpg,4a7f29af-8d1c-4a3b-90e6-b9cf771fd1c2,4a7f29af-8d1c-4a3b-90e6-b9cf771fd1c2,train,train
4a7f29af-8d1c-4a3b-90e6-b9cf771fd1c2_mp4-0001_jpg.rf.4ae44aba5bed72000c47a4db53e3ddcf.jpg,4a7f29af-8d1c-4a3b-90e6-b9cf771fd1c2,4a7f29af-8d1c-4a3b-90e6-b9cf771fd1c2,train,train
4a7f29af-8d1c-4a3b-90e6-b9cf771fd1c2_mp4-0002_jpg.rf.0622c2b32eb9c7c04f9a95cda88897b6.jpg,4a7f29af-8d1c-4a3b-90e6-b9cf771fd1c2,4a7f29af-8d1c-4a3b-90e6-b9cf771fd1c2,train,train
4a7f29af-8d1c-4a3b-90e6-b9cf771fd1c2_mp4-0003_jpg.rf.812a67f6c93154b14505ec4e8c1334bc.jpg,4a7f29af-8d1c-4a3b-90e6-b9cf771fd1c2,4a7f29af-8d1c-4a3b-90e6-b9cf771fd1c2,train,train
4a7f29af-8d1c-4a3b-90e6-b9cf771fd1c2_mp4-0005_jpg.rf.4029568a13b4cefffa50c3fa306ce847.jpg,4a7f29af-8d1c-4a3b-90e6-b9cf771fd1c2,4a7f29af-8d1c-4a3b-90e6-b9cf771fd1c2,train,train
4a7f29af-8d1c-4a3b-90e6-b9cf771fd1c2_mp4-0007_jpg.rf.f9a6061547e45afbd3f1886f601d0103.jpg,4a7f29af-8d1c-4a3b-90e6-b9cf771fd1c2,4a7f29af-8d1c-4a3b-90e6-b9cf771fd1c2,train,train
4a7f29af-8d1c-4a3b-90e6-b9cf771fd1c2_mp4-0008_jpg.rf.cc498e65908d010a757e52ebda8e959c.jpg,4a7f29af-8d1c-4a3b-90e6-b9cf771fd1c2,4a7f29af-8d1c-4a3b-90e6-b9cf771fd1c2,train,train
4a7f29af-8d1c-4a3b-90e6-b9cf771fd1c2_mp4-0010_jpg.rf.6c6bb2358201c2a22860891629c7318a.jpg,4a7f29af-8d1c-4a3b-90e6-b9cf771fd1c2,4a7f29af-8d1c-4a3b-90e6-b9cf771fd1c2,train,train
4a7f29af-8d1c-4a3b-90e6-b9cf771fd1c2_mp4-0011_jpg.rf.4932565fa45f1bc65f059cb14172f01a.jpg,4a7f29af-8d1c-4a3b-90e6-b9cf771fd1c2,4a7f29af-8d1c-4a3b-90e6-b9cf771fd1c2,train,train
4a7f29af-8d1c-4a3b-90e6-b9cf771fd1c2_mp4-0012_jpg.rf.1b970aa78c26fc9366aca7e8fa449e11.jpg,4a7f29af-8d1c-4a3b-90e6-b9cf771fd1c2,4a7f29af-8d1c-4a3b-90e6-b9cf771fd1c2,train,train
4a7f29af-8d1c-4a3b-90e6-b9cf771fd1c2_mp4-0015_jpg.rf.99ad5342f8d9c59ba0f3efca3cc6b2a0.jpg,4a7f29af-8d1c-4a3b-90e6-b9cf771fd1c2,4a7f29af-8d1c-4a3b-90e6-b9cf771fd1c2,train,train
4a7f29af-8d1c-4a3b-90e6-b9cf771fd1c2_mp4-0018_jpg.rf.085d6610b2ede4488a10e91f49780db8.jpg,4a7f29af-8d1c-4a3b-90e6-b9cf771fd1c2,4a7f29af-8d1c-4a3b-90e6-b9cf771fd1c2,train,train
4a7f29af-8d1c-4a3b-90e6-b9cf771fd1c2_mp4-0019_jpg.rf.54d4cb985b60a005e5f4cee516b7c7c4.jpg,4a7f29af-8d1c-4a3b-90e6-b9cf771fd1c2,4a7f29af-8d1c-4a3b-90e6-b9cf771fd1c2,train,train
4a7f29af-8d1c-4a3b-90e6-b9cf771fd1c2_mp4-0020_jpg.rf.316be383423a8375b7e2dee583b70f07.jpg,4a7f29af-8d1c-4a3b-90e6-b9cf771fd1c2,4a7f29af-8d1c-4a3b-90e6-b9cf771fd1c2,train,train
4a7f29af-8d1c-4a3b-90e6-b9cf771fd1c2_mp4-0021_jpg.rf.93c2e2ce78eddbad8d739c27c6c83641.jpg,4a7f29af-8d1c-4a3b-90e6-b9cf771fd1c2,4a7f29af-8d1c-4a3b-90e6-b9cf771fd1c2,train,train
4a7f29af-8d1c-4a3b-90e6-b9cf771fd1c2_mp4-0022_jpg.rf.b23799f21d7703926584ba538c3b82b9.jpg,4a7f29af-8d1c-4a3b-90e6-b9cf771fd1c2,4a7f29af-8d1c-4a3b-90e6-b9cf771fd1c2,train,train
4a7f29af-8d1c-4a3b-90e6-b9cf771fd1c2_mp4-0023_jpg.rf.0ae11d88024723a89b989f82ca56b68d.jpg,4a7f29af-8d1c-4a3b-90e6-b9cf771fd1c2,4a7f29af-8d1c-4a3b-90e6-b9cf771fd1c2,train,train
4a7f29af-8d1c-4a3b-90e6-b9cf771fd1c2_mp4-0024_jpg.rf.d41e32c8582986548fcdd5f693b64ca3.jpg,4a7f29af-8d1c-4a3b-90e6-b9cf771fd1c2,4a7f29af-8d1c-4a3b-90e6-b9cf771fd1c2,train,train
4a7f29af-8d1c-4a3b-90e6-b9cf771fd1c2_mp4-0025_jpg.rf.23cac51403d12409baf1c884e52b9352.jpg,4a7f29af-8d1c-4a3b-90e6-b9cf771fd1c2,4a7f29af-8d1c-4a3b-90e6-b9cf771fd1c2,train,train
4a7f29af-8d1c-4a3b-90e6-b9cf771fd1c2_mp4-0026_jpg.rf.442a738cddbb8c411bbc379d36cd23c7.jpg,4a7f29af-8d1c-4a3b-90e6-b9cf771fd1c2,4a7f29af-8d1c-4a3b-90e6-b9cf771fd1c2,train,train
4a7f29af-8d1c-4a3b-90e6-b9cf771fd1c2_mp4-0027_jpg.rf.128e7defd237d1ce5a807abc6683b63a.jpg,4a7f29af-8d1c-4a3b-90e6-b9cf771fd1c2,4a7f29af-8d1c-4a3b-90e6-b9cf771fd1c2,train,train
4a7f29af-8d1c-4a3b-90e6-b9cf771fd1c2_mp4-0028_jpg.rf.ad554ae1f5377c54ecb9e1af848014f5.jpg,4a7f29af-8d1c-4a3b-90e6-b9cf771fd1c2,4a7f29af-8d1c-4a3b-90e6-b9cf771fd1c2,train,train
4a7f29af-8d1c-4a3b-90e6-b9cf771fd1c2_mp4-0032_jpg.rf.51d947991fe6bb574941dc63b42a9b24.jpg,4a7f29af-8d1c-4a3b-90e6-b9cf771fd1c2,4a7f29af-8d1c-4a3b-90e6-b9cf771fd1c2,train,train
4a7f29af-8d1c-4a3b-90e6-b9cf771fd1c2_mp4-0034_jpg.rf.59a382a2021cfe94f2c1d99dbdc9dafe.jpg,4a7f29af-8d1c-4a3b-90e6-b9cf771fd1c2,4a7f29af-8d1c-4a3b-90e6-b9cf771fd1c2,train,train
4a7f29af-8d1c-4a3b-90e6-b9cf771fd1c2_mp4-0035_jpg.rf.f95331c3a7483c6de60d64027fd8d552.jpg,4a7f29af-8d1c-4a3b-90e6-b9cf771fd1c2,4a7f29af-8d1c-4a3b-90e6-b9cf771fd1c2,train,train
4a7f29af-8d1c-4a3b-90e6-b9cf771fd1c2_mp4-0036_jpg.rf.1acc351b5514b36770b23799e98e9564.jpg,4a7f29af-8d1c-4a3b-90e6-b9cf771fd1c2,4a7f29af-8d1c-4a3b-90e6-b9cf771fd1c2,train,train
4a7f29af-8d1c-4a3b-90e6-b9cf771fd1c2_mp4-0037_jpg.rf.e92bbc93cecc78b183ca26a334bf9304.jpg,4a7f29af-8d1c-4a3b-90e6-b9cf771fd1c2,4a7f29af-8d1c-4a3b-90e6-b9cf771fd1c2,train,train
4a7f29af-8d1c-4a3b-90e6-b9cf771fd1c2_mp4-0038_jpg.rf.04e5c1902270a9a7d71474dd6b6b9c2f.jpg,4a7f29af-8d1c-4a3b-90e6-b9cf771fd1c2,4a7f29af-8d1c-4a3b-90e6-b9cf771fd1c2,train,train
4a7f29af-8d1c-4a3b-90e6-b9cf771fd1c2_mp4-0039_jpg.rf.0772b5190874db6f0368465482344e70.jpg,4a7f29af-8d1c-4a3b-90e6-b9cf771fd1c2,4a7f29af-8d1c-4a3b-90e6-b9cf771fd1c2,train,train
4a7f29af-8d1c-4a3b-90e6-b9cf771fd1c2_mp4-0040_jpg.rf.f438a78be17ba3ddbebc0a398c0ac751.jpg,4a7f29af-8d1c-4a3b-90e6-b9cf771fd1c2,4a7f29af-8d1c-4a3b-90e6-b9cf771fd1c2,train,train
4a7f29af-8d1c-4a3b-90e6-b9cf771fd1c2_mp4-0041_jpg.rf.7b314d67b7173cd2e8725a214b6a3951.jpg,4a7f29af-8d1c-4a3b-90e6-b9cf771fd1c2,4a7f29af-8d1c-4a3b-90e6-b9cf771fd1c2,train,train
4a7f29af-8d1c-4a3b-90e6-b9cf771fd1c2_mp4-0042_jpg.rf.c4157de8acebad6987f7701b1e30a9e9.jpg,4a7f29af-8d1c-4a3b-90e6-b9cf771fd1c2,4a7f29af-8d1c-4a3b-90e6-b9cf771fd1c2,train,train
4a7f29af-8d1c-4a3b-90e6-b9cf771fd1c2_mp4-0045_jpg.rf.a71fe78b4ac22532fa3298b36d7b9704.jpg,4a7f29af-8d1c-4a3b-90e6-b9cf771fd1c2,4a7f29af-8d1c-4a3b-90e6-b9cf771fd1c2,train,train
4a7f29af-8d1c-4a3b-90e6-b9cf771fd1c2_mp4-0046_jpg.rf.4ec809496db8fea2dc29a2b7aad8e547.jpg,4a7f29af-8d1c-4a3b-90e6-b9cf771fd1c2,4a7f29af-8d1c-4a3b-90e6-b9cf771fd1c2,train,train
5079fbab-a649-4a32-b4de-6ffd03974c2b_mp4-0000_jpg.rf.85f5626cf6b7e24cd779e990ac7e61ee.jpg,5079fbab-a649-4a32-b4de-6ffd03974c2b,5079fbab-a649-4a32-b4de-6ffd03974c2b,train,test
5079fbab-a649-4a32-b4de-6ffd03974c2b_mp4-0001_jpg.rf.a7687d304ba73502041f21f77b5cf57c.jpg,5079fbab-a649-4a32-b4de-6ffd03974c2b,5079fbab-a649-4a32-b4de-6ffd03974c2b,train,test
5d14519a-5463-48e4-be39-5ac0f51b2859_jpg.rf.907a50e15248cfffca6b3bd3a142bc22.jpg,5d14519a-5463-48e4-be39-5ac0f51b2859,5d14519a-5463-48e4-be39-5ac0f51b2859,train,test
5d81688a-7f52-42a4-b81d-822c2d2319a3_mp4-0000_jpg.rf.76551e5cc2427edc0804f7c5d8a2e0f4.jpg,5d81688a-7f52-42a4-b81d-822c2d2319a3,5d81688a-7f52-42a4-b81d-822c2d2319a3,train,train
5d81688a-7f52-42a4-b81d-822c2d2319a3_mp4-0002_jpg.rf.9000cbfca1d2465a4d324e556cb94761.jpg,5d81688a-7f52-42a4-b81d-822c2d2319a3,5d81688a-7f52-42a4-b81d-822c2d2319a3,train,train
5d81688a-7f52-42a4-b81d-822c2d2319a3_mp4-0004_jpg.rf.f060697417d76985910d9a79c4e2e95c.jpg,5d81688a-7f52-42a4-b81d-822c2d2319a3,5d81688a-7f52-42a4-b81d-822c2d2319a3,train,train
5d81688a-7f52-42a4-b81d-822c2d2319a3_mp4-0005_jpg.rf.4495f29d2008f5f4141085778f6497b4.jpg,5d81688a-7f52-42a4-b81d-822c2d2319a3,5d81688a-7f52-42a4-b81d-822c2d2319a3,train,train
5d81688a-7f52-42a4-b81d-822c2d2319a3_mp4-0006_jpg.rf.ceb01e59e632d243d2a430d4041db494.jpg,5d81688a-7f52-42a4-b81d-822c2d2319a3,5d81688a-7f52-42a4-b81d-822c2d2319a3,train,train
5d81688a-7f52-42a4-b81d-822c2d2319a3_mp4-0007_jpg.rf.89a1beaa25229823d16718a850e49f24.jpg,5d81688a-7f52-42a4-b81d-822c2d2319a3,5d81688a-7f52-42a4-b81d-822c2d2319a3,train,train
5d81688a-7f52-42a4-b81d-822c2d2319a3_mp4-0008_jpg.rf.9363faedcf88c32199e2155ee91f483b.jpg,5d81688a-7f52-42a4-b81d-822c2d2319a3,5d81688a-7f52-42a4-b81d-822c2d2319a3,train,train
5d81688a-7f52-42a4-b81d-822c2d2319a3_mp4-0010_jpg.rf.2ed1dbbf1d65af4173b5fc00d9f630cf.jpg,5d81688a-7f52-42a4-b81d-822c2d2319a3,5d81688a-7f52-42a4-b81d-822c2d2319a3,train,train
5d81688a-7f52-42a4-b81d-822c2d2319a3_mp4-0011_jpg.rf.4c26afaf43ef534211ca5ed98c757dbc.jpg,5d81688a-7f52-42a4-b81d-822c2d2319a3,5d81688a-7f52-42a4-b81d-822c2d2319a3,train,train
5d81688a-7f52-42a4-b81d-822c2d2319a3_mp4-0013_jpg.rf.0105f5b70ccf22406342118711037183.jpg,5d81688a-7f52-42a4-b81d-822c2d2319a3,5d81688a-7f52-42a4-b81d-822c2d2319a3,train,train
5d81688a-7f52-42a4-b81d-822c2d2319a3_mp4-0014_jpg.rf.b2280777c686d49642251ee3a77a183a.jpg,5d81688a-7f52-42a4-b81d-822c2d2319a3,5d81688a-7f52-42a4-b81d-822c2d2319a3,train,train
5d81688a-7f52-42a4-b81d-822c2d2319a3_mp4-0015_jpg.rf.9de4f1e4ad19362686fad40466c2dfdf.jpg,5d81688a-7f52-42a4-b81d-822c2d2319a3,5d81688a-7f52-42a4-b81d-822c2d2319a3,train,train
5d81688a-7f52-42a4-b81d-822c2d2319a3_mp4-0017_jpg.rf.993fd18bd74a412c1d9d59072d196954.jpg,5d81688a-7f52-42a4-b81d-822c2d2319a3,5d81688a-7f52-42a4-b81d-822c2d2319a3,train,train
5d81688a-7f52-42a4-b81d-822c2d2319a3_mp4-0019_jpg.rf.f42e54b8031ccdd8ba113081865d516a.jpg,5d81688a-7f52-42a4-b81d-822c2d2319a3,5d81688a-7f52-42a4-b81d-822c2d2319a3,train,train
5d81688a-7f52-42a4-b81d-822c2d2319a3_mp4-0020_jpg.rf.3d45a99ba5b55c89fa3bff0a15b62c71.jpg,5d81688a-7f52-42a4-b81d-822c2d2319a3,5d81688a-7f52-42a4-b81d-822c2d2319a3,train,train
6459c886-45a3-4065-82bc-2ed15b2875b0_mp4-0001_jpg.rf.53ee81dce767b3f61430daf9a5f99bbe.jpg,6459c886-45a3-4065-82bc-2ed15b2875b0,6459c886-45a3-4065-82bc-2ed15b2875b0,train,valid
6459c886-45a3-4065-82bc-2ed15b2875b0_mp4-0003_jpg.rf.2ce7617900d24b70c86942142f8ccb40.jpg,6459c886-45a3-4065-82bc-2ed15b2875b0,6459c886-45a3-4065-82bc-2ed15b2875b0,train,valid
6459c886-45a3-4065-82bc-2ed15b2875b0_mp4-0004_jpg.rf.4efd88794fb42629e2013ca1396653df.jpg,6459c886-45a3-4065-82bc-2ed15b2875b0,6459c886-45a3-4065-82bc-2ed15b2875b0,train,valid
6459c886-45a3-4065-82bc-2ed15b2875b0_mp4-0005_jpg.rf.3eccc9a6aab88b4f6bfed6a21d1d5387.jpg,6459c886-45a3-4065-82bc-2ed15b2875b0,6459c886-45a3-4065-82bc-2ed15b2875b0,train,valid
6459c886-45a3-4065-82bc-2ed15b2875b0_mp4-0006_jpg.rf.08c7d17139fc55d82177e4d0a38ac474.jpg,6459c886-45a3-4065-82bc-2ed15b2875b0,6459c886-45a3-4065-82bc-2ed15b2875b0,train,valid
6459c886-45a3-4065-82bc-2ed15b2875b0_mp4-0007_jpg.rf.5ceb0cec03e05324b291ecbd1e34a88c.jpg,6459c886-45a3-4065-82bc-2ed15b2875b0,6459c886-45a3-4065-82bc-2ed15b2875b0,train,valid
6459c886-45a3-4065-82bc-2ed15b2875b0_mp4-0008_jpg.rf.39185efe1a9ecf0f4d629264e5f53586.jpg,6459c886-45a3-4065-82bc-2ed15b2875b0,6459c886-45a3-4065-82bc-2ed15b2875b0,train,valid
6459c886-45a3-4065-82bc-2ed15b2875b0_mp4-0009_jpg.rf.71c2cc61030fd6062b1e778ba321af0c.jpg,6459c886-45a3-4065-82bc-2ed15b2875b0,6459c886-45a3-4065-82bc-2ed15b2875b0,train,valid
6459c886-45a3-4065-82bc-2ed15b2875b0_mp4-0010_jpg.rf.6fd8481a5f394a8dce124329db91c409.jpg,6459c886-45a3-4065-82bc-2ed15b2875b0,6459c886-45a3-4065-82bc-2ed15b2875b0,train,valid
6459c886-45a3-4065-82bc-2ed15b2875b0_mp4-0011_jpg.rf.454d2b5d85c3861c68f64bda6bccb601.jpg,6459c886-45a3-4065-82bc-2ed15b2875b0,6459c886-45a3-4065-82bc-2ed15b2875b0,train,valid
6459c886-45a3-4065-82bc-2ed15b2875b0_mp4-0012_jpg.rf.98295bc37e2e1dfb3ca85dcb301904dd.jpg,6459c886-45a3-4065-82bc-2ed15b2875b0,6459c886-45a3-4065-82bc-2ed15b2875b0,train,valid
6459c886-45a3-4065-82bc-2ed15b2875b0_mp4-0013_jpg.rf.b1102e9646996f5bd124202d0bd977e8.jpg,6459c886-45a3-4065-82bc-2ed15b2875b0,6459c886-45a3-4065-82bc-2ed15b2875b0,train,valid
6459c886-45a3-4065-82bc-2ed15b2875b0_mp4-0016_jpg.rf.5b4c36bdf2259305c1a9ae3b6c8985e3.jpg,6459c886-45a3-4065-82bc-2ed15b2875b0,6459c886-45a3-4065-82bc-2ed15b2875b0,train,valid
6459c886-45a3-4065-82bc-2ed15b2875b0_mp4-0017_jpg.rf.585b1d7589635fab26423e046f767929.jpg,6459c886-45a3-4065-82bc-2ed15b2875b0,6459c886-45a3-4065-82bc-2ed15b2875b0,train,valid
6459c886-45a3-4065-82bc-2ed15b2875b0_mp4-0018_jpg.rf.8f799cd668fb343d8c1e50a5766df881.jpg,6459c886-45a3-4065-82bc-2ed15b2875b0,6459c886-45a3-4065-82bc-2ed15b2875b0,train,valid
6459c886-45a3-4065-82bc-2ed15b2875b0_mp4-0019_jpg.rf.dd1d3bc3e19a5c80cfab827da654197f.jpg,6459c886-45a3-4065-82bc-2ed15b2875b0,6459c886-45a3-4065-82bc-2ed15b2875b0,train,valid
6459c886-45a3-4065-82bc-2ed15b2875b0_mp4-0021_jpg.rf.c67a3c99ba35af6506a71914682e1d19.jpg,6459c886-45a3-4065-82bc-2ed15b2875b0,6459c886-45a3-4065-82bc-2ed15b2875b0,train,valid
6459c886-45a3-4065-82bc-2ed15b2875b0_mp4-0022_jpg.rf.42032d459ad6305b37fcf24e2cb18076.jpg,6459c886-45a3-4065-82bc-2ed15b2875b0,6459c886-45a3-4065-82bc-2ed15b2875b0,train,valid
6459c886-45a3-4065-82bc-2ed15b2875b0_mp4-0025_jpg.rf.ba3c4bbcb392f4027fc027906b75ecf6.jpg,6459c886-45a3-4065-82bc-2ed15b2875b0,6459c886-45a3-4065-82bc-2ed15b2875b0,train,valid
6459c886-45a3-4065-82bc-2ed15b2875b0_mp4-0027_jpg.rf.37a79ca8ccf7c9a1260ec9c3f5a4c913.jpg,6459c886-45a3-4065-82bc-2ed15b2875b0,6459c886-45a3-4065-82bc-2ed15b2875b0,train,valid
6459c886-45a3-4065-82bc-2ed15b2875b0_mp4-0028_jpg.rf.2d1e5f2ec8d688fe63e051f7433d36fa.jpg,6459c886-45a3-4065-82bc-2ed15b2875b0,6459c886-45a3-4065-82bc-2ed15b2875b0,train,valid
6459c886-45a3-4065-82bc-2ed15b2875b0_mp4-0029_jpg.rf.b8cc677b71bb1adc13964af2a524e703.jpg,6459c886-45a3-4065-82bc-2ed15b2875b0,6459c886-45a3-4065-82bc-2ed15b2875b0,train,valid
6459c886-45a3-4065-82bc-2ed15b2875b0_mp4-0031_jpg.rf.beb1338020cd85dd0f0ea37d14c4e7ae.jpg,6459c886-45a3-4065-82bc-2ed15b2875b0,6459c886-45a3-4065-82bc-2ed15b2875b0,train,valid
6459c886-45a3-4065-82bc-2ed15b2875b0_mp4-0032_jpg.rf.65eab879a4755e4a7dcc04989f425fd8.jpg,6459c886-45a3-4065-82bc-2ed15b2875b0,6459c886-45a3-4065-82bc-2ed15b2875b0,train,valid
6459c886-45a3-4065-82bc-2ed15b2875b0_mp4-0033_jpg.rf.3a4fe5d13c77a207920c29a43066c623.jpg,6459c886-45a3-4065-82bc-2ed15b2875b0,6459c886-45a3-4065-82bc-2ed15b2875b0,train,valid
6459c886-45a3-4065-82bc-2ed15b2875b0_mp4-0034_jpg.rf.d91c04608de298b90e33387233420e05.jpg,6459c886-45a3-4065-82bc-2ed15b2875b0,6459c886-45a3-4065-82bc-2ed15b2875b0,train,valid
6459c886-45a3-4065-82bc-2ed15b2875b0_mp4-0036_jpg.rf.3d937d9c82e4cfbffa9611ad7c3dfe23.jpg,6459c886-45a3-4065-82bc-2ed15b2875b0,6459c886-45a3-4065-82bc-2ed15b2875b0,train,valid
6459c886-45a3-4065-82bc-2ed15b2875b0_mp4-0037_jpg.rf.aa334ccbce7bdd786b3be95ac71f1078.jpg,6459c886-45a3-4065-82bc-2ed15b2875b0,6459c886-45a3-4065-82bc-2ed15b2875b0,train,valid
6459c886-45a3-4065-82bc-2ed15b2875b0_mp4-0038_jpg.rf.083c468f9daea52e428a05cb435d9118.jpg,6459c886-45a3-4065-82bc-2ed15b2875b0,6459c886-45a3-4065-82bc-2ed15b2875b0,train,valid
6459c886-45a3-4065-82bc-2ed15b2875b0_mp4-0039_jpg.rf.d178b941430881ee8df5d0f086cc0332.jpg,6459c886-45a3-4065-82bc-2ed15b2875b0,6459c886-45a3-4065-82bc-2ed15b2875b0,train,valid
6459c886-45a3-4065-82bc-2ed15b2875b0_mp4-0041_jpg.rf.f375479729346cd809c2509bd6f23a0c.jpg,6459c886-45a3-4065-82bc-2ed15b2875b0,6459c886-45a3-4065-82bc-2ed15b2875b0,train,valid
6459c886-45a3-4065-82bc-2ed15b2875b0_mp4-0042_jpg.rf.d180876fdde0f3d552ba675013a519cf.jpg,6459c886-45a3-4065-82bc-2ed15b2875b0,6459c886-45a3-4065-82bc-2ed15b2875b0,train,valid
6459c886-45a3-4065-82bc-2ed15b2875b0_mp4-0043_jpg.rf.d477ccbcbbad1175da643baa74979555.jpg,6459c886-45a3-4065-82bc-2ed15b2875b0,6459c886-45a3-4065-82bc-2ed15b2875b0,train,valid
6459c886-45a3-4065-82bc-2ed15b2875b0_mp4-0044_jpg.rf.bbf56897c506d95f4f96af5c4db83766.jpg,6459c886-45a3-4065-82bc-2ed15b2875b0,6459c886-45a3-4065-82bc-2ed15b2875b0,train,valid
6459c886-45a3-4065-82bc-2ed15b2875b0_mp4-0045_jpg.rf.041cc6fce199002b546833abe29c0046.jpg,6459c886-45a3-4065-82bc-2ed15b2875b0,6459c886-45a3-4065-82bc-2ed15b2875b0,train,valid
6459c886-45a3-4065-82bc-2ed15b2875b0_mp4-0046_jpg.rf.70a870254f6a2b35760ae23b72c1465b.jpg,6459c886-45a3-4065-82bc-2ed15b2875b0,6459c886-45a3-4065-82bc-2ed15b2875b0,train,valid
68935cd9-3fa0-403f-ba48-4764b89115a0_jpg.rf.cba60b875e151d124bab08a28944bf6a.jpg,68935cd9-3fa0-403f-ba48-4764b89115a0,68935cd9-3fa0-403f-ba48-4764b89115a0,train,test
6f40fbbd-891e-434b-a1ec-365668a5ae66_mp4-0019_jpg.rf.67467d461ce67785fded46e756ab65f3.jpg,6f40fbbd-891e-434b-a1ec-365668a5ae66,6f40fbbd-891e-434b-a1ec-365668a5ae66,train,train
6f40fbbd-891e-434b-a1ec-365668a5ae66_mp4-0020_jpg.rf.daa7a449a82f04caea62a9098b374f1f.jpg,6f40fbbd-891e-434b-a1ec-365668a5ae66,6f40fbbd-891e-434b-a1ec-365668a5ae66,train,train
6f40fbbd-891e-434b-a1ec-365668a5ae66_mp4-0021_jpg.rf.47250fc945f51b6b8f403647b2c44be9.jpg,6f40fbbd-891e-434b-a1ec-365668a5ae66,6f40fbbd-891e-434b-a1ec-365668a5ae66,train,train
6f40fbbd-891e-434b-a1ec-365668a5ae66_mp4-0023_jpg.rf.f931e0becf05deb4411ca3e6e2770b07.jpg,6f40fbbd-891e-434b-a1ec-365668a5ae66,6f40fbbd-891e-434b-a1ec-365668a5ae66,train,train
6f40fbbd-891e-434b-a1ec-365668a5ae66_mp4-0025_jpg.rf.34fbaa7814d4e29abbb352f6231501d1.jpg,6f40fbbd-891e-434b-a1ec-365668a5ae66,6f40fbbd-891e-434b-a1ec-365668a5ae66,train,train
6f40fbbd-891e-434b-a1ec-365668a5ae66_mp4-0026_jpg.rf.38978c62f627fa74eae593503daeca83.jpg,6f40fbbd-891e-434b-a1ec-365668a5ae66,6f40fbbd-891e-434b-a1ec-365668a5ae66,train,train
6f40fbbd-891e-434b-a1ec-365668a5ae66_mp4-0029_jpg.rf.0a2cb430b008a99e3d1679f8ed6c0187.jpg,6f40fbbd-891e-434b-a1ec-365668a5ae66,6f40fbbd-891e-434b-a1ec-365668a5ae66,train,train
6f40fbbd-891e-434b-a1ec-365668a5ae66_mp4-0030_jpg.rf.6a4e498bf035c0effcf652bd54c67e4a.jpg,6f40fbbd-891e-434b-a1ec-365668a5ae66,6f40fbbd-891e-434b-a1ec-365668a5ae66,train,train
6f40fbbd-891e-434b-a1ec-365668a5ae66_mp4-0031_jpg.rf.6f2766a0c200c280be7e038035404a5c.jpg,6f40fbbd-891e-434b-a1ec-365668a5ae66,6f40fbbd-891e-434b-a1ec-365668a5ae66,train,train
6f40fbbd-891e-434b-a1ec-365668a5ae66_mp4-0033_jpg.rf.76e9f1748d45c32cde80ab02632f0fa9.jpg,6f40fbbd-891e-434b-a1ec-365668a5ae66,6f40fbbd-891e-434b-a1ec-365668a5ae66,train,train
6f40fbbd-891e-434b-a1ec-365668a5ae66_mp4-0034_jpg.rf.4cee857cad3d31117219cb2284c214df.jpg,6f40fbbd-891e-434b-a1ec-365668a5ae66,6f40fbbd-891e-434b-a1ec-365668a5ae66,train,train
6f40fbbd-891e-434b-a1ec-365668a5ae66_mp4-0035_jpg.rf.e91d7872f5c0577472bb4caeb599d9b3.jpg,6f40fbbd-891e-434b-a1ec-365668a5ae66,6f40fbbd-891e-434b-a1ec-365668a5ae66,train,train
6f40fbbd-891e-434b-a1ec-365668a5ae66_mp4-0036_jpg.rf.7c20c7b91f239afa40aea5a64d92bb71.jpg,6f40fbbd-891e-434b-a1ec-365668a5ae66,6f40fbbd-891e-434b-a1ec-365668a5ae66,train,train
6f40fbbd-891e-434b-a1ec-365668a5ae66_mp4-0037_jpg.rf.ced76ca9b54ca7e4a8c44b7eff4f569d.jpg,6f40fbbd-891e-434b-a1ec-365668a5ae66,6f40fbbd-891e-434b-a1ec-365668a5ae66,train,train
6f40fbbd-891e-434b-a1ec-365668a5ae66_mp4-0038_jpg.rf.7ade8b8402b3797dec8432781d8e06d9.jpg,6f40fbbd-891e-434b-a1ec-365668a5ae66,6f40fbbd-891e-434b-a1ec-365668a5ae66,train,train
6f40fbbd-891e-434b-a1ec-365668a5ae66_mp4-0039_jpg.rf.d18816f4cf811210cdc8736dc696965b.jpg,6f40fbbd-891e-434b-a1ec-365668a5ae66,6f40fbbd-891e-434b-a1ec-365668a5ae66,train,train
6f40fbbd-891e-434b-a1ec-365668a5ae66_mp4-0040_jpg.rf.5383ffa84007b489fff44eef2f5a8f25.jpg,6f40fbbd-891e-434b-a1ec-365668a5ae66,6f40fbbd-891e-434b-a1ec-365668a5ae66,train,train
6f40fbbd-891e-434b-a1ec-365668a5ae66_mp4-0041_jpg.rf.aaeac167e8d2500845e817fff25ca4bd.jpg,6f40fbbd-891e-434b-a1ec-365668a5ae66,6f40fbbd-891e-434b-a1ec-365668a5ae66,train,train
6f40fbbd-891e-434b-a1ec-365668a5ae66_mp4-0043_jpg.rf.042bc0ed99d93a91d176926d06fce138.jpg,6f40fbbd-891e-434b-a1ec-365668a5ae66,6f40fbbd-891e-434b-a1ec-365668a5ae66,train,train
6f40fbbd-891e-434b-a1ec-365668a5ae66_mp4-0044_jpg.rf.c83f54d20d9163951235283fc9ca78ac.jpg,6f40fbbd-891e-434b-a1ec-365668a5ae66,6f40fbbd-891e-434b-a1ec-365668a5ae66,train,train
6f40fbbd-891e-434b-a1ec-365668a5ae66_mp4-0047_jpg.rf.8f713fbf96978090cb826bd0f7be3392.jpg,6f40fbbd-891e-434b-a1ec-365668a5ae66,6f40fbbd-891e-434b-a1ec-365668a5ae66,train,train
6f40fbbd-891e-434b-a1ec-365668a5ae66_mp4-0048_jpg.rf.a5505d17ed6a669e22b0cabae5c8e22a.jpg,6f40fbbd-891e-434b-a1ec-365668a5ae66,6f40fbbd-891e-434b-a1ec-365668a5ae66,train,train
6f40fbbd-891e-434b-a1ec-365668a5ae66_mp4-0049_jpg.rf.259cc9769ea8b554acc1ad962545b526.jpg,6f40fbbd-891e-434b-a1ec-365668a5ae66,6f40fbbd-891e-434b-a1ec-365668a5ae66,train,train
6f40fbbd-891e-434b-a1ec-365668a5ae66_mp4-0051_jpg.rf.a97878591d42f5e1770c0cc83bfca866.jpg,6f40fbbd-891e-434b-a1ec-365668a5ae66,6f40fbbd-891e-434b-a1ec-365668a5ae66,train,train
6f40fbbd-891e-434b-a1ec-365668a5ae66_mp4-0052_jpg.rf.7b536d7298926b73b87c60fdc3e5662e.jpg,6f40fbbd-891e-434b-a1ec-365668a5ae66,6f40fbbd-891e-434b-a1ec-365668a5ae66,train,train
6f40fbbd-891e-434b-a1ec-365668a5ae66_mp4-0053_jpg.rf.593540f59576b78a065c4a769636a70e.jpg,6f40fbbd-891e-434b-a1ec-365668a5ae66,6f40fbbd-891e-434b-a1ec-365668a5ae66,train,train
6f40fbbd-891e-434b-a1ec-365668a5ae66_mp4-0055_jpg.rf.d20801bde4cd8f7f1051335a06324bc3.jpg,6f40fbbd-891e-434b-a1ec-365668a5ae66,6f40fbbd-891e-434b-a1ec-365668a5ae66,train,train
6f40fbbd-891e-434b-a1ec-365668a5ae66_mp4-0056_jpg.rf.21bd23da35044f9815eee9e9ef3e87d1.jpg,6f40fbbd-891e-434b-a1ec-365668a5ae66,6f40fbbd-891e-434b-a1ec-365668a5ae66,train,train
6f40fbbd-891e-434b-a1ec-365668a5ae66_mp4-0057_jpg.rf.c78b918ef493cb73e07ad6877888d605.jpg,6f40fbbd-891e-434b-a1ec-365668a5ae66,6f40fbbd-891e-434b-a1ec-365668a5ae66,train,train
6f40fbbd-891e-434b-a1ec-365668a5ae66_mp4-0058_jpg.rf.0873c208e1f9e4073fda6a56a6683fae.jpg,6f40fbbd-891e-434b-a1ec-365668a5ae66,6f40fbbd-891e-434b-a1ec-365668a5ae66,train,train
6f40fbbd-891e-434b-a1ec-365668a5ae66_mp4-0060_jpg.rf.8946390dd3aabee807b652eec0b5cfdc.jpg,6f40fbbd-891e-434b-a1ec-365668a5ae66,6f40fbbd-891e-434b-a1ec-365668a5ae66,train,train
6f40fbbd-891e-434b-a1ec-365668a5ae66_mp4-0061_jpg.rf.a9ff766070b2c4159ad65b8490bdc767.jpg,6f40fbbd-891e-434b-a1ec-365668a5ae66,6f40fbbd-891e-434b-a1ec-365668a5ae66,train,train
6f40fbbd-891e-434b-a1ec-365668a5ae66_mp4-0062_jpg.rf.b7c2d14b1b29328eb7434c87b382ea72.jpg,6f40fbbd-891e-434b-a1ec-365668a5ae66,6f40fbbd-891e-434b-a1ec-365668a5ae66,train,train
8f435cb5-02c7-452a-a971-cef315681c19_mp4-0000_jpg.rf.33731a56caa33a68399ba03df41fea34.jpg,8f435cb5-02c7-452a-a971-cef315681c19,8f435cb5-02c7-452a-a971-cef315681c19,train,train
8f435cb5-02c7-452a-a971-cef315681c19_mp4-0002_jpg.rf.a59cbe814996139ae04ac43ad8ca85d9.jpg,8f435cb5-02c7-452a-a971-cef315681c19,8f435cb5-02c7-452a-a971-cef315681c19,train,train
8f435cb5-02c7-452a-a971-cef315681c19_mp4-0003_jpg.rf.910cbfcc3793e1e125e159593b93ca4f.jpg,8f435cb5-02c7-452a-a971-cef315681c19,8f435cb5-02c7-452a-a971-cef315681c19,train,train
8f435cb5-02c7-452a-a971-cef315681c19_mp4-0004_jpg.rf.e27af9dfd65b7863b87d07b8e281fc13.jpg,8f435cb5-02c7-452a-a971-cef315681c19,8f435cb5-02c7-452a-a971-cef315681c19,train,train
8f435cb5-02c7-452a-a971-cef315681c19_mp4-0005_jpg.rf.448d025dd2d1a8744def9bf962600211.jpg,8f435cb5-02c7-452a-a971-cef315681c19,8f435cb5-02c7-452a-a971-cef315681c19,train,train
8f435cb5-02c7-452a-a971-cef315681c19_mp4-0006_jpg.rf.d9113ad3f8d741d4094a8cfa264e8bff.jpg,8f435cb5-02c7-452a-a971-cef315681c19,8f435cb5-02c7-452a-a971-cef315681c19,train,train
8f435cb5-02c7-452a-a971-cef315681c19_mp4-0010_jpg.rf.08c139ad78d9f897976dc3be5623ad52.jpg,8f435cb5-02c7-452a-a971-cef315681c19,8f435cb5-02c7-452a-a971-cef315681c19,train,train
8f435cb5-02c7-452a-a971-cef315681c19_mp4-0011_jpg.rf.306b5a7a8cb14a503f90acebc3c17573.jpg,8f435cb5-02c7-452a-a971-cef315681c19,8f435cb5-02c7-452a-a971-cef315681c19,train,train
8f435cb5-02c7-452a-a971-cef315681c19_mp4-0012_jpg.rf.30fdb80cfa98c4c8fd2c76a8227a5130.jpg,8f435cb5-02c7-452a-a971-cef315681c19,8f435cb5-02c7-452a-a971-cef315681c19,train,train
8f435cb5-02c7-452a-a971-cef315681c19_mp4-0013_jpg.rf.c27ffbaa7235f9b59130a05df8dff545.jpg,8f435cb5-02c7-452a-a971-cef315681c19,8f435cb5-02c7-452a-a971-cef315681c19,train,train
8f435cb5-02c7-452a-a971-cef315681c19_mp4-0014_jpg.rf.d268fabc2e49ab675dc6b287f826ded6.jpg,8f435cb5-02c7-452a-a971-cef315681c19,8f435cb5-02c7-452a-a971-cef315681c19,train,train
8f435cb5-02c7-452a-a971-cef315681c19_mp4-0015_jpg.rf.430e8f131e028ec65dd3ec32fffc43af.jpg,8f435cb5-02c7-452a-a971-cef315681c19,8f435cb5-02c7-452a-a971-cef315681c19,train,train
8f435cb5-02c7-452a-a971-cef315681c19_mp4-0016_jpg.rf.65a6e5ed7a0287a398b5bbb9953538d8.jpg,8f435cb5-02c7-452a-a971-cef315681c19,8f435cb5-02c7-452a-a971-cef315681c19,train,train
8f435cb5-02c7-452a-a971-cef315681c19_mp4-0017_jpg.rf.f2a6079a3577059b72b8da07fbb917ba.jpg,8f435cb5-02c7-452a-a971-cef315681c19,8f435cb5-02c7-452a-a971-cef315681c19,train,train
8f435cb5-02c7-452a-a971-cef315681c19_mp4-0018_jpg.rf.8dfbeceee17c873b3d3ac8dcf9ba6dfa.jpg,8f435cb5-02c7-452a-a971-cef315681c19,8f435cb5-02c7-452a-a971-cef315681c19,train,train
8f435cb5-02c7-452a-a971-cef315681c19_mp4-0021_jpg.rf.481a433872d13672f4e471c0371138d7.jpg,8f435cb5-02c7-452a-a971-cef315681c19,8f435cb5-02c7-452a-a971-cef315681c19,train,train
8f435cb5-02c7-452a-a971-cef315681c19_mp4-0024_jpg.rf.03fa57ee716dfbe9f2b20e3c6e209fa1.jpg,8f435cb5-02c7-452a-a971-cef315681c19,8f435cb5-02c7-452a-a971-cef315681c19,train,train
8f435cb5-02c7-452a-a971-cef315681c19_mp4-0025_jpg.rf.9f6227ea25a14f1fe5812867fed5c5d8.jpg,8f435cb5-02c7-452a-a971-cef315681c19,8f435cb5-02c7-452a-a971-cef315681c19,train,train
8f435cb5-02c7-452a-a971-cef315681c19_mp4-0026_jpg.rf.1c3a7f81bd63cfa969e425e79a516855.jpg,8f435cb5-02c7-452a-a971-cef315681c19,8f435cb5-02c7-452a-a971-cef315681c19,train,train
8f435cb5-02c7-452a-a971-cef315681c19_mp4-0027_jpg.rf.51ce7156ca03d03fb302fb085e35542d.jpg,8f435cb5-02c7-452a-a971-cef315681c19,8f435cb5-02c7-452a-a971-cef315681c19,train,train
9056e676-f14d-410c-9dc7-c5686b3fca04_jpg.rf.6fc669c89bf6cb1267ccf00e86958e00.jpg,9056e676-f14d-410c-9dc7-c5686b3fca04,9056e676-f14d-410c-9dc7-c5686b3fca04,train,test
96ecd4fe-5910-4cd4-8a24-11ed20aab3b7_mp4-0000_jpg.rf.1d969246aa15d18710ab4221b7611b9e.jpg,96ecd4fe-5910-4cd4-8a24-11ed20aab3b7,96ecd4fe-5910-4cd4-8a24-11ed20aab3b7,train,valid
96ecd4fe-5910-4cd4-8a24-11ed20aab3b7_mp4-0001_jpg.rf.a505cc4cb7b4f149d85f630fadbd9bfa.jpg,96ecd4fe-5910-4cd4-8a24-11ed20aab3b7,96ecd4fe-5910-4cd4-8a24-11ed20aab3b7,train,valid
96ecd4fe-5910-4cd4-8a24-11ed20aab3b7_mp4-0003_jpg.rf.534f8ccd573ae9aa55be6b50626de8e7.jpg,96ecd4fe-5910-4cd4-8a24-11ed20aab3b7,96ecd4fe-5910-4cd4-8a24-11ed20aab3b7,train,valid
96ecd4fe-5910-4cd4-8a24-11ed20aab3b7_mp4-0004_jpg.rf.ac4537d4e1b504b7db24a8c9a8bc5279.jpg,96ecd4fe-5910-4cd4-8a24-11ed20aab3b7,96ecd4fe-5910-4cd4-8a24-11ed20aab3b7,train,valid
96ecd4fe-5910-4cd4-8a24-11ed20aab3b7_mp4-0005_jpg.rf.d7e708f96e1a3d1c85d7a929f9384225.jpg,96ecd4fe-5910-4cd4-8a24-11ed20aab3b7,96ecd4fe-5910-4cd4-8a24-11ed20aab3b7,train,valid
96ecd4fe-5910-4cd4-8a24-11ed20aab3b7_mp4-0007_jpg.rf.df5a877d30b6e42012335fcea95a5422.jpg,96ecd4fe-5910-4cd4-8a24-11ed20aab3b7,96ecd4fe-5910-4cd4-8a24-11ed20aab3b7,train,valid
96ecd4fe-5910-4cd4-8a24-11ed20aab3b7_mp4-0008_jpg.rf.baf26b1e0b008efb221e31beea65557c.jpg,96ecd4fe-5910-4cd4-8a24-11ed20aab3b7,96ecd4fe-5910-4cd4-8a24-11ed20aab3b7,train,valid
96ecd4fe-5910-4cd4-8a24-11ed20aab3b7_mp4-0009_jpg.rf.f758cc58a61f7a44f5197fd64761b10b.jpg,96ecd4fe-5910-4cd4-8a24-11ed20aab3b7,96ecd4fe-5910-4cd4-8a24-11ed20aab3b7,train,valid
96ecd4fe-5910-4cd4-8a24-11ed20aab3b7_mp4-0011_jpg.rf.c9917fbb3a19f831ccd91ae24d5780b4.jpg,96ecd4fe-5910-4cd4-8a24-11ed20aab3b7,96ecd4fe-5910-4cd4-8a24-11ed20aab3b7,train,valid
96ecd4fe-5910-4cd4-8a24-11ed20aab3b7_mp4-0014_jpg.rf.f76ca03d1cde7e5c7606f1e680c38ae8.jpg,96ecd4fe-5910-4cd4-8a24-11ed20aab3b7,96ecd4fe-5910-4cd4-8a24-11ed20aab3b7,train,valid
96ecd4fe-5910-4cd4-8a24-11ed20aab3b7_mp4-0015_jpg.rf.21b7bf1e2296aad43949d73749af763c.jpg,96ecd4fe-5910-4cd4-8a24-11ed20aab3b7,96ecd4fe-5910-4cd4-8a24-11ed20aab3b7,train,valid
96ecd4fe-5910-4cd4-8a24-11ed20aab3b7_mp4-0016_jpg.rf.f2d8481ce7965c293169eb7413e55a7f.jpg,96ecd4fe-5910-4cd4-8a24-11ed20aab3b7,96ecd4fe-5910-4cd4-8a24-11ed20aab3b7,train,valid
96ecd4fe-5910-4cd4-8a24-11ed20aab3b7_mp4-0017_jpg.rf.ab588d3d110678feba632e1554033b30.jpg,96ecd4fe-5910-4cd4-8a24-11ed20aab3b7,96ecd4fe-5910-4cd4-8a24-11ed20aab3b7,train,valid
96ecd4fe-5910-4cd4-8a24-11ed20aab3b7_mp4-0018_jpg.rf.dba977b451a5fe06fa9cf3369b4f1b99.jpg,96ecd4fe-5910-4cd4-8a24-11ed20aab3b7,96ecd4fe-5910-4cd4-8a24-11ed20aab3b7,train,valid
96ecd4fe-5910-4cd4-8a24-11ed20aab3b7_mp4-0019_jpg.rf.08d59f16bf297c1cc580bf3960684da4.jpg,96ecd4fe-5910-4cd4-8a24-11ed20aab3b7,96ecd4fe-5910-4cd4-8a24-11ed20aab3b7,train,valid
96ecd4fe-5910-4cd4-8a24-11ed20aab3b7_mp4-0020_jpg.rf.34cf7303f21f5b8666cafb1970dc1931.jpg,96ecd4fe-5910-4cd4-8a24-11ed20aab3b7,96ecd4fe-5910-4cd4-8a24-11ed20aab3b7,train,valid
96ecd4fe-5910-4cd4-8a24-11ed20aab3b7_mp4-0021_jpg.rf.45f8e5868e9258b23d32b3181aacfeb0.jpg,96ecd4fe-5910-4cd4-8a24-11ed20aab3b7,96ecd4fe-5910-4cd4-8a24-11ed20aab3b7,train,valid
96ecd4fe-5910-4cd4-8a24-11ed20aab3b7_mp4-0022_jpg.rf.923e3ca033848d49c57b33e632eab0d5.jpg,96ecd4fe-5910-4cd4-8a24-11ed20aab3b7,96ecd4fe-5910-4cd4-8a24-11ed20aab3b7,train,valid
96ecd4fe-5910-4cd4-8a24-11ed20aab3b7_mp4-0024_jpg.rf.a7dce0ee5008482c2213f520266ca538.jpg,96ecd4fe-5910-4cd4-8a24-11ed20aab3b7,96ecd4fe-5910-4cd4-8a24-11ed20aab3b7,train,valid
96ecd4fe-5910-4cd4-8a24-11ed20aab3b7_mp4-0025_jpg.rf.6c885142635d507bf60de7eea240ea0f.jpg,96ecd4fe-5910-4cd4-8a24-11ed20aab3b7,96ecd4fe-5910-4cd4-8a24-11ed20aab3b7,train,valid
96ecd4fe-5910-4cd4-8a24-11ed20aab3b7_mp4-0028_jpg.rf.e12313c9e1439e94eb253dc9309a00a4.jpg,96ecd4fe-5910-4cd4-8a24-11ed20aab3b7,96ecd4fe-5910-4cd4-8a24-11ed20aab3b7,train,valid
96ecd4fe-5910-4cd4-8a24-11ed20aab3b7_mp4-0029_jpg.rf.f4a3c27fe8e724f17ba49af327437082.jpg,96ecd4fe-5910-4cd4-8a24-11ed20aab3b7,96ecd4fe-5910-4cd4-8a24-11ed20aab3b7,train,valid
96ecd4fe-5910-4cd4-8a24-11ed20aab3b7_mp4-0030_jpg.rf.929d67ff9af9494120bc7f32bbbaa112.jpg,96ecd4fe-5910-4cd4-8a24-11ed20aab3b7,96ecd4fe-5910-4cd4-8a24-11ed20aab3b7,train,valid
96ecd4fe-5910-4cd4-8a24-11ed20aab3b7_mp4-0031_jpg.rf.a6e963ff44562049f917eefae1ff580e.jpg,96ecd4fe-5910-4cd4-8a24-11ed20aab3b7,96ecd4fe-5910-4cd4-8a24-11ed20aab3b7,train,valid
96ecd4fe-5910-4cd4-8a24-11ed20aab3b7_mp4-0032_jpg.rf.e3df293c6c24f70fc8f4c8db3d7c57f8.jpg,96ecd4fe-5910-4cd4-8a24-11ed20aab3b7,96ecd4fe-5910-4cd4-8a24-11ed20aab3b7,train,valid
96ecd4fe-5910-4cd4-8a24-11ed20aab3b7_mp4-0033_jpg.rf.c5c90c0304222af8071c0ba9e2b6caa3.jpg,96ecd4fe-5910-4cd4-8a24-11ed20aab3b7,96ecd4fe-5910-4cd4-8a24-11ed20aab3b7,train,valid
96ecd4fe-5910-4cd4-8a24-11ed20aab3b7_mp4-0034_jpg.rf.6649a20c18a820e2a236e03aafa108db.jpg,96ecd4fe-5910-4cd4-8a24-11ed20aab3b7,96ecd4fe-5910-4cd4-8a24-11ed20aab3b7,train,valid
96ecd4fe-5910-4cd4-8a24-11ed20aab3b7_mp4-0035_jpg.rf.904f3379ae783f6f7d64cae0c8a90bf1.jpg,96ecd4fe-5910-4cd4-8a24-11ed20aab3b7,96ecd4fe-5910-4cd4-8a24-11ed20aab3b7,train,valid
96ecd4fe-5910-4cd4-8a24-11ed20aab3b7_mp4-0037_jpg.rf.57f91c06f8b36fe8b3860fabe81bcb46.jpg,96ecd4fe-5910-4cd4-8a24-11ed20aab3b7,96ecd4fe-5910-4cd4-8a24-11ed20aab3b7,train,valid
96ecd4fe-5910-4cd4-8a24-11ed20aab3b7_mp4-0038_jpg.rf.5e068034852d51abed37d8cfadd0c55b.jpg,96ecd4fe-5910-4cd4-8a24-11ed20aab3b7,96ecd4fe-5910-4cd4-8a24-11ed20aab3b7,train,valid
96ecd4fe-5910-4cd4-8a24-11ed20aab3b7_mp4-0039_jpg.rf.e9933a02e54f617cd131629e44755444.jpg,96ecd4fe-5910-4cd4-8a24-11ed20aab3b7,96ecd4fe-5910-4cd4-8a24-11ed20aab3b7,train,valid
96ecd4fe-5910-4cd4-8a24-11ed20aab3b7_mp4-0040_jpg.rf.5a15059a6bb512fa36b2b00000a4dc97.jpg,96ecd4fe-5910-4cd4-8a24-11ed20aab3b7,96ecd4fe-5910-4cd4-8a24-11ed20aab3b7,train,valid
96ecd4fe-5910-4cd4-8a24-11ed20aab3b7_mp4-0041_jpg.rf.f4180c5cdc446daa93df4e7215a0fd77.jpg,96ecd4fe-5910-4cd4-8a24-11ed20aab3b7,96ecd4fe-5910-4cd4-8a24-11ed20aab3b7,train,valid
96ecd4fe-5910-4cd4-8a24-11ed20aab3b7_mp4-0042_jpg.rf.dc97cc448ff178f3e98d2113b3de6b77.jpg,96ecd4fe-5910-4cd4-8a24-11ed20aab3b7,96ecd4fe-5910-4cd4-8a24-11ed20aab3b7,train,valid
96ecd4fe-5910-4cd4-8a24-11ed20aab3b7_mp4-0043_jpg.rf.4109ebdd447622033a4b5ade25f83a21.jpg,96ecd4fe-5910-4cd4-8a24-11ed20aab3b7,96ecd4fe-5910-4cd4-8a24-11ed20aab3b7,train,valid
96ecd4fe-5910-4cd4-8a24-11ed20aab3b7_mp4-0044_jpg.rf.4c7871ba225f6127db6479a10d756f0f.jpg,96ecd4fe-5910-4cd4-8a24-11ed20aab3b7,96ecd4fe-5910-4cd4-8a24-11ed20aab3b7,train,valid
96ecd4fe-5910-4cd4-8a24-11ed20aab3b7_mp4-0045_jpg.rf.bd966dcd5bc73281f5afda2a2295c1c3.jpg,96ecd4fe-5910-4cd4-8a24-11ed20aab3b7,96ecd4fe-5910-4cd4-8a24-11ed20aab3b7,train,valid
96ecd4fe-5910-4cd4-8a24-11ed20aab3b7_mp4-0047_jpg.rf.4c70a0b82dea11dd7b472d081bc80c2e.jpg,96ecd4fe-5910-4cd4-8a24-11ed20aab3b7,96ecd4fe-5910-4cd4-8a24-11ed20aab3b7,train,valid
96ecd4fe-5910-4cd4-8a24-11ed20aab3b7_mp4-0050_jpg.rf.238b5fa25f392b4ab2751b478c326d02.jpg,96ecd4fe-5910-4cd4-8a24-11ed20aab3b7,96ecd4fe-5910-4cd4-8a24-11ed20aab3b7,train,valid
96ecd4fe-5910-4cd4-8a24-11ed20aab3b7_mp4-0051_jpg.rf.52c96c0187476a9529aeee335d96439a.jpg,96ecd4fe-5910-4cd4-8a24-11ed20aab3b7,96ecd4fe-5910-4cd4-8a24-11ed20aab3b7,train,valid
96ecd4fe-5910-4cd4-8a24-11ed20aab3b7_mp4-0055_jpg.rf.9605ecdfd61cd15b16f4b07a41b3a974.jpg,96ecd4fe-5910-4cd4-8a24-11ed20aab3b7,96ecd4fe-5910-4cd4-8a24-11ed20aab3b7,train,valid
96ecd4fe-5910-4cd4-8a24-11ed20aab3b7_mp4-0056_jpg.rf.30ef2f04d0ba2ca2d3548fbea68949df.jpg,96ecd4fe-5910-4cd4-8a24-11ed20aab3b7,96ecd4fe-5910-4cd4-8a24-11ed20aab3b7,train,valid
96ecd4fe-5910-4cd4-8a24-11ed20aab3b7_mp4-0057_jpg.rf.b2bc985b278b99933111c7de76e6a0e1.jpg,96ecd4fe-5910-4cd4-8a24-11ed20aab3b7,96ecd4fe-5910-4cd4-8a24-11ed20aab3b7,train,valid
96ecd4fe-5910-4cd4-8a24-11ed20aab3b7_mp4-0060_jpg.rf.11aec76735d8a7092d21de382de9ef21.jpg,96ecd4fe-5910-4cd4-8a24-11ed20aab3b7,96ecd4fe-5910-4cd4-8a24-11ed20aab3b7,train,valid
96ecd4fe-5910-4cd4-8a24-11ed20aab3b7_mp4-0061_jpg.rf.678db25d1eee874cdb7bb821f05dc96b.jpg,96ecd4fe-5910-4cd4-8a24-11ed20aab3b7,96ecd4fe-5910-4cd4-8a24-11ed20aab3b7,train,valid
96ecd4fe-5910-4cd4-8a24-11ed20aab3b7_mp4-0063_jpg.rf.8308437ed571da7c7c27fef4889512b3.jpg,96ecd4fe-5910-4cd4-8a24-11ed20aab3b7,96ecd4fe-5910-4cd4-8a24-11ed20aab3b7,train,valid
b029e315-2e53-4152-a536-1adea99e32f7_mp4-0001_jpg.rf.4a42b26a6d5fcc57d34032c980b506d7.jpg,b029e315-2e53-4152-a536-1adea99e32f7,b029e315-2e53-4152-a536-1adea99e32f7,train,valid
b029e315-2e53-4152-a536-1adea99e32f7_mp4-0002_jpg.rf.8562bcccbf7ed450032928e73d53d3f2.jpg,b029e315-2e53-4152-a536-1adea99e32f7,b029e315-2e53-4152-a536-1adea99e32f7,train,valid
b029e315-2e53-4152-a536-1adea99e32f7_mp4-0003_jpg.rf.d345dc5393412b9b2762e9f24c2b7cc5.jpg,b029e315-2e53-4152-a536-1adea99e32f7,b029e315-2e53-4152-a536-1adea99e32f7,train,valid
b029e315-2e53-4152-a536-1adea99e32f7_mp4-0005_jpg.rf.c0cf3d5a70a50c686e549a437d81c507.jpg,b029e315-2e53-4152-a536-1adea99e32f7,b029e315-2e53-4152-a536-1adea99e32f7,train,valid
b029e315-2e53-4152-a536-1adea99e32f7_mp4-0006_jpg.rf.2826ab7767d6a44bf9b2c80d2a63a7cb.jpg,b029e315-2e53-4152-a536-1adea99e32f7,b029e315-2e53-4152-a536-1adea99e32f7,train,valid
b029e315-2e53-4152-a536-1adea99e32f7_mp4-0007_jpg.rf.385daab6d72deababf255a6be886bfb3.jpg,b029e315-2e53-4152-a536-1adea99e32f7,b029e315-2e53-4152-a536-1adea99e32f7,train,valid
b029e315-2e53-4152-a536-1adea99e32f7_mp4-0009_jpg.rf.67dd7190ce2a667a587dd293ca4f865b.jpg,b029e315-2e53-4152-a536-1adea99e32f7,b029e315-2e53-4152-a536-1adea99e32f7,train,valid
b029e315-2e53-4152-a536-1adea99e32f7_mp4-0010_jpg.rf.20c39a0619fb2c1c832861235c8fd20b.jpg,b029e315-2e53-4152-a536-1adea99e32f7,b029e315-2e53-4152-a536-1adea99e32f7,train,valid
b029e315-2e53-4152-a536-1adea99e32f7_mp4-0011_jpg.rf.34d70b2b31c437706f543b913d4782e9.jpg,b029e315-2e53-4152-a536-1adea99e32f7,b029e315-2e53-4152-a536-1adea99e32f7,train,valid
b029e315-2e53-4152-a536-1adea99e32f7_mp4-0012_jpg.rf.943f92f13805433c2cbbeb57974b8830.jpg,b029e315-2e53-4152-a536-1adea99e32f7,b029e315-2e53-4152-a536-1adea99e32f7,train,valid
b029e315-2e53-4152-a536-1adea99e32f7_mp4-0013_jpg.rf.8308caee917ec8175e9200298f358658.jpg,b029e315-2e53-4152-a536-1adea99e32f7,b029e315-2e53-4152-a536-1adea99e32f7,train,valid
b029e315-2e53-4152-a536-1adea99e32f7_mp4-0014_jpg.rf.582847bb6f201b85d7a5c87216a7acaf.jpg,b029e315-2e53-4152-a536-1adea99e32f7,b029e315-2e53-4152-a536-1adea99e32f7,train,valid
b029e315-2e53-4152-a536-1adea99e32f7_mp4-0015_jpg.rf.0c0bbfc5cd727794a3cd6709cb8c5132.jpg,b029e315-2e53-4152-a536-1adea99e32f7,b029e315-2e53-4152-a536-1adea99e32f7,train,valid
b029e315-2e53-4152-a536-1adea99e32f7_mp4-0016_jpg.rf.31d2b050ad995b091efacf7a48451c8a.jpg,b029e315-2e53-4152-a536-1adea99e32f7,b029e315-2e53-4152-a536-1adea99e32f7,train,valid
b029e315-2e53-4152-a536-1adea99e32f7_mp4-0019_jpg.rf.c5010ac5d30a8a7751eb0708a51e284f.jpg,b029e315-2e53-4152-a536-1adea99e32f7,b029e315-2e53-4152-a536-1adea99e32f7,train,valid
b029e315-2e53-4152-a536-1adea99e32f7_mp4-0022_jpg.rf.1be0f083dc2fef2a8a0751d3b607d999.jpg,b029e315-2e53-4152-a536-1adea99e32f7,b029e315-2e53-4152-a536-1adea99e32f7,train,valid
b029e315-2e53-4152-a536-1adea99e32f7_mp4-0023_jpg.rf.02e19cbbcd291500315944e3eae321f8.jpg,b029e315-2e53-4152-a536-1adea99e32f7,b029e315-2e53-4152-a536-1adea99e32f7,train,valid
b029e315-2e53-4152-a536-1adea99e32f7_mp4-0024_jpg.rf.5f8218262f482ac00b2708eaa0524546.jpg,b029e315-2e53-4152-a536-1adea99e32f7,b029e315-2e53-4152-a536-1adea99e32f7,train,valid
b029e315-2e53-4152-a536-1adea99e32f7_mp4-0026_jpg.rf.bbe707d16a5f25a1fb91fea7cee0649f.jpg,b029e315-2e53-4152-a536-1adea99e32f7,b029e315-2e53-4152-a536-1adea99e32f7,train,valid
b029e315-2e53-4152-a536-1adea99e32f7_mp4-0027_jpg.rf.9b5811359a5ea098142ab1c3aac42512.jpg,b029e315-2e53-4152-a536-1adea99e32f7,b029e315-2e53-4152-a536-1adea99e32f7,train,valid
b029e315-2e53-4152-a536-1adea99e32f7_mp4-0028_jpg.rf.a52052f5317a6d7b593f8f72ea108703.jpg,b029e315-2e53-4152-a536-1adea99e32f7,b029e315-2e53-4152-a536-1adea99e32f7,train,valid
b029e315-2e53-4152-a536-1adea99e32f7_mp4-0030_jpg.rf.8511303dac73368f2d55a24ac6ac2e14.jpg,b029e315-2e53-4152-a536-1adea99e32f7,b029e315-2e53-4152-a536-1adea99e32f7,train,valid
bbf45eda-4ffb-4bf1-9b29-a4e91475c8ec_mp4-0001_jpg.rf.fed03ea46a27eecff20bcc65391d4c2a.jpg,bbf45eda-4ffb-4bf1-9b29-a4e91475c8ec,bbf45eda-4ffb-4bf1-9b29-a4e91475c8ec,train,test
bbf45eda-4ffb-4bf1-9b29-a4e91475c8ec_mp4-0003_jpg.rf.b78cb84122d3c12d99d7a353449dabd6.jpg,bbf45eda-4ffb-4bf1-9b29-a4e91475c8ec,bbf45eda-4ffb-4bf1-9b29-a4e91475c8ec,train,test
bbf45eda-4ffb-4bf1-9b29-a4e91475c8ec_mp4-0005_jpg.rf.f1a263c6281ebfe8bf510de2d85fbf15.jpg,bbf45eda-4ffb-4bf1-9b29-a4e91475c8ec,bbf45eda-4ffb-4bf1-9b29-a4e91475c8ec,train,test
bbf45eda-4ffb-4bf1-9b29-a4e91475c8ec_mp4-0006_jpg.rf.667665cdb383d9ed3f5a97dc0e370f91.jpg,bbf45eda-4ffb-4bf1-9b29-a4e91475c8ec,bbf45eda-4ffb-4bf1-9b29-a4e91475c8ec,train,test
bbf45eda-4ffb-4bf1-9b29-a4e91475c8ec_mp4-0007_jpg.rf.eb989daf8b22bd32af61a8d0ba684f39.jpg,bbf45eda-4ffb-4bf1-9b29-a4e91475c8ec,bbf45eda-4ffb-4bf1-9b29-a4e91475c8ec,train,test
bbf45eda-4ffb-4bf1-9b29-a4e91475c8ec_mp4-0009_jpg.rf.1886859faf4f712c7cd8e95ba7bc4042.jpg,bbf45eda-4ffb-4bf1-9b29-a4e91475c8ec,bbf45eda-4ffb-4bf1-9b29-a4e91475c8ec,train,test
bbf45eda-4ffb-4bf1-9b29-a4e91475c8ec_mp4-0010_jpg.rf.f5480140c6582d3d460b95ef75fb73a9.jpg,bbf45eda-4ffb-4bf1-9b29-a4e91475c8ec,bbf45eda-4ffb-4bf1-9b29-a4e91475c8ec,train,test
bbf45eda-4ffb-4bf1-9b29-a4e91475c8ec_mp4-0011_jpg.rf.0eb047f5a787b55124c9220e74e3f882.jpg,bbf45eda-4ffb-4bf1-9b29-a4e91475c8ec,bbf45eda-4ffb-4bf1-9b29-a4e91475c8ec,train,test
bbf45eda-4ffb-4bf1-9b29-a4e91475c8ec_mp4-0014_jpg.rf.7069e414c47281e1135e8b1e5dd2544a.jpg,bbf45eda-4ffb-4bf1-9b29-a4e91475c8ec,bbf45eda-4ffb-4bf1-9b29-a4e91475c8ec,train,test
bbf45eda-4ffb-4bf1-9b29-a4e91475c8ec_mp4-0015_jpg.rf.d44f6326221a985a6ed87476023a7f18.jpg,bbf45eda-4ffb-4bf1-9b29-a4e91475c8ec,bbf45eda-4ffb-4bf1-9b29-a4e91475c8ec,train,test
bbf45eda-4ffb-4bf1-9b29-a4e91475c8ec_mp4-0016_jpg.rf.7c6d1e09a36ca405400b41be1c1a0fbe.jpg,bbf45eda-4ffb-4bf1-9b29-a4e91475c8ec,bbf45eda-4ffb-4bf1-9b29-a4e91475c8ec,train,test
bbf45eda-4ffb-4bf1-9b29-a4e91475c8ec_mp4-0017_jpg.rf.4b1e479cf86297cec8c9d55f247c3e16.jpg,bbf45eda-4ffb-4bf1-9b29-a4e91475c8ec,bbf45eda-4ffb-4bf1-9b29-a4e91475c8ec,train,test
bbf45eda-4ffb-4bf1-9b29-a4e91475c8ec_mp4-0018_jpg.rf.c863fb52f0a3d2f87e701f8350bf6740.jpg,bbf45eda-4ffb-4bf1-9b29-a4e91475c8ec,bbf45eda-4ffb-4bf1-9b29-a4e91475c8ec,train,test
bbf45eda-4ffb-4bf1-9b29-a4e91475c8ec_mp4-0019_jpg.rf.086c2910862bd82b5fef41220e95b434.jpg,bbf45eda-4ffb-4bf1-9b29-a4e91475c8ec,bbf45eda-4ffb-4bf1-9b29-a4e91475c8ec,train,test
bbf45eda-4ffb-4bf1-9b29-a4e91475c8ec_mp4-0020_jpg.rf.3a1e3f8425b9ebb8cc28870b7d51dac1.jpg,bbf45eda-4ffb-4bf1-9b29-a4e91475c8ec,bbf45eda-4ffb-4bf1-9b29-a4e91475c8ec,train,test
bbf45eda-4ffb-4bf1-9b29-a4e91475c8ec_mp4-0024_jpg.rf.5bf15d578871f14886086b027afd7593.jpg,bbf45eda-4ffb-4bf1-9b29-a4e91475c8ec,bbf45eda-4ffb-4bf1-9b29-a4e91475c8ec,train,test
bbf45eda-4ffb-4bf1-9b29-a4e91475c8ec_mp4-0026_jpg.rf.8fd3bebdab2ba1b58d35905abcd08d48.jpg,bbf45eda-4ffb-4bf1-9b29-a4e91475c8ec,bbf45eda-4ffb-4bf1-9b29-a4e91475c8ec,train,test
bbf45eda-4ffb-4bf1-9b29-a4e91475c8ec_mp4-0027_jpg.rf.5555ddfde94ed3ca48999e6337b2a237.jpg,bbf45eda-4ffb-4bf1-9b29-a4e91475c8ec,bbf45eda-4ffb-4bf1-9b29-a4e91475c8ec,train,test
bbf45eda-4ffb-4bf1-9b29-a4e91475c8ec_mp4-0030_jpg.rf.526ff9e7bae3a4c5c1f9e72fca6fdce6.jpg,bbf45eda-4ffb-4bf1-9b29-a4e91475c8ec,bbf45eda-4ffb-4bf1-9b29-a4e91475c8ec,train,test
bbf45eda-4ffb-4bf1-9b29-a4e91475c8ec_mp4-0031_jpg.rf.584eb2ade757b1c12ddb72aa3a3f3566.jpg,bbf45eda-4ffb-4bf1-9b29-a4e91475c8ec,bbf45eda-4ffb-4bf1-9b29-a4e91475c8ec,train,test
bbf45eda-4ffb-4bf1-9b29-a4e91475c8ec_mp4-0032_jpg.rf.1c2a92369ddbfedfacd9a7f2fa19f846.jpg,bbf45eda-4ffb-4bf1-9b29-a4e91475c8ec,bbf45eda-4ffb-4bf1-9b29-a4e91475c8ec,train,test
bbf45eda-4ffb-4bf1-9b29-a4e91475c8ec_mp4-0033_jpg.rf.48ee2f87714b0470410fa52c2fd5dead.jpg,bbf45eda-4ffb-4bf1-9b29-a4e91475c8ec,bbf45eda-4ffb-4bf1-9b29-a4e91475c8ec,train,test
bbf45eda-4ffb-4bf1-9b29-a4e91475c8ec_mp4-0035_jpg.rf.013bc61d6ca4f7d1a91b387696b23869.jpg,bbf45eda-4ffb-4bf1-9b29-a4e91475c8ec,bbf45eda-4ffb-4bf1-9b29-a4e91475c8ec,train,test
c6f16e4e-55cb-4abc-91ea-0d01ae0d6d28_jpg.rf.c194075dea18c914988161f0f09163d6.jpg,c6f16e4e-55cb-4abc-91ea-0d01ae0d6d28,c6f16e4e-55cb-4abc-91ea-0d01ae0d6d28,train,valid
d56fcb3c-0531-4696-8b67-2645d89e4a7f_mp4-0000_jpg.rf.c741e272b0956f5de1ca80073b54ff44.jpg,d56fcb3c-0531-4696-8b67-2645d89e4a7f,d56fcb3c-0531-4696-8b67-2645d89e4a7f,train,train
d56fcb3c-0531-4696-8b67-2645d89e4a7f_mp4-0001_jpg.rf.f1b41e917b3bb2dde3eeb85146a2be42.jpg,d56fcb3c-0531-4696-8b67-2645d89e4a7f,d56fcb3c-0531-4696-8b67-2645d89e4a7f,train,train
d56fcb3c-0531-4696-8b67-2645d89e4a7f_mp4-0002_jpg.rf.84f3e76c87ed4f03b4154620d447ebed.jpg,d56fcb3c-0531-4696-8b67-2645d89e4a7f,d56fcb3c-0531-4696-8b67-2645d89e4a7f,train,train
d56fcb3c-0531-4696-8b67-2645d89e4a7f_mp4-0004_jpg.rf.3dd4d909169d9a84f4042a97eb56b261.jpg,d56fcb3c-0531-4696-8b67-2645d89e4a7f,d56fcb3c-0531-4696-8b67-2645d89e4a7f,train,train
d56fcb3c-0531-4696-8b67-2645d89e4a7f_mp4-0005_jpg.rf.21137629b1f2288b2791f53fddf9ff80.jpg,d56fcb3c-0531-4696-8b67-2645d89e4a7f,d56fcb3c-0531-4696-8b67-2645d89e4a7f,train,train
d56fcb3c-0531-4696-8b67-2645d89e4a7f_mp4-0006_jpg.rf.44a720a4eb1d71cc65ca050a4b1abcf5.jpg,d56fcb3c-0531-4696-8b67-2645d89e4a7f,d56fcb3c-0531-4696-8b67-2645d89e4a7f,train,train
d56fcb3c-0531-4696-8b67-2645d89e4a7f_mp4-0007_jpg.rf.d21e422a17411b466d573dbb817d4dc5.jpg,d56fcb3c-0531-4696-8b67-2645d89e4a7f,d56fcb3c-0531-4696-8b67-2645d89e4a7f,train,train
d56fcb3c-0531-4696-8b67-2645d89e4a7f_mp4-0008_jpg.rf.fb8c252f7948caccf9a53fbe2265b821.jpg,d56fcb3c-0531-4696-8b67-2645d89e4a7f,d56fcb3c-0531-4696-8b67-2645d89e4a7f,train,train
d56fcb3c-0531-4696-8b67-2645d89e4a7f_mp4-0009_jpg.rf.aa5c17da55f9b0a14b849822c2639066.jpg,d56fcb3c-0531-4696-8b67-2645d89e4a7f,d56fcb3c-0531-4696-8b67-2645d89e4a7f,train,train
d56fcb3c-0531-4696-8b67-2645d89e4a7f_mp4-0010_jpg.rf.2630dbf2c94b7c9f308d0239f72082dd.jpg,d56fcb3c-0531-4696-8b67-2645d89e4a7f,d56fcb3c-0531-4696-8b67-2645d89e4a7f,train,train
d56fcb3c-0531-4696-8b67-2645d89e4a7f_mp4-0015_jpg.rf.f4a646c344a6f16203073ea8fb162b22.jpg,d56fcb3c-0531-4696-8b67-2645d89e4a7f,d56fcb3c-0531-4696-8b67-2645d89e4a7f,train,train
d56fcb3c-0531-4696-8b67-2645d89e4a7f_mp4-0016_jpg.rf.0cca3f3848400dde7344a1d24f195a94.jpg,d56fcb3c-0531-4696-8b67-2645d89e4a7f,d56fcb3c-0531-4696-8b67-2645d89e4a7f,train,train
d56fcb3c-0531-4696-8b67-2645d89e4a7f_mp4-0019_jpg.rf.97300d5d87bca1e1df91a7bd4076494a.jpg,d56fcb3c-0531-4696-8b67-2645d89e4a7f,d56fcb3c-0531-4696-8b67-2645d89e4a7f,train,train
d56fcb3c-0531-4696-8b67-2645d89e4a7f_mp4-0021_jpg.rf.327d40b7c0f16c525ed6104745f546ff.jpg,d56fcb3c-0531-4696-8b67-2645d89e4a7f,d56fcb3c-0531-4696-8b67-2645d89e4a7f,train,train
d56fcb3c-0531-4696-8b67-2645d89e4a7f_mp4-0022_jpg.rf.5536baa23f908972c4e96ab2214024b5.jpg,d56fcb3c-0531-4696-8b67-2645d89e4a7f,d56fcb3c-0531-4696-8b67-2645d89e4a7f,train,train
d56fcb3c-0531-4696-8b67-2645d89e4a7f_mp4-0024_jpg.rf.668401bf16689451b0775e7ab5c7b415.jpg,d56fcb3c-0531-4696-8b67-2645d89e4a7f,d56fcb3c-0531-4696-8b67-2645d89e4a7f,train,train
d56fcb3c-0531-4696-8b67-2645d89e4a7f_mp4-0025_jpg.rf.635ccc7c80b4879c28f343e472b10b4a.jpg,d56fcb3c-0531-4696-8b67-2645d89e4a7f,d56fcb3c-0531-4696-8b67-2645d89e4a7f,train,train
d56fcb3c-0531-4696-8b67-2645d89e4a7f_mp4-0026_jpg.rf.211cd242bf0424beabdc8b6924fdae5c.jpg,d56fcb3c-0531-4696-8b67-2645d89e4a7f,d56fcb3c-0531-4696-8b67-2645d89e4a7f,train,train
d56fcb3c-0531-4696-8b67-2645d89e4a7f_mp4-0027_jpg.rf.bf2ff9f4dd8a1bac28c4442b04ff528e.jpg,d56fcb3c-0531-4696-8b67-2645d89e4a7f,d56fcb3c-0531-4696-8b67-2645d89e4a7f,train,train
d56fcb3c-0531-4696-8b67-2645d89e4a7f_mp4-0030_jpg.rf.c2216714b2e16c5daef43bc57df21aea.jpg,d56fcb3c-0531-4696-8b67-2645d89e4a7f,d56fcb3c-0531-4696-8b67-2645d89e4a7f,train,train
d56fcb3c-0531-4696-8b67-2645d89e4a7f_mp4-0031_jpg.rf.91a7896e4ae4095de4b7508497540ca6.jpg,d56fcb3c-0531-4696-8b67-2645d89e4a7f,d56fcb3c-0531-4696-8b67-2645d89e4a7f,train,train
d56fcb3c-0531-4696-8b67-2645d89e4a7f_mp4-0033_jpg.rf.cab747a5b7e7cc49375e9aa5252676c5.jpg,d56fcb3c-0531-4696-8b67-2645d89e4a7f,d56fcb3c-0531-4696-8b67-2645d89e4a7f,train,train
d56fcb3c-0531-4696-8b67-2645d89e4a7f_mp4-0034_jpg.rf.11b3cef34d91fded07cacf59549675cb.jpg,d56fcb3c-0531-4696-8b67-2645d89e4a7f,d56fcb3c-0531-4696-8b67-2645d89e4a7f,train,train
d56fcb3c-0531-4696-8b67-2645d89e4a7f_mp4-0035_jpg.rf.e1914345dfdbac3f1a9e958c6a794ad8.jpg,d56fcb3c-0531-4696-8b67-2645d89e4a7f,d56fcb3c-0531-4696-8b67-2645d89e4a7f,train,train
d56fcb3c-0531-4696-8b67-2645d89e4a7f_mp4-0036_jpg.rf.4500240d37153d091ff432f832acfe26.jpg,d56fcb3c-0531-4696-8b67-2645d89e4a7f,d56fcb3c-0531-4696-8b67-2645d89e4a7f,train,train
d56fcb3c-0531-4696-8b67-2645d89e4a7f_mp4-0039_jpg.rf.60ff7e1db496856d8246cbe58ad7345f.jpg,d56fcb3c-0531-4696-8b67-2645d89e4a7f,d56fcb3c-0531-4696-8b67-2645d89e4a7f,train,train
d56fcb3c-0531-4696-8b67-2645d89e4a7f_mp4-0040_jpg.rf.d980081bd6f94ae902ad287dc8e4bcfe.jpg,d56fcb3c-0531-4696-8b67-2645d89e4a7f,d56fcb3c-0531-4696-8b67-2645d89e4a7f,train,train
d56fcb3c-0531-4696-8b67-2645d89e4a7f_mp4-0041_jpg.rf.f35534eb3db7a14e093d2f3188852923.jpg,d56fcb3c-0531-4696-8b67-2645d89e4a7f,d56fcb3c-0531-4696-8b67-2645d89e4a7f,train,train
d56fcb3c-0531-4696-8b67-2645d89e4a7f_mp4-0043_jpg.rf.1c3c0175bc71e37786f6f1b190ec9456.jpg,d56fcb3c-0531-4696-8b67-2645d89e4a7f,d56fcb3c-0531-4696-8b67-2645d89e4a7f,train,train
d56fcb3c-0531-4696-8b67-2645d89e4a7f_mp4-0044_jpg.rf.4b1999b56ce4ee943f5e306cee159142.jpg,d56fcb3c-0531-4696-8b67-2645d89e4a7f,d56fcb3c-0531-4696-8b67-2645d89e4a7f,train,train
d56fcb3c-0531-4696-8b67-2645d89e4a7f_mp4-0046_jpg.rf.b441333ec89ad43a3fc17b5524c14571.jpg,d56fcb3c-0531-4696-8b67-2645d89e4a7f,d56fcb3c-0531-4696-8b67-2645d89e4a7f,train,train
d56fcb3c-0531-4696-8b67-2645d89e4a7f_mp4-0047_jpg.rf.dece17ceb73cc7be75bc00b9649036e8.jpg,d56fcb3c-0531-4696-8b67-2645d89e4a7f,d56fcb3c-0531-4696-8b67-2645d89e4a7f,train,train
d56fcb3c-0531-4696-8b67-2645d89e4a7f_mp4-0048_jpg.rf.2992a85e8ae502bc121efd5905003820.jpg,d56fcb3c-0531-4696-8b67-2645d89e4a7f,d56fcb3c-0531-4696-8b67-2645d89e4a7f,train,train
d56fcb3c-0531-4696-8b67-2645d89e4a7f_mp4-0049_jpg.rf.0a5b1f40e2565ec0e0f5d55fa8d2bc38.jpg,d56fcb3c-0531-4696-8b67-2645d89e4a7f,d56fcb3c-0531-4696-8b67-2645d89e4a7f,train,train
d56fcb3c-0531-4696-8b67-2645d89e4a7f_mp4-0050_jpg.rf.ed5296478b0d842a0a1d1bdb618575db.jpg,d56fcb3c-0531-4696-8b67-2645d89e4a7f,d56fcb3c-0531-4696-8b67-2645d89e4a7f,train,train
d56fcb3c-0531-4696-8b67-2645d89e4a7f_mp4-0051_jpg.rf.6471eaff1de1d7562752a54b5a8547ad.jpg,d56fcb3c-0531-4696-8b67-2645d89e4a7f,d56fcb3c-0531-4696-8b67-2645d89e4a7f,train,train
d56fcb3c-0531-4696-8b67-2645d89e4a7f_mp4-0052_jpg.rf.d8ac8d950cf38875a8f94ee12b852a23.jpg,d56fcb3c-0531-4696-8b67-2645d89e4a7f,d56fcb3c-0531-4696-8b67-2645d89e4a7f,train,train
d56fcb3c-0531-4696-8b67-2645d89e4a7f_mp4-0055_jpg.rf.1dd28261e21c475752a86521d0878ad8.jpg,d56fcb3c-0531-4696-8b67-2645d89e4a7f,d56fcb3c-0531-4696-8b67-2645d89e4a7f,train,train
d56fcb3c-0531-4696-8b67-2645d89e4a7f_mp4-0056_jpg.rf.cbc3f4e3b898f956a919824121e09387.jpg,d56fcb3c-0531-4696-8b67-2645d89e4a7f,d56fcb3c-0531-4696-8b67-2645d89e4a7f,train,train
download_jpg.rf.29620bb57720ad9437179eaf67a17b61.jpg,download,fa45e6fb-4502-41bb-bb80-a4a4149318ad,train,train
download_jpg.rf.e0d0d9731c3fd3cbcb4d1386407c9a6c.jpg,download,fa45e6fb-4502-41bb-bb80-a4a4149318ad,train,train
e9eebbd1-234c-467a-91b7-690191769c63-1-_mp4-0000_jpg.rf.96a7fd5302a1a14e4e0820543359a4cd.jpg,e9eebbd1-234c-467a-91b7-690191769c63-1-,e9eebbd1-234c-467a-91b7-690191769c63-1-,train,test
e9eebbd1-234c-467a-91b7-690191769c63-1-_mp4-0001_jpg.rf.bf53b91510757b9d43ace2439132afd3.jpg,e9eebbd1-234c-467a-91b7-690191769c63-1-,e9eebbd1-234c-467a-91b7-690191769c63-1-,train,test
e9eebbd1-234c-467a-91b7-690191769c63-1-_mp4-0002_jpg.rf.b8192d37039a031a660ccc5050a1fc5f.jpg,e9eebbd1-234c-467a-91b7-690191769c63-1-,e9eebbd1-234c-467a-91b7-690191769c63-1-,train,test
f9b12ec3-0036-45f7-8cc3-4d2e6f481cdc_mp4-0000_jpg.rf.743d95f6211d81f88d40d7a330043ce5.jpg,f9b12ec3-0036-45f7-8cc3-4d2e6f481cdc,f9b12ec3-0036-45f7-8cc3-4d2e6f481cdc,train,test
f9b12ec3-0036-45f7-8cc3-4d2e6f481cdc_mp4-0002_jpg.rf.71a9f664e2eeabf363c5a65c747dab7a.jpg,f9b12ec3-0036-45f7-8cc3-4d2e6f481cdc,f9b12ec3-0036-45f7-8cc3-4d2e6f481cdc,train,test
f9b12ec3-0036-45f7-8cc3-4d2e6f481cdc_mp4-0003_jpg.rf.e85916cfc591b3ef40e48db52d81276e.jpg,f9b12ec3-0036-45f7-8cc3-4d2e6f481cdc,f9b12ec3-0036-45f7-8cc3-4d2e6f481cdc,train,test
f9b12ec3-0036-45f7-8cc3-4d2e6f481cdc_mp4-0004_jpg.rf.c5593864a2d0ed4d8b3014c573533bfb.jpg,f9b12ec3-0036-45f7-8cc3-4d2e6f481cdc,f9b12ec3-0036-45f7-8cc3-4d2e6f481cdc,train,test
f9b12ec3-0036-45f7-8cc3-4d2e6f481cdc_mp4-0006_jpg.rf.0710da59dd48bd0a50ee09446a048b8a.jpg,f9b12ec3-0036-45f7-8cc3-4d2e6f481cdc,f9b12ec3-0036-45f7-8cc3-4d2e6f481cdc,train,test
f9b12ec3-0036-45f7-8cc3-4d2e6f481cdc_mp4-0007_jpg.rf.575cd82f3a642c47e574bf96c785344c.jpg,f9b12ec3-0036-45f7-8cc3-4d2e6f481cdc,f9b12ec3-0036-45f7-8cc3-4d2e6f481cdc,train,test
f9b12ec3-0036-45f7-8cc3-4d2e6f481cdc_mp4-0009_jpg.rf.f0d9214f90f9ce93b786de9799f80b13.jpg,f9b12ec3-0036-45f7-8cc3-4d2e6f481cdc,f9b12ec3-0036-45f7-8cc3-4d2e6f481cdc,train,test
f9b12ec3-0036-45f7-8cc3-4d2e6f481cdc_mp4-0010_jpg.rf.96882cb4ff527d2cdd3945373f3e0602.jpg,f9b12ec3-0036-45f7-8cc3-4d2e6f481cdc,f9b12ec3-0036-45f7-8cc3-4d2e6f481cdc,train,test
f9b12ec3-0036-45f7-8cc3-4d2e6f481cdc_mp4-0011_jpg.rf.925508396bca82642733a7e20c1caf67.jpg,f9b12ec3-0036-45f7-8cc3-4d2e6f481cdc,f9b12ec3-0036-45f7-8cc3-4d2e6f481cdc,train,test
f9b12ec3-0036-45f7-8cc3-4d2e6f481cdc_mp4-0012_jpg.rf.f0c2a08ffe7fbfe689754387f02791c3.jpg,f9b12ec3-0036-45f7-8cc3-4d2e6f481cdc,f9b12ec3-0036-45f7-8cc3-4d2e6f481cdc,train,test
f9b12ec3-0036-45f7-8cc3-4d2e6f481cdc_mp4-0013_jpg.rf.40f6b0bbfad08f6bf396053d7cc01e08.jpg,f9b12ec3-0036-45f7-8cc3-4d2e6f481cdc,f9b12ec3-0036-45f7-8cc3-4d2e6f481cdc,train,test
f9b12ec3-0036-45f7-8cc3-4d2e6f481cdc_mp4-0014_jpg.rf.c9fcd3950ba5bcb04480ecdb07f018dd.jpg,f9b12ec3-0036-45f7-8cc3-4d2e6f481cdc,f9b12ec3-0036-45f7-8cc3-4d2e6f481cdc,train,test
f9b12ec3-0036-45f7-8cc3-4d2e6f481cdc_mp4-0015_jpg.rf.8eb9b250e4ba2bcc4282987312955148.jpg,f9b12ec3-0036-45f7-8cc3-4d2e6f481cdc,f9b12ec3-0036-45f7-8cc3-4d2e6f481cdc,train,test
f9b12ec3-0036-45f7-8cc3-4d2e6f481cdc_mp4-0017_jpg.rf.fa0a214383f039202d012de8ff922ca5.jpg,f9b12ec3-0036-45f7-8cc3-4d2e6f481cdc,f9b12ec3-0036-45f7-8cc3-4d2e6f481cdc,train,test
f9b12ec3-0036-45f7-8cc3-4d2e6f481cdc_mp4-0021_jpg.rf.91f7ef55a957a730364d0f34fac979a2.jpg,f9b12ec3-0036-45f7-8cc3-4d2e6f481cdc,f9b12ec3-0036-45f7-8cc3-4d2e6f481cdc,train,test
f9b12ec3-0036-45f7-8cc3-4d2e6f481cdc_mp4-0022_jpg.rf.b76d6a533fa9af372af7fa4cb6ec41a7.jpg,f9b12ec3-0036-45f7-8cc3-4d2e6f481cdc,f9b12ec3-0036-45f7-8cc3-4d2e6f481cdc,train,test
f9b12ec3-0036-45f7-8cc3-4d2e6f481cdc_mp4-0024_jpg.rf.0f3589c5d4550d480b3d43d10ca9115f.jpg,f9b12ec3-0036-45f7-8cc3-4d2e6f481cdc,f9b12ec3-0036-45f7-8cc3-4d2e6f481cdc,train,test
f9b12ec3-0036-45f7-8cc3-4d2e6f481cdc_mp4-0027_jpg.rf.46252f43c624d8ccc5fc6297a0ac200d.jpg,f9b12ec3-0036-45f7-8cc3-4d2e6f481cdc,f9b12ec3-0036-45f7-8cc3-4d2e6f481cdc,train,test
f9b12ec3-0036-45f7-8cc3-4d2e6f481cdc_mp4-0029_jpg.rf.420c5294741aa78d4dce98884474fe5c.jpg,f9b12ec3-0036-45f7-8cc3-4d2e6f481cdc,f9b12ec3-0036-45f7-8cc3-4d2e6f481cdc,train,test
f9b12ec3-0036-45f7-8cc3-4d2e6f481cdc_mp4-0031_jpg.rf.4d65c7b8db1196fb1081c105688afcc9.jpg,f9b12ec3-0036-45f7-8cc3-4d2e6f481cdc,f9b12ec3-0036-45f7-8cc3-4d2e6f481cdc,train,test
f9b12ec3-0036-45f7-8cc3-4d2e6f481cdc_mp4-0032_jpg.rf.ae0b0c3b63ed8e04e754a408d20c24d5.jpg,f9b12ec3-0036-45f7-8cc3-4d2e6f481cdc,f9b12ec3-0036-45f7-8cc3-4d2e6f481cdc,train,test
f9b12ec3-0036-45f7-8cc3-4d2e6f481cdc_mp4-0033_jpg.rf.178a491e593a85a162ec0b75bdbf948e.jpg,f9b12ec3-0036-45f7-8cc3-4d2e6f481cdc,f9b12ec3-0036-45f7-8cc3-4d2e6f481cdc,train,test
f9b12ec3-0036-45f7-8cc3-4d2e6f481cdc_mp4-0034_jpg.rf.b684640fdcd126251717e3532457a59f.jpg,f9b12ec3-0036-45f7-8cc3-4d2e6f481cdc,f9b12ec3-0036-45f7-8cc3-4d2e6f481cdc,train,test
f9b12ec3-0036-45f7-8cc3-4d2e6f481cdc_mp4-0035_jpg.rf.90c0c9f2fceaacb5f9627b146d573e94.jpg,f9b12ec3-0036-45f7-8cc3-4d2e6f481cdc,f9b12ec3-0036-45f7-8cc3-4d2e6f481cdc,train,test
f9b12ec3-0036-45f7-8cc3-4d2e6f481cdc_mp4-0036_jpg.rf.b1dea660bb4dd65a4d1356c40f2a2539.jpg,f9b12ec3-0036-45f7-8cc3-4d2e6f481cdc,f9b12ec3-0036-45f7-8cc3-4d2e6f481cdc,train,test
f9b12ec3-0036-45f7-8cc3-4d2e6f481cdc_mp4-0037_jpg.rf.c272af24c204ac41423bc6542f3c8b4b.jpg,f9b12ec3-0036-45f7-8cc3-4d2e6f481cdc,f9b12ec3-0036-45f7-8cc3-4d2e6f481cdc,train,test
f9b12ec3-0036-45f7-8cc3-4d2e6f481cdc_mp4-0038_jpg.rf.825f3da72b129a2584970bfa87d0ea2c.jpg,f9b12ec3-0036-45f7-8cc3-4d2e6f481cdc,f9b12ec3-0036-45f7-8cc3-4d2e6f481cdc,train,test
f9b12ec3-0036-45f7-8cc3-4d2e6f481cdc_mp4-0041_jpg.rf.fa804a9f8468e6bb8e73bf7107dc74cc.jpg,f9b12ec3-0036-45f7-8cc3-4d2e6f481cdc,f9b12ec3-0036-45f7-8cc3-4d2e6f481cdc,train,test
f9b12ec3-0036-45f7-8cc3-4d2e6f481cdc_mp4-0045_jpg.rf.05489f8244979b8ddae55513d29c3aba.jpg,f9b12ec3-0036-45f7-8cc3-4d2e6f481cdc,f9b12ec3-0036-45f7-8cc3-4d2e6f481cdc,train,test
f9b12ec3-0036-45f7-8cc3-4d2e6f481cdc_mp4-0047_jpg.rf.959b73bd322a3eb293c8abcb58f2be99.jpg,f9b12ec3-0036-45f7-8cc3-4d2e6f481cdc,f9b12ec3-0036-45f7-8cc3-4d2e6f481cdc,train,test
f9b12ec3-0036-45f7-8cc3-4d2e6f481cdc_mp4-0048_jpg.rf.f03045d2add26360b5af6dadf3ee4704.jpg,f9b12ec3-0036-45f7-8cc3-4d2e6f481cdc,f9b12ec3-0036-45f7-8cc3-4d2e6f481cdc,train,test
f9b12ec3-0036-45f7-8cc3-4d2e6f481cdc_mp4-0049_jpg.rf.7a9be5233ce9e9c788395dd12d377f25.jpg,f9b12ec3-0036-45f7-8cc3-4d2e6f481cdc,f9b12ec3-0036-45f7-8cc3-4d2e6f481cdc,train,test
f9b12ec3-0036-45f7-8cc3-4d2e6f481cdc_mp4-0051_jpg.rf.1e052fd49342b3fe0d518a9233029e9a.jpg,f9b12ec3-0036-45f7-8cc3-4d2e6f481cdc,f9b12ec3-0036-45f7-8cc3-4d2e6f481cdc,train,test
f9b12ec3-0036-45f7-8cc3-4d2e6f481cdc_mp4-0052_jpg.rf.218a2704641c5251beb5c4186da30c05.jpg,f9b12ec3-0036-45f7-8cc3-4d2e6f481cdc,f9b12ec3-0036-45f7-8cc3-4d2e6f481cdc,train,test
f9b12ec3-0036-45f7-8cc3-4d2e6f481cdc_mp4-0053_jpg.rf.b745164dac4121609c95fe8f8a0eee09.jpg,f9b12ec3-0036-45f7-8cc3-4d2e6f481cdc,f9b12ec3-0036-45f7-8cc3-4d2e6f481cdc,train,test
f9b12ec3-0036-45f7-8cc3-4d2e6f481cdc_mp4-0054_jpg.rf.f53863c226b665d5190153944c64c933.jpg,f9b12ec3-0036-45f7-8cc3-4d2e6f481cdc,f9b12ec3-0036-45f7-8cc3-4d2e6f481cdc,train,test
f9b12ec3-0036-45f7-8cc3-4d2e6f481cdc_mp4-0056_jpg.rf.220b381bfe26b6ba08fab3cd57f83489.jpg,f9b12ec3-0036-45f7-8cc3-4d2e6f481cdc,f9b12ec3-0036-45f7-8cc3-4d2e6f481cdc,train,test
f9b12ec3-0036-45f7-8cc3-4d2e6f481cdc_mp4-0057_jpg.rf.9b38f88d640844547a1a592c2360b077.jpg,f9b12ec3-0036-45f7-8cc3-4d2e6f481cdc,f9b12ec3-0036-45f7-8cc3-4d2e6f481cdc,train,test
fa45e6fb-4502-41bb-bb80-a4a4149318ad_mp4-0000_jpg.rf.9cf29cd24bddf2174c7473c074a60557.jpg,fa45e6fb-4502-41bb-bb80-a4a4149318ad,fa45e6fb-4502-41bb-bb80-a4a4149318ad,train,train
fa45e6fb-4502-41bb-bb80-a4a4149318ad_mp4-0001_jpg.rf.30483987f7cc655704e843c9da4bf42e.jpg,fa45e6fb-4502-41bb-bb80-a4a4149318ad,fa45e6fb-4502-41bb-bb80-a4a4149318ad,train,train
fa45e6fb-4502-41bb-bb80-a4a4149318ad_mp4-0002_jpg.rf.999ac9a53e0882b848584bb2e578489d.jpg,fa45e6fb-4502-41bb-bb80-a4a4149318ad,fa45e6fb-4502-41bb-bb80-a4a4149318ad,train,train
fa45e6fb-4502-41bb-bb80-a4a4149318ad_mp4-0006_jpg.rf.4eede65a8d3bc1b65a9beb3fed312105.jpg,fa45e6fb-4502-41bb-bb80-a4a4149318ad,fa45e6fb-4502-41bb-bb80-a4a4149318ad,train,train
fa45e6fb-4502-41bb-bb80-a4a4149318ad_mp4-0007_jpg.rf.1ae86f9ef22c4ec8ebe0b9eee2155358.jpg,fa45e6fb-4502-41bb-bb80-a4a4149318ad,fa45e6fb-4502-41bb-bb80-a4a4149318ad,train,train
fa45e6fb-4502-41bb-bb80-a4a4149318ad_mp4-0008_jpg.rf.8edb52b8829314ea294155966e07a3e0.jpg,fa45e6fb-4502-41bb-bb80-a4a4149318ad,fa45e6fb-4502-41bb-bb80-a4a4149318ad,train,train
fa45e6fb-4502-41bb-bb80-a4a4149318ad_mp4-0009_jpg.rf.42377039928d1825a4a44610c78be8f2.jpg,fa45e6fb-4502-41bb-bb80-a4a4149318ad,fa45e6fb-4502-41bb-bb80-a4a4149318ad,train,train
fa45e6fb-4502-41bb-bb80-a4a4149318ad_mp4-0010_jpg.rf.0e5941bf0f23cbba63fac58c74655df0.jpg,fa45e6fb-4502-41bb-bb80-a4a4149318ad,fa45e6fb-4502-41bb-bb80-a4a4149318ad,train,train
fa45e6fb-4502-41bb-bb80-a4a4149318ad_mp4-0011_jpg.rf.8a6a2bd9be2b7fcc360d6eca406f20fc.jpg,fa45e6fb-4502-41bb-bb80-a4a4149318ad,fa45e6fb-4502-41bb-bb80-a4a4149318ad,train,train
fa45e6fb-4502-41bb-bb80-a4a4149318ad_mp4-0015_jpg.rf.2d128d5ed59b7f7b2b16d6ecca38b1a0.jpg,fa45e6fb-4502-41bb-bb80-a4a4149318ad,fa45e6fb-4502-41bb-bb80-a4a4149318ad,train,train
fa45e6fb-4502-41bb-bb80-a4a4149318ad_mp4-0016_jpg.rf.8ae3a7338169ab109319a0c82aa2931b.jpg,fa45e6fb-4502-41bb-bb80-a4a4149318ad,fa45e6fb-4502-41bb-bb80-a4a4149318ad,train,train
fa45e6fb-4502-41bb-bb80-a4a4149318ad_mp4-0018_jpg.rf.d2279a5445af20fb604f9fcc68bb8418.jpg,fa45e6fb-4502-41bb-bb80-a4a4149318ad,fa45e6fb-4502-41bb-bb80-a4a4149318ad,train,train
fa45e6fb-4502-41bb-bb80-a4a4149318ad_mp4-0019_jpg.rf.5a330894e00388be6e544c033f9caf59.jpg,fa45e6fb-4502-41bb-bb80-a4a4149318ad,fa45e6fb-4502-41bb-bb80-a4a4149318ad,train,train
fa45e6fb-4502-41bb-bb80-a4a4149318ad_mp4-0020_jpg.rf.cbf500a7b71864260a0074661cc6ff88.jpg,fa45e6fb-4502-41bb-bb80-a4a4149318ad,fa45e6fb-4502-41bb-bb80-a4a4149318ad,train,train
fa45e6fb-4502-41bb-bb80-a4a4149318ad_mp4-0021_jpg.rf.5705ecbe28b9cecf40abe7999d6e027c.jpg,fa45e6fb-4502-41bb-bb80-a4a4149318ad,fa45e6fb-4502-41bb-bb80-a4a4149318ad,train,train
fa45e6fb-4502-41bb-bb80-a4a4149318ad_mp4-0022_jpg.rf.877809ecfdf84612feff653adce1e6cb.jpg,fa45e6fb-4502-41bb-bb80-a4a4149318ad,fa45e6fb-4502-41bb-bb80-a4a4149318ad,train,train
fa45e6fb-4502-41bb-bb80-a4a4149318ad_mp4-0023_jpg.rf.4532e4605a2f112beaee69be036c9c1f.jpg,fa45e6fb-4502-41bb-bb80-a4a4149318ad,fa45e6fb-4502-41bb-bb80-a4a4149318ad,train,train
fa45e6fb-4502-41bb-bb80-a4a4149318ad_mp4-0025_jpg.rf.f2a27c2123b476027954257474e08169.jpg,fa45e6fb-4502-41bb-bb80-a4a4149318ad,fa45e6fb-4502-41bb-bb80-a4a4149318ad,train,train
fa45e6fb-4502-41bb-bb80-a4a4149318ad_mp4-0026_jpg.rf.bf4c65aea6a2435c32227dc207339ffe.jpg,fa45e6fb-4502-41bb-bb80-a4a4149318ad,fa45e6fb-4502-41bb-bb80-a4a4149318ad,train,train
fa45e6fb-4502-41bb-bb80-a4a4149318ad_mp4-0027_jpg.rf.3dba5e90a89c48337f5e07ae046514ae.jpg,fa45e6fb-4502-41bb-bb80-a4a4149318ad,fa45e6fb-4502-41bb-bb80-a4a4149318ad,train,train
fa45e6fb-4502-41bb-bb80-a4a4149318ad_mp4-0028_jpg.rf.e344e8d241b7dab48251c19fc97d270a.jpg,fa45e6fb-4502-41bb-bb80-a4a4149318ad,fa45e6fb-4502-41bb-bb80-a4a4149318ad,train,train
fa45e6fb-4502-41bb-bb80-a4a4149318ad_mp4-0029_jpg.rf.7cca5790d322eef969e859ef1b270886.jpg,fa45e6fb-4502-41bb-bb80-a4a4149318ad,fa45e6fb-4502-41bb-bb80-a4a4149318ad,train,train
fa45e6fb-4502-41bb-bb80-a4a4149318ad_mp4-0031_jpg.rf.374f41e5b33ca6f820cb45185a2a8a85.jpg,fa45e6fb-4502-41bb-bb80-a4a4149318ad,fa45e6fb-4502-41bb-bb80-a4a4149318ad,train,train
fa45e6fb-4502-41bb-bb80-a4a4149318ad_mp4-0032_jpg.rf.3b62075506a83ae4f1d4cd9386678a17.jpg,fa45e6fb-4502-41bb-bb80-a4a4149318ad,fa45e6fb-4502-41bb-bb80-a4a4149318ad,train,train
fa45e6fb-4502-41bb-bb80-a4a4149318ad_mp4-0036_jpg.rf.82e44428f037a8a4c43eb37e9b417626.jpg,fa45e6fb-4502-41bb-bb80-a4a4149318ad,fa45e6fb-4502-41bb-bb80-a4a4149318ad,train,train
fa45e6fb-4502-41bb-bb80-a4a4149318ad_mp4-0037_jpg.rf.3b8f2c0c1e3898308f61246586d0051f.jpg,fa45e6fb-4502-41bb-bb80-a4a4149318ad,fa45e6fb-4502-41bb-bb80-a4a4149318ad,train,train
fa45e6fb-4502-41bb-bb80-a4a4149318ad_mp4-0039_jpg.rf.77f2f1767efcb3c5c31fb0db82b354b5.jpg,fa45e6fb-4502-41bb-bb80-a4a4149318ad,fa45e6fb-4502-41bb-bb80-a4a4149318ad,train,train
fa45e6fb-4502-41bb-bb80-a4a4149318ad_mp4-0041_jpg.rf.08c59e4420fa9216211c362317478b9e.jpg,fa45e6fb-4502-41bb-bb80-a4a4149318ad,fa45e6fb-4502-41bb-bb80-a4a4149318ad,train,train
07451999-bdf8-4862-b869-6db57c35f0c1_mp4-0002_jpg.rf.bfdf9b16ed45a7bd5e5d974692de6e15.jpg,07451999-bdf8-4862-b869-6db57c35f0c1,fa45e6fb-4502-41bb-bb80-a4a4149318ad,valid,train
07451999-bdf8-4862-b869-6db57c35f0c1_mp4-0009_jpg.rf.13654e2b70a616817d6c59eaa22b2f97.jpg,07451999-bdf8-4862-b869-6db57c35f0c1,fa45e6fb-4502-41bb-bb80-a4a4149318ad,valid,train
07451999-bdf8-4862-b869-6db57c35f0c1_mp4-0013_jpg.rf.b235c789f8f0eb45d7efdd17894c7f55.jpg,07451999-bdf8-4862-b869-6db57c35f0c1,fa45e6fb-4502-41bb-bb80-a4a4149318ad,valid,train
07451999-bdf8-4862-b869-6db57c35f0c1_mp4-0022_jpg.rf.c5e57e551abb7034383a59fd841a22f3.jpg,07451999-bdf8-4862-b869-6db57c35f0c1,fa45e6fb-4502-41bb-bb80-a4a4149318ad,valid,train
07451999-bdf8-4862-b869-6db57c35f0c1_mp4-0029_jpg.rf.1d51b722402fc2ea5036e33379842dec.jpg,07451999-bdf8-4862-b869-6db57c35f0c1,fa45e6fb-4502-41bb-bb80-a4a4149318ad,valid,train
07451999-bdf8-4862-b869-6db57c35f0c1_mp4-0030_jpg.rf.179e5ba48ab4e8c083fa748d047be68c.jpg,07451999-bdf8-4862-b869-6db57c35f0c1,fa45e6fb-4502-41bb-bb80-a4a4149318ad,valid,train
07451999-bdf8-4862-b869-6db57c35f0c1_mp4-0035_jpg.rf.976393577ccf00eceeeedd45229d78ea.jpg,07451999-bdf8-4862-b869-6db57c35f0c1,fa45e6fb-4502-41bb-bb80-a4a4149318ad,valid,train
0a48349e-f671-436a-8af5-de54f079109f_mp4-0001_jpg.rf.65807a1edc21b97c96cf58c8c45c20eb.jpg,0a48349e-f671-436a-8af5-de54f079109f,0a48349e-f671-436a-8af5-de54f079109f,valid,valid
0a48349e-f671-436a-8af5-de54f079109f_mp4-0009_jpg.rf.bd71069f58d002ef7d7bd813f897843f.jpg,0a48349e-f671-436a-8af5-de54f079109f,0a48349e-f671-436a-8af5-de54f079109f,valid,valid
0a48349e-f671-436a-8af5-de54f079109f_mp4-0016_jpg.rf.2ff24b42fc562758926b62ffd3d6b91c.jpg,0a48349e-f671-436a-8af5-de54f079109f,0a48349e-f671-436a-8af5-de54f079109f,valid,valid
0a48349e-f671-436a-8af5-de54f079109f_mp4-0020_jpg.rf.d5c134b8c146de130bf1b10c5b0a0a71.jpg,0a48349e-f671-436a-8af5-de54f079109f,0a48349e-f671-436a-8af5-de54f079109f,valid,valid
0a48349e-f671-436a-8af5-de54f079109f_mp4-0028_jpg.rf.ec5352ee83ea64061c1dadc385f63577.jpg,0a48349e-f671-436a-8af5-de54f079109f,0a48349e-f671-436a-8af5-de54f079109f,valid,valid
0a48349e-f671-436a-8af5-de54f079109f_mp4-0031_jpg.rf.29fca1312fd17356328cfd1fc490438b.jpg,0a48349e-f671-436a-8af5-de54f079109f,0a48349e-f671-436a-8af5-de54f079109f,valid,valid
0a48349e-f671-436a-8af5-de54f079109f_mp4-0038_jpg.rf.63b0e34bbdc04c2d4919d3350f63a905.jpg,0a48349e-f671-436a-8af5-de54f079109f,0a48349e-f671-436a-8af5-de54f079109f,valid,valid
0a48349e-f671-436a-8af5-de54f079109f_mp4-0040_jpg.rf.33e091988dd340a984de6900022be068.jpg,0a48349e-f671-436a-8af5-de54f079109f,0a48349e-f671-436a-8af5-de54f079109f,valid,valid
0a48349e-f671-436a-8af5-de54f079109f_mp4-0041_jpg.rf.094d3328bb693e7bd2d95ade9bf839dd.jpg,0a48349e-f671-436a-8af5-de54f079109f,0a48349e-f671-436a-8af5-de54f079109f,valid,valid
0a48349e-f671-436a-8af5-de54f079109f_mp4-0042_jpg.rf.db21cae3bb6daef84eb29e49977d72bb.jpg,0a48349e-f671-436a-8af5-de54f079109f,0a48349e-f671-436a-8af5-de54f079109f,valid,valid
0a48349e-f671-436a-8af5-de54f079109f_mp4-0051_jpg.rf.c72c47386fe0c07fcf6bd7821bbcf2d9.jpg,0a48349e-f671-436a-8af5-de54f079109f,0a48349e-f671-436a-8af5-de54f079109f,valid,valid
0a48349e-f671-436a-8af5-de54f079109f_mp4-0057_jpg.rf.351b67d2860ef7d37b56b425f64746d5.jpg,0a48349e-f671-436a-8af5-de54f079109f,0a48349e-f671-436a-8af5-de54f079109f,valid,valid
0a48349e-f671-436a-8af5-de54f079109f_mp4-0061_jpg.rf.fa4e7dd44cd91e51055d996cf28f9d11.jpg,0a48349e-f671-436a-8af5-de54f079109f,0a48349e-f671-436a-8af5-de54f079109f,valid,valid
0a48349e-f671-436a-8af5-de54f079109f_mp4-0071_jpg.rf.87fb24dc2bf716a75b7fe643cf973741.jpg,0a48349e-f671-436a-8af5-de54f079109f,0a48349e-f671-436a-8af5-de54f079109f,valid,valid
0a48349e-f671-436a-8af5-de54f079109f_mp4-0072_jpg.rf.555d5d3e231f13b5d99f57ea129bbb28.jpg,0a48349e-f671-436a-8af5-de54f079109f,0a48349e-f671-436a-8af5-de54f079109f,valid,valid
0a48349e-f671-436a-8af5-de54f079109f_mp4-0073_jpg.rf.7d45ed826f0f08df9fdf1ebfe9aec6a5.jpg,0a48349e-f671-436a-8af5-de54f079109f,0a48349e-f671-436a-8af5-de54f079109f,valid,valid
0f964fdb-9fc1-4941-9c12-15445855221a-1-_mp4-0003_jpg.rf.ad635109764d0d65f47438e65b37f786.jpg,0f964fdb-9fc1-4941-9c12-15445855221a-1-,5d81688a-7f52-42a4-b81d-822c2d2319a3,valid,train
0f964fdb-9fc1-4941-9c12-15445855221a-1-_mp4-0007_jpg.rf.38c92bd8794f1d10c5191cfb47b572cc.jpg,0f964fdb-9fc1-4941-9c12-15445855221a-1-,5d81688a-7f52-42a4-b81d-822c2d2319a3,valid,train
0f964fdb-9fc1-4941-9c12-15445855221a-1-_mp4-0010_jpg.rf.85b44cd7601eddb3722242756895c314.jpg,0f964fdb-9fc1-4941-9c12-15445855221a-1-,5d81688a-7f52-42a4-b81d-822c2d2319a3,valid,train
0f964fdb-9fc1-4941-9c12-15445855221a-1-_mp4-0014_jpg.rf.1cda69ce3bcb35612c08b0ca134cb9e6.jpg,0f964fdb-9fc1-4941-9c12-15445855221a-1-,5d81688a-7f52-42a4-b81d-822c2d2319a3,valid,train
0f964fdb-9fc1-4941-9c12-15445855221a-1-_mp4-0016_jpg.rf.744a1c2bbd07fe2365b07804abe85dd1.jpg,0f964fdb-9fc1-4941-9c12-15445855221a-1-,5d81688a-7f52-42a4-b81d-822c2d2319a3,valid,train
0f964fdb-9fc1-4941-9c12-15445855221a-1-_mp4-0024_jpg.rf.1667b22bb433682e58c38b6d5ab8d178.jpg,0f964fdb-9fc1-4941-9c12-15445855221a-1-,5d81688a-7f52-42a4-b81d-822c2d2319a3,valid,train
0f964fdb-9fc1-4941-9c12-15445855221a-1-_mp4-0025_jpg.rf.3ea18fbd7e85ffc39d29ea9a3efe6435.jpg,0f964fdb-9fc1-4941-9c12-15445855221a-1-,5d81688a-7f52-42a4-b81d-822c2d2319a3,valid,train
0f964fdb-9fc1-4941-9c12-15445855221a-1-_mp4-0030_jpg.rf.49167f995b32fa1129a1789b32094c65.jpg,0f964fdb-9fc1-4941-9c12-15445855221a-1-,5d81688a-7f52-42a4-b81d-822c2d2319a3,valid,train
0f964fdb-9fc1-4941-9c12-15445855221a-1-_mp4-0032_jpg.rf.4cd462f25e2fc954bd3230d253b6f50d.jpg,0f964fdb-9fc1-4941-9c12-15445855221a-1-,5d81688a-7f52-42a4-b81d-822c2d2319a3,valid,train
0f964fdb-9fc1-4941-9c12-15445855221a-1-_mp4-0040_jpg.rf.7aaf5c1573c1c59945b59e6b0a8d2ee2.jpg,0f964fdb-9fc1-4941-9c12-15445855221a-1-,5d81688a-7f52-42a4-b81d-822c2d2319a3,valid,train
0f964fdb-9fc1-4941-9c12-15445855221a-1-_mp4-0043_jpg.rf.d9d9ae69e4c26b706dc838ba8b9621bd.jpg,0f964fdb-9fc1-4941-9c12-15445855221a-1-,5d81688a-7f52-42a4-b81d-822c2d2319a3,valid,train
0f964fdb-9fc1-4941-9c12-15445855221a-1-_mp4-0048_jpg.rf.2134b2702f1fe009a5d37bf3beae458d.jpg,0f964fdb-9fc1-4941-9c12-15445855221a-1-,5d81688a-7f52-42a4-b81d-822c2d2319a3,valid,train
0f964fdb-9fc1-4941-9c12-15445855221a-1-_mp4-0056_jpg.rf.3fc2a12b1047fb12c80d80a1290dcd7a.jpg,0f964fdb-9fc1-4941-9c12-15445855221a-1-,5d81688a-7f52-42a4-b81d-822c2d2319a3,valid,train
0f964fdb-9fc1-4941-9c12-15445855221a-1-_mp4-0059_jpg.rf.bd83b5edeced819f2806319eb2a74085.jpg,0f964fdb-9fc1-4941-9c12-15445855221a-1-,5d81688a-7f52-42a4-b81d-822c2d2319a3,valid,train
0f964fdb-9fc1-4941-9c12-15445855221a-1-_mp4-0063_jpg.rf.24123aed79a5f8dee0635a82ce02d830.jpg,0f964fdb-9fc1-4941-9c12-15445855221a-1-,5d81688a-7f52-42a4-b81d-822c2d2319a3,valid,train
0f964fdb-9fc1-4941-9c12-15445855221a-1-_mp4-0078_jpg.rf.327b3996f2472a766b5380343275b16b.jpg,0f964fdb-9fc1-4941-9c12-15445855221a-1-,5d81688a-7f52-42a4-b81d-822c2d2319a3,valid,train
0f964fdb-9fc1-4941-9c12-15445855221a-1-_mp4-0082_jpg.rf.df35f73b89f050bbac35651380b831d5.jpg,0f964fdb-9fc1-4941-9c12-15445855221a-1-,5d81688a-7f52-42a4-b81d-822c2d2319a3,valid,train
0f964fdb-9fc1-4941-9c12-15445855221a-1-_mp4-0089_jpg.rf.e1507d7732b62a29cee074f473642051.jpg,0f964fdb-9fc1-4941-9c12-15445855221a-1-,5d81688a-7f52-42a4-b81d-822c2d2319a3,valid,train
1991989f-1bf5-4e50-89bb-7301b220ac01_mp4-0000_jpg.rf.9778ba75af4d8f79c6e64d8e78584430.jpg,1991989f-1bf5-4e50-89bb-7301b220ac01,1991989f-1bf5-4e50-89bb-7301b220ac01,valid,train
1991989f-1bf5-4e50-89bb-7301b220ac01_mp4-0004_jpg.rf.92f5bbb384447287ae37687efae3e744.jpg,1991989f-1bf5-4e50-89bb-7301b220ac01,1991989f-1bf5-4e50-89bb-7301b220ac01,valid,train
1991989f-1bf5-4e50-89bb-7301b220ac01_mp4-0009_jpg.rf.96449fc139a9b86b009af9857bedcf54.jpg,1991989f-1bf5-4e50-89bb-7301b220ac01,1991989f-1bf5-4e50-89bb-7301b220ac01,valid,train
1991989f-1bf5-4e50-89bb-7301b220ac01_mp4-0012_jpg.rf.a4b923bb2cd2ee32a20a9f44d8c51ce3.jpg,1991989f-1bf5-4e50-89bb-7301b220ac01,1991989f-1bf5-4e50-89bb-7301b220ac01,valid,train
1991989f-1bf5-4e50-89bb-7301b220ac01_mp4-0022_jpg.rf.ea1db2697e38bd036791259f88463963.jpg,1991989f-1bf5-4e50-89bb-7301b220ac01,1991989f-1bf5-4e50-89bb-7301b220ac01,valid,train
1991989f-1bf5-4e50-89bb-7301b220ac01_mp4-0024_jpg.rf.1b9ad034c6f17c460758b589d5034ef0.jpg,1991989f-1bf5-4e50-89bb-7301b220ac01,1991989f-1bf5-4e50-89bb-7301b220ac01,valid,train
1991989f-1bf5-4e50-89bb-7301b220ac01_mp4-0025_jpg.rf.610043944075e78b14edf74310d1aae0.jpg,1991989f-1bf5-4e50-89bb-7301b220ac01,1991989f-1bf5-4e50-89bb-7301b220ac01,valid,train
1991989f-1bf5-4e50-89bb-7301b220ac01_mp4-0028_jpg.rf.84be12cd378a2c65dc02062eaf54fb42.jpg,1991989f-1bf5-4e50-89bb-7301b220ac01,1991989f-1bf5-4e50-89bb-7301b220ac01,valid,train
1991989f-1bf5-4e50-89bb-7301b220ac01_mp4-0030_jpg.rf.a57f6431eaeb2feae426b52e275b0a8a.jpg,1991989f-1bf5-4e50-89bb-7301b220ac01,1991989f-1bf5-4e50-89bb-7301b220ac01,valid,train
1991989f-1bf5-4e50-89bb-7301b220ac01_mp4-0036_jpg.rf.6f75b8f4649d55f235b09c826b1b175d.jpg,1991989f-1bf5-4e50-89bb-7301b220ac01,1991989f-1bf5-4e50-89bb-7301b220ac01,valid,train
1991989f-1bf5-4e50-89bb-7301b220ac01_mp4-0041_jpg.rf.26343c35f103f122f3bebd27f6c37863.jpg,1991989f-1bf5-4e50-89bb-7301b220ac01,1991989f-1bf5-4e50-89bb-7301b220ac01,valid,train
1991989f-1bf5-4e50-89bb-7301b220ac01_mp4-0051_jpg.rf.5b7a8b2037ff91c5cb7481e4acc7b371.jpg,1991989f-1bf5-4e50-89bb-7301b220ac01,1991989f-1bf5-4e50-89bb-7301b220ac01,valid,train
1991989f-1bf5-4e50-89bb-7301b220ac01_mp4-0052_jpg.rf.47ab13933bb51df84e1b24ace5521515.jpg,1991989f-1bf5-4e50-89bb-7301b220ac01,1991989f-1bf5-4e50-89bb-7301b220ac01,valid,train
1991989f-1bf5-4e50-89bb-7301b220ac01_mp4-0061_jpg.rf.80b7bca502b381f15741b4d7f26f66ac.jpg,1991989f-1bf5-4e50-89bb-7301b220ac01,1991989f-1bf5-4e50-89bb-7301b220ac01,valid,train
2be0c9f6-caf7-4f26-9b59-b1299865a721_mp4-0000_jpg.rf.4410c15283a120d72e19855f5017eefe.jpg,2be0c9f6-caf7-4f26-9b59-b1299865a721,fa45e6fb-4502-41bb-bb80-a4a4149318ad,valid,train
2be0c9f6-caf7-4f26-9b59-b1299865a721_mp4-0006_jpg.rf.ad044d9e65ca27c853d8bc9d391b0ddc.jpg,2be0c9f6-caf7-4f26-9b59-b1299865a721,fa45e6fb-4502-41bb-bb80-a4a4149318ad,valid,train
2be0c9f6-caf7-4f26-9b59-b1299865a721_mp4-0008_jpg.rf.f227f3143991cc4c5a9f0c4f87b3a6a8.jpg,2be0c9f6-caf7-4f26-9b59-b1299865a721,fa45e6fb-4502-41bb-bb80-a4a4149318ad,valid,train
2be0c9f6-caf7-4f26-9b59-b1299865a721_mp4-0009_jpg.rf.b17c4682f7b0302fdcf1da5b02e1826b.jpg,2be0c9f6-caf7-4f26-9b59-b1299865a721,fa45e6fb-4502-41bb-bb80-a4a4149318ad,valid,train
2be0c9f6-caf7-4f26-9b59-b1299865a721_mp4-0015_jpg.rf.ebebab7b4da2e5f4a1150889884b51d2.jpg,2be0c9f6-caf7-4f26-9b59-b1299865a721,fa45e6fb-4502-41bb-bb80-a4a4149318ad,valid,train
2be0c9f6-caf7-4f26-9b59-b1299865a721_mp4-0016_jpg.rf.e73151dfb486fa70d02dee0ad891344b.jpg,2be0c9f6-caf7-4f26-9b59-b1299865a721,fa45e6fb-4502-41bb-bb80-a4a4149318ad,valid,train
2be0c9f6-caf7-4f26-9b59-b1299865a721_mp4-0017_jpg.rf.450aa444a1554c9ff1cd5554d2216280.jpg,2be0c9f6-caf7-4f26-9b59-b1299865a721,fa45e6fb-4502-41bb-bb80-a4a4149318ad,valid,train
2be0c9f6-caf7-4f26-9b59-b1299865a721_mp4-0022_jpg.rf.e7e07abbd362548ad4260e4ee1857066.jpg,2be0c9f6-caf7-4f26-9b59-b1299865a721,fa45e6fb-4502-41bb-bb80-a4a4149318ad,valid,train
2be0c9f6-caf7-4f26-9b59-b1299865a721_mp4-0023_jpg.rf.42d1d6de213a63254bcbdaa078bf4bb5.jpg,2be0c9f6-caf7-4f26-9b59-b1299865a721,fa45e6fb-4502-41bb-bb80-a4a4149318ad,valid,train
2be0c9f6-caf7-4f26-9b59-b1299865a721_mp4-0023_jpg.rf.e7957724a74c71cd252e8ef27bb9b9c2.jpg,2be0c9f6-caf7-4f26-9b59-b1299865a721,fa45e6fb-4502-41bb-bb80-a4a4149318ad,valid,train
2be0c9f6-caf7-4f26-9b59-b1299865a721_mp4-0026_jpg.rf.8dda640ad040e0b84ab72c0cc8971beb.jpg,2be0c9f6-caf7-4f26-9b59-b1299865a721,fa45e6fb-4502-41bb-bb80-a4a4149318ad,valid,train
2be0c9f6-caf7-4f26-9b59-b1299865a721_mp4-0029_jpg.rf.5e886769879bfbe80623bf775af7bc9c.jpg,2be0c9f6-caf7-4f26-9b59-b1299865a721,fa45e6fb-4502-41bb-bb80-a4a4149318ad,valid,train
2be0c9f6-caf7-4f26-9b59-b1299865a721_mp4-0036_jpg.rf.ab20c51420bb17b5e0fa4321df0a8648.jpg,2be0c9f6-caf7-4f26-9b59-b1299865a721,fa45e6fb-4502-41bb-bb80-a4a4149318ad,valid,train
2be0c9f6-caf7-4f26-9b59-b1299865a721_mp4-0037_jpg.rf.d6e4e91597a90e133dc66cf3a7667dae.jpg,2be0c9f6-caf7-4f26-9b59-b1299865a721,fa45e6fb-4502-41bb-bb80-a4a4149318ad,valid,train
2be0c9f6-caf7-4f26-9b59-b1299865a721_mp4-0040_jpg.rf.8e26df956339ca8ea09c7b234353c3ff.jpg,2be0c9f6-caf7-4f26-9b59-b1299865a721,fa45e6fb-4502-41bb-bb80-a4a4149318ad,valid,train
2be0c9f6-caf7-4f26-9b59-b1299865a721_mp4-0041_jpg.rf.aa47982d9df5398123f5883f14c3188b.jpg,2be0c9f6-caf7-4f26-9b59-b1299865a721,fa45e6fb-4502-41bb-bb80-a4a4149318ad,valid,train
2be0c9f6-caf7-4f26-9b59-b1299865a721_mp4-0043_jpg.rf.7e254ab9aa0eb884cd13b66645795ab5.jpg,2be0c9f6-caf7-4f26-9b59-b1299865a721,fa45e6fb-4502-41bb-bb80-a4a4149318ad,valid,train
2be0c9f6-caf7-4f26-9b59-b1299865a721_mp4-0047_jpg.rf.f27ee4ac2293ade1dcf0e483dc0745b1.jpg,2be0c9f6-caf7-4f26-9b59-b1299865a721,fa45e6fb-4502-41bb-bb80-a4a4149318ad,valid,train
2be0c9f6-caf7-4f26-9b59-b1299865a721_mp4-0048_jpg.rf.4f01084230cd02bb52a859d144f4eb32.jpg,2be0c9f6-caf7-4f26-9b59-b1299865a721,fa45e6fb-4502-41bb-bb80-a4a4149318ad,valid,train
2be0c9f6-caf7-4f26-9b59-b1299865a721_mp4-0050_jpg.rf.04a855fc37fe6aa5f1003f0f42a06558.jpg,2be0c9f6-caf7-4f26-9b59-b1299865a721,fa45e6fb-4502-41bb-bb80-a4a4149318ad,valid,train
2be0c9f6-caf7-4f26-9b59-b1299865a721_mp4-0053_jpg.rf.f950c949b446624b156b7a45515d2e2a.jpg,2be0c9f6-caf7-4f26-9b59-b1299865a721,fa45e6fb-4502-41bb-bb80-a4a4149318ad,valid,train
2be0c9f6-caf7-4f26-9b59-b1299865a721_mp4-0054_jpg.rf.e56f8f4976619c508714583b40c20c0c.jpg,2be0c9f6-caf7-4f26-9b59-b1299865a721,fa45e6fb-4502-41bb-bb80-a4a4149318ad,valid,train
2be0c9f6-caf7-4f26-9b59-b1299865a721_mp4-0059_jpg.rf.f5b6607327c1373a37236fc6415a2ee8.jpg,2be0c9f6-caf7-4f26-9b59-b1299865a721,fa45e6fb-4502-41bb-bb80-a4a4149318ad,valid,train
2be0c9f6-caf7-4f26-9b59-b1299865a721_mp4-0060_jpg.rf.edff11eb201b438183c08dad239a6e4e.jpg,2be0c9f6-caf7-4f26-9b59-b1299865a721,fa45e6fb-4502-41bb-bb80-a4a4149318ad,valid,train
2be0c9f6-caf7-4f26-9b59-b1299865a721_mp4-0061_jpg.rf.2e8b5e61878eff413d04a2a89a69135b.jpg,2be0c9f6-caf7-4f26-9b59-b1299865a721,fa45e6fb-4502-41bb-bb80-a4a4149318ad,valid,train
2be0c9f6-caf7-4f26-9b59-b1299865a721_mp4-0064_jpg.rf.f4bb1fac4cee18a166f4b8b097d5b4c1.jpg,2be0c9f6-caf7-4f26-9b59-b1299865a721,fa45e6fb-4502-41bb-bb80-a4a4149318ad,valid,train
2be0c9f6-caf7-4f26-9b59-b1299865a721_mp4-0065_jpg.rf.edd052cd565941eb7ca5c5c3e5746e2a.jpg,2be0c9f6-caf7-4f26-9b59-b1299865a721,fa45e6fb-4502-41bb-bb80-a4a4149318ad,valid,train
2be0c9f6-caf7-4f26-9b59-b1299865a721_mp4-0066_jpg.rf.51c1fd4f0fedf25fe1c9dfa19a7081a1.jpg,2be0c9f6-caf7-4f26-9b59-b1299865a721,fa45e6fb-4502-41bb-bb80-a4a4149318ad,valid,train
2be0c9f6-caf7-4f26-9b59-b1299865a721_mp4-0066_jpg.rf.82746e8c142314443df31a18ca55e664.jpg,2be0c9f6-caf7-4f26-9b59-b1299865a721,fa45e6fb-4502-41bb-bb80-a4a4149318ad,valid,train
2be0c9f6-caf7-4f26-9b59-b1299865a721_mp4-0067_jpg.rf.27b36f8033ee643dbfbaa11a3122ea6f.jpg,2be0c9f6-caf7-4f26-9b59-b1299865a721,fa45e6fb-4502-41bb-bb80-a4a4149318ad,valid,train
2be0c9f6-caf7-4f26-9b59-b1299865a721_mp4-0067_jpg.rf.8bd5ee1959a1847a128bd0f01606118e.jpg,2be0c9f6-caf7-4f26-9b59-b1299865a721,fa45e6fb-4502-41bb-bb80-a4a4149318ad,valid,train
2be0c9f6-caf7-4f26-9b59-b1299865a721_mp4-0079_jpg.rf.db2f7bc9cf004c737ee871d9859d4795.jpg,2be0c9f6-caf7-4f26-9b59-b1299865a721,fa45e6fb-4502-41bb-bb80-a4a4149318ad,valid,train
2be0c9f6-caf7-4f26-9b59-b1299865a721_mp4-0080_jpg.rf.51edbda029f89f55000f45111d7b588c.jpg,2be0c9f6-caf7-4f26-9b59-b1299865a721,fa45e6fb-4502-41bb-bb80-a4a4149318ad,valid,train
2be0c9f6-caf7-4f26-9b59-b1299865a721_mp4-0082_jpg.rf.ed987af656eda573ad2bdfb7d76a90ca.jpg,2be0c9f6-caf7-4f26-9b59-b1299865a721,fa45e6fb-4502-41bb-bb80-a4a4149318ad,valid,train
2be0c9f6-caf7-4f26-9b59-b1299865a721_mp4-0084_jpg.rf.407b0c67f752892706095bc8e7ab6ffc.jpg,2be0c9f6-caf7-4f26-9b59-b1299865a721,fa45e6fb-4502-41bb-bb80-a4a4149318ad,valid,train
2be0c9f6-caf7-4f26-9b59-b1299865a721_mp4-0092_jpg.rf.6bf0edfe3dc03887a02a4ef9b41d49d1.jpg,2be0c9f6-caf7-4f26-9b59-b1299865a721,fa45e6fb-4502-41bb-bb80-a4a4149318ad,valid,train
2be0c9f6-caf7-4f26-9b59-b1299865a721_mp4-0094_jpg.rf.89a5120ca7e4fa96822777745861df30.jpg,2be0c9f6-caf7-4f26-9b59-b1299865a721,fa45e6fb-4502-41bb-bb80-a4a4149318ad,valid,train
2be0c9f6-caf7-4f26-9b59-b1299865a721_mp4-0095_jpg.rf.a66a084676997abea7f34355c34657c3.jpg,2be0c9f6-caf7-4f26-9b59-b1299865a721,fa45e6fb-4502-41bb-bb80-a4a4149318ad,valid,train
2be0c9f6-caf7-4f26-9b59-b1299865a721_mp4-0100_jpg.rf.a53ef10ea72d7f4fbb03e113713e2238.jpg,2be0c9f6-caf7-4f26-9b59-b1299865a721,fa45e6fb-4502-41bb-bb80-a4a4149318ad,valid,train
2be0c9f6-caf7-4f26-9b59-b1299865a721_mp4-0106_jpg.rf.d197c37a8e554ba9426e0552cb6aa87d.jpg,2be0c9f6-caf7-4f26-9b59-b1299865a721,fa45e6fb-4502-41bb-bb80-a4a4149318ad,valid,train
2be0c9f6-caf7-4f26-9b59-b1299865a721_mp4-0107_jpg.rf.6d8078a4cd426ae3aadd2b36784c1a95.jpg,2be0c9f6-caf7-4f26-9b59-b1299865a721,fa45e6fb-4502-41bb-bb80-a4a4149318ad,valid,train
2be0c9f6-caf7-4f26-9b59-b1299865a721_mp4-0109_jpg.rf.4db05748abeb397b71d0ba3301b0ef3f.jpg,2be0c9f6-caf7-4f26-9b59-b1299865a721,fa45e6fb-4502-41bb-bb80-a4a4149318ad,valid,train
2be0c9f6-caf7-4f26-9b59-b1299865a721_mp4-0110_jpg.rf.716240d2e9c661c38a2f2c8bf232da3c.jpg,2be0c9f6-caf7-4f26-9b59-b1299865a721,fa45e6fb-4502-41bb-bb80-a4a4149318ad,valid,train
2be0c9f6-caf7-4f26-9b59-b1299865a721_mp4-0111_jpg.rf.a94da3d93fc0df40804c2bcc4e9b401b.jpg,2be0c9f6-caf7-4f26-9b59-b1299865a721,fa45e6fb-4502-41bb-bb80-a4a4149318ad,valid,train
2be0c9f6-caf7-4f26-9b59-b1299865a721_mp4-0112_jpg.rf.fb41075a5bc1bfe6f5ee3987d6e5f0f1.jpg,2be0c9f6-caf7-4f26-9b59-b1299865a721,fa45e6fb-4502-41bb-bb80-a4a4149318ad,valid,train
2be0c9f6-caf7-4f26-9b59-b1299865a721_mp4-0115_jpg.rf.c648da1c00073ee16ab4227e949bd36a.jpg,2be0c9f6-caf7-4f26-9b59-b1299865a721,fa45e6fb-4502-41bb-bb80-a4a4149318ad,valid,train
2be0c9f6-caf7-4f26-9b59-b1299865a721_mp4-0118_jpg.rf.ab56ce2e7b35742214f1b50a7580b8b8.jpg,2be0c9f6-caf7-4f26-9b59-b1299865a721,fa45e6fb-4502-41bb-bb80-a4a4149318ad,valid,train
2be0c9f6-caf7-4f26-9b59-b1299865a721_mp4-0119_jpg.rf.5d7adcf607efd5e1cd5add9d850610d8.jpg,2be0c9f6-caf7-4f26-9b59-b1299865a721,fa45e6fb-4502-41bb-bb80-a4a4149318ad,valid,train
2be0c9f6-caf7-4f26-9b59-b1299865a721_mp4-0125_jpg.rf.998462409b9f62927c452067f318b9e7.jpg,2be0c9f6-caf7-4f26-9b59-b1299865a721,fa45e6fb-4502-41bb-bb80-a4a4149318ad,valid,train
2be0c9f6-caf7-4f26-9b59-b1299865a721_mp4-0126_jpg.rf.0d87b838862800c5c2c124016fad9076.jpg,2be0c9f6-caf7-4f26-9b59-b1299865a721,fa45e6fb-4502-41bb-bb80-a4a4149318ad,valid,train
2be0c9f6-caf7-4f26-9b59-b1299865a721_mp4-0126_jpg.rf.64d22549c5606af3115f8eb3d87917dc.jpg,2be0c9f6-caf7-4f26-9b59-b1299865a721,fa45e6fb-4502-41bb-bb80-a4a4149318ad,valid,train
2be0c9f6-caf7-4f26-9b59-b1299865a721_mp4-0127_jpg.rf.2ab9b6dc5defbb82e43740da8aa948c6.jpg,2be0c9f6-caf7-4f26-9b59-b1299865a721,fa45e6fb-4502-41bb-bb80-a4a4149318ad,valid,train
2be0c9f6-caf7-4f26-9b59-b1299865a721_mp4-0129_jpg.rf.f2e161b35658603b978d0945424e7fba.jpg,2be0c9f6-caf7-4f26-9b59-b1299865a721,fa45e6fb-4502-41bb-bb80-a4a4149318ad,valid,train
2be0c9f6-caf7-4f26-9b59-b1299865a721_mp4-0131_jpg.rf.afa9f3cadd724b0b0810bfc8a096213d.jpg,2be0c9f6-caf7-4f26-9b59-b1299865a721,fa45e6fb-4502-41bb-bb80-a4a4149318ad,valid,train
2be0c9f6-caf7-4f26-9b59-b1299865a721_mp4-0132_jpg.rf.382b64504b82dd0790769d19003a04ed.jpg,2be0c9f6-caf7-4f26-9b59-b1299865a721,fa45e6fb-4502-41bb-bb80-a4a4149318ad,valid,train
2be0c9f6-caf7-4f26-9b59-b1299865a721_mp4-0132_jpg.rf.53aca16a7e7fedde997e09dde1fdcae1.jpg,2be0c9f6-caf7-4f26-9b59-b1299865a721,fa45e6fb-4502-41bb-bb80-a4a4149318ad,valid,train
2be0c9f6-caf7-4f26-9b59-b1299865a721_mp4-0137_jpg.rf.2b0fd1730c93666820ff96d174c88129.jpg,2be0c9f6-caf7-4f26-9b59-b1299865a721,fa45e6fb-4502-41bb-bb80-a4a4149318ad,valid,train
2be0c9f6-caf7-4f26-9b59-b1299865a721_mp4-0138_jpg.rf.e8e97b168f60a54517d9d7f9b5183bf5.jpg,2be0c9f6-caf7-4f26-9b59-b1299865a721,fa45e6fb-4502-41bb-bb80-a4a4149318ad,valid,train
2be0c9f6-caf7-4f26-9b59-b1299865a721_mp4-0139_jpg.rf.75983283fda6c6c47f992aae25594b57.jpg,2be0c9f6-caf7-4f26-9b59-b1299865a721,fa45e6fb-4502-41bb-bb80-a4a4149318ad,valid,train
2be0c9f6-caf7-4f26-9b59-b1299865a721_mp4-0141_jpg.rf.3508d1a4a2d79346e39cf916c965ea09.jpg,2be0c9f6-caf7-4f26-9b59-b1299865a721,fa45e6fb-4502-41bb-bb80-a4a4149318ad,valid,train
2be0c9f6-caf7-4f26-9b59-b1299865a721_mp4-0142_jpg.rf.2e2fefba5636e68b895de5882513b00d.jpg,2be0c9f6-caf7-4f26-9b59-b1299865a721,fa45e6fb-4502-41bb-bb80-a4a4149318ad,valid,train
2be0c9f6-caf7-4f26-9b59-b1299865a721_mp4-0143_jpg.rf.3ce5299e96f006c397ef33be681213ba.jpg,2be0c9f6-caf7-4f26-9b59-b1299865a721,fa45e6fb-4502-41bb-bb80-a4a4149318ad,valid,train
2be0c9f6-caf7-4f26-9b59-b1299865a721_mp4-0145_jpg.rf.c154d1be7a8f315673899b0516cf27ae.jpg,2be0c9f6-caf7-4f26-9b59-b1299865a721,fa45e6fb-4502-41bb-bb80-a4a4149318ad,valid,train
2be0c9f6-caf7-4f26-9b59-b1299865a721_mp4-0148_jpg.rf.8bafb623ed57b5722331bfb3e520b7ae.jpg,2be0c9f6-caf7-4f26-9b59-b1299865a721,fa45e6fb-4502-41bb-bb80-a4a4149318ad,valid,train
2be0c9f6-caf7-4f26-9b59-b1299865a721_mp4-0150_jpg.rf.3b860cc65f8779da023bf2f6e6364a0c.jpg,2be0c9f6-caf7-4f26-9b59-b1299865a721,fa45e6fb-4502-41bb-bb80-a4a4149318ad,valid,train
2be0c9f6-caf7-4f26-9b59-b1299865a721_mp4-0152_jpg.rf.0e5708e81710e591e23340ef8910c0b5.jpg,2be0c9f6-caf7-4f26-9b59-b1299865a721,fa45e6fb-4502-41bb-bb80-a4a4149318ad,valid,train
2be0c9f6-caf7-4f26-9b59-b1299865a721_mp4-0154_jpg.rf.e3a3d787f68b332e67e57cc6f186912c.jpg,2be0c9f6-caf7-4f26-9b59-b1299865a721,fa45e6fb-4502-41bb-bb80-a4a4149318ad,valid,train
2be0c9f6-caf7-4f26-9b59-b1299865a721_mp4-0170_jpg.rf.37b1f01da0c12367107f31faaef4ab5f.jpg,2be0c9f6-caf7-4f26-9b59-b1299865a721,fa45e6fb-4502-41bb-bb80-a4a4149318ad,valid,train
4a7f29af-8d1c-4a3b-90e6-b9cf771fd1c2_mp4-0004_jpg.rf.edac98863ed0ac6d39b5929b4babc3d7.jpg,4a7f29af-8d1c-4a3b-90e6-b9cf771fd1c2,4a7f29af-8d1c-4a3b-90e6-b9cf771fd1c2,valid,train
4a7f29af-8d1c-4a3b-90e6-b9cf771fd1c2_mp4-0006_jpg.rf.b9678735362917d2380c57080ccac23d.jpg,4a7f29af-8d1c-4a3b-90e6-b9cf771fd1c2,4a7f29af-8d1c-4a3b-90e6-b9cf771fd1c2,valid,train
4a7f29af-8d1c-4a3b-90e6-b9cf771fd1c2_mp4-0009_jpg.rf.705dc2d871d9b3b7ea8133cf759fa8bd.jpg,4a7f29af-8d1c-4a3b-90e6-b9cf771fd1c2,4a7f29af-8d1c-4a3b-90e6-b9cf771fd1c2,valid,train
4a7f29af-8d1c-4a3b-90e6-b9cf771fd1c2_mp4-0013_jpg.rf.cab713d573215c222cdc441e4a927dbc.jpg,4a7f29af-8d1c-4a3b-90e6-b9cf771fd1c2,4a7f29af-8d1c-4a3b-90e6-b9cf771fd1c2,valid,train
4a7f29af-8d1c-4a3b-90e6-b9cf771fd1c2_mp4-0014_jpg.rf.05d13b7d0b1462e64a39ed771128e5c1.jpg,4a7f29af-8d1c-4a3b-90e6-b9cf771fd1c2,4a7f29af-8d1c-4a3b-90e6-b9cf771fd1c2,valid,train
4a7f29af-8d1c-4a3b-90e6-b9cf771fd1c2_mp4-0016_jpg.rf.be66770cbbd5166112c827f2e32e66f4.jpg,4a7f29af-8d1c-4a3b-90e6-b9cf771fd1c2,4a7f29af-8d1c-4a3b-90e6-b9cf771fd1c2,valid,train
4a7f29af-8d1c-4a3b-90e6-b9cf771fd1c2_mp4-0029_jpg.rf.8a57889fa660d74f25768bd43cf8befa.jpg,4a7f29af-8d1c-4a3b-90e6-b9cf771fd1c2,4a7f29af-8d1c-4a3b-90e6-b9cf771fd1c2,valid,train
4a7f29af-8d1c-4a3b-90e6-b9cf771fd1c2_mp4-0031_jpg.rf.d934fa8d129d79ca2d9f4c6314b5b5d1.jpg,4a7f29af-8d1c-4a3b-90e6-b9cf771fd1c2,4a7f29af-8d1c-4a3b-90e6-b9cf771fd1c2,valid,train
4a7f29af-8d1c-4a3b-90e6-b9cf771fd1c2_mp4-0033_jpg.rf.dcab6d81fedf42c28b7768df9e5b876f.jpg,4a7f29af-8d1c-4a3b-90e6-b9cf771fd1c2,4a7f29af-8d1c-4a3b-90e6-b9cf771fd1c2,valid,train
4a7f29af-8d1c-4a3b-90e6-b9cf771fd1c2_mp4-0044_jpg.rf.5e44aaf64df1af141bfdce995dd40565.jpg,4a7f29af-8d1c-4a3b-90e6-b9cf771fd1c2,4a7f29af-8d1c-4a3b-90e6-b9cf771fd1c2,valid,train
4a7f29af-8d1c-4a3b-90e6-b9cf771fd1c2_mp4-0047_jpg.rf.572c03953aa8e901d6cc2f3b37f347f9.jpg,4a7f29af-8d1c-4a3b-90e6-b9cf771fd1c2,4a7f29af-8d1c-4a3b-90e6-b9cf771fd1c2,valid,train
51647d0e-59fc-4bf9-b510-488636e21705_jpg.rf.491913c8d8533e33a70ceb09c7e55586.jpg,51647d0e-59fc-4bf9-b510-488636e21705,51647d0e-59fc-4bf9-b510-488636e21705,valid,valid
5d81688a-7f52-42a4-b81d-822c2d2319a3_mp4-0001_jpg.rf.fba7bd5558a2dfe44ee397f6e0631fdd.jpg,5d81688a-7f52-42a4-b81d-822c2d2319a3,5d81688a-7f52-42a4-b81d-822c2d2319a3,valid,train
5d81688a-7f52-42a4-b81d-822c2d2319a3_mp4-0003_jpg.rf.461cb4b90eeea920b55c40b4d442056d.jpg,5d81688a-7f52-42a4-b81d-822c2d2319a3,5d81688a-7f52-42a4-b81d-822c2d2319a3,valid,train
5d81688a-7f52-42a4-b81d-822c2d2319a3_mp4-0012_jpg.rf.da297d3121e8360f6004c72c0ddb053a.jpg,5d81688a-7f52-42a4-b81d-822c2d2319a3,5d81688a-7f52-42a4-b81d-822c2d2319a3,valid,train
5d81688a-7f52-42a4-b81d-822c2d2319a3_mp4-0016_jpg.rf.97baa96fb5f07e75b25922da7dd4445a.jpg,5d81688a-7f52-42a4-b81d-822c2d2319a3,5d81688a-7f52-42a4-b81d-822c2d2319a3,valid,train
6459c886-45a3-4065-82bc-2ed15b2875b0_mp4-0000_jpg.rf.9c49f9faf68c5981dab33cecc313ab39.jpg,6459c886-45a3-4065-82bc-2ed15b2875b0,6459c886-45a3-4065-82bc-2ed15b2875b0,valid,valid
6459c886-45a3-4065-82bc-2ed15b2875b0_mp4-0014_jpg.rf.2e0895546cf86bffb716cf40fb97ba81.jpg,6459c886-45a3-4065-82bc-2ed15b2875b0,6459c886-45a3-4065-82bc-2ed15b2875b0,valid,valid
6459c886-45a3-4065-82bc-2ed15b2875b0_mp4-0015_jpg.rf.c9fd5f3f2a2e2124055b17a25826229e.jpg,6459c886-45a3-4065-82bc-2ed15b2875b0,6459c886-45a3-4065-82bc-2ed15b2875b0,valid,valid
6459c886-45a3-4065-82bc-2ed15b2875b0_mp4-0020_jpg.rf.997f7e5cfc6994fc5edcd33642c18ad1.jpg,6459c886-45a3-4065-82bc-2ed15b2875b0,6459c886-45a3-4065-82bc-2ed15b2875b0,valid,valid
6459c886-45a3-4065-82bc-2ed15b2875b0_mp4-0023_jpg.rf.341374452180b4a6ab9ebd37bf7270cd.jpg,6459c886-45a3-4065-82bc-2ed15b2875b0,6459c886-45a3-4065-82bc-2ed15b2875b0,valid,valid
6459c886-45a3-4065-82bc-2ed15b2875b0_mp4-0026_jpg.rf.731e83820809a987ec67b82d66cd0ba2.jpg,6459c886-45a3-4065-82bc-2ed15b2875b0,6459c886-45a3-4065-82bc-2ed15b2875b0,valid,valid
6459c886-45a3-4065-82bc-2ed15b2875b0_mp4-0035_jpg.rf.04e591d881dc0595327baff681a3dafe.jpg,6459c886-45a3-4065-82bc-2ed15b2875b0,6459c886-45a3-4065-82bc-2ed15b2875b0,valid,valid
6459c886-45a3-4065-82bc-2ed15b2875b0_mp4-0047_jpg.rf.6f391cad0d1e5fce1b9bcbd3e009ebcb.jpg,6459c886-45a3-4065-82bc-2ed15b2875b0,6459c886-45a3-4065-82bc-2ed15b2875b0,valid,valid
6459c886-45a3-4065-82bc-2ed15b2875b0_mp4-0048_jpg.rf.b78ab45ab23985e5e675d2b7271ef28b.jpg,6459c886-45a3-4065-82bc-2ed15b2875b0,6459c886-45a3-4065-82bc-2ed15b2875b0,valid,valid
6f40fbbd-891e-434b-a1ec-365668a5ae66_mp4-0014_jpg.rf.918eab2fc94f469f284e7f80fe9592eb.jpg,6f40fbbd-891e-434b-a1ec-365668a5ae66,6f40fbbd-891e-434b-a1ec-365668a5ae66,valid,train
6f40fbbd-891e-434b-a1ec-365668a5ae66_mp4-0016_jpg.rf.72c01c36d773c209f127a97df6bc24a0.jpg,6f40fbbd-891e-434b-a1ec-365668a5ae66,6f40fbbd-891e-434b-a1ec-365668a5ae66,valid,train
6f40fbbd-891e-434b-a1ec-365668a5ae66_mp4-0028_jpg.rf.84c59b0d836ef26e1695df49152d60f8.jpg,6f40fbbd-891e-434b-a1ec-365668a5ae66,6f40fbbd-891e-434b-a1ec-365668a5ae66,valid,train
6f40fbbd-891e-434b-a1ec-365668a5ae66_mp4-0032_jpg.rf.8b6ee5fb33dbb9eaf23be785fef5c6d9.jpg,6f40fbbd-891e-434b-a1ec-365668a5ae66,6f40fbbd-891e-434b-a1ec-365668a5ae66,valid,train
6f40fbbd-891e-434b-a1ec-365668a5ae66_mp4-0042_jpg.rf.1b199840e61489c083d42e1dd7ba2930.jpg,6f40fbbd-891e-434b-a1ec-365668a5ae66,6f40fbbd-891e-434b-a1ec-365668a5ae66,valid,train
6f40fbbd-891e-434b-a1ec-365668a5ae66_mp4-0046_jpg.rf.41ba4f08e670cfcc9e4e6c0da296b8c8.jpg,6f40fbbd-891e-434b-a1ec-365668a5ae66,6f40fbbd-891e-434b-a1ec-365668a5ae66,valid,train
6f40fbbd-891e-434b-a1ec-365668a5ae66_mp4-0050_jpg.rf.0b1702fb48c0409202e9a280b7d1fd59.jpg,6f40fbbd-891e-434b-a1ec-365668a5ae66,6f40fbbd-891e-434b-a1ec-365668a5ae66,valid,train
6f40fbbd-891e-434b-a1ec-365668a5ae66_mp4-0054_jpg.rf.06a981a11596c90a7d1cfb1befaadea9.jpg,6f40fbbd-891e-434b-a1ec-365668a5ae66,6f40fbbd-891e-434b-a1ec-365668a5ae66,valid,train
6f40fbbd-891e-434b-a1ec-365668a5ae66_mp4-0059_jpg.rf.516604f7fa6b6760b01a1195ded1189f.jpg,6f40fbbd-891e-434b-a1ec-365668a5ae66,6f40fbbd-891e-434b-a1ec-365668a5ae66,valid,train
7a600bac-e654-415e-b91d-010d2db77b5b_jpg.rf.854d1ab158b6288ba17176d2aaab25b5.jpg,7a600bac-e654-415e-b91d-010d2db77b5b,7a600bac-e654-415e-b91d-010d2db77b5b,valid,test
8f435cb5-02c7-452a-a971-cef315681c19_mp4-0001_jpg.rf.cc717742a802c3518246cb6ffbf1573e.jpg,8f435cb5-02c7-452a-a971-cef315681c19,8f435cb5-02c7-452a-a971-cef315681c19,valid,train
8f435cb5-02c7-452a-a971-cef315681c19_mp4-0007_jpg.rf.8ad18947fac5ca2c499e36f845060019.jpg,8f435cb5-02c7-452a-a971-cef315681c19,8f435cb5-02c7-452a-a971-cef315681c19,valid,train
8f435cb5-02c7-452a-a971-cef315681c19_mp4-0019_jpg.rf.c8f6bdd3f52dd744feed943b16b8736d.jpg,8f435cb5-02c7-452a-a971-cef315681c19,8f435cb5-02c7-452a-a971-cef315681c19,valid,train
8f435cb5-02c7-452a-a971-cef315681c19_mp4-0020_jpg.rf.17fbb473ee65120e5e1ae4ac85e7cc76.jpg,8f435cb5-02c7-452a-a971-cef315681c19,8f435cb5-02c7-452a-a971-cef315681c19,valid,train
8f435cb5-02c7-452a-a971-cef315681c19_mp4-0023_jpg.rf.ec5f8c11129f35fdcfa163852d9b9a5f.jpg,8f435cb5-02c7-452a-a971-cef315681c19,8f435cb5-02c7-452a-a971-cef315681c19,valid,train
96ecd4fe-5910-4cd4-8a24-11ed20aab3b7_mp4-0002_jpg.rf.f3b426ba15d50529bf3cdc4a0bdd436f.jpg,96ecd4fe-5910-4cd4-8a24-11ed20aab3b7,96ecd4fe-5910-4cd4-8a24-11ed20aab3b7,valid,valid
96ecd4fe-5910-4cd4-8a24-11ed20aab3b7_mp4-0006_jpg.rf.b5f7d8baa8cccacd12ca846369839490.jpg,96ecd4fe-5910-4cd4-8a24-11ed20aab3b7,96ecd4fe-5910-4cd4-8a24-11ed20aab3b7,valid,valid
96ecd4fe-5910-4cd4-8a24-11ed20aab3b7_mp4-0012_jpg.rf.4ba3cabb2c3aeb3ae912ac662d326272.jpg,96ecd4fe-5910-4cd4-8a24-11ed20aab3b7,96ecd4fe-5910-4cd4-8a24-11ed20aab3b7,valid,valid
96ecd4fe-5910-4cd4-8a24-11ed20aab3b7_mp4-0013_jpg.rf.c359550df0d249b52246d39d38f7084e.jpg,96ecd4fe-5910-4cd4-8a24-11ed20aab3b7,96ecd4fe-5910-4cd4-8a24-11ed20aab3b7,valid,valid
96ecd4fe-5910-4cd4-8a24-11ed20aab3b7_mp4-0023_jpg.rf.276593f4fea65d246e65c0ebd924ee94.jpg,96ecd4fe-5910-4cd4-8a24-11ed20aab3b7,96ecd4fe-5910-4cd4-8a24-11ed20aab3b7,valid,valid
96ecd4fe-5910-4cd4-8a24-11ed20aab3b7_mp4-0036_jpg.rf.61bd22559fb523f702b65a23892bee3d.jpg,96ecd4fe-5910-4cd4-8a24-11ed20aab3b7,96ecd4fe-5910-4cd4-8a24-11ed20aab3b7,valid,valid
96ecd4fe-5910-4cd4-8a24-11ed20aab3b7_mp4-0048_jpg.rf.b54595590e01f622f980cd1731dc7356.jpg,96ecd4fe-5910-4cd4-8a24-11ed20aab3b7,96ecd4fe-5910-4cd4-8a24-11ed20aab3b7,valid,valid
96ecd4fe-5910-4cd4-8a24-11ed20aab3b7_mp4-0049_jpg.rf.7d40b1364d5565987eb2ba2fa1ee49d4.jpg,96ecd4fe-5910-4cd4-8a24-11ed20aab3b7,96ecd4fe-5910-4cd4-8a24-11ed20aab3b7,valid,valid
96ecd4fe-5910-4cd4-8a24-11ed20aab3b7_mp4-0052_jpg.rf.e9e7763209a3c7968bff1f0c3d9e863f.jpg,96ecd4fe-5910-4cd4-8a24-11ed20aab3b7,96ecd4fe-5910-4cd4-8a24-11ed20aab3b7,valid,valid
96ecd4fe-5910-4cd4-8a24-11ed20aab3b7_mp4-0053_jpg.rf.635ee63c39a75eb61c5ad32712727c54.jpg,96ecd4fe-5910-4cd4-8a24-11ed20aab3b7,96ecd4fe-5910-4cd4-8a24-11ed20aab3b7,valid,valid
96ecd4fe-5910-4cd4-8a24-11ed20aab3b7_mp4-0054_jpg.rf.248e3feabe62e3e3cb1149b21bd3be5b.jpg,96ecd4fe-5910-4cd4-8a24-11ed20aab3b7,96ecd4fe-5910-4cd4-8a24-11ed20aab3b7,valid,valid
96ecd4fe-5910-4cd4-8a24-11ed20aab3b7_mp4-0059_jpg.rf.ce82ed22af06e0ba046ef55916a51465.jpg,96ecd4fe-5910-4cd4-8a24-11ed20aab3b7,96ecd4fe-5910-4cd4-8a24-11ed20aab3b7,valid,valid
96ecd4fe-5910-4cd4-8a24-11ed20aab3b7_mp4-0062_jpg.rf.d16d45b994f1fd25a78699f1647f8b23.jpg,96ecd4fe-5910-4cd4-8a24-11ed20aab3b7,96ecd4fe-5910-4cd4-8a24-11ed20aab3b7,valid,valid
96ecd4fe-5910-4cd4-8a24-11ed20aab3b7_mp4-0065_jpg.rf.20ec4e441e0ebc01919de175dc80f379.jpg,96ecd4fe-5910-4cd4-8a24-11ed20aab3b7,96ecd4fe-5910-4cd4-8a24-11ed20aab3b7,valid,valid
b029e315-2e53-4152-a536-1adea99e32f7_mp4-0000_jpg.rf.794c570615243283de76877ea0a90c0d.jpg,b029e315-2e53-4152-a536-1adea99e32f7,b029e315-2e53-4152-a536-1adea99e32f7,valid,valid
b029e315-2e53-4152-a536-1adea99e32f7_mp4-0004_jpg.rf.4b16d405c9c409cd5d6cbfbe080f08b9.jpg,b029e315-2e53-4152-a536-1adea99e32f7,b029e315-2e53-4152-a536-1adea99e32f7,valid,valid
b029e315-2e53-4152-a536-1adea99e32f7_mp4-0008_jpg.rf.3d2666118084be462cbe8b20defa4527.jpg,b029e315-2e53-4152-a536-1adea99e32f7,b029e315-2e53-4152-a536-1adea99e32f7,valid,valid
b029e315-2e53-4152-a536-1adea99e32f7_mp4-0018_jpg.rf.28739ffde4622b64e2c9a3b3d9620a58.jpg,b029e315-2e53-4152-a536-1adea99e32f7,b029e315-2e53-4152-a536-1adea99e32f7,valid,valid
b029e315-2e53-4152-a536-1adea99e32f7_mp4-0020_jpg.rf.b2d34ca190cef325783126294f779f89.jpg,b029e315-2e53-4152-a536-1adea99e32f7,b029e315-2e53-4152-a536-1adea99e32f7,valid,valid
b029e315-2e53-4152-a536-1adea99e32f7_mp4-0021_jpg.rf.0926ee9e039957dc6f0003e9b20aa124.jpg,b029e315-2e53-4152-a536-1adea99e32f7,b029e315-2e53-4152-a536-1adea99e32f7,valid,valid
bbf45eda-4ffb-4bf1-9b29-a4e91475c8ec_mp4-0000_jpg.rf.83453101a2426120052779dce9303705.jpg,bbf45eda-4ffb-4bf1-9b29-a4e91475c8ec,bbf45eda-4ffb-4bf1-9b29-a4e91475c8ec,valid,test
bbf45eda-4ffb-4bf1-9b29-a4e91475c8ec_mp4-0002_jpg.rf.edc3593175e923e3a5af4b4f84137a8a.jpg,bbf45eda-4ffb-4bf1-9b29-a4e91475c8ec,bbf45eda-4ffb-4bf1-9b29-a4e91475c8ec,valid,test
bbf45eda-4ffb-4bf1-9b29-a4e91475c8ec_mp4-0004_jpg.rf.d699859e0531ab9ff61784ca1bdee145.jpg,bbf45eda-4ffb-4bf1-9b29-a4e91475c8ec,bbf45eda-4ffb-4bf1-9b29-a4e91475c8ec,valid,test
bbf45eda-4ffb-4bf1-9b29-a4e91475c8ec_mp4-0012_jpg.rf.a02328fa95e52f5bea19f4a225b1f8cb.jpg,bbf45eda-4ffb-4bf1-9b29-a4e91475c8ec,bbf45eda-4ffb-4bf1-9b29-a4e91475c8ec,valid,test
bbf45eda-4ffb-4bf1-9b29-a4e91475c8ec_mp4-0021_jpg.rf.e8d1659c58684f8e43d2def10a27e126.jpg,bbf45eda-4ffb-4bf1-9b29-a4e91475c8ec,bbf45eda-4ffb-4bf1-9b29-a4e91475c8ec,valid,test
bbf45eda-4ffb-4bf1-9b29-a4e91475c8ec_mp4-0022_jpg.rf.560e0824853f714bf0dffc285077742d.jpg,bbf45eda-4ffb-4bf1-9b29-a4e91475c8ec,bbf45eda-4ffb-4bf1-9b29-a4e91475c8ec,valid,test
bbf45eda-4ffb-4bf1-9b29-a4e91475c8ec_mp4-0023_jpg.rf.1b1a44a3b55bcf5f4b5f4449c9bc2ed3.jpg,bbf45eda-4ffb-4bf1-9b29-a4e91475c8ec,bbf45eda-4ffb-4bf1-9b29-a4e91475c8ec,valid,test
bbf45eda-4ffb-4bf1-9b29-a4e91475c8ec_mp4-0025_jpg.rf.986bc6947ffdc5063ab128afafbcd65c.jpg,bbf45eda-4ffb-4bf1-9b29-a4e91475c8ec,bbf45eda-4ffb-4bf1-9b29-a4e91475c8ec,valid,test
bbf45eda-4ffb-4bf1-9b29-a4e91475c8ec_mp4-0028_jpg.rf.67599c1db2717e5dc50f720e5bd03dfb.jpg,bbf45eda-4ffb-4bf1-9b29-a4e91475c8ec,bbf45eda-4ffb-4bf1-9b29-a4e91475c8ec,valid,test
bbf45eda-4ffb-4bf1-9b29-a4e91475c8ec_mp4-0034_jpg.rf.786ea9ff908cfe2b1360bad114e11190.jpg,bbf45eda-4ffb-4bf1-9b29-a4e91475c8ec,bbf45eda-4ffb-4bf1-9b29-a4e91475c8ec,valid,test
d56fcb3c-0531-4696-8b67-2645d89e4a7f_mp4-0011_jpg.rf.18d4c79bdc83441bc549cd3adbad6db1.jpg,d56fcb3c-0531-4696-8b67-2645d89e4a7f,d56fcb3c-0531-4696-8b67-2645d89e4a7f,valid,train
d56fcb3c-0531-4696-8b67-2645d89e4a7f_mp4-0014_jpg.rf.60cd05dde1aedc87fe8b13c56d12b94f.jpg,d56fcb3c-0531-4696-8b67-2645d89e4a7f,d56fcb3c-0531-4696-8b67-2645d89e4a7f,valid,train
d56fcb3c-0531-4696-8b67-2645d89e4a7f_mp4-0017_jpg.rf.68531ef66b524ecddc50ce55bac561c6.jpg,d56fcb3c-0531-4696-8b67-2645d89e4a7f,d56fcb3c-0531-4696-8b67-2645d89e4a7f,valid,train
d56fcb3c-0531-4696-8b67-2645d89e4a7f_mp4-0020_jpg.rf.2392ac5c4a3b1226044f425c0b31e5da.jpg,d56fcb3c-0531-4696-8b67-2645d89e4a7f,d56fcb3c-0531-4696-8b67-2645d89e4a7f,valid,train
d56fcb3c-0531-4696-8b67-2645d89e4a7f_mp4-0023_jpg.rf.76bb0cc8c6d007b44977a1c58d68532b.jpg,d56fcb3c-0531-4696-8b67-2645d89e4a7f,d56fcb3c-0531-4696-8b67-2645d89e4a7f,valid,train
d56fcb3c-0531-4696-8b67-2645d89e4a7f_mp4-0028_jpg.rf.e4d2a68226de8ce517ecca9416083cd8.jpg,d56fcb3c-0531-4696-8b67-2645d89e4a7f,d56fcb3c-0531-4696-8b67-2645d89e4a7f,valid,train
d56fcb3c-0531-4696-8b67-2645d89e4a7f_mp4-0029_jpg.rf.165c496eca2f8319d54e8b7ba033c484.jpg,d56fcb3c-0531-4696-8b67-2645d89e4a7f,d56fcb3c-0531-4696-8b67-2645d89e4a7f,valid,train
d56fcb3c-0531-4696-8b67-2645d89e4a7f_mp4-0032_jpg.rf.701b5236f93f0b6d4d29975f5c88c0be.jpg,d56fcb3c-0531-4696-8b67-2645d89e4a7f,d56fcb3c-0531-4696-8b67-2645d89e4a7f,valid,train
d56fcb3c-0531-4696-8b67-2645d89e4a7f_mp4-0037_jpg.rf.6c2b10b9b15a1c6c6d7540beeb385573.jpg,d56fcb3c-0531-4696-8b67-2645d89e4a7f,d56fcb3c-0531-4696-8b67-2645d89e4a7f,valid,train
d56fcb3c-0531-4696-8b67-2645d89e4a7f_mp4-0038_jpg.rf.ab61a0a5ad4debbd3b0756a61b36572d.jpg,d56fcb3c-0531-4696-8b67-2645d89e4a7f,d56fcb3c-0531-4696-8b67-2645d89e4a7f,valid,train
d56fcb3c-0531-4696-8b67-2645d89e4a7f_mp4-0053_jpg.rf.d39dc0b375a861cdb9570eb6374e6ce7.jpg,d56fcb3c-0531-4696-8b67-2645d89e4a7f,d56fcb3c-0531-4696-8b67-2645d89e4a7f,valid,train
d56fcb3c-0531-4696-8b67-2645d89e4a7f_mp4-0054_jpg.rf.d9e700caf2c20607f5e74093286eaec1.jpg,d56fcb3c-0531-4696-8b67-2645d89e4a7f,d56fcb3c-0531-4696-8b67-2645d89e4a7f,valid,train
download_jpg.rf.a248b304a7038b4ed4c00e105108b828.jpg,download,fa45e6fb-4502-41bb-bb80-a4a4149318ad,valid,train
f9b12ec3-0036-45f7-8cc3-4d2e6f481cdc_mp4-0001_jpg.rf.30fd4ba7084a42e400145c8413d0ebec.jpg,f9b12ec3-0036-45f7-8cc3-4d2e6f481cdc,f9b12ec3-0036-45f7-8cc3-4d2e6f481cdc,valid,test
f9b12ec3-0036-45f7-8cc3-4d2e6f481cdc_mp4-0005_jpg.rf.e5001a14fbe74c1f2207edc8abe287d3.jpg,f9b12ec3-0036-45f7-8cc3-4d2e6f481cdc,f9b12ec3-0036-45f7-8cc3-4d2e6f481cdc,valid,test
f9b12ec3-0036-45f7-8cc3-4d2e6f481cdc_mp4-0023_jpg.rf.6a06878fdfd53253609488816187f520.jpg,f9b12ec3-0036-45f7-8cc3-4d2e6f481cdc,f9b12ec3-0036-45f7-8cc3-4d2e6f481cdc,valid,test
f9b12ec3-0036-45f7-8cc3-4d2e6f481cdc_mp4-0028_jpg.rf.67c2e9cf748b8d5c9f0ac08976ec528c.jpg,f9b12ec3-0036-45f7-8cc3-4d2e6f481cdc,f9b12ec3-0036-45f7-8cc3-4d2e6f481cdc,valid,test
f9b12ec3-0036-45f7-8cc3-4d2e6f481cdc_mp4-0030_jpg.rf.29f76b9fc7d266e24a7d092db379c41b.jpg,f9b12ec3-0036-45f7-8cc3-4d2e6f481cdc,f9b12ec3-0036-45f7-8cc3-4d2e6f481cdc,valid,test
f9b12ec3-0036-45f7-8cc3-4d2e6f481cdc_mp4-0039_jpg.rf.44553d9d856ea1f849fc05069ee906af.jpg,f9b12ec3-0036-45f7-8cc3-4d2e6f481cdc,f9b12ec3-0036-45f7-8cc3-4d2e6f481cdc,valid,test
f9b12ec3-0036-45f7-8cc3-4d2e6f481cdc_mp4-0042_jpg.rf.9cd3381dca75240a2a2046b9067465d8.jpg,f9b12ec3-0036-45f7-8cc3-4d2e6f481cdc,f9b12ec3-0036-45f7-8cc3-4d2e6f481cdc,valid,test
f9b12ec3-0036-45f7-8cc3-4d2e6f481cdc_mp4-0043_jpg.rf.698e4a8ea3da1298844460d2ccd3c6c4.jpg,f9b12ec3-0036-45f7-8cc3-4d2e6f481cdc,f9b12ec3-0036-45f7-8cc3-4d2e6f481cdc,valid,test
f9b12ec3-0036-45f7-8cc3-4d2e6f481cdc_mp4-0044_jpg.rf.83ebbcdc808ebf1e88f427cbc27fd9af.jpg,f9b12ec3-0036-45f7-8cc3-4d2e6f481cdc,f9b12ec3-0036-45f7-8cc3-4d2e6f481cdc,valid,test
f9b12ec3-0036-45f7-8cc3-4d2e6f481cdc_mp4-0046_jpg.rf.2dfd92f234ccdfe25bf6933279289898.jpg,f9b12ec3-0036-45f7-8cc3-4d2e6f481cdc,f9b12ec3-0036-45f7-8cc3-4d2e6f481cdc,valid,test
f9b12ec3-0036-45f7-8cc3-4d2e6f481cdc_mp4-0050_jpg.rf.1224755beb90411f57f66dafe7677f08.jpg,f9b12ec3-0036-45f7-8cc3-4d2e6f481cdc,f9b12ec3-0036-45f7-8cc3-4d2e6f481cdc,valid,test
f9b12ec3-0036-45f7-8cc3-4d2e6f481cdc_mp4-0055_jpg.rf.4596d0f3b0d88ac8d38bf7b6ba00d1b0.jpg,f9b12ec3-0036-45f7-8cc3-4d2e6f481cdc,f9b12ec3-0036-45f7-8cc3-4d2e6f481cdc,valid,test
fa45e6fb-4502-41bb-bb80-a4a4149318ad_mp4-0003_jpg.rf.3a003140d1be485af899c1db3acf39cc.jpg,fa45e6fb-4502-41bb-bb80-a4a4149318ad,fa45e6fb-4502-41bb-bb80-a4a4149318ad,valid,train
fa45e6fb-4502-41bb-bb80-a4a4149318ad_mp4-0004_jpg.rf.c8cfeab44d769e157a2d911aea23b394.jpg,fa45e6fb-4502-41bb-bb80-a4a4149318ad,fa45e6fb-4502-41bb-bb80-a4a4149318ad,valid,train
fa45e6fb-4502-41bb-bb80-a4a4149318ad_mp4-0005_jpg.rf.d1d29e1a364fc106eda275c7048d8d49.jpg,fa45e6fb-4502-41bb-bb80-a4a4149318ad,fa45e6fb-4502-41bb-bb80-a4a4149318ad,valid,train
fa45e6fb-4502-41bb-bb80-a4a4149318ad_mp4-0013_jpg.rf.7753bdb989766041e2405b1d2e4eb323.jpg,fa45e6fb-4502-41bb-bb80-a4a4149318ad,fa45e6fb-4502-41bb-bb80-a4a4149318ad,valid,train
fa45e6fb-4502-41bb-bb80-a4a4149318ad_mp4-0014_jpg.rf.cd31af3c281a6881bbcbaf0630ae69d9.jpg,fa45e6fb-4502-41bb-bb80-a4a4149318ad,fa45e6fb-4502-41bb-bb80-a4a4149318ad,valid,train
fa45e6fb-4502-41bb-bb80-a4a4149318ad_mp4-0017_jpg.rf.28124124eb050c59b5017c044b0ae28b.jpg,fa45e6fb-4502-41bb-bb80-a4a4149318ad,fa45e6fb-4502-41bb-bb80-a4a4149318ad,valid,train
fa45e6fb-4502-41bb-bb80-a4a4149318ad_mp4-0030_jpg.rf.4b1baaf885532af57e429177611db792.jpg,fa45e6fb-4502-41bb-bb80-a4a4149318ad,fa45e6fb-4502-41bb-bb80-a4a4149318ad,valid,train
fa45e6fb-4502-41bb-bb80-a4a4149318ad_mp4-0033_jpg.rf.11f88269da946d160b5e5f648d2f611d.jpg,fa45e6fb-4502-41bb-bb80-a4a4149318ad,fa45e6fb-4502-41bb-bb80-a4a4149318ad,valid,train
fa45e6fb-4502-41bb-bb80-a4a4149318ad_mp4-0038_jpg.rf.136863ff9233b3f4fa1b54df22eeb15c.jpg,fa45e6fb-4502-41bb-bb80-a4a4149318ad,fa45e6fb-4502-41bb-bb80-a4a4149318ad,valid,train
fa45e6fb-4502-41bb-bb80-a4a4149318ad_mp4-0040_jpg.rf.2a4bf02f95d80acddb84484ba0a49d10.jpg,fa45e6fb-4502-41bb-bb80-a4a4149318ad,fa45e6fb-4502-41bb-bb80-a4a4149318ad,valid,train
fe3e6f0d-5f1f-4948-8468-9538c3b384da_jpg.rf.ed2555e903d23777a178cf828971d272.jpg,fe3e6f0d-5f1f-4948-8468-9538c3b384da,fe3e6f0d-5f1f-4948-8468-9538c3b384da,valid,test
04802d75-aef4-4463-b9ac-241ba1c9d161_jpg.rf.263e5baf01630c0c2c22cc775d06affb.jpg,04802d75-aef4-4463-b9ac-241ba1c9d161,04802d75-aef4-4463-b9ac-241ba1c9d161,test,test
07451999-bdf8-4862-b869-6db57c35f0c1_mp4-0010_jpg.rf.7fbc1747096270dc2cb3d9f9b9a88705.jpg,07451999-bdf8-4862-b869-6db57c35f0c1,fa45e6fb-4502-41bb-bb80-a4a4149318ad,test,train
07451999-bdf8-4862-b869-6db57c35f0c1_mp4-0012_jpg.rf.eb1100bd06310fe3514c150cd2230f67.jpg,07451999-bdf8-4862-b869-6db57c35f0c1,fa45e6fb-4502-41bb-bb80-a4a4149318ad,test,train
07451999-bdf8-4862-b869-6db57c35f0c1_mp4-0017_jpg.rf.714181fa7f26e3dae2bb39c2a904145e.jpg,07451999-bdf8-4862-b869-6db57c35f0c1,fa45e6fb-4502-41bb-bb80-a4a4149318ad,test,train
07451999-bdf8-4862-b869-6db57c35f0c1_mp4-0033_jpg.rf.c0d23a60297d6770d3c9257144ab15f5.jpg,07451999-bdf8-4862-b869-6db57c35f0c1,fa45e6fb-4502-41bb-bb80-a4a4149318ad,test,train
0a48349e-f671-436a-8af5-de54f079109f_mp4-0019_jpg.rf.89cc60b55d8906deb12d5c44ff537e4c.jpg,0a48349e-f671-436a-8af5-de54f079109f,0a48349e-f671-436a-8af5-de54f079109f,test,valid
0a48349e-f671-436a-8af5-de54f079109f_mp4-0021_jpg.rf.5800e88200ec09dabb458f4df71827ae.jpg,0a48349e-f671-436a-8af5-de54f079109f,0a48349e-f671-436a-8af5-de54f079109f,test,valid
0a48349e-f671-436a-8af5-de54f079109f_mp4-0044_jpg.rf.0725d6e790a3e8b21f5a6f1c09b185ab.jpg,0a48349e-f671-436a-8af5-de54f079109f,0a48349e-f671-436a-8af5-de54f079109f,test,valid
0a48349e-f671-436a-8af5-de54f079109f_mp4-0045_jpg.rf.7c530cce9d2b3687ffe7a231425e4eea.jpg,0a48349e-f671-436a-8af5-de54f079109f,0a48349e-f671-436a-8af5-de54f079109f,test,valid
0a48349e-f671-436a-8af5-de54f079109f_mp4-0048_jpg.rf.79388ed30e5b7f06ed0bf73d39330ea6.jpg,0a48349e-f671-436a-8af5-de54f079109f,0a48349e-f671-436a-8af5-de54f079109f,test,valid
0a48349e-f671-436a-8af5-de54f079109f_mp4-0053_jpg.rf.edcc075f51b7cdb2a94a521a36cff653.jpg,0a48349e-f671-436a-8af5-de54f079109f,0a48349e-f671-436a-8af5-de54f079109f,test,valid
0a48349e-f671-436a-8af5-de54f079109f_mp4-0058_jpg.rf.47d0946733a5df9fdeb5cc865cb85fb6.jpg,0a48349e-f671-436a-8af5-de54f079109f,0a48349e-f671-436a-8af5-de54f079109f,test,valid
0a48349e-f671-436a-8af5-de54f079109f_mp4-0059_jpg.rf.1e80a13f49849e538b9ee08b0ae77682.jpg,0a48349e-f671-436a-8af5-de54f079109f,0a48349e-f671-436a-8af5-de54f079109f,test,valid
0f964fdb-9fc1-4941-9c12-15445855221a-1-_mp4-0001_jpg.rf.de5ab1df497faceb447f20c65e2743c2.jpg,0f964fdb-9fc1-4941-9c12-15445855221a-1-,5d81688a-7f52-42a4-b81d-822c2d2319a3,test,train
0f964fdb-9fc1-4941-9c12-15445855221a-1-_mp4-0009_jpg.rf.7ea1d39a283bdcb24a81064aef4c564e.jpg,0f964fdb-9fc1-4941-9c12-15445855221a-1-,5d81688a-7f52-42a4-b81d-822c2d2319a3,test,train
0f964fdb-9fc1-4941-9c12-15445855221a-1-_mp4-0029_jpg.rf.582a573ac80ba5b377b10b29f7611b54.jpg,0f964fdb-9fc1-4941-9c12-15445855221a-1-,5d81688a-7f52-42a4-b81d-822c2d2319a3,test,train
0f964fdb-9fc1-4941-9c12-15445855221a-1-_mp4-0041_jpg.rf.3aea14092995ac9d8deb0f3d1a34fdc4.jpg,0f964fdb-9fc1-4941-9c12-15445855221a-1-,5d81688a-7f52-42a4-b81d-822c2d2319a3,test,train
0f964fdb-9fc1-4941-9c12-15445855221a-1-_mp4-0049_jpg.rf.2f4e80d2679a1f65992653bf0d849bbd.jpg,0f964fdb-9fc1-4941-9c12-15445855221a-1-,5d81688a-7f52-42a4-b81d-822c2d2319a3,test,train
0f964fdb-9fc1-4941-9c12-15445855221a-1-_mp4-0065_jpg.rf.d2976b552ad02597cdf28fa3be9c053b.jpg,0f964fdb-9fc1-4941-9c12-15445855221a-1-,5d81688a-7f52-42a4-b81d-822c2d2319a3,test,train
0f964fdb-9fc1-4941-9c12-15445855221a-1-_mp4-0073_jpg.rf.040ab0203193f3f7c94dcac0d24177a6.jpg,0f964fdb-9fc1-4941-9c12-15445855221a-1-,5d81688a-7f52-42a4-b81d-822c2d2319a3,test,train
0f964fdb-9fc1-4941-9c12-15445855221a-1-_mp4-0079_jpg.rf.bd20f1e9f3c62a7bc143942d503a7ede.jpg,0f964fdb-9fc1-4941-9c12-15445855221a-1-,5d81688a-7f52-42a4-b81d-822c2d2319a3,test,train
0f964fdb-9fc1-4941-9c12-15445855221a-1-_mp4-0084_jpg.rf.f1e1e1c541abe26aa23de352a593f084.jpg,0f964fdb-9fc1-4941-9c12-15445855221a-1-,5d81688a-7f52-42a4-b81d-822c2d2319a3,test,train
0f964fdb-9fc1-4941-9c12-15445855221a-1-_mp4-0088_jpg.rf.1e49fbbe376c067e90b447e60a000101.jpg,0f964fdb-9fc1-4941-9c12-15445855221a-1-,5d81688a-7f52-42a4-b81d-822c2d2319a3,test,train
1991989f-1bf5-4e50-89bb-7301b220ac01_mp4-0002_jpg.rf.82e1911dbb9b55c22b40c2e273d916dd.jpg,1991989f-1bf5-4e50-89bb-7301b220ac01,1991989f-1bf5-4e50-89bb-7301b220ac01,test,train
1991989f-1bf5-4e50-89bb-7301b220ac01_mp4-0013_jpg.rf.51e65a59b6ed30f985b1bed382fa6471.jpg,1991989f-1bf5-4e50-89bb-7301b220ac01,1991989f-1bf5-4e50-89bb-7301b220ac01,test,train
1991989f-1bf5-4e50-89bb-7301b220ac01_mp4-0031_jpg.rf.1476bb480bd299b63cb3fb1aa9c3ae0e.jpg,1991989f-1bf5-4e50-89bb-7301b220ac01,1991989f-1bf5-4e50-89bb-7301b220ac01,test,train
1991989f-1bf5-4e50-89bb-7301b220ac01_mp4-0038_jpg.rf.b9a9391e123d9f346bba665fdc1676e0.jpg,1991989f-1bf5-4e50-89bb-7301b220ac01,1991989f-1bf5-4e50-89bb-7301b220ac01,test,train
1991989f-1bf5-4e50-89bb-7301b220ac01_mp4-0039_jpg.rf.4a7b8804ee757047cc776723f62ba63d.jpg,1991989f-1bf5-4e50-89bb-7301b220ac01,1991989f-1bf5-4e50-89bb-7301b220ac01,test,train
1991989f-1bf5-4e50-89bb-7301b220ac01_mp4-0049_jpg.rf.b3b6af0bfc53ac6d0f591b691f253b25.jpg,1991989f-1bf5-4e50-89bb-7301b220ac01,1991989f-1bf5-4e50-89bb-7301b220ac01,test,train
1991989f-1bf5-4e50-89bb-7301b220ac01_mp4-0050_jpg.rf.c235a7202a0c66815098f36c7a427810.jpg,1991989f-1bf5-4e50-89bb-7301b220ac01,1991989f-1bf5-4e50-89bb-7301b220ac01,test,train
1991989f-1bf5-4e50-89bb-7301b220ac01_mp4-0055_jpg.rf.de338a9fae664af65e77dccfceb4061c.jpg,1991989f-1bf5-4e50-89bb-7301b220ac01,1991989f-1bf5-4e50-89bb-7301b220ac01,test,train
2be0c9f6-caf7-4f26-9b59-b1299865a721_mp4-0006_jpg.rf.eed26d363d7e538380101f06a3d42064.jpg,2be0c9f6-caf7-4f26-9b59-b1299865a721,fa45e6fb-4502-41bb-bb80-a4a4149318ad,test,train
2be0c9f6-caf7-4f26-9b59-b1299865a721_mp4-0009_jpg.rf.1b73b605ec5e04eda0ab6a1e0113274f.jpg,2be0c9f6-caf7-4f26-9b59-b1299865a721,fa45e6fb-4502-41bb-bb80-a4a4149318ad,test,train
2be0c9f6-caf7-4f26-9b59-b1299865a721_mp4-0021_jpg.rf.6e815a577f56e9fd7b3a646f4e66113d.jpg,2be0c9f6-caf7-4f26-9b59-b1299865a721,fa45e6fb-4502-41bb-bb80-a4a4149318ad,test,train
2be0c9f6-caf7-4f26-9b59-b1299865a721_mp4-0030_jpg.rf.18843a69f3721b391c0812879955d9b5.jpg,2be0c9f6-caf7-4f26-9b59-b1299865a721,fa45e6fb-4502-41bb-bb80-a4a4149318ad,test,train
2be0c9f6-caf7-4f26-9b59-b1299865a721_mp4-0044_jpg.rf.6fce199b4e42e4195efb174cf540c2ac.jpg,2be0c9f6-caf7-4f26-9b59-b1299865a721,fa45e6fb-4502-41bb-bb80-a4a4149318ad,test,train
2be0c9f6-caf7-4f26-9b59-b1299865a721_mp4-0044_jpg.rf.f74c06804c1fe5f02496cda6128a31e4.jpg,2be0c9f6-caf7-4f26-9b59-b1299865a721,fa45e6fb-4502-41bb-bb80-a4a4149318ad,test,train
2be0c9f6-caf7-4f26-9b59-b1299865a721_mp4-0045_jpg.rf.90a5f18554c0d344ae525c1d014a2c7a.jpg,2be0c9f6-caf7-4f26-9b59-b1299865a721,fa45e6fb-4502-41bb-bb80-a4a4149318ad,test,train
2be0c9f6-caf7-4f26-9b59-b1299865a721_mp4-0063_jpg.rf.9c3c666f4d8f3595f0afeef14fcde790.jpg,2be0c9f6-caf7-4f26-9b59-b1299865a721,fa45e6fb-4502-41bb-bb80-a4a4149318ad,test,train
2be0c9f6-caf7-4f26-9b59-b1299865a721_mp4-0070_jpg.rf.0f68dd5e4d73d63d6a123674f982a04f.jpg,2be0c9f6-caf7-4f26-9b59-b1299865a721,fa45e6fb-4502-41bb-bb80-a4a4149318ad,test,train
2be0c9f6-caf7-4f26-9b59-b1299865a721_mp4-0070_jpg.rf.9eaa43c1462336e78cad3ce10b1dd713.jpg,2be0c9f6-caf7-4f26-9b59-b1299865a721,fa45e6fb-4502-41bb-bb80-a4a4149318ad,test,train
2be0c9f6-caf7-4f26-9b59-b1299865a721_mp4-0071_jpg.rf.7dd30c3d62687683d3348028f45a5686.jpg,2be0c9f6-caf7-4f26-9b59-b1299865a721,fa45e6fb-4502-41bb-bb80-a4a4149318ad,test,train
2be0c9f6-caf7-4f26-9b59-b1299865a721_mp4-0077_jpg.rf.d9e774746ceecd84835688eccb8151ff.jpg,2be0c9f6-caf7-4f26-9b59-b1299865a721,fa45e6fb-4502-41bb-bb80-a4a4149318ad,test,train
2be0c9f6-caf7-4f26-9b59-b1299865a721_mp4-0081_jpg.rf.34764242ad00e363e0e551139b76b478.jpg,2be0c9f6-caf7-4f26-9b59-b1299865a721,fa45e6fb-4502-41bb-bb80-a4a4149318ad,test,train
2be0c9f6-caf7-4f26-9b59-b1299865a721_mp4-0088_jpg.rf.81776000fa90076afa0d84c5a8cfee32.jpg,2be0c9f6-caf7-4f26-9b59-b1299865a721,fa45e6fb-4502-41bb-bb80-a4a4149318ad,test,train
2be0c9f6-caf7-4f26-9b59-b1299865a721_mp4-0089_jpg.rf.3b8fbae1488077da0d432ca045023214.jpg,2be0c9f6-caf7-4f26-9b59-b1299865a721,fa45e6fb-4502-41bb-bb80-a4a4149318ad,test,train
2be0c9f6-caf7-4f26-9b59-b1299865a721_mp4-0090_jpg.rf.1046df6d5d50b20f585b08c13356bb0c.jpg,2be0c9f6-caf7-4f26-9b59-b1299865a721,fa45e6fb-4502-41bb-bb80-a4a4149318ad,test,train
2be0c9f6-caf7-4f26-9b59-b1299865a721_mp4-0096_jpg.rf.d67fa1455743874bbe95d48d9f58596d.jpg,2be0c9f6-caf7-4f26-9b59-b1299865a721,fa45e6fb-4502-41bb-bb80-a4a4149318ad,test,train
2be0c9f6-caf7-4f26-9b59-b1299865a721_mp4-0106_jpg.rf.fc54222f09aa4c61654b1d8bef0efa74.jpg,2be0c9f6-caf7-4f26-9b59-b1299865a721,fa45e6fb-4502-41bb-bb80-a4a4149318ad,test,train
2be0c9f6-caf7-4f26-9b59-b1299865a721_mp4-0110_jpg.rf.752f537da012d130cdb0b3cad0435141.jpg,2be0c9f6-caf7-4f26-9b59-b1299865a721,fa45e6fb-4502-41bb-bb80-a4a4149318ad,test,train
2be0c9f6-caf7-4f26-9b59-b1299865a721_mp4-0112_jpg.rf.9edc2f9161fdcf95108b9b44dfab8536.jpg,2be0c9f6-caf7-4f26-9b59-b1299865a721,fa45e6fb-4502-41bb-bb80-a4a4149318ad,test,train
2be0c9f6-caf7-4f26-9b59-b1299865a721_mp4-0114_jpg.rf.244c780e6a2be4d04cc501bee71ca01c.jpg,2be0c9f6-caf7-4f26-9b59-b1299865a721,fa45e6fb-4502-41bb-bb80-a4a4149318ad,test,train
2be0c9f6-caf7-4f26-9b59-b1299865a721_mp4-0115_jpg.rf.9a70015509a827e7edfa089132bf0021.jpg,2be0c9f6-caf7-4f26-9b59-b1299865a721,fa45e6fb-4502-41bb-bb80-a4a4149318ad,test,train
2be0c9f6-caf7-4f26-9b59-b1299865a721_mp4-0122_jpg.rf.cd47826807820092f0ab3211e8511009.jpg,2be0c9f6-caf7-4f26-9b59-b1299865a721,fa45e6fb-4502-41bb-bb80-a4a4149318ad,test,train
2be0c9f6-caf7-4f26-9b59-b1299865a721_mp4-0125_jpg.rf.8268885026f94202c84f7d7c11ff5d18.jpg,2be0c9f6-caf7-4f26-9b59-b1299865a721,fa45e6fb-4502-41bb-bb80-a4a4149318ad,test,train
2be0c9f6-caf7-4f26-9b59-b1299865a721_mp4-0134_jpg.rf.b5bf10d6c202bfa00fcafad657f4b067.jpg,2be0c9f6-caf7-4f26-9b59-b1299865a721,fa45e6fb-4502-41bb-bb80-a4a4149318ad,test,train
2be0c9f6-caf7-4f26-9b59-b1299865a721_mp4-0136_jpg.rf.fd3cd7025cec390f1503954f3aeccfb6.jpg,2be0c9f6-caf7-4f26-9b59-b1299865a721,fa45e6fb-4502-41bb-bb80-a4a4149318ad,test,train
2be0c9f6-caf7-4f26-9b59-b1299865a721_mp4-0146_jpg.rf.ecfe1d7b543059c860a801a9091f30a7.jpg,2be0c9f6-caf7-4f26-9b59-b1299865a721,fa45e6fb-4502-41bb-bb80-a4a4149318ad,test,train
2be0c9f6-caf7-4f26-9b59-b1299865a721_mp4-0151_jpg.rf.1ce93f52c31210250167d1ff95e61225.jpg,2be0c9f6-caf7-4f26-9b59-b1299865a721,fa45e6fb-4502-41bb-bb80-a4a4149318ad,test,train
2be0c9f6-caf7-4f26-9b59-b1299865a721_mp4-0158_jpg.rf.d938238d2f26027798448f115da3cada.jpg,2be0c9f6-caf7-4f26-9b59-b1299865a721,fa45e6fb-4502-41bb-bb80-a4a4149318ad,test,train
2be0c9f6-caf7-4f26-9b59-b1299865a721_mp4-0160_jpg.rf.3c4d29a2c896f7463b3c9e7edb6973ad.jpg,2be0c9f6-caf7-4f26-9b59-b1299865a721,fa45e6fb-4502-41bb-bb80-a4a4149318ad,test,train
2be0c9f6-caf7-4f26-9b59-b1299865a721_mp4-0163_jpg.rf.5ace51d288b978ea59e6993a2e128b0f.jpg,2be0c9f6-caf7-4f26-9b59-b1299865a721,fa45e6fb-4502-41bb-bb80-a4a4149318ad,test,train
2be0c9f6-caf7-4f26-9b59-b1299865a721_mp4-0165_jpg.rf.fab9c24be3d44c483f8c920ec1a7e7a7.jpg,2be0c9f6-caf7-4f26-9b59-b1299865a721,fa45e6fb-4502-41bb-bb80-a4a4149318ad,test,train
4a7f29af-8d1c-4a3b-90e6-b9cf771fd1c2_mp4-0017_jpg.rf.6949525a7b94d4850eef9dfb4f1139e9.jpg,4a7f29af-8d1c-4a3b-90e6-b9cf771fd1c2,4a7f29af-8d1c-4a3b-90e6-b9cf771fd1c2,test,train
4a7f29af-8d1c-4a3b-90e6-b9cf771fd1c2_mp4-0030_jpg.rf.c3f9138f4fcd6613d404bd66ca7e0d87.jpg,4a7f29af-8d1c-4a3b-90e6-b9cf771fd1c2,4a7f29af-8d1c-4a3b-90e6-b9cf771fd1c2,test,train
4a7f29af-8d1c-4a3b-90e6-b9cf771fd1c2_mp4-0043_jpg.rf.9621e3b8ceeda3b631a2553475cb2f78.jpg,4a7f29af-8d1c-4a3b-90e6-b9cf771fd1c2,4a7f29af-8d1c-4a3b-90e6-b9cf771fd1c2,test,train
5d81688a-7f52-42a4-b81d-822c2d2319a3_mp4-0009_jpg.rf.47d742eeb6c80beb5bb82b8c89e47d37.jpg,5d81688a-7f52-42a4-b81d-822c2d2319a3,5d81688a-7f52-42a4-b81d-822c2d2319a3,test,train
5d81688a-7f52-42a4-b81d-822c2d2319a3_mp4-0018_jpg.rf.c159b8ba08b53f2b733af84175c1d648.jpg,5d81688a-7f52-42a4-b81d-822c2d2319a3,5d81688a-7f52-42a4-b81d-822c2d2319a3,test,train
6459c886-45a3-4065-82bc-2ed15b2875b0_mp4-0002_jpg.rf.435cf0b1dd1928b9ba51959824cfca59.jpg,6459c886-45a3-4065-82bc-2ed15b2875b0,6459c886-45a3-4065-82bc-2ed15b2875b0,test,valid
6459c886-45a3-4065-82bc-2ed15b2875b0_mp4-0024_jpg.rf.96798868e9186f3e6443b13c8b7efafb.jpg,6459c886-45a3-4065-82bc-2ed15b2875b0,6459c886-45a3-4065-82bc-2ed15b2875b0,test,valid
6459c886-45a3-4065-82bc-2ed15b2875b0_mp4-0030_jpg.rf.e7bb3997e03c0f831ba6549ad8066548.jpg,6459c886-45a3-4065-82bc-2ed15b2875b0,6459c886-45a3-4065-82bc-2ed15b2875b0,test,valid
6459c886-45a3-4065-82bc-2ed15b2875b0_mp4-0040_jpg.rf.6b3282dcdcba330788ee0e064ccacd45.jpg,6459c886-45a3-4065-82bc-2ed15b2875b0,6459c886-45a3-4065-82bc-2ed15b2875b0,test,valid
6f40fbbd-891e-434b-a1ec-365668a5ae66_mp4-0015_jpg.rf.590e6edff3a6cf4e53be3c8781dcfeff.jpg,6f40fbbd-891e-434b-a1ec-365668a5ae66,6f40fbbd-891e-434b-a1ec-365668a5ae66,test,train
6f40fbbd-891e-434b-a1ec-365668a5ae66_mp4-0022_jpg.rf.8bbe778b2bb78a372fc596c90ac46ed3.jpg,6f40fbbd-891e-434b-a1ec-365668a5ae66,6f40fbbd-891e-434b-a1ec-365668a5ae66,test,train
6f40fbbd-891e-434b-a1ec-365668a5ae66_mp4-0024_jpg.rf.5ad2fdcd9878fe19c502f3001b9c1d5e.jpg,6f40fbbd-891e-434b-a1ec-365668a5ae66,6f40fbbd-891e-434b-a1ec-365668a5ae66,test,train
6f40fbbd-891e-434b-a1ec-365668a5ae66_mp4-0027_jpg.rf.2b2a41c5299991121dc0386a80919afb.jpg,6f40fbbd-891e-434b-a1ec-365668a5ae66,6f40fbbd-891e-434b-a1ec-365668a5ae66,test,train
6f40fbbd-891e-434b-a1ec-365668a5ae66_mp4-0045_jpg.rf.4eee28c81a5adcfc497cfcf4fbf5a63a.jpg,6f40fbbd-891e-434b-a1ec-365668a5ae66,6f40fbbd-891e-434b-a1ec-365668a5ae66,test,train
7b6b3d3f-a6f6-4877-8d0f-c12776e0b494-1-_jpg.rf.5d55d29c18ac4987a99d6609d38f044a.jpg,7b6b3d3f-a6f6-4877-8d0f-c12776e0b494-1-,7b6b3d3f-a6f6-4877-8d0f-c12776e0b494-1-,test,test
8f435cb5-02c7-452a-a971-cef315681c19_mp4-0008_jpg.rf.d226c9226cc047088ea8262e86dad97a.jpg,8f435cb5-02c7-452a-a971-cef315681c19,8f435cb5-02c7-452a-a971-cef315681c19,test,train
8f435cb5-02c7-452a-a971-cef315681c19_mp4-0009_jpg.rf.ac7886e44ba21347e97826dc8afd6926.jpg,8f435cb5-02c7-452a-a971-cef315681c19,8f435cb5-02c7-452a-a971-cef315681c19,test,train
8f435cb5-02c7-452a-a971-cef315681c19_mp4-0022_jpg.rf.2cb46988d97ab9d077e6bf5f9cb25793.jpg,8f435cb5-02c7-452a-a971-cef315681c19,8f435cb5-02c7-452a-a971-cef315681c19,test,train
96ecd4fe-5910-4cd4-8a24-11ed20aab3b7_mp4-0010_jpg.rf.e4d5be69a095b078616dd2daf39c8bbe.jpg,96ecd4fe-5910-4cd4-8a24-11ed20aab3b7,96ecd4fe-5910-4cd4-8a24-11ed20aab3b7,test,valid
96ecd4fe-5910-4cd4-8a24-11ed20aab3b7_mp4-0026_jpg.rf.761e2b60f56a3cf52a29a53fd8ac0689.jpg,96ecd4fe-5910-4cd4-8a24-11ed20aab3b7,96ecd4fe-5910-4cd4-8a24-11ed20aab3b7,test,valid
96ecd4fe-5910-4cd4-8a24-11ed20aab3b7_mp4-0027_jpg.rf.114cb56946421114f638b18da525b225.jpg,96ecd4fe-5910-4cd4-8a24-11ed20aab3b7,96ecd4fe-5910-4cd4-8a24-11ed20aab3b7,test,valid
96ecd4fe-5910-4cd4-8a24-11ed20aab3b7_mp4-0046_jpg.rf.a3c9e7b785ad7468cd87cf286aa74292.jpg,96ecd4fe-5910-4cd4-8a24-11ed20aab3b7,96ecd4fe-5910-4cd4-8a24-11ed20aab3b7,test,valid
96ecd4fe-5910-4cd4-8a24-11ed20aab3b7_mp4-0064_jpg.rf.a5d0141481a4083e1095cdea8ad5db15.jpg,96ecd4fe-5910-4cd4-8a24-11ed20aab3b7,96ecd4fe-5910-4cd4-8a24-11ed20aab3b7,test,valid
96ecd4fe-5910-4cd4-8a24-11ed20aab3b7_mp4-0066_jpg.rf.03933fe2ff252843c43683c4f72668d2.jpg,96ecd4fe-5910-4cd4-8a24-11ed20aab3b7,96ecd4fe-5910-4cd4-8a24-11ed20aab3b7,test,valid
b029e315-2e53-4152-a536-1adea99e32f7_mp4-0017_jpg.rf.426a6e272e9a39de1539106fa24e8bfe.jpg,b029e315-2e53-4152-a536-1adea99e32f7,b029e315-2e53-4152-a536-1adea99e32f7,test,valid
b029e315-2e53-4152-a536-1adea99e32f7_mp4-0025_jpg.rf.399b435ad9eb1fea10c4ad17c82ae574.jpg,b029e315-2e53-4152-a536-1adea99e32f7,b029e315-2e53-4152-a536-1adea99e32f7,test,valid
b029e315-2e53-4152-a536-1adea99e32f7_mp4-0029_jpg.rf.df8a3f4237d217028d95a24098bcaabe.jpg,b029e315-2e53-4152-a536-1adea99e32f7,b029e315-2e53-4152-a536-1adea99e32f7,test,valid
bbf45eda-4ffb-4bf1-9b29-a4e91475c8ec_mp4-0008_jpg.rf.53bdc856a3f67e83bc4a57f80518740a.jpg,bbf45eda-4ffb-4bf1-9b29-a4e91475c8ec,bbf45eda-4ffb-4bf1-9b29-a4e91475c8ec,test,test
bbf45eda-4ffb-4bf1-9b29-a4e91475c8ec_mp4-0013_jpg.rf.5c5e11459e1468845370aa533cbd4ba5.jpg,bbf45eda-4ffb-4bf1-9b29-a4e91475c8ec,bbf45eda-4ffb-4bf1-9b29-a4e91475c8ec,test,test
bbf45eda-4ffb-4bf1-9b29-a4e91475c8ec_mp4-0029_jpg.rf.dcfeb175e9f04fe54ad697cead910f41.jpg,bbf45eda-4ffb-4bf1-9b29-a4e91475c8ec,bbf45eda-4ffb-4bf1-9b29-a4e91475c8ec,test,test
d56fcb3c-0531-4696-8b67-2645d89e4a7f_mp4-0003_jpg.rf.3d4e389858cd08586fd3cba5acabd8fb.jpg,d56fcb3c-0531-4696-8b67-2645d89e4a7f,d56fcb3c-0531-4696-8b67-2645d89e4a7f,test,train
d56fcb3c-0531-4696-8b67-2645d89e4a7f_mp4-0012_jpg.rf.a66691516d64960d358df4ee3f83a9fe.jpg,d56fcb3c-0531-4696-8b67-2645d89e4a7f,d56fcb3c-0531-4696-8b67-2645d89e4a7f,test,train
d56fcb3c-0531-4696-8b67-2645d89e4a7f_mp4-0013_jpg.rf.cbaf6f623f44c1a0b8f0617ad3bb4d9b.jpg,d56fcb3c-0531-4696-8b67-2645d89e4a7f,d56fcb3c-0531-4696-8b67-2645d89e4a7f,test,train
d56fcb3c-0531-4696-8b67-2645d89e4a7f_mp4-0018_jpg.rf.f8ccb1a69afecde74b5656eacc4b25bc.jpg,d56fcb3c-0531-4696-8b67-2645d89e4a7f,d56fcb3c-0531-4696-8b67-2645d89e4a7f,test,train
d56fcb3c-0531-4696-8b67-2645d89e4a7f_mp4-0042_jpg.rf.e5a79791b4d2c4a81466f05a6f0db53b.jpg,d56fcb3c-0531-4696-8b67-2645d89e4a7f,d56fcb3c-0531-4696-8b67-2645d89e4a7f,test,train
d56fcb3c-0531-4696-8b67-2645d89e4a7f_mp4-0045_jpg.rf.b364a3116c1bcc292d115ebf049b21ee.jpg,d56fcb3c-0531-4696-8b67-2645d89e4a7f,d56fcb3c-0531-4696-8b67-2645d89e4a7f,test,train
f9b12ec3-0036-45f7-8cc3-4d2e6f481cdc_mp4-0008_jpg.rf.ec5cc4da02c081ec3a808bf56f105ddf.jpg,f9b12ec3-0036-45f7-8cc3-4d2e6f481cdc,f9b12ec3-0036-45f7-8cc3-4d2e6f481cdc,test,test
f9b12ec3-0036-45f7-8cc3-4d2e6f481cdc_mp4-0016_jpg.rf.905b9e88efbe725f506fb3c316f45b3d.jpg,f9b12ec3-0036-45f7-8cc3-4d2e6f481cdc,f9b12ec3-0036-45f7-8cc3-4d2e6f481cdc,test,test
f9b12ec3-0036-45f7-8cc3-4d2e6f481cdc_mp4-0018_jpg.rf.31577d6dd1c9ee030341c6cb6f954b20.jpg,f9b12ec3-0036-45f7-8cc3-4d2e6f481cdc,f9b12ec3-0036-45f7-8cc3-4d2e6f481cdc,test,test
f9b12ec3-0036-45f7-8cc3-4d2e6f481cdc_mp4-0025_jpg.rf.98b9c3c1d0dda7f801534eddfc56d4b5.jpg,f9b12ec3-0036-45f7-8cc3-4d2e6f481cdc,f9b12ec3-0036-45f7-8cc3-4d2e6f481cdc,test,test
f9b12ec3-0036-45f7-8cc3-4d2e6f481cdc_mp4-0026_jpg.rf.b25b0141f9a43cf4e1d3a39b269466ea.jpg,f9b12ec3-0036-45f7-8cc3-4d2e6f481cdc,f9b12ec3-0036-45f7-8cc3-4d2e6f481cdc,test,test
f9b12ec3-0036-45f7-8cc3-4d2e6f481cdc_mp4-0040_jpg.rf.80b981733b24511bda8590cd18dbd47b.jpg,f9b12ec3-0036-45f7-8cc3-4d2e6f481cdc,f9b12ec3-0036-45f7-8cc3-4d2e6f481cdc,test,test
fa45e6fb-4502-41bb-bb80-a4a4149318ad_mp4-0012_jpg.rf.4c63587bc646dd7829dbde80224aeb90.jpg,fa45e6fb-4502-41bb-bb80-a4a4149318ad,fa45e6fb-4502-41bb-bb80-a4a4149318ad,test,train
fa45e6fb-4502-41bb-bb80-a4a4149318ad_mp4-0024_jpg.rf.c98ebe71205415024f578954de8240ad.jpg,fa45e6fb-4502-41bb-bb80-a4a4149318ad,fa45e6fb-4502-41bb-bb80-a4a4149318ad,test,train
fa45e6fb-4502-41bb-bb80-a4a4149318ad_mp4-0034_jpg.rf.da128fad1edce2c29ee650c29d6073f4.jpg,fa45e6fb-4502-41bb-bb80-a4a4149318ad,fa45e6fb-4502-41bb-bb80-a4a4149318ad,test,train
fa45e6fb-4502-41bb-bb80-a4a4149318ad_mp4-0035_jpg.rf.a31683fa5bdee0db434beab3d04addff.jpg,fa45e6fb-4502-41bb-bb80-a4a4149318ad,fa45e6fb-4502-41bb-bb80-a4a4149318ad,test,train
